InvestorID,InvestorName,current_task_index,PrimaryInvestorType,Website,normalized_domain,current_token_company_count,current_source_methods
550403-92,Ivan on Tech,1433,Angel (individual),,,8,company_investor_relation|deal_investor_relation|investor_investment_relation
482437-54,Bharat Krymo,1540,Angel (individual),,,7,company_investor_relation|deal_investor_relation|investor_investment_relation
156271-06,Kun Gao,1786,Angel (individual),,,6,company_investor_relation|deal_investor_relation|investor_investment_relation
502970-50,Weehodl,1855,Venture Capital,www.weehodl.com,weehodl.com,6,company_investor_relation|deal_investor_relation|investor_investment_relation
496306-18,Cronos Accelerator,1890,Accelerator/Incubator,cronos.org,cronos.org,5,company_investor_relation|deal_investor_relation|investor_investment_relation
495399-07,Hedera Foundation,1895,Limited Partner,www.hedera.foundation,hedera.foundation,5,company_investor_relation|deal_investor_relation|investor_investment_relation
470497-51,Black Ventures,1967,Family Office,www.blkvc.com,blkvc.com,5,company_investor_relation|deal_investor_relation|investor_investment_relation
507069-28,Desert Whales,1995,Venture Capital,www.desertwhales.com,desertwhales.com,5,company_investor_relation|deal_investor_relation|investor_investment_relation
769688-02,Funders,2016,Venture Capital,www.funders.vc,funders.vc,5,company_investor_relation|deal_investor_relation|investor_investment_relation
482500-72,GameStarter,2020,Accelerator/Incubator,www.gamestarter.com,gamestarter.com,5,company_investor_relation|deal_investor_relation|investor_investment_relation
229767-49,GX Chain,2026,VC-Backed Company,www.rei.network,rei.network,5,company_investor_relation|deal_investor_relation|investor_investment_relation
91510-66,Lanzadera Accelerator,2049,Accelerator/Incubator,www.lanzadera.es,lanzadera.es,5,company_investor_relation|deal_investor_relation|investor_investment_relation
462578-59,Moonchain Capital,2064,Venture Capital,www.moonchain.capital,moonchain.capital,5,company_investor_relation|deal_investor_relation|investor_investment_relation
482674-96,PKO Investments,2082,VC-Backed Company,www.pko.xyz,pko.xyz,5,company_investor_relation|deal_investor_relation|investor_investment_relation
509988-97,XDC Network,2131,PE-Backed Company,www.xinfin.org,xinfin.org,5,company_investor_relation|deal_investor_relation|investor_investment_relation
106598-89,Justin Waldron,2187,Angel (individual),,,4,company_investor_relation|deal_investor_relation|investor_investment_relation
501583-33,The Operating Group,2202,Venture Capital,,,4,company_investor_relation|deal_investor_relation|investor_investment_relation
519430-69,BORA CHAIN,2222,Venture Capital,www.boraportal.com,boraportal.com,4,company_investor_relation|deal_investor_relation|investor_investment_relation|fund_investment_relation
490188-07,Funverse Capital,2224,Corporate Venture Capital,funverse.capital,funverse.capital,4,company_investor_relation|deal_investor_relation|investor_investment_relation|fund_investment_relation
53920-36,Science,2235,Venture Capital,www.science-inc.com,science-inc.com,4,company_investor_relation|deal_investor_relation|investor_investment_relation|fund_investment_relation
482724-28,Anypad,2260,VC-Backed Company,www.anypad.io,anypad.io,4,company_investor_relation|deal_investor_relation|investor_investment_relation
589223-89,Base (Financial Software),2273,Corporation,www.base.org,base.org,4,company_investor_relation|deal_investor_relation|investor_investment_relation
492791-68,Block Dojo,2282,Accelerator/Incubator,www.blockdojo.io,blockdojo.io,4,company_investor_relation|deal_investor_relation|investor_investment_relation
234230-14,Celer,2290,VC-Backed Company,www.celer.network,celer.network,4,company_investor_relation|deal_investor_relation|investor_investment_relation
149806-63,Ed3n Ventures,2344,Accelerator/Incubator,ed3n.ventures,ed3n.ventures,4,company_investor_relation|deal_investor_relation|investor_investment_relation
126198-10,Excalibur Capital,2353,Corporation,www.excaliburcapital.pl,excaliburcapital.pl,4,company_investor_relation|deal_investor_relation|investor_investment_relation
184998-97,Jeremy San,2395,Angel (individual),,,4,company_investor_relation|deal_investor_relation|investor_investment_relation
226399-24,Kevin Chou,2407,Angel (individual),,,4,company_investor_relation|deal_investor_relation|investor_investment_relation
481184-92,Moon Carl,2435,Angel (individual),,,4,company_investor_relation|deal_investor_relation|investor_investment_relation
11263-96,Origin Ventures Group,2455,Venture Capital,www.originventures.com,originventures.com,4,company_investor_relation|deal_investor_relation|investor_investment_relation
279510-85,QU Ventures,2475,Venture Capital,www.qu-ventures.com,qu-ventures.com,4,company_investor_relation|deal_investor_relation|investor_investment_relation
493064-92,RADA,2476,Corporation,www.rada.ac.uk,rada.ac.uk,4,company_investor_relation|deal_investor_relation|investor_investment_relation
490834-45,Ready Player,2482,Corporation,www.readyplayerdao.io,readyplayerdao.io,4,company_investor_relation|deal_investor_relation|investor_investment_relation
494478-46,RIKX CAPITAL,2486,Venture Capital,rikxcapital.com,rikxcapital.com,4,company_investor_relation|deal_investor_relation|investor_investment_relation
493349-14,Three Lions Capital,2522,Venture Capital,www.3lions.capital,3lions.capital,4,company_investor_relation|deal_investor_relation|investor_investment_relation
431392-69,TokenPocket,2526,Venture Capital,www.tokenpocket.pro,tokenpocket.pro,4,company_investor_relation|deal_investor_relation|investor_investment_relation
439426-27,Frontier Wallet,2575,VC-Backed Company,www.frontier.xyz,frontier.xyz,3,company_investor_relation|deal_investor_relation|investor_investment_relation
463972-69,Z Venture Capital,2584,Corporate Venture Capital,zvc.vc,zvc.vc,3,company_investor_relation|deal_investor_relation|investor_investment_relation|fund_investment_relation
500605-66,KaJ Labs,2621,Corporation,kajlabs.org,kajlabs.org,3,company_investor_relation|deal_investor_relation|investor_investment_relation
535210-75,MixMarvel DAO Venture,2629,Venture Capital,daoventure.mixmarvel.com,daoventure.mixmarvel.com,3,company_investor_relation|deal_investor_relation|investor_investment_relation
66198-97,Line Ventures,2654,Corporate Venture Capital,www.lineventurescorp.com,lineventurescorp.com,3,fund_investment_relation
230684-86,Oasis Labs,2693,VC-Backed Company,www.oasislabs.com,oasislabs.com,3,company_investor_relation|deal_investor_relation|investor_investment_relation|fund_investment_relation
437343-76,100x Ventures,2702,Venture Capital,www.100x.group,100x.group,3,company_investor_relation|deal_investor_relation|investor_investment_relation
596074-42,Altcoin Sherpa,2736,Angel (individual),,,3,company_investor_relation|deal_investor_relation|investor_investment_relation
55559-98,BBS Capital,2769,Real Estate,www.bbscapital.com,bbscapital.com,3,company_investor_relation|deal_investor_relation|investor_investment_relation
98210-98,BIP Ventures,2777,Venture Capital,www.bipventures.vc,bipventures.vc,3,company_investor_relation|deal_investor_relation|investor_investment_relation
279574-75,BitAsset,2779,Corporation,www.bitasset.com,bitasset.com,3,company_investor_relation|deal_investor_relation|investor_investment_relation
436788-19,Block Eco Fund,2782,Corporate Venture Capital,www.blockecofund.com,blockecofund.com,3,company_investor_relation|deal_investor_relation|investor_investment_relation
557008-48,Blocklogica Labs,2788,Accelerator/Incubator,www.blocklogica.io,blocklogica.io,3,company_investor_relation|deal_investor_relation|investor_investment_relation
607796-29,BuzzBridge Capital,2803,Venture Capital,www.buzzbridge.capital,buzzbridge.capital,3,company_investor_relation|deal_investor_relation|investor_investment_relation
56780-56,Byte Ventures,2805,Venture Capital,www.byteventures.com,byteventures.com,3,company_investor_relation|deal_investor_relation|investor_investment_relation
436709-17,Chingari,2819,VC-Backed Company,chingari.io,chingari.io,3,company_investor_relation|deal_investor_relation|investor_investment_relation
495995-86,Collective Ventures,2828,Venture Capital,www.collective-ventures.org,collective-ventures.org,3,company_investor_relation|deal_investor_relation|investor_investment_relation
502969-15,CRT Capital,2835,Corporate Venture Capital,,,3,company_investor_relation|deal_investor_relation|investor_investment_relation
439304-86,CryptoGames,2838,Corporation,www.cryptogames.co.jp,cryptogames.co.jp,3,company_investor_relation|deal_investor_relation|investor_investment_relation
56901-16,Digital Magics,2864,Accelerator/Incubator,www.digitalmagics.com,digitalmagics.com,3,company_investor_relation|deal_investor_relation|investor_investment_relation
495420-40,Draper Blockchain Accelerator,2873,Accelerator/Incubator,,,3,company_investor_relation|deal_investor_relation|investor_investment_relation
151431-04,Elevate Capital,2883,Venture Capital,www.elevate.vc,elevate.vc,3,company_investor_relation|deal_investor_relation|investor_investment_relation
503902-90,Epoch Ventures (Vietnam),2886,Venture Capital,www.epoch-ventures.com,epoch-ventures.com,3,company_investor_relation|deal_investor_relation|investor_investment_relation
753042-25,Faze Banks,2894,Angel (individual),,,3,company_investor_relation|deal_investor_relation|investor_investment_relation
438622-12,FineWill Capital,2897,Venture Capital,finewillcap.com,finewillcap.com,3,company_investor_relation|deal_investor_relation|investor_investment_relation
540703-81,Flowers Equity Partners,2902,Family Office,www.flowersequitypartners.com,flowersequitypartners.com,3,company_investor_relation|deal_investor_relation|investor_investment_relation
63798-85,Gate Ventures (Asset Management),2922,Venture Capital,www.gateplc.com,gateplc.com,3,company_investor_relation|deal_investor_relation|investor_investment_relation
169936-66,Holly Liu,2951,Angel (individual),,,3,company_investor_relation|deal_investor_relation|investor_investment_relation
515598-40,Hype.eth Hype.eth,2954,Angel (individual),,,3,company_investor_relation|deal_investor_relation|investor_investment_relation
720306-91,ICP Indonesia,2956,Accelerator/Incubator,disruptives.io,disruptives.io,3,company_investor_relation|deal_investor_relation|investor_investment_relation
182452-15,Inv FinTech,2972,Accelerator/Incubator,,,3,company_investor_relation|deal_investor_relation|investor_investment_relation
490928-05,Ivan Li,2978,Angel (individual),,,3,company_investor_relation|deal_investor_relation|investor_investment_relation
615615-49,Layer-OTC,3009,Venture Capital,layer-otc.com,layer-otc.com,3,company_investor_relation|deal_investor_relation|investor_investment_relation
231581-08,London & Partners (London),3023,Accelerator/Incubator,www.grow.london,grow.london,3,company_investor_relation|deal_investor_relation|investor_investment_relation
462674-80,Maha (Financial Software),3032,VC-Backed Company,maha.xyz,maha.xyz,3,company_investor_relation|deal_investor_relation|investor_investment_relation
472189-24,Mars Ecosystem,3039,VC-Backed Company,www.marsecosystem.com,marsecosystem.com,3,company_investor_relation|deal_investor_relation|investor_investment_relation
442452-34,MathWallet,3042,VC-Backed Company,www.mathwallet.org,mathwallet.org,3,company_investor_relation|deal_investor_relation|investor_investment_relation
11120-86,Maven Capital Partners UK,3045,PE/Buyout,www.mavencp.com,mavencp.com,3,company_investor_relation|deal_investor_relation|investor_investment_relation
491728-78,Metabrands Ventures,3048,Venture Capital,www.metabrands.io,metabrands.io,3,company_investor_relation|deal_investor_relation|investor_investment_relation
438684-31,Michael Dunworth,3055,Angel (individual),,,3,company_investor_relation|deal_investor_relation|investor_investment_relation
540756-10,Moneyture Ventures,3070,Venture Capital,www.moneyture.xyz,moneyture.xyz,3,company_investor_relation|deal_investor_relation|investor_investment_relation
493150-60,Moon Holdings Fund,3072,Venture Capital,,,3,company_investor_relation|deal_investor_relation|investor_investment_relation
491241-61,Moonedge,3073,VC-Backed Company,www.moonedge.finance,moonedge.finance,3,company_investor_relation|deal_investor_relation|investor_investment_relation
60530-32,Nazara Technologies,3080,PE-Backed Company,www.nazara.com,nazara.com,3,company_investor_relation|deal_investor_relation|investor_investment_relation
470448-55,Olive Capital,3098,Angel Group,www.olivecapital.vc,olivecapital.vc,3,company_investor_relation|deal_investor_relation|investor_investment_relation
472054-51,OneSoft Game Studio,3101,Corporation,www.onesoft.com.vn,onesoft.com.vn,3,company_investor_relation|deal_investor_relation|investor_investment_relation
268483-33,OpenDoor Venture Capital,3104,Venture Capital,opendoorvc.com,opendoorvc.com,3,company_investor_relation|deal_investor_relation|investor_investment_relation
482589-91,Paperclip Partners,3115,Venture Capital,www.paperclip.partners,paperclip.partners,3,company_investor_relation|deal_investor_relation|investor_investment_relation
509226-31,Paragen,3116,Corporation,www.launchpad.paragen.io,launchpad.paragen.io,3,company_investor_relation|deal_investor_relation|investor_investment_relation
110032-57,Patrick Lee,3122,Angel (individual),,,3,company_investor_relation|deal_investor_relation|investor_investment_relation
1230653-89,Philippe Masindet,3126,Angel (individual),philippemasindet.com,philippemasindet.com,3,company_investor_relation|deal_investor_relation|investor_investment_relation
591488-56,Phill Bonello,3127,Angel (individual),,,3,company_investor_relation|deal_investor_relation|investor_investment_relation
502836-40,Playgrnd Ventures,3130,Venture Capital,www.playgrnd.ventures,playgrnd.ventures,3,company_investor_relation|deal_investor_relation|investor_investment_relation
507120-67,Playpad.,3131,Corporation,,,3,company_investor_relation|deal_investor_relation|investor_investment_relation
481315-33,Prostarter,3145,Venture Capital,prostarter.io,prostarter.io,3,company_investor_relation|deal_investor_relation|investor_investment_relation
122048-74,QF Capital,3149,Venture Capital,www.qfvc.cn,qfvc.cn,3,company_investor_relation|deal_investor_relation|investor_investment_relation
495499-96,Real Deal Guild,3152,VC-Backed Company,www.realdealguild.io,realdealguild.io,3,company_investor_relation|deal_investor_relation|investor_investment_relation
58816-54,Rise Capital,3161,Venture Capital,www.risecapital.com,risecapital.com,3,company_investor_relation|deal_investor_relation|investor_investment_relation
522103-69,Robert Ferguson,3162,Angel (individual),,,3,company_investor_relation|deal_investor_relation|investor_investment_relation
599997-34,Samurai Starter,3175,Corporation,www.samuraistarter.com,samuraistarter.com,3,company_investor_relation|deal_investor_relation|investor_investment_relation
482017-60,Sergej Kunz,3184,Angel (individual),,,3,company_investor_relation|deal_investor_relation|investor_investment_relation
494165-98,Sky Mavis,3192,VC-Backed Company,www.skymavis.com,skymavis.com,3,company_investor_relation|deal_investor_relation|investor_investment_relation
596666-89,Symbiote,3225,Accelerator/Incubator,symbiote.gg,symbiote.gg,3,company_investor_relation|deal_investor_relation|investor_investment_relation
510057-01,Tachyon Accelerator,3229,Accelerator/Incubator,tachyon.xyz,tachyon.xyz,3,company_investor_relation|deal_investor_relation|investor_investment_relation
439806-88,UniLend Finance,3269,VC-Backed Company,www.unilend.finance,unilend.finance,3,company_investor_relation|deal_investor_relation|investor_investment_relation
503214-94,Vitex Capital,3280,Venture Capital,vitex.capital,vitex.capital,3,company_investor_relation|deal_investor_relation|investor_investment_relation
500806-45,vndc stablecoin,3281,Other,www.vndc.io,vndc.io,3,company_investor_relation|deal_investor_relation|investor_investment_relation
266239-54,Welight Capital,3288,Venture Capital,Www.welightcapital.com,welightcapital.com,3,company_investor_relation|deal_investor_relation|investor_investment_relation
467213-59,WePlay Ventures,3290,Venture Capital,www.weplayventures.com,weplayventures.com,3,company_investor_relation|deal_investor_relation|investor_investment_relation
489497-32,YAY Network,3298,Other,www.yay.network,yay.network,3,company_investor_relation|deal_investor_relation|investor_investment_relation
503440-39,Panda Capital (China),3313,Venture Capital,www.pandacapital.io,pandacapital.io,3,company_investor_relation|deal_investor_relation|investor_investment_relation
51365-62,European Union,3315,Government,www.europa.eu,europa.eu,3,company_investor_relation|deal_investor_relation|investor_investment_relation|fund_investment_relation
53975-26,High-Tech Gründerfonds,3328,Venture Capital,www.htgf.de,htgf.de,2,company_investor_relation|deal_investor_relation|investor_investment_relation|fund_investment_relation
82987-75,Ascension,3335,Venture Capital,www.ascension.vc,ascension.vc,2,company_investor_relation|deal_investor_relation|investor_investment_relation|fund_investment_relation
61277-14,Starta Ventures,3367,Accelerator/Incubator,starta.vc,starta.vc,2,company_investor_relation|deal_investor_relation|investor_investment_relation|fund_investment_relation
489010-60,01 Capital,3370,Corporation,www.01capital.co.uk,01capital.co.uk,2,company_investor_relation|deal_investor_relation|investor_investment_relation
121141-54,Acceleration Business City,3373,Accelerator/Incubator,www.abc-accelerator.com,abc-accelerator.com,2,company_investor_relation|deal_investor_relation|investor_investment_relation
56774-62,dPixel,3390,Accelerator/Incubator,www.dpixel.it,dpixel.it,2,company_investor_relation|deal_investor_relation|investor_investment_relation
510041-53,Fera Capital,3395,Venture Capital,www.feradao.vc,feradao.vc,2,company_investor_relation|deal_investor_relation|investor_investment_relation
459122-32,First Check Ventures,3396,Venture Capital,www.firstcheckventures.com,firstcheckventures.com,2,company_investor_relation|deal_investor_relation|investor_investment_relation
978567-31,Hello Labs,3400,Accelerator/Incubator,www.hello.one,hello.one,2,company_investor_relation|deal_investor_relation|investor_investment_relation
490998-43,Idoresearch.Ventures,3405,Venture Capital,,,2,company_investor_relation|deal_investor_relation|investor_investment_relation
332407-09,Moonfire,3417,Venture Capital,www.moonfire.com,moonfire.com,2,company_investor_relation|deal_investor_relation|investor_investment_relation
752947-12,Redline Lab,3425,Venture Capital,www.redlinelab.io,redlinelab.io,2,company_investor_relation|deal_investor_relation|investor_investment_relation
184841-47,Seoul National University Technology Holdings,3429,Accelerator/Incubator,www.snuholdings.com,snuholdings.com,2,company_investor_relation|deal_investor_relation|investor_investment_relation
266152-42,3VC,3459,Venture Capital,www.three.vc,three.vc,2,company_investor_relation|deal_investor_relation|investor_investment_relation|fund_investment_relation
124909-57,Avalancha Ventures,3461,Venture Capital,www.avalancha.ventures,avalancha.ventures,2,company_investor_relation|deal_investor_relation|investor_investment_relation|fund_investment_relation
454352-23,Crossbeam Venture Partners,3466,Venture Capital,www.crossbeam.vc,crossbeam.vc,2,company_investor_relation|deal_investor_relation|investor_investment_relation|fund_investment_relation
466071-13,Eoniq Fund,3468,Venture Capital,eoniq.fund,eoniq.fund,2,company_investor_relation|deal_investor_relation|investor_investment_relation|fund_investment_relation
459033-94,Launch Africa Ventures,3475,Venture Capital,www.launchafrica.vc,launchafrica.vc,2,company_investor_relation|deal_investor_relation|investor_investment_relation|fund_investment_relation
50980-69,Lerer Hippeau,3477,Venture Capital,www.lererhippeau.com,lererhippeau.com,2,company_investor_relation|deal_investor_relation|investor_investment_relation|fund_investment_relation
54540-82,Silicon Badia,3486,Venture Capital,www.siliconbadia.com,siliconbadia.com,2,company_investor_relation|deal_investor_relation|investor_investment_relation|fund_investment_relation
268226-38,Startupfon,3488,Venture Capital,www.startupfon.com,startupfon.com,2,company_investor_relation|deal_investor_relation|investor_investment_relation|fund_investment_relation
54197-38,Blume Venture Advisors,3503,Venture Capital,www.blume.vc,blume.vc,2,company_investor_relation|deal_investor_relation|investor_investment_relation|fund_investment_relation
53788-78,Boldstart Ventures,3504,Venture Capital,www.boldstart.vc,boldstart.vc,2,company_investor_relation|deal_investor_relation|investor_investment_relation|fund_investment_relation
187651-45,Bonfire Ventures,3505,Venture Capital,www.bonfirevc.com,bonfirevc.com,2,company_investor_relation|deal_investor_relation|investor_investment_relation|fund_investment_relation
228235-69,Boğaziçi Ventures,3506,Venture Capital,www.bogaziciventures.com/en,bogaziciventures.com,2,company_investor_relation|deal_investor_relation|investor_investment_relation|fund_investment_relation
327121-93,BRI Ventures,3507,Corporate Venture Capital,briventures.id,briventures.id,2,company_investor_relation|deal_investor_relation|investor_investment_relation|fund_investment_relation
11208-16,Hearst Ventures,3521,Corporate Venture Capital,,,2,company_investor_relation|deal_investor_relation|investor_investment_relation|fund_investment_relation
43567-30,Searchlight (Asset Management),3537,PE/Buyout,www.searchlightcap.com,searchlightcap.com,2,company_investor_relation|deal_investor_relation|investor_investment_relation|fund_investment_relation
129192-94,Shanda (Private Equity),3539,PE/Buyout,www.shanda.com,shanda.com,2,company_investor_relation|deal_investor_relation|investor_investment_relation|fund_investment_relation
55384-93,Startup Wise Guys,3543,Venture Capital,www.startupwiseguys.com,startupwiseguys.com,2,company_investor_relation|deal_investor_relation|investor_investment_relation|fund_investment_relation
521060-23,Syndicate Capital Group,3547,Venture Capital,www.syndicatecapital.com,syndicatecapital.com,2,company_investor_relation|deal_investor_relation|investor_investment_relation|fund_investment_relation
277319-62,100X.VC,3564,Venture Capital,www.100x.vc,100x.vc,2,company_investor_relation|deal_investor_relation|investor_investment_relation
438004-81,1inch,3567,VC-Backed Company,1inch.com,1inch.com,2,company_investor_relation|deal_investor_relation|investor_investment_relation
484545-43,2CrazyNFT,3570,VC-Backed Company,www.2crazynft.com,2crazynft.com,2,company_investor_relation|deal_investor_relation|investor_investment_relation
265528-72,A&Z Capital,3582,Venture Capital,www.yl.link,yl.link,2,company_investor_relation|deal_investor_relation|investor_investment_relation
502970-14,ABGA,3583,Corporation,,,2,company_investor_relation|deal_investor_relation|investor_investment_relation
222836-14,Accelerator Frankfurt,3586,Accelerator/Incubator,www.acceleratorfrankfurt.com,acceleratorfrankfurt.com,2,company_investor_relation|deal_investor_relation|investor_investment_relation
495910-63,Acestarter,3587,Venture Capital,www.dapp.acestarter.finance,dapp.acestarter.finance,2,company_investor_relation|deal_investor_relation|investor_investment_relation
112370-77,Alex Lin,3605,Angel (individual),,,2,company_investor_relation|deal_investor_relation|investor_investment_relation
471871-72,All In Ventures,3613,Venture Capital,www.aiv.fund,aiv.fund,2,company_investor_relation|deal_investor_relation|investor_investment_relation
437341-78,Altergate Fund,3626,Venture Capital,www.altergate.vc,altergate.vc,2,company_investor_relation|deal_investor_relation|investor_investment_relation
104872-06,Amazon Web Services,3630,Corporation,www.aws.amazon.com,aws.amazon.com,2,company_investor_relation|deal_investor_relation|investor_investment_relation
268147-45,Amplio Ventures,3635,Venture Capital,www.amplioventures.com,amplioventures.com,2,company_investor_relation|deal_investor_relation|investor_investment_relation
499900-24,Anthony Beaumont,3642,Angel (individual),,,2,company_investor_relation|deal_investor_relation|investor_investment_relation
819209-89,Arbitrum Gaming Ventures,3650,Venture Capital,arbitrumgamingventures.com,arbitrumgamingventures.com,2,company_investor_relation|deal_investor_relation|investor_investment_relation
106093-45,Ariel Arrieta,3655,Angel (individual),ArielArrieta.com,arielarrieta.com,2,company_investor_relation|deal_investor_relation|investor_investment_relation
433734-13,ARPA,3658,VC-Backed Company,www.arpanetwork.io,arpanetwork.io,2,company_investor_relation|deal_investor_relation|investor_investment_relation
513171-46,ArthSwap,3659,VC-Backed Company,app.arthswap.org,app.arthswap.org,2,company_investor_relation|deal_investor_relation|investor_investment_relation
481964-77,Arthur Cheong,3660,Angel (individual),,,2,company_investor_relation|deal_investor_relation|investor_investment_relation
507292-48,Astrapto Capital,3666,Venture Capital,,,2,company_investor_relation|deal_investor_relation|investor_investment_relation
152292-52,Aura Group,3674,VC-Backed Company,www.aura.co,aura.co,2,company_investor_relation|deal_investor_relation|investor_investment_relation
64508-05,Avalanche Insights,3684,Corporation,www.avalancheinsights.com,avalancheinsights.com,2,company_investor_relation|deal_investor_relation|investor_investment_relation
327465-28,Axie Infinity,3694,VC-Backed Company,axieinfinity.com,axieinfinity.com,2,company_investor_relation|deal_investor_relation|investor_investment_relation
166853-53,Beijing Weilie Capital Management Consulting,3721,Venture Capital,www.whcap.net,whcap.net,2,company_investor_relation|deal_investor_relation|investor_investment_relation
490909-15,Bharat Founders Fund,3730,Venture Capital,www.bharatfoundersfund.com,bharatfoundersfund.com,2,company_investor_relation|deal_investor_relation|investor_investment_relation
222948-01,Big Bang | Startup Challenge,3733,Accelerator/Incubator,bigbang.itucekirdek.com,bigbang.itucekirdek.com,2,company_investor_relation|deal_investor_relation|investor_investment_relation
436936-78,Bill Shihara,3735,Angel (individual),,,2,company_investor_relation|deal_investor_relation|investor_investment_relation
708106-78,BitcoinFi Accelerator,3742,Accelerator/Incubator,bitcoinfi.network,bitcoinfi.network,2,company_investor_relation|deal_investor_relation|investor_investment_relation
541355-41,Bitfund,3744,Corporation,www.bitfund.co.za,bitfund.co.za,2,company_investor_relation|deal_investor_relation|investor_investment_relation
463214-08,Bitget Wallet,3745,Corporation,web3.bitget.com,web3.bitget.com,2,company_investor_relation|deal_investor_relation|investor_investment_relation
465539-41,BK Capital.,3750,Corporation,,,2,company_investor_relation|deal_investor_relation|investor_investment_relation
597146-05,BlockBooster,3758,Venture Capital,www.blockbooster.io,blockbooster.io,2,company_investor_relation|deal_investor_relation|investor_investment_relation
690894-55,Blockbridge Digital,3759,Accelerator/Incubator,www.blockbridge.xyz,blockbridge.xyz,2,company_investor_relation|deal_investor_relation|investor_investment_relation
234870-13,Blockventures,3770,Corporation,www.xbv.io,xbv.io,2,company_investor_relation|deal_investor_relation|investor_investment_relation
732042-55,Blocmates,3771,Corporation,,,2,company_investor_relation|deal_investor_relation|investor_investment_relation
703896-49,BONK (Financial Software),3776,Corporation,www.bonkcoin.com,bonkcoin.com,2,company_investor_relation|deal_investor_relation|investor_investment_relation
459150-40,Bridge.v2,3788,VC-Backed Company,www.bridgemutual.io,bridgemutual.io,2,company_investor_relation|deal_investor_relation|investor_investment_relation
287913-79,Brink Asset,3791,Corporation,www.brinkasset.com,brinkasset.com,2,company_investor_relation|deal_investor_relation|investor_investment_relation
515933-20,BSCGems Ventures,3795,Venture Capital,www.bscgems.ventures,bscgems.ventures,2,company_investor_relation|deal_investor_relation|investor_investment_relation
61486-84,Bukalapak,3801,Holding Company,www.bukalapak.com,bukalapak.com,2,company_investor_relation|deal_investor_relation|investor_investment_relation
466079-77,Bullish (GI),3802,Corporation,www.bullish.com,bullish.com,2,company_investor_relation|deal_investor_relation|investor_investment_relation
497460-97,Buono Investment Club Capital,3803,PE/Buyout,www.bic-capital.com,bic-capital.com,2,company_investor_relation|deal_investor_relation|investor_investment_relation
277885-81,Byzantium Capital,3806,Venture Capital,www.byzantium.cc,byzantium.cc,2,company_investor_relation|deal_investor_relation|investor_investment_relation
153947-17,C2 Ventures,3809,Venture Capital,www.c2ventures.co,c2ventures.co,2,company_investor_relation|deal_investor_relation|investor_investment_relation
439860-88,Carlos Rodriguez-Aspirichaga,3817,Angel (individual),,,2,company_investor_relation|deal_investor_relation|investor_investment_relation
181241-74,CDI Capital,3821,Venture Capital,cdicapital.co.za,cdicapital.co.za,2,company_investor_relation|deal_investor_relation|investor_investment_relation
469639-63,Celo Camp,3824,Accelerator/Incubator,www.celocamp.com,celocamp.com,2,company_investor_relation|deal_investor_relation|investor_investment_relation
231135-31,Central Investment Partners,3827,Venture Capital,www.cipartners.co.kr,cipartners.co.kr,2,company_investor_relation|deal_investor_relation|investor_investment_relation
530095-69,Chain Financial,3832,Venture Capital,,,2,company_investor_relation|deal_investor_relation|investor_investment_relation
495602-47,ChainBoost,3834,Accelerator/Incubator,,,2,company_investor_relation|deal_investor_relation|investor_investment_relation
232193-62,ChainPE,3836,Venture Capital,www.chainpe.com,chainpe.com,2,company_investor_relation|deal_investor_relation|investor_investment_relation
501606-82,Chainview Capital,3837,Hedge Fund,www.chainviewcapital.com,chainviewcapital.com,2,company_investor_relation|deal_investor_relation|investor_investment_relation
533037-52,Chappyz,3842,VC-Backed Company,www.chappyz.com,chappyz.com,2,company_investor_relation|deal_investor_relation|investor_investment_relation
109718-56,Christopher Chan,3852,Angel (individual),,,2,company_investor_relation|deal_investor_relation|investor_investment_relation
484465-15,Chung Ying Investment Development Company,3854,Asset Manager,www.gains.com.tw,gains.com.tw,2,company_investor_relation|deal_investor_relation|investor_investment_relation
224497-27,Cianna Capital,3855,Venture Capital,www.ciannacapital.com,ciannacapital.com,2,company_investor_relation|deal_investor_relation|investor_investment_relation
222304-51,Coffin Capital & Ventures,3864,Venture Capital,coffincapital.co,coffincapital.co,2,company_investor_relation|deal_investor_relation|investor_investment_relation
98862-49,CoinPayments,3869,VC-Backed Company,www.coinpayments.net,coinpayments.net,2,company_investor_relation|deal_investor_relation|investor_investment_relation
232173-01,Combo Network,3876,VC-Backed Company,www.combonetwork.io,combonetwork.io,2,company_investor_relation|deal_investor_relation|investor_investment_relation
166201-48,Contrary (San Francisco),3881,Venture Capital,www.contrary.com,contrary.com,2,company_investor_relation|deal_investor_relation|investor_investment_relation
608767-03,County Capital,3890,Corporation,www.county.capital,county.capital,2,company_investor_relation|deal_investor_relation|investor_investment_relation
443326-51,Crust Network,3895,VC-Backed Company,www.crust.network,crust.network,2,company_investor_relation|deal_investor_relation|investor_investment_relation
481612-51,Crypto Global United,3898,VC-Backed Company,www.cgu.io,cgu.io,2,company_investor_relation|deal_investor_relation|investor_investment_relation
495604-81,Crypto nation,3900,Venture Capital,crypto-nation.io,crypto-nation.io,2,company_investor_relation|deal_investor_relation|investor_investment_relation
519748-48,CryptoChecker,3904,Corporation,,,2,company_investor_relation|deal_investor_relation|investor_investment_relation
472338-10,CryptoLeagues,3906,Corporation,www.cryptoleagues.io,cryptoleagues.io,2,company_investor_relation|deal_investor_relation|investor_investment_relation
484843-96,CyberX,3914,VC-Backed Company,www.cyberx.com,cyberx.com,2,company_investor_relation|deal_investor_relation|investor_investment_relation
466079-95,Cyril Paglino,3916,Angel (individual),,,2,company_investor_relation|deal_investor_relation|investor_investment_relation
522455-95,Dave Rodman,3929,Angel (individual),,,2,company_investor_relation|deal_investor_relation|investor_investment_relation
515784-88,David Gan,3930,Angel (individual),,,2,company_investor_relation|deal_investor_relation|investor_investment_relation
492977-17,David Post,3934,Angel (individual),,,2,company_investor_relation|deal_investor_relation|investor_investment_relation
510122-26,Davinci Jeremie,3937,Angel (individual),,,2,company_investor_relation|deal_investor_relation|investor_investment_relation
491402-26,Dchained Capital,3939,Hedge Fund,www.dchainedcapital.com,dchainedcapital.com,2,company_investor_relation|deal_investor_relation|investor_investment_relation
664267-96,Dead King Society,3941,Angel Group,www.deadkingsociety.io,deadkingsociety.io,2,company_investor_relation|deal_investor_relation|investor_investment_relation
515949-04,DeepChainNews,3945,Corporation,,,2,company_investor_relation|deal_investor_relation|investor_investment_relation
589565-35,DefiSquared,3948,Angel (individual),,,2,company_investor_relation|deal_investor_relation|investor_investment_relation
99962-11,Demium,3949,Venture Capital,www.demium.com,demium.com,2,company_investor_relation|deal_investor_relation|investor_investment_relation
471138-49,Dennis Liu,3951,Angel (individual),,,2,company_investor_relation|deal_investor_relation|investor_investment_relation
483487-57,Deswal Investment Group,3958,Angel Group,www.deswalinvestmentgroup.co.uk,deswalinvestmentgroup.co.uk,2,company_investor_relation|deal_investor_relation|investor_investment_relation
437331-25,Diaspora Ventures,3966,Venture Capital,www.diaspora.vc,diaspora.vc,2,company_investor_relation|deal_investor_relation|investor_investment_relation
115299-64,DL Capital (Shanghai),3972,Venture Capital,www.dlcapitals.com,dlcapitals.com,2,company_investor_relation|deal_investor_relation|investor_investment_relation
490020-76,DOMiNO Ventures,3976,Venture Capital,dominovc.com,dominovc.com,2,company_investor_relation|deal_investor_relation|investor_investment_relation
507323-26,DoublePeak Group,3979,Venture Capital,,,2,company_investor_relation|deal_investor_relation|investor_investment_relation
490901-68,DUX (Publishing),3984,VC-Backed Company,www.wearedux.com,wearedux.com,2,company_investor_relation|deal_investor_relation|investor_investment_relation
497942-11,EBT Holdings,3988,Asset Manager,www.ebtgroupholdings.com,ebtgroupholdings.com,2,company_investor_relation|deal_investor_relation|investor_investment_relation
228780-82,Ecole Polytechnique Federale de Lausanne,3990,University,www.epfl.ch,epfl.ch,2,company_investor_relation|deal_investor_relation|investor_investment_relation
491300-83,Elevate Community Ventures,4000,Venture Capital,,,2,company_investor_relation|deal_investor_relation|investor_investment_relation
539840-35,EnigmaFund,4010,Accelerator/Incubator,www.enigma-fund.com,enigma-fund.com,2,company_investor_relation|deal_investor_relation|investor_investment_relation
136071-46,Eureka Corporate Group,4023,PE/Buyout,www.eurekacorporate.group,eurekacorporate.group,2,company_investor_relation|deal_investor_relation|investor_investment_relation
494819-02,EX Capital,4031,Venture Capital,www.excapital.pt,excapital.pt,2,company_investor_relation|deal_investor_relation|investor_investment_relation
439825-60,Fasset,4037,VC-Backed Company,fasset.com,fasset.com,2,company_investor_relation|deal_investor_relation|investor_investment_relation
133143-94,FbStart,4038,Accelerator/Incubator,www.developers.facebook.com/fbstart,developers.facebook.com,2,company_investor_relation|deal_investor_relation|investor_investment_relation
289435-06,Fiat Capital,4043,Venture Capital,www.fiatcapitalfund.com,fiatcapitalfund.com,2,company_investor_relation|deal_investor_relation|investor_investment_relation
557019-37,Finblue,4046,Accelerator/Incubator,www.finblue.stpi.in,finblue.stpi.in,2,company_investor_relation|deal_investor_relation|investor_investment_relation
312448-15,First Cheque,4050,Venture Capital,firstcheque.vc,firstcheque.vc,2,company_investor_relation|deal_investor_relation|investor_investment_relation
489482-29,Forward Analytics,4057,Corporation,,,2,company_investor_relation|deal_investor_relation|investor_investment_relation
626493-52,Founders Factory Africa,4060,Venture Capital,54collective.vc,54collective.vc,2,company_investor_relation|deal_investor_relation|investor_investment_relation
484672-69,Freddie Farmer,4065,Angel (individual),,,2,company_investor_relation|deal_investor_relation|investor_investment_relation
489756-07,Full Circle Africa,4067,Venture Capital,www.fullcircle.africa,fullcircle.africa,2,company_investor_relation|deal_investor_relation|investor_investment_relation
484849-09,Gagra Ventures,4074,Venture Capital,www.gagra.vc,gagra.vc,2,company_investor_relation|deal_investor_relation|investor_investment_relation
459538-66,Gama Capital,4078,Real Estate,gamacapital.com.au,gamacapital.com.au,2,company_investor_relation|deal_investor_relation|investor_investment_relation
490173-94,Gamefish Capital Management,4080,Hedge Fund,www.gamefishcap.com,gamefishcap.com,2,company_investor_relation|deal_investor_relation|investor_investment_relation
512215-39,Gem Capital (Vietnam),4085,Corporation,www.gemcapital.io,gemcapital.io,2,company_investor_relation|deal_investor_relation|investor_investment_relation
481884-31,Genesis Builders,4088,Venture Capital,www.thegb.xyz,thegb.xyz,2,company_investor_relation|deal_investor_relation|investor_investment_relation
397857-88,Gfc,4094,Corporation,,,2,company_investor_relation|deal_investor_relation|investor_investment_relation
484091-02,Golden Shoval Capital,4100,Venture Capital,,,2,company_investor_relation|deal_investor_relation|investor_investment_relation
151193-08,GRAIL,4105,Corporation,www.grail.com,grail.com,2,company_investor_relation|deal_investor_relation|investor_investment_relation
607124-53,Green Arrow Ventures,4108,Corporation,,,2,company_investor_relation|deal_investor_relation|investor_investment_relation
893779-30,Green Whale Ventures,4109,Venture Capital,www.greenwhale.vc,greenwhale.vc,2,company_investor_relation|deal_investor_relation|investor_investment_relation
1156337-65,Greenwood Global Capital,4111,Venture Capital,www.gwglobal.ca,gwglobal.ca,2,company_investor_relation|deal_investor_relation|investor_investment_relation
454766-23,Guillaume Lestrade,4118,Angel (individual),,,2,company_investor_relation|deal_investor_relation|investor_investment_relation
121024-18,Halcyon Incubator,4122,Accelerator/Incubator,www.halcyonhouse.org,halcyonhouse.org,2,company_investor_relation|deal_investor_relation|investor_investment_relation
535692-34,Hands On Angel,4125,Venture Capital,www.handsonangel.com,handsonangel.com,2,company_investor_relation|deal_investor_relation|investor_investment_relation
495704-53,Hassan Ahmed,4130,Angel (individual),,,2,company_investor_relation|deal_investor_relation|investor_investment_relation
471670-21,Highstreet (Financial Software),4137,Corporation,www.highstreet.market,highstreet.market,2,company_investor_relation|deal_investor_relation|investor_investment_relation
496748-89,Hinterland,4138,Asset Manager,,,2,company_investor_relation|deal_investor_relation|investor_investment_relation
339833-71,Honey Island Capital,4141,Venture Capital,www.honeyisland.capital,honeyisland.capital,2,company_investor_relation|deal_investor_relation|investor_investment_relation
230873-95,Hot Capital,4146,Venture Capital,,,2,company_investor_relation|deal_investor_relation|investor_investment_relation
495918-82,Hotcapital,4148,Venture Capital,www.hotcapital.io,hotcapital.io,2,company_investor_relation|deal_investor_relation|investor_investment_relation
96189-04,HSE Business Incubator,4149,Accelerator/Incubator,www.hse.ru,hse.ru,2,company_investor_relation|deal_investor_relation|investor_investment_relation
459397-54,HT Ventures (VC),4150,Venture Capital,,,2,company_investor_relation|deal_investor_relation|investor_investment_relation
589512-07,Humanity Protocol,4155,VC-Backed Company,www.humanity.org,humanity.org,2,company_investor_relation|deal_investor_relation|investor_investment_relation
98578-90,I3P,4162,Accelerator/Incubator,www.i3p.it,i3p.it,2,company_investor_relation|deal_investor_relation|investor_investment_relation
54520-39,IGG,4166,Corporation,www.igg.com,igg.com,2,company_investor_relation|deal_investor_relation|investor_investment_relation
607865-59,Igloo (Financial Services),4168,VC-Backed Company,www.igloo.inc,igloo.inc,2,company_investor_relation|deal_investor_relation|investor_investment_relation
168706-63,Impact51,4173,Angel Group,www.impact51.com,impact51.com,2,company_investor_relation|deal_investor_relation|investor_investment_relation
490299-58,Indi Guild,4176,Corporation,www.indi.gg,indi.gg,2,company_investor_relation|deal_investor_relation|investor_investment_relation
436757-41,Infinity Labs SD,4178,Corporation,,,2,company_investor_relation|deal_investor_relation|investor_investment_relation
1157917-78,Infynno Solutions,4181,Venture Capital,www.infynno.com,infynno.com,2,company_investor_relation|deal_investor_relation|investor_investment_relation
225228-61,Innoangel Fund,4182,Venture Capital,www.innoangel.com,innoangel.com,2,company_investor_relation|deal_investor_relation|investor_investment_relation
509493-79,IotexPad,4191,VC-Backed Company,www.iotexpad.network,iotexpad.network,2,company_investor_relation|deal_investor_relation|investor_investment_relation
494754-94,IQ Protocol,4194,VC-Backed Company,www.iq.space,iq.space,2,company_investor_relation|deal_investor_relation|investor_investment_relation
517473-46,IR21 Capital,4195,Venture Capital,ir21.capital,ir21.capital,2,company_investor_relation|deal_investor_relation|investor_investment_relation
466062-22,Ispolink,4197,VC-Backed Company,www.ispolink.com,ispolink.com,2,company_investor_relation|deal_investor_relation|investor_investment_relation
572302-99,Jacob Ko,4204,Angel (individual),,,2,company_investor_relation|deal_investor_relation|investor_investment_relation
544666-33,Jai Bhavani,4205,Angel (individual),,,2,company_investor_relation|deal_investor_relation|investor_investment_relation
522102-88,James Ferguson,4208,Angel (individual),,,2,company_investor_relation|deal_investor_relation|investor_investment_relation
166491-28,Jason Stone,4214,Angel (individual),,,2,company_investor_relation|deal_investor_relation|investor_investment_relation
122367-07,Jitendra Gupta,4230,Angel (individual),,,2,company_investor_relation|deal_investor_relation|investor_investment_relation
484263-19,John Henderson,4234,Angel (individual),,,2,company_investor_relation|deal_investor_relation|investor_investment_relation
432811-00,John Robinson,4236,Angel (individual),,,2,company_investor_relation|deal_investor_relation|investor_investment_relation
54468-28,K5 Ventures,4247,Venture Capital,www.k5ventures.com,k5ventures.com,2,company_investor_relation|deal_investor_relation|investor_investment_relation
506671-48,Kaizen.Finance,4249,VC-Backed Company,kaizen.finance,kaizen.finance,2,company_investor_relation|deal_investor_relation|investor_investment_relation
225951-67,Kakao Games,4250,Corporation,www.kakaogamescorp.com,kakaogamescorp.com,2,company_investor_relation|deal_investor_relation|investor_investment_relation
496587-07,Kanga,4254,Corporation,www.kanga.exchange,kanga.exchange,2,company_investor_relation|deal_investor_relation|investor_investment_relation
597108-79,Keyrock Accelerator,4264,Accelerator/Incubator,,,2,company_investor_relation|deal_investor_relation|investor_investment_relation
268692-85,KMZERO (Valencia),4275,Accelerator/Incubator,www.kmzerohub.org,kmzerohub.org,2,company_investor_relation|deal_investor_relation|investor_investment_relation
484340-32,L'Oreal Beauty Tech Atelier,4285,Accelerator/Incubator,,,2,company_investor_relation|deal_investor_relation|investor_investment_relation
510281-47,Layer One Ventures,4292,Venture Capital,www.layerone.ventures,layerone.ventures,2,company_investor_relation|deal_investor_relation|investor_investment_relation
466433-20,Lester Lim,4302,Angel (individual),,,2,company_investor_relation|deal_investor_relation|investor_investment_relation
167818-24,Lighthouse Ventures,4308,PE/Buyout,lighthouse.ventures,lighthouse.ventures,2,company_investor_relation|deal_investor_relation|investor_investment_relation
489877-93,Lossless,4321,VC-Backed Company,www.lossless.io,lossless.io,2,company_investor_relation|deal_investor_relation|investor_investment_relation
498548-17,Luis Antonio,4327,Angel (individual),,,2,company_investor_relation|deal_investor_relation|investor_investment_relation
718976-89,MA7 Ventures,4331,Venture Capital,ma7.vc,ma7.vc,2,company_investor_relation|deal_investor_relation|investor_investment_relation
481555-18,Maeve Ventures,4335,Corporation,www.maeve.ventures,maeve.ventures,2,company_investor_relation|deal_investor_relation|investor_investment_relation
109512-55,Magellan Technology Investment,4336,Venture Capital,www.mtivc.com,mtivc.com,2,company_investor_relation|deal_investor_relation|investor_investment_relation
515184-13,Malbec.vc,4339,Venture Capital,www.malbec.vc,malbec.vc,2,company_investor_relation|deal_investor_relation|investor_investment_relation
606921-13,Mando CT,4341,Angel (individual),www.mando-ct.com,mando-ct.com,2,company_investor_relation|deal_investor_relation|investor_investment_relation
482262-40,Marco Robustelli,4350,Angel (individual),,,2,company_investor_relation|deal_investor_relation|investor_investment_relation
534466-18,Matr1x,4359,VC-Backed Company,www.matr1x.io,matr1x.io,2,company_investor_relation|deal_investor_relation|investor_investment_relation
769488-13,Matterhorn Studio(VC),4362,Accelerator/Incubator,www.matterhornstudio.com,matterhornstudio.com,2,company_investor_relation|deal_investor_relation|investor_investment_relation
490326-49,Matthew Cantieri,4364,Angel (individual),,,2,company_investor_relation|deal_investor_relation|investor_investment_relation
493043-86,MetaGaming Guild,4377,VC-Backed Company,www.metagg.com,metagg.com,2,company_investor_relation|deal_investor_relation|investor_investment_relation
455016-52,Metaverse Group,4381,Corporation,www.metaversegroup.com,metaversegroup.com,2,company_investor_relation|deal_investor_relation|investor_investment_relation
494256-79,Micah Spruill,4384,Angel (individual),,,2,company_investor_relation|deal_investor_relation|investor_investment_relation
527073-58,Millionaire Mentor,4397,Venture Capital,,,2,company_investor_relation|deal_investor_relation|investor_investment_relation
438657-85,Mindao Yang,4398,Angel (individual),,,2,company_investor_relation|deal_investor_relation|investor_investment_relation
59000-05,Mitsui Sumitomo Insurance,4405,Corporation,www.ms-ins.com,ms-ins.com,2,company_investor_relation|deal_investor_relation|investor_investment_relation
507289-60,Moniwar,4411,VC-Backed Company,www.playtoearn.moniwar.io,playtoearn.moniwar.io,2,company_investor_relation|deal_investor_relation|investor_investment_relation
530178-58,Monoceros Ventures,4412,Venture Capital,,,2,company_investor_relation|deal_investor_relation|investor_investment_relation
494626-33,Moon Mafia Capital,4414,Venture Capital,www.moonmafia.io,moonmafia.io,2,company_investor_relation|deal_investor_relation|investor_investment_relation
519913-63,Nakama Ventures,4427,Venture Capital,nakama.ventures,nakama.ventures,2,company_investor_relation|deal_investor_relation|investor_investment_relation
432781-30,Nathan Doctor,4431,Angel (individual),,,2,company_investor_relation|deal_investor_relation|investor_investment_relation
150724-45,National Science Foundation Innovation Corps Program,4432,Accelerator/Incubator,,,2,company_investor_relation|deal_investor_relation|investor_investment_relation
571481-38,Neopin,4437,Corporation,,,2,company_investor_relation|deal_investor_relation|investor_investment_relation
550770-40,Newmoon Accelerator,4441,Accelerator/Incubator,newmoon.ac,newmoon.ac,2,company_investor_relation|deal_investor_relation|investor_investment_relation
327120-67,Next100,4445,Corporate Venture Capital,next100.vn,next100.vn,2,company_investor_relation|deal_investor_relation|investor_investment_relation
489509-11,NFT Tech,4446,VC-Backed Company,nft.tech,nft.tech,2,company_investor_relation|deal_investor_relation|investor_investment_relation
437753-71,Nice Capital,4448,Venture Capital,www.nicecapital.vc,nicecapital.vc,2,company_investor_relation|deal_investor_relation|investor_investment_relation
624389-86,Nom Nom,4457,Angel (individual),,,2,company_investor_relation|deal_investor_relation|investor_investment_relation
467895-88,NonceBlox,4459,Corporation,www.nonceblox.com,nonceblox.com,2,company_investor_relation|deal_investor_relation|investor_investment_relation
465677-83,Nordl,4460,VC-Backed Company,nordl.io,nordl.io,2,company_investor_relation|deal_investor_relation|investor_investment_relation
118729-45,NTUitive,4469,Accelerator/Incubator,www.ntuitive.sg,ntuitive.sg,2,company_investor_relation|deal_investor_relation|investor_investment_relation
504204-31,Nudibranch Ventures,4470,Venture Capital,www.nudibranch.finance,nudibranch.finance,2,company_investor_relation|deal_investor_relation|investor_investment_relation
399437-83,NuriFlex (Business/Productivity Software),4471,Corporation,www.nuriflex.com,nuriflex.com,2,company_investor_relation|deal_investor_relation|investor_investment_relation
129186-37,O3 Partners (Private Equity),4473,Venture Capital,www.oxoholdings.eu,oxoholdings.eu,2,company_investor_relation|deal_investor_relation|investor_investment_relation
501111-91,Oasys,4474,VC-Backed Company,www.oasys.games,oasys.games,2,company_investor_relation|deal_investor_relation|investor_investment_relation
489819-07,Octerra Capital,4477,Venture Capital,www.octerracapital.com,octerracapital.com,2,company_investor_relation|deal_investor_relation|investor_investment_relation
229065-94,Octopus Capital,4478,Venture Capital,www.octopuscapital.co,octopuscapital.co,2,company_investor_relation|deal_investor_relation|investor_investment_relation
433801-54,Offshore Capital & Asset Investments,4482,Lender/Debt Provider,offshorecapitallc.com,offshorecapitallc.com,2,company_investor_relation|deal_investor_relation|investor_investment_relation
491301-01,OneBlock Labs,4488,VC-Backed Company,oneblocklabs.com,oneblocklabs.com,2,company_investor_relation|deal_investor_relation|investor_investment_relation
951497-38,ONLY VC,4490,Venture Capital,only-vc.com,only-vc.com,2,company_investor_relation|deal_investor_relation|investor_investment_relation
530376-94,ONUS (Other Financial Services),4491,Corporation,www.goonus.io,goonus.io,2,company_investor_relation|deal_investor_relation|investor_investment_relation
597792-70,OptaJoe,4494,Venture Capital,,,2,company_investor_relation|deal_investor_relation|investor_investment_relation
608592-61,Orange Cap Capital,4496,Corporation,www.spencer.vc,spencer.vc,2,company_investor_relation|deal_investor_relation|investor_investment_relation
497234-80,Orion Depp,4500,Angel (individual),,,2,company_investor_relation|deal_investor_relation|investor_investment_relation
528825-52,OSAZ (Netherlands),4501,Venture Capital,www.osaz.xyz,osaz.xyz,2,company_investor_relation|deal_investor_relation|investor_investment_relation
503330-59,Out Of This World Investments,4504,Venture Capital,ootwi.com,ootwi.com,2,company_investor_relation|deal_investor_relation|investor_investment_relation
55959-58,Paramount Capital (Marietta),4515,Asset Manager,paramountcap.com,paramountcap.com,2,company_investor_relation|deal_investor_relation|investor_investment_relation
513333-19,Paramount Capital (Singapore),4516,Venture Capital,,,2,company_investor_relation|deal_investor_relation|investor_investment_relation
228596-77,Parinama Cultural Development Foundation,4519,Limited Partner,www.parinamafoundation.org,parinamafoundation.org,2,company_investor_relation|deal_investor_relation|investor_investment_relation
109110-97,Pascal Gauthier,4522,Angel (individual),,,2,company_investor_relation|deal_investor_relation|investor_investment_relation
482464-90,Patrick Rivera,4524,Angel (individual),,,2,company_investor_relation|deal_investor_relation|investor_investment_relation
107067-34,PC Finance,4528,Corporation,,,2,company_investor_relation|deal_investor_relation|investor_investment_relation
111494-89,Pearl Abyss,4532,Corporation,www.pearlabyss.com,pearlabyss.com,2,company_investor_relation|deal_investor_relation|investor_investment_relation
503833-87,Phemex Venture,4539,Corporate Venture Capital,,,2,company_investor_relation|deal_investor_relation|investor_investment_relation
162448-75,Plutus,4550,VC-Backed Company,www.plutus.it,plutus.it,2,company_investor_relation|deal_investor_relation|investor_investment_relation
94735-63,Points of Light Institute,4553,Accelerator/Incubator,pointsoflight.org,pointsoflight.org,2,company_investor_relation|deal_investor_relation|investor_investment_relation
484155-82,Polemos,4554,VC-Backed Company,forge.polemos.io,forge.polemos.io,2,company_investor_relation|deal_investor_relation|investor_investment_relation
156738-07,Poloniex,4557,VC-Backed Company,www.poloniex.com,poloniex.com,2,company_investor_relation|deal_investor_relation|investor_investment_relation
484631-29,Polrare Labs,4558,Accelerator/Incubator,www.polrarelabs.com,polrarelabs.com,2,company_investor_relation|deal_investor_relation|investor_investment_relation
123921-01,Prashant Malik,4563,Angel (individual),,,2,company_investor_relation|deal_investor_relation|investor_investment_relation
467281-90,PsyFi,4572,VC-Backed Company,www.psy.beehiiv.com,psy.beehiiv.com,2,company_investor_relation|deal_investor_relation|investor_investment_relation
525451-96,Qi Qi Venture Capital,4574,Venture Capital,,,2,company_investor_relation|deal_investor_relation|investor_investment_relation
159165-64,Rana Capital Partners,4589,Other Private Equity,ranacapital.com,ranacapital.com,2,company_investor_relation|deal_investor_relation|investor_investment_relation
41182-21,Red Hat,4595,Corporation,www.redhat.com,redhat.com,2,company_investor_relation|deal_investor_relation|investor_investment_relation
493144-03,Revenue Capital,4607,Venture Capital,www.revenuecapital.io,revenuecapital.io,2,company_investor_relation|deal_investor_relation|investor_investment_relation
500742-55,Rikkei Capital,4616,Venture Capital,,,2,company_investor_relation|deal_investor_relation|investor_investment_relation
187980-40,Riverfort Capital,4619,Growth/Expansion,www.riverfort.com,riverfort.com,2,company_investor_relation|deal_investor_relation|investor_investment_relation
463368-97,Ron Gross,4631,Angel (individual),,,2,company_investor_relation|deal_investor_relation|investor_investment_relation
467200-63,Ruitao Su,4635,Angel (individual),,,2,company_investor_relation|deal_investor_relation|investor_investment_relation
484726-69,Ryan Wyatt,4639,Angel (individual),,,2,company_investor_relation|deal_investor_relation|investor_investment_relation
491587-03,Salad Ventures,4644,VC-Backed Company,www.salad.ventures,salad.ventures,2,company_investor_relation|deal_investor_relation|investor_investment_relation
493008-85,Sam Sam,4647,Angel (individual),,,2,company_investor_relation|deal_investor_relation|investor_investment_relation
472502-80,Sameen Jalal,4648,Angel (individual),,,2,company_investor_relation|deal_investor_relation|investor_investment_relation
519471-64,Sandy Peng,4654,Angel (individual),,,2,company_investor_relation|deal_investor_relation|investor_investment_relation
234597-70,Ship2B,4689,Accelerator/Incubator,www.ship2b.org,ship2b.org,2,company_investor_relation|deal_investor_relation|investor_investment_relation
501354-64,Sigurd Ventures,4694,Venture Capital,sigurdventures.com,sigurdventures.com,2,company_investor_relation|deal_investor_relation|investor_investment_relation
638366-23,Silverbacks Holdings,4696,Venture Capital,www.silverbacks.holdings,silverbacks.holdings,2,company_investor_relation|deal_investor_relation|investor_investment_relation
495738-82,Simply Staking,4698,Venture Capital,www.simplystaking.com,simplystaking.com,2,company_investor_relation|deal_investor_relation|investor_investment_relation
228973-33,Singer Capital,4700,Venture Capital,www.singercapital.com,singercapital.com,2,company_investor_relation|deal_investor_relation|investor_investment_relation
434090-80,Skyline Trade,4712,Venture Capital,www.skyline.trade,skyline.trade,2,company_investor_relation|deal_investor_relation|investor_investment_relation
515734-93,SkyX Fund,4713,Venture Capital,,,2,company_investor_relation|deal_investor_relation|investor_investment_relation
493764-94,SNZ holdings,4720,Corporation,,,2,company_investor_relation|deal_investor_relation|investor_investment_relation
538841-98,Spacebar Ventures,4730,Holding Company,www.spacebarventures.com,spacebarventures.com,2,company_investor_relation|deal_investor_relation|investor_investment_relation
484581-34,Stan Nikolsky,4742,Angel (individual),,,2,company_investor_relation|deal_investor_relation|investor_investment_relation
497396-89,Stellar Community Fund,4753,Accelerator/Incubator,communityfund.stellar.org,communityfund.stellar.org,2,company_investor_relation|deal_investor_relation|investor_investment_relation
435570-31,Steven Kokinos,4756,Angel (individual),,,2,company_investor_relation|deal_investor_relation|investor_investment_relation
521991-37,Story Protocol,4759,VC-Backed Company,www.story.foundation,story.foundation,2,company_investor_relation|deal_investor_relation|investor_investment_relation
596215-00,Sudo Research,4763,Corporation,www.sudoresearch.com,sudoresearch.com,2,company_investor_relation|deal_investor_relation|investor_investment_relation
459946-63,Super Capital,4770,Venture Capital,www.supercapital.club,supercapital.club,2,company_investor_relation|deal_investor_relation|investor_investment_relation
13481-38,Susquehanna Capital,4773,PE/Buyout,www.susquehannacapital.com,susquehannacapital.com,2,company_investor_relation|deal_investor_relation|investor_investment_relation
521976-88,Sylvain Theveniaud,4777,Angel (individual),,,2,company_investor_relation|deal_investor_relation|investor_investment_relation
495522-46,T A Ventures,4782,Venture Capital,www.taventure.io,taventure.io,2,company_investor_relation|deal_investor_relation|investor_investment_relation
483912-55,T3Each Global Ventures,4783,Venture Capital,www.t3each.com,t3each.com,2,company_investor_relation|deal_investor_relation|investor_investment_relation
507293-38,Tanuki Studio,4787,Corporation,,,2,company_investor_relation|deal_investor_relation|investor_investment_relation
502969-78,TCCL Ventures,4791,Venture Capital,tcclventures.com,tcclventures.com,2,company_investor_relation|deal_investor_relation|investor_investment_relation
437754-34,TechOne Venture Capital,4796,Venture Capital,www.techone.vc,techone.vc,2,company_investor_relation|deal_investor_relation|investor_investment_relation
495006-22,The Husl,4809,Venture Capital,www.thehusl.io,thehusl.io,2,company_investor_relation|deal_investor_relation|investor_investment_relation
327467-44,The Soriano Family Office,4810,Family Office,www.sorianogroup.com,sorianogroup.com,2,company_investor_relation|deal_investor_relation|investor_investment_relation
590232-61,Tiger VC DAO,4823,Venture Capital,www.tigervcdao.com,tigervcdao.com,2,company_investor_relation|deal_investor_relation|investor_investment_relation
123778-54,Tisiwi,4826,Venture Capital,www.tisiwi.com,tisiwi.com,2,company_investor_relation|deal_investor_relation|investor_investment_relation
516055-60,TON,4832,VC-Backed Company,www.ton.org,ton.org,2,company_investor_relation|deal_investor_relation|investor_investment_relation
484846-75,Tony G,4833,Angel (individual),,,2,company_investor_relation|deal_investor_relation|investor_investment_relation
489546-19,Trade Coin Vietnam,4834,Corporation,,,2,company_investor_relation|deal_investor_relation|investor_investment_relation
518831-11,Trader Lenny,4836,Angel (individual),,,2,company_investor_relation|deal_investor_relation|investor_investment_relation
496528-75,Tuba Terekli,4845,Angel (individual),,,2,company_investor_relation|deal_investor_relation|investor_investment_relation
494155-81,Tuzanye Game Guild,4846,VC-Backed Company,www.tuzanye.com,tuzanye.com,2,company_investor_relation|deal_investor_relation|investor_investment_relation
493867-99,Ultiverse,4850,VC-Backed Company,www.ultiverse.io,ultiverse.io,2,company_investor_relation|deal_investor_relation|investor_investment_relation
493051-33,V2B Labs,4862,Accelerator/Incubator,www.v2blabs.com,v2blabs.com,2,company_investor_relation|deal_investor_relation|investor_investment_relation
465458-59,Valaren Ventures,4863,Venture Capital,www.valaren.com,valaren.com,2,company_investor_relation|deal_investor_relation|investor_investment_relation
56730-70,Venista Ventures,4871,Venture Capital,www.venista-ventures.com,venista-ventures.com,2,company_investor_relation|deal_investor_relation|investor_investment_relation
718296-94,VivaTech Ventures,4885,Venture Capital,www.vivatech.ventures,vivatech.ventures,2,company_investor_relation|deal_investor_relation|investor_investment_relation
264305-62,Voyager Digital,4887,Corporation,www.investvoyager.com,investvoyager.com,2,company_investor_relation|deal_investor_relation|investor_investment_relation
467879-14,Vulcan Forged,4888,Corporation,www.vulcanforged.com,vulcanforged.com,2,company_investor_relation|deal_investor_relation|investor_investment_relation
597330-55,W Labs (Singapore),4890,Venture Capital,www.wlabsdao.com,wlabsdao.com,2,company_investor_relation|deal_investor_relation|investor_investment_relation
493995-97,Walden Bridge Management Company,4894,Hedge Fund,www.waldenbridge.capital,waldenbridge.capital,2,company_investor_relation|deal_investor_relation|investor_investment_relation
519628-06,Waves Camp,4897,Accelerator/Incubator,camp.waveslabs.com,camp.waveslabs.com,2,company_investor_relation|deal_investor_relation|investor_investment_relation
61956-64,WiL (World Innovation Lab),4904,Venture Capital,www.wil.vc,wil.vc,2,company_investor_relation|deal_investor_relation|investor_investment_relation
488987-47,William Papper,4906,Angel (individual),,,2,company_investor_relation|deal_investor_relation|investor_investment_relation
528535-00,Wind Sprint Capital,4908,Venture Capital,www.windsprintcapital.com,windsprintcapital.com,2,company_investor_relation|deal_investor_relation|investor_investment_relation
493008-94,Woojin Lim,4913,Angel (individual),,,2,company_investor_relation|deal_investor_relation|investor_investment_relation
503455-42,Xantus Network,4922,Corporation,www.xantus.network,xantus.network,2,company_investor_relation|deal_investor_relation|investor_investment_relation
170796-43,Xsolla Capital,4925,Venture Capital,xsollacapital.com,xsollacapital.com,2,company_investor_relation|deal_investor_relation|investor_investment_relation
459547-66,Yi Luo,4933,Angel (individual),,,2,company_investor_relation|deal_investor_relation|investor_investment_relation
11339-56,York Street Capital Partners,4939,PE/Buyout,www.yorkstreetcapital.com,yorkstreetcapital.com,2,company_investor_relation|deal_investor_relation|investor_investment_relation
464333-68,Zee Zheng,4945,Angel (individual),,,2,company_investor_relation|deal_investor_relation|investor_investment_relation
620190-37,Zeneca,4947,Corporation,,,2,company_investor_relation|deal_investor_relation|investor_investment_relation
509212-54,Zhen Cao,4951,Angel (individual),,,2,company_investor_relation|deal_investor_relation|investor_investment_relation
498152-44,zkLink,4954,Corporation,www.zk.link,zk.link,2,company_investor_relation|deal_investor_relation|investor_investment_relation
166388-77,Zone Startups India,4956,Accelerator/Incubator,india.zonestartups.com,india.zonestartups.com,2,company_investor_relation|deal_investor_relation|investor_investment_relation
10945-00,CB Capital Partners,4957,Investment Bank,www.cbcapital.com,cbcapital.com,2,company_investor_relation|deal_investor_relation|investor_investment_relation
510771-88,Qiming Venture Partners USA,4970,Venture Capital,www.qimingvcusa.com,qimingvcusa.com,2,fund_investment_relation
51252-85,Vox Media,4982,VC-Backed Company,www.voxmedia.com,voxmedia.com,2,company_investor_relation|deal_investor_relation|investor_investment_relation
60978-97,Angels Capital,4986,Angel Group,www.angelscapital.es,angelscapital.es,1,company_investor_relation|deal_investor_relation|investor_investment_relation|fund_investment_relation
40996-63,U.S. Department of Energy,4992,Government,www.energy.gov,energy.gov,1,company_investor_relation|deal_investor_relation|investor_investment_relation
497613-43,VC Sila,4993,Accelerator/Incubator,vcsila.com,vcsila.com,1,company_investor_relation|deal_investor_relation|investor_investment_relation
56829-97,Bowery Capital,4994,Venture Capital,www.bowerycap.com,bowerycap.com,1,company_investor_relation|deal_investor_relation|investor_investment_relation|fund_investment_relation
11261-89,Crosslink Capital,4996,Venture Capital,www.crosslinkcapital.com,crosslinkcapital.com,1,company_investor_relation|deal_investor_relation|investor_investment_relation|fund_investment_relation
10634-68,Truffle Capital,5001,Venture Capital,www.truffle.com,truffle.com,1,company_investor_relation|deal_investor_relation|investor_investment_relation|fund_investment_relation
42371-29,Bangkok Bank,5003,Investment Bank,www.bangkokbank.com.my,bangkokbank.com.my,1,company_investor_relation|deal_investor_relation|investor_investment_relation|fund_investment_relation
483824-08,Extension Fund,5004,Venture Capital,www.extensionfund.com,extensionfund.com,1,company_investor_relation|deal_investor_relation|investor_investment_relation|fund_investment_relation
182137-42,Intudo Ventures,5005,Venture Capital,www.intudovc.com,intudovc.com,1,company_investor_relation|deal_investor_relation|investor_investment_relation|fund_investment_relation
169489-99,Sarmayacar,5007,Venture Capital,www.sarmayacar.com,sarmayacar.com,1,company_investor_relation|deal_investor_relation|investor_investment_relation|fund_investment_relation
10078-21,Bain & Company,5009,Corporation,www.bain.com,bain.com,1,company_investor_relation|deal_investor_relation|investor_investment_relation
227482-66,CareLabs (Business/Productivity Software),5011,Corporation,www.carelabs.co.kr,carelabs.co.kr,1,company_investor_relation|deal_investor_relation|investor_investment_relation
593418-34,Core 4 Capital,5013,Corporation,,,1,company_investor_relation|deal_investor_relation|investor_investment_relation
154615-24,CTBC Venture Capital,5014,Corporate Venture Capital,,,1,company_investor_relation|deal_investor_relation|investor_investment_relation
234549-28,Fitec1,5016,Accelerator/Incubator,,,1,company_investor_relation|deal_investor_relation|investor_investment_relation
437185-81,Green Cross Health Care,5018,Corporation,,,1,company_investor_relation|deal_investor_relation|investor_investment_relation
225830-80,Encomenda,5023,Venture Capital,encomenda.com,encomenda.com,1,company_investor_relation|deal_investor_relation|investor_investment_relation|fund_investment_relation
58662-37,AG2R La Mondiale,5027,Limited Partner,www.ag2rlamondiale.fr,ag2rlamondiale.fr,1,company_investor_relation|deal_investor_relation|investor_investment_relation|fund_investment_relation
54522-01,Almi Invest,5029,Venture Capital,www.almiinvest.se,almiinvest.se,1,company_investor_relation|deal_investor_relation|investor_investment_relation|fund_investment_relation
232458-58,Alpana Ventures,5030,Venture Capital,www.alpana-ventures.ch,alpana-ventures.ch,1,company_investor_relation|deal_investor_relation|investor_investment_relation|fund_investment_relation
221936-86,CASSIUS,5033,Venture Capital,www.cassius.vc,cassius.vc,1,company_investor_relation|deal_investor_relation|investor_investment_relation|fund_investment_relation
50984-74,Credo Ventures,5035,Venture Capital,www.credoventures.com,credoventures.com,1,company_investor_relation|deal_investor_relation|investor_investment_relation|fund_investment_relation
174882-34,JME Venture Capital,5040,Venture Capital,www.jme.vc,jme.vc,1,company_investor_relation|deal_investor_relation|investor_investment_relation|fund_investment_relation
56181-16,PolyTech Ventures,5046,Venture Capital,www.polytechventures.ch,polytechventures.ch,1,company_investor_relation|deal_investor_relation|investor_investment_relation|fund_investment_relation
51064-84,Seedcamp,5048,Venture Capital,www.seedcamp.com,seedcamp.com,1,company_investor_relation|deal_investor_relation|investor_investment_relation|fund_investment_relation
153419-41,Switch Ventures,5049,Venture Capital,www.switch.vc,switch.vc,1,company_investor_relation|deal_investor_relation|investor_investment_relation|fund_investment_relation
176634-10,Thynk Capital,5050,Venture Capital,www.thynkcapital.com,thynkcapital.com,1,company_investor_relation|deal_investor_relation|investor_investment_relation|fund_investment_relation
489777-58,Xperiment Ventures,5053,Venture Capital,www.xperiment.co,xperiment.co,1,company_investor_relation|deal_investor_relation|investor_investment_relation|fund_investment_relation
232937-38,XTech Ventures,5054,Venture Capital,www.xtech-ventures.co.jp,xtech-ventures.co.jp,1,company_investor_relation|deal_investor_relation|investor_investment_relation|fund_investment_relation
325166-41,186 Ventures,5055,Venture Capital,186ventures.com,186ventures.com,1,company_investor_relation|deal_investor_relation|investor_investment_relation|fund_investment_relation
159291-10,Barn Investimentos,5059,Venture Capital,barninvest.com.br/en,barninvest.com.br,1,company_investor_relation|deal_investor_relation|investor_investment_relation|fund_investment_relation
158595-22,Bright Pixel Capital,5060,Corporate Venture Capital,www.brpx.com,brpx.com,1,company_investor_relation|deal_investor_relation|investor_investment_relation|fund_investment_relation
61136-11,British Business Bank,5061,Lender/Debt Provider,www.british-business-bank.co.uk,british-business-bank.co.uk,1,company_investor_relation|deal_investor_relation|investor_investment_relation|fund_investment_relation
57631-06,LAUNCH Fund,5066,Accelerator/Incubator,launchaccelerator.co,launchaccelerator.co,1,company_investor_relation|deal_investor_relation|investor_investment_relation|fund_investment_relation
343619-65,MatterScale Ventures,5068,Venture Capital,www.matterscale.com,matterscale.com,1,company_investor_relation|deal_investor_relation|investor_investment_relation|fund_investment_relation
109531-36,NAU IB Capital,5071,PE/Buyout,www.nauib.com,nauib.com,1,company_investor_relation|deal_investor_relation|investor_investment_relation|fund_investment_relation
117927-73,Sazze Partners,5074,Venture Capital,www.sazze.vc,sazze.vc,1,company_investor_relation|deal_investor_relation|investor_investment_relation|fund_investment_relation
153609-94,Superhero Capital,5076,Venture Capital,www.superherocapital.com,superherocapital.com,1,company_investor_relation|deal_investor_relation|investor_investment_relation|fund_investment_relation
118746-55,Adam Foroughi,5081,Angel (individual),,,1,company_investor_relation|deal_investor_relation|investor_investment_relation
234331-66,Aergo,5083,Accelerator/Incubator,www.aergo.io,aergo.io,1,company_investor_relation|deal_investor_relation|investor_investment_relation
491205-88,Algonaut Capital,5088,Corporation,www.algonaut.ca,algonaut.ca,1,company_investor_relation|deal_investor_relation|investor_investment_relation
495516-16,Algorand Miami Accelerator,5089,Accelerator/Incubator,www.algorand-miami-accelerator.com,algorand-miami-accelerator.com,1,company_investor_relation|deal_investor_relation|investor_investment_relation
495810-37,Amia Lazarus,5091,Angel (individual),,,1,company_investor_relation|deal_investor_relation|investor_investment_relation
495810-82,Amy Hilker,5092,Angel (individual),,,1,company_investor_relation|deal_investor_relation|investor_investment_relation
222197-23,Ardie Johnson,5099,Angel (individual),,,1,company_investor_relation|deal_investor_relation|investor_investment_relation
463418-02,ARK36,5101,Hedge Fund,,,1,company_investor_relation|deal_investor_relation|investor_investment_relation
571475-53,Ashe Ventures,5103,Family Office,www.asheventures.com,asheventures.com,1,company_investor_relation|deal_investor_relation|investor_investment_relation
495818-47,Barry O'Neill,5105,Angel (individual),,,1,company_investor_relation|deal_investor_relation|investor_investment_relation
495810-73,Ben Gallinson,5106,Angel (individual),,,1,company_investor_relation|deal_investor_relation|investor_investment_relation
453540-07,Blockchain Cuties Universe,5110,VC-Backed Company,www.blockchaincuties.com,blockchaincuties.com,1,company_investor_relation|deal_investor_relation|investor_investment_relation
59866-30,Blockmate Ventures,5111,Accelerator/Incubator,www.blockmate.com,blockmate.com,1,company_investor_relation|deal_investor_relation|investor_investment_relation
433971-01,Brand Capital International,5114,Corporate Venture Capital,www.brandcapitalus.com,brandcapitalus.com,1,company_investor_relation|deal_investor_relation|investor_investment_relation
55656-82,Brown Venture Labs,5119,Accelerator/Incubator,venturelabs.org,venturelabs.org,1,company_investor_relation|deal_investor_relation|investor_investment_relation
495818-56,Bruce Whisnant,5120,Angel (individual),,,1,company_investor_relation|deal_investor_relation|investor_investment_relation
431230-69,ChainTED,5124,Venture Capital,www.chainted.vc,chainted.vc,1,company_investor_relation|deal_investor_relation|investor_investment_relation
466990-84,Charles Adams,5126,Angel (individual),,,1,company_investor_relation|deal_investor_relation|investor_investment_relation
454883-23,Charnov Family,5127,Venture Capital,,,1,company_investor_relation|deal_investor_relation|investor_investment_relation
437615-92,Chernin Entertainment,5128,PE-Backed Company,www.cherninent.com,cherninent.com,1,company_investor_relation|deal_investor_relation|investor_investment_relation
458474-86,Claster Investments,5133,Family Office,www.claster-investments.com,claster-investments.com,1,company_investor_relation|deal_investor_relation|investor_investment_relation
638792-74,Coin98 Insights,5137,VC-Backed Company,www.coin98.net,coin98.net,1,company_investor_relation|deal_investor_relation|investor_investment_relation
222196-69,Craig Cheney,5140,Angel (individual),,,1,company_investor_relation|deal_investor_relation|investor_investment_relation
230960-71,CryptoBLK,5141,VC-Backed Company,www.cryptoblk.io,cryptoblk.io,1,company_investor_relation|deal_investor_relation|investor_investment_relation
225987-85,CSIRO ON Accelerate,5143,Accelerator/Incubator,oninnovation.com.au,oninnovation.com.au,1,company_investor_relation|deal_investor_relation|investor_investment_relation
62216-29,Daman Investments,5145,Asset Manager,www.daman.ae,daman.ae,1,company_investor_relation|deal_investor_relation|investor_investment_relation
510232-60,Daoverse Capital,5147,Corporation,www.daoverse.capital,daoverse.capital,1,company_investor_relation|deal_investor_relation|investor_investment_relation
482208-49,Data Tech Fund,5148,Venture Capital,www.datatech.fund,datatech.fund,1,company_investor_relation|deal_investor_relation|investor_investment_relation
470815-30,Dave Jones,5149,Angel (individual),,,1,company_investor_relation|deal_investor_relation|investor_investment_relation
222197-05,David Meine,5151,Angel (individual),,,1,company_investor_relation|deal_investor_relation|investor_investment_relation
267301-54,Delwik Group,5153,Venture Capital,www.delwikgroup.com,delwikgroup.com,1,company_investor_relation|deal_investor_relation|investor_investment_relation
108091-09,Dexter Studios,5154,Corporation,www.dexterstudios.com,dexterstudios.com,1,company_investor_relation|deal_investor_relation|investor_investment_relation
111392-92,Dmitry Koval,5156,Angel (individual),,,1,company_investor_relation|deal_investor_relation|investor_investment_relation
222197-14,Don Morris,5157,Angel (individual),,,1,company_investor_relation|deal_investor_relation|investor_investment_relation
265909-96,Dunhong Capital Management,5160,Venture Capital,www.dh-capital.cn,dh-capital.cn,1,company_investor_relation|deal_investor_relation|investor_investment_relation
234408-97,Eduardo Vivas,5161,Angel (individual),,,1,company_investor_relation|deal_investor_relation|investor_investment_relation
100514-17,EIM Capital,5162,Infrastructure,www.eimcapital.mx,eimcapital.mx,1,company_investor_relation|deal_investor_relation|investor_investment_relation
222196-60,Eric Ahlman,5163,Angel (individual),,,1,company_investor_relation|deal_investor_relation|investor_investment_relation
127721-35,Eric Schiermeyer,5164,Angel (individual),,,1,company_investor_relation|deal_investor_relation|investor_investment_relation
56284-03,ESADE BAN,5165,Angel Group,www.esadeban.com,esadeban.com,1,company_investor_relation|deal_investor_relation|investor_investment_relation
230150-26,EXOR Seeds,5168,Venture Capital,,,1,company_investor_relation|deal_investor_relation|investor_investment_relation
468900-10,F&F Partners,5169,Corporate Venture Capital,www.fnfpartners.com,fnfpartners.com,1,company_investor_relation|deal_investor_relation|investor_investment_relation
126922-33,FiveWest.,5174,Venture Capital,,,1,company_investor_relation|deal_investor_relation|investor_investment_relation
438110-20,Flash Ventures,5175,Venture Capital,www.flash.vc,flash.vc,1,company_investor_relation|deal_investor_relation|investor_investment_relation
55334-08,Founder Institute,5176,Accelerator/Incubator,fi.co,fi.co,1,company_investor_relation|deal_investor_relation|investor_investment_relation
123211-00,Global Securities Arbitrage,5183,Corporation,,,1,company_investor_relation|deal_investor_relation|investor_investment_relation
10405-54,HSBC Holdings,5189,Holding Company,www.hsbc.com,hsbc.com,1,company_investor_relation|deal_investor_relation|investor_investment_relation
52255-72,HU Investments,5190,Venture Capital,www.huinvestments.com,huinvestments.com,1,company_investor_relation|deal_investor_relation|investor_investment_relation
41731-39,IDB Lab,5191,Impact Investing,bidlab.org/en,bidlab.org,1,company_investor_relation|deal_investor_relation|investor_investment_relation
101707-93,IDG Netherlands,5192,Corporation,idg.nl,idg.nl,1,company_investor_relation|deal_investor_relation|investor_investment_relation
85041-91,iLogos,5193,VC-Backed Company,www.ilogos.biz,ilogos.biz,1,company_investor_relation|deal_investor_relation|investor_investment_relation
10853-47,ING Nederland,5194,Investment Bank,www.ing.nl,ing.nl,1,company_investor_relation|deal_investor_relation|investor_investment_relation
226831-42,Initial Capital (China),5195,Venture Capital,www.initialvc.com,initialvc.com,1,company_investor_relation|deal_investor_relation|investor_investment_relation
52274-89,Inkef,5196,Venture Capital,www.inkef.com,inkef.com,1,company_investor_relation|deal_investor_relation|investor_investment_relation
820969-66,İTÜ Çekirdek,5197,Accelerator/Incubator,www.basvuru.itucekirdek.com,basvuru.itucekirdek.com,1,company_investor_relation|deal_investor_relation|investor_investment_relation
431326-45,Jeffrey Tolk,5199,Angel (individual),,,1,company_investor_relation|deal_investor_relation|investor_investment_relation
500024-44,K&R Limited,5204,Corporation,,,1,company_investor_relation|deal_investor_relation|investor_investment_relation
552611-35,Kevlar Fund,5207,Venture Capital,,,1,company_investor_relation|deal_investor_relation|investor_investment_relation
631423-00,Kmanu,5209,Venture Capital,,,1,company_investor_relation|deal_investor_relation|investor_investment_relation
490691-53,Maelstrom Interactive,5220,Corporation,,,1,company_investor_relation|deal_investor_relation|investor_investment_relation
399556-90,Marbruck Investments,5223,Venture Capital,marbruck.com,marbruck.com,1,company_investor_relation|deal_investor_relation|investor_investment_relation
470077-03,Mary O'Connor,5224,Angel (individual),,,1,company_investor_relation|deal_investor_relation|investor_investment_relation
106541-83,Maynard Webb,5226,Angel (individual),www.maynardwebb.com,maynardwebb.com,1,company_investor_relation|deal_investor_relation|investor_investment_relation
463421-26,MDC Investments,5227,PE/Buyout,www.mdc-investments.com,mdc-investments.com,1,company_investor_relation|deal_investor_relation|investor_investment_relation
491325-13,Michael Gunderson,5228,Angel (individual),,,1,company_investor_relation|deal_investor_relation|investor_investment_relation
431702-65,Michael Kamleitner,5229,Angel (individual),,,1,company_investor_relation|deal_investor_relation|investor_investment_relation
65755-54,Mindflair,5232,Venture Capital,mindflair.tech,mindflair.tech,1,company_investor_relation|deal_investor_relation|investor_investment_relation
162221-14,Mubadala Investment Company,5237,Sovereign Wealth Fund,www.mubadala.com,mubadala.com,1,company_investor_relation|deal_investor_relation|investor_investment_relation
452708-02,Nansen (Business/Productivity Software),5238,VC-Backed Company,www.nansen.ai,nansen.ai,1,company_investor_relation|deal_investor_relation|investor_investment_relation
300874-15,NatWest Entrepreneur Accelerator,5240,Accelerator/Incubator,accelerator.natwest.com,accelerator.natwest.com,1,company_investor_relation|deal_investor_relation|investor_investment_relation
56659-24,OneFootball,5250,VC-Backed Company,www.onefootball.com,onefootball.com,1,company_investor_relation|deal_investor_relation|investor_investment_relation
436560-67,P&I Investment,5252,Venture Capital,,,1,company_investor_relation|deal_investor_relation|investor_investment_relation
495810-01,Paul Katz,5254,Angel (individual),,,1,company_investor_relation|deal_investor_relation|investor_investment_relation
434241-64,PAX Momentum,5256,Venture Capital,www.paxmv.vc,paxmv.vc,1,company_investor_relation|deal_investor_relation|investor_investment_relation
11318-86,Pelion Venture Partners,5257,Venture Capital,www.pelionvp.com,pelionvp.com,1,company_investor_relation|deal_investor_relation|investor_investment_relation
557242-21,Pontinova Invest,5260,Venture Capital,www.pontinova.com,pontinova.com,1,company_investor_relation|deal_investor_relation|investor_investment_relation
125084-71,Precursor Ventures,5261,Venture Capital,precursorvc.com,precursorvc.com,1,company_investor_relation|deal_investor_relation|investor_investment_relation
183799-00,Promentum Equity Partners,5262,Venture Capital,www.promentumequity.com,promentumequity.com,1,company_investor_relation|deal_investor_relation|investor_investment_relation
52854-13,QFS Asset Management,5263,Asset Manager,www.qfsfunds.com,qfsfunds.com,1,company_investor_relation|deal_investor_relation|investor_investment_relation
464143-42,RBB Lab,5266,VC-Backed Company,www.rbblab.com,rbblab.com,1,company_investor_relation|deal_investor_relation|investor_investment_relation
495818-65,Robert Castle,5272,Angel (individual),,,1,company_investor_relation|deal_investor_relation|investor_investment_relation
493657-12,Ronald Hose,5274,Angel (individual),,,1,company_investor_relation|deal_investor_relation|investor_investment_relation
639920-35,Scale the Impact,5280,Accelerator/Incubator,www.scaletheimpact.com,scaletheimpact.com,1,company_investor_relation|deal_investor_relation|investor_investment_relation
222345-55,Scott McNealy,5282,Angel (individual),,,1,company_investor_relation|deal_investor_relation|investor_investment_relation
222196-78,Scott Petersen,5283,Angel (individual),,,1,company_investor_relation|deal_investor_relation|investor_investment_relation
10405-45,Skandinaviska Enskilda Banken,5292,Investment Bank,www.sebgroup.com,sebgroup.com,1,company_investor_relation|deal_investor_relation|investor_investment_relation
494744-95,Skull Diamond and Heart Capital,5293,Venture Capital,www.sdhcap.com,sdhcap.com,1,company_investor_relation|deal_investor_relation|investor_investment_relation
527017-42,Solowin Holdings,5295,Corporation,www.solomonwin.com.hk,solomonwin.com.hk,1,company_investor_relation|deal_investor_relation|investor_investment_relation
222196-87,Stephen Snow,5298,Angel (individual),,,1,company_investor_relation|deal_investor_relation|investor_investment_relation
267053-86,Surge (Accelerator),5299,Accelerator/Incubator,surge.peakxv.com,surge.peakxv.com,1,company_investor_relation|deal_investor_relation|investor_investment_relation
279511-39,Tagehus Holding,5301,Real Estate,www.tagehus.se,tagehus.se,1,company_investor_relation|deal_investor_relation|investor_investment_relation
593298-01,TAIL Ventures,5302,Venture Capital,www.tailvc.com,tailvc.com,1,company_investor_relation|deal_investor_relation|investor_investment_relation
167293-45,TechInvest,5303,PE/Buyout,www.techinvest.com,techinvest.com,1,company_investor_relation|deal_investor_relation|investor_investment_relation
59048-65,Telefonica Germany,5305,PE-Backed Company,www.o2online.de,o2online.de,1,company_investor_relation|deal_investor_relation|investor_investment_relation
519407-38,Terra Nova Ventures,5306,Venture Capital,www.terranova.vc,terranova.vc,1,company_investor_relation|deal_investor_relation|investor_investment_relation
454883-32,The Rudolph Family Trust,5308,Angel Group,,,1,company_investor_relation|deal_investor_relation|investor_investment_relation
166962-34,TRIREC,5309,Venture Capital,www.trirec.co,trirec.co,1,company_investor_relation|deal_investor_relation|investor_investment_relation
53974-45,United Ventures,5311,Venture Capital,www.unitedventures.com,unitedventures.com,1,company_investor_relation|deal_investor_relation|investor_investment_relation
462378-07,Unmarshal,5313,VC-Backed Company,www.unmarshal.io,unmarshal.io,1,company_investor_relation|deal_investor_relation|investor_investment_relation
436906-72,Upsparks Capital,5314,Venture Capital,www.upsparks.vc,upsparks.vc,1,company_investor_relation|deal_investor_relation|investor_investment_relation
114136-57,Venture Initiation Program,5318,Accelerator/Incubator,,,1,company_investor_relation|deal_investor_relation|investor_investment_relation
55028-08,VentureWell,5319,Accelerator/Incubator,www.venturewell.org,venturewell.org,1,company_investor_relation|deal_investor_relation|investor_investment_relation
460168-48,Verso Holdings,5321,Merchant Banking Firm,www.versoholdings.com,versoholdings.com,1,company_investor_relation|deal_investor_relation|investor_investment_relation
55956-25,VGC Partners,5322,PE/Buyout,vgcp.co.uk,vgcp.co.uk,1,company_investor_relation|deal_investor_relation|investor_investment_relation
106046-65,Warren Osborn,5327,Angel (individual),,,1,company_investor_relation|deal_investor_relation|investor_investment_relation
521696-89,Wayra Brazil,5328,Corporate Venture Capital,br.wayra.com,br.wayra.com,1,company_investor_relation|deal_investor_relation|investor_investment_relation
512425-45,Wolf (Clothing),5330,Accelerator/Incubator,www.wolfnyc.com,wolfnyc.com,1,company_investor_relation|deal_investor_relation|investor_investment_relation
166613-05,Yevgeny Medvednikov,5334,Angel (individual),,,1,company_investor_relation|deal_investor_relation|investor_investment_relation
465437-35,Yieldly,5335,VC-Backed Company,www.ynft.club,ynft.club,1,company_investor_relation|deal_investor_relation|investor_investment_relation
488976-40,Serpentine Ventures,5341,Venture Capital,www.serpentine.vc,serpentine.vc,1,company_investor_relation|deal_investor_relation|investor_investment_relation|fund_investment_relation
61438-87,Swisscom Ventures,5342,Corporate Venture Capital,ventures.swisscom.com,ventures.swisscom.com,1,company_investor_relation|deal_investor_relation|investor_investment_relation|fund_investment_relation
64458-01,La Poste Groupe,5344,PE-Backed Company,www.lapostegroupe.com,lapostegroupe.com,1,company_investor_relation|deal_investor_relation|investor_investment_relation|fund_investment_relation
458267-86,3ig Ventures,5347,Venture Capital,www.3igventures.com,3igventures.com,1,company_investor_relation|deal_investor_relation|investor_investment_relation|fund_investment_relation
436683-34,ACV Capital,5351,Venture Capital,www.acv.vc,acv.vc,1,company_investor_relation|deal_investor_relation|investor_investment_relation|fund_investment_relation
106896-61,Aeon Group (Miami),5354,Growth/Expansion,site.aeonx.app,site.aeonx.app,1,company_investor_relation|deal_investor_relation|investor_investment_relation|fund_investment_relation
14144-32,Almaz Capital,5357,Venture Capital,www.almazcapital.com,almazcapital.com,1,company_investor_relation|deal_investor_relation|investor_investment_relation|fund_investment_relation
53919-91,Amplify.LA,5361,Venture Capital,www.amplify.la,amplify.la,1,company_investor_relation|deal_investor_relation|investor_investment_relation|fund_investment_relation
438594-22,AnD Ventures,5363,Venture Capital,www.and-ventures.com,and-ventures.com,1,company_investor_relation|deal_investor_relation|investor_investment_relation|fund_investment_relation
61224-94,Angel Ventures Mexico,5365,Venture Capital,www.angelventures.vc,angelventures.vc,1,company_investor_relation|deal_investor_relation|investor_investment_relation|fund_investment_relation
56199-61,AngelVest Group,5366,Angel Group,www.angelvestgroup.com,angelvestgroup.com,1,company_investor_relation|deal_investor_relation|investor_investment_relation|fund_investment_relation
82045-72,ANRI,5367,Venture Capital,www.anri.vc,anri.vc,1,company_investor_relation|deal_investor_relation|investor_investment_relation|fund_investment_relation
234114-22,Apis Capital Management,5368,Asset Manager,www.apiscapitalfunds.com,apiscapitalfunds.com,1,company_investor_relation|deal_investor_relation|investor_investment_relation|fund_investment_relation
10032-04,Arsenal Capital Partners,5371,PE/Buyout,www.arsenalcapital.com,arsenalcapital.com,1,company_investor_relation|deal_investor_relation|investor_investment_relation|fund_investment_relation
107889-58,Astarc Ventures,5374,Corporate Venture Capital,www.astarcventures.com,astarcventures.com,1,company_investor_relation|deal_investor_relation|investor_investment_relation|fund_investment_relation
497518-48,Atlas Capital (UAE),5376,Venture Capital,www.atlascapital.org,atlascapital.org,1,company_investor_relation|deal_investor_relation|investor_investment_relation|fund_investment_relation
150267-97,Azur Innovation Management,5382,Venture Capital,www.azurinnov.com,azurinnov.com,1,company_investor_relation|deal_investor_relation|investor_investment_relation|fund_investment_relation
95746-42,BANSEA,5383,Angel Group,www.bansea.org,bansea.org,1,company_investor_relation|deal_investor_relation|investor_investment_relation|fund_investment_relation
434887-84,Basis Vectors,5385,PE/Buyout,www.basisvectors.com,basisvectors.com,1,company_investor_relation|deal_investor_relation|investor_investment_relation|fund_investment_relation
63489-61,Bertelsmann Asia Investments,5388,Corporate Venture Capital,www.baifund.com,baifund.com,1,company_investor_relation|deal_investor_relation|investor_investment_relation|fund_investment_relation
166128-22,Bombora Investment Management,5393,Growth/Expansion,www.bomboragroup.com.au,bomboragroup.com.au,1,company_investor_relation|deal_investor_relation|investor_investment_relation|fund_investment_relation
55018-00,Brainstorm Ventures,5397,Venture Capital,www.brainstorm.vc,brainstorm.vc,1,company_investor_relation|deal_investor_relation|investor_investment_relation|fund_investment_relation
437712-22,Bridge Alliance Partners,5398,Venture Capital,www.bapvc.com,bapvc.com,1,company_investor_relation|deal_investor_relation|investor_investment_relation|fund_investment_relation
58218-49,Canoe Financial,5402,Asset Manager,www.canoefinancial.com,canoefinancial.com,1,company_investor_relation|deal_investor_relation|investor_investment_relation|fund_investment_relation
162825-67,Cantos Ventures,5403,Venture Capital,www.cantos.vc,cantos.vc,1,company_investor_relation|deal_investor_relation|investor_investment_relation|fund_investment_relation
223417-90,Capital Lab Ventures,5405,Venture Capital,capitallab-ventures.com,capitallab-ventures.com,1,company_investor_relation|deal_investor_relation|investor_investment_relation|fund_investment_relation
463412-35,Centre Street Partners,5409,Venture Capital,www.centrestreet.partners,centrestreet.partners,1,company_investor_relation|deal_investor_relation|investor_investment_relation|fund_investment_relation
471185-11,Climactic,5413,Venture Capital,www.climactic.vc,climactic.vc,1,company_investor_relation|deal_investor_relation|investor_investment_relation|fund_investment_relation
105823-45,Coliseum Capital Management,5415,Hedge Fund,,,1,company_investor_relation|deal_investor_relation|investor_investment_relation|fund_investment_relation
11174-86,Comcast Ventures,5416,Corporate Venture Capital,comcastventures.com,comcastventures.com,1,company_investor_relation|deal_investor_relation|investor_investment_relation|fund_investment_relation
279818-02,Consonance (Lagos),5419,Venture Capital,www.consonanceinvest.com,consonanceinvest.com,1,company_investor_relation|deal_investor_relation|investor_investment_relation|fund_investment_relation
54613-90,Costanoa Ventures,5422,Venture Capital,costanoa.vc,costanoa.vc,1,company_investor_relation|deal_investor_relation|investor_investment_relation|fund_investment_relation
60960-88,Day One Capital,5427,Venture Capital,www.dayonecapital.com,dayonecapital.com,1,company_investor_relation|deal_investor_relation|investor_investment_relation|fund_investment_relation
183302-20,DG Daiwa Ventures,5431,Venture Capital,www.dg-daiwa-v.com,dg-daiwa-v.com,1,company_investor_relation|deal_investor_relation|investor_investment_relation|fund_investment_relation
470551-33,Digital Healthcare Partners,5432,Accelerator/Incubator,www.dhpartners.io,dhpartners.io,1,company_investor_relation|deal_investor_relation|investor_investment_relation|fund_investment_relation
234619-48,DIP Capital,5433,Venture Capital,www.dip-capital.com,dip-capital.com,1,company_investor_relation|deal_investor_relation|investor_investment_relation|fund_investment_relation
126495-73,Dot Capital,5435,Venture Capital,www.dotcapital.com,dotcapital.com,1,company_investor_relation|deal_investor_relation|investor_investment_relation|fund_investment_relation
61357-87,Draper B1,5436,Venture Capital,draperb1.vc,draperb1.vc,1,company_investor_relation|deal_investor_relation|investor_investment_relation|fund_investment_relation
60942-79,Dream Incubator,5437,Venture Capital,www.dreamincubator.co.jp,dreamincubator.co.jp,1,company_investor_relation|deal_investor_relation|investor_investment_relation|fund_investment_relation
180451-09,Dreamcraft Ventures,5438,Venture Capital,www.dreamcraft.vc,dreamcraft.vc,1,company_investor_relation|deal_investor_relation|investor_investment_relation|fund_investment_relation
11256-85,E8 (Seattle),5441,Angel Group,www.e8angels.com,e8angels.com,1,company_investor_relation|deal_investor_relation|investor_investment_relation|fund_investment_relation
151582-87,Elevate Innovation Partners,5445,Venture Capital,www.eipfund.com,eipfund.com,1,company_investor_relation|deal_investor_relation|investor_investment_relation|fund_investment_relation
104667-94,Finch Capital,5451,Venture Capital,www.finchcapital.com,finchcapital.com,1,company_investor_relation|deal_investor_relation|investor_investment_relation|fund_investment_relation
10473-76,Flexpoint Ford,5454,PE/Buyout,www.flexpointford.com,flexpointford.com,1,company_investor_relation|deal_investor_relation|investor_investment_relation|fund_investment_relation
11163-88,Frontier Venture Capital,5458,Venture Capital,www.frontiervc.com,frontiervc.com,1,company_investor_relation|deal_investor_relation|investor_investment_relation|fund_investment_relation
42284-62,Fuel Capital,5460,Venture Capital,www.fuelcapital.com,fuelcapital.com,1,company_investor_relation|deal_investor_relation|investor_investment_relation|fund_investment_relation
512608-51,Func Ventures,5461,Venture Capital,www.func.vc,func.vc,1,company_investor_relation|deal_investor_relation|investor_investment_relation|fund_investment_relation
432676-54,Goal Ventures,5468,Venture Capital,www.goalventurepartners.com,goalventurepartners.com,1,company_investor_relation|deal_investor_relation|investor_investment_relation|fund_investment_relation
509190-13,Golden Egg Check Capital,5469,Venture Capital,www.goldeneggcheck.com,goldeneggcheck.com,1,company_investor_relation|deal_investor_relation|investor_investment_relation|fund_investment_relation
279704-98,High Country Impact Fund,5473,Angel Group,www.highcountryimpactfund.com,highcountryimpactfund.com,1,company_investor_relation|deal_investor_relation|investor_investment_relation|fund_investment_relation
14156-65,IGNIA,5479,VC-Backed Company,www.ignia.vc,ignia.vc,1,company_investor_relation|deal_investor_relation|investor_investment_relation|fund_investment_relation
61514-20,Impact Engine,5482,Impact Investing,www.theimpactengine.com,theimpactengine.com,1,company_investor_relation|deal_investor_relation|investor_investment_relation|fund_investment_relation
62420-14,Impulse VC,5485,Venture Capital,impulsevc.com,impulsevc.com,1,company_investor_relation|deal_investor_relation|investor_investment_relation|fund_investment_relation
55090-90,Innova Memphis,5486,Venture Capital,www.innovamemphis.com,innovamemphis.com,1,company_investor_relation|deal_investor_relation|investor_investment_relation|fund_investment_relation
11219-05,Innovation Works,5487,Venture Capital,www.innovationworks.org,innovationworks.org,1,company_investor_relation|deal_investor_relation|investor_investment_relation|fund_investment_relation
482203-00,Kusabi,5498,Venture Capital,www.kusabi.fund,kusabi.fund,1,company_investor_relation|deal_investor_relation|investor_investment_relation|fund_investment_relation
53301-16,London Venture Partners,5502,Venture Capital,www.londonvp.com,londonvp.com,1,company_investor_relation|deal_investor_relation|investor_investment_relation|fund_investment_relation
432674-20,Maccabee Ventures,5504,Venture Capital,www.maccabee.vc,maccabee.vc,1,company_investor_relation|deal_investor_relation|investor_investment_relation|fund_investment_relation
232377-67,Maintrend Capital,5505,Venture Capital,www.maintrendcapital.com,maintrendcapital.com,1,company_investor_relation|deal_investor_relation|investor_investment_relation|fund_investment_relation
223816-87,Manutara Ventures,5508,Venture Capital,www.manutaraventures.com,manutaraventures.com,1,company_investor_relation|deal_investor_relation|investor_investment_relation|fund_investment_relation
55992-43,Mentha Capital,5511,PE/Buyout,mentha.eu,mentha.eu,1,company_investor_relation|deal_investor_relation|investor_investment_relation|fund_investment_relation
51044-95,Mumbai Angels,5519,Venture Capital,www.mumbaiangels.com,mumbaiangels.com,1,company_investor_relation|deal_investor_relation|investor_investment_relation|fund_investment_relation
264772-36,Next Ventures (Texas),5521,Venture Capital,www.nextventures.com,nextventures.com,1,company_investor_relation|deal_investor_relation|investor_investment_relation|fund_investment_relation
268681-96,Nordic Game Ventures,5525,Venture Capital,www.nordicgameventures.com,nordicgameventures.com,1,company_investor_relation|deal_investor_relation|investor_investment_relation|fund_investment_relation
11258-83,Norwest,5527,Venture Capital,www.norwest.com,norwest.com,1,company_investor_relation|deal_investor_relation|investor_investment_relation|fund_investment_relation
265529-17,Oness Capital,5533,Venture Capital,www.onesscapital.com,onesscapital.com,1,company_investor_relation|deal_investor_relation|investor_investment_relation|fund_investment_relation
481651-48,Patron (North America),5536,Venture Capital,patron.fund,patron.fund,1,company_investor_relation|deal_investor_relation|investor_investment_relation|fund_investment_relation
11273-95,PJC,5539,Venture Capital,www.pjc.vc,pjc.vc,1,company_investor_relation|deal_investor_relation|investor_investment_relation|fund_investment_relation
226477-36,Pulse Venture Capital,5546,Venture Capital,,,1,company_investor_relation|deal_investor_relation|investor_investment_relation|fund_investment_relation
343148-14,Q Investments,5547,Hedge Fund,www.qinvestments.com,qinvestments.com,1,company_investor_relation|deal_investor_relation|investor_investment_relation|fund_investment_relation
173333-08,Qatar Development Bank,5548,Merchant Banking Firm,www.qdb.qa,qdb.qa,1,company_investor_relation|deal_investor_relation|investor_investment_relation|fund_investment_relation
49922-20,Quest Venture Partners,5549,Venture Capital,www.questvp.com,questvp.com,1,company_investor_relation|deal_investor_relation|investor_investment_relation|fund_investment_relation
53980-21,Redpoint eventures,5553,Venture Capital,rpev.com.br,rpev.com.br,1,company_investor_relation|deal_investor_relation|investor_investment_relation|fund_investment_relation
11317-60,Rustic Canyon Partners,5556,Venture Capital,rusticcanyon.arkpes.com/login,rusticcanyon.arkpes.com,1,company_investor_relation|deal_investor_relation|investor_investment_relation|fund_investment_relation
182093-50,Seed Capital,5559,Venture Capital,www.seedcapital.pt,seedcapital.pt,1,company_investor_relation|deal_investor_relation|investor_investment_relation|fund_investment_relation
266331-88,Seed X Liechtenstein,5561,Venture Capital,www.seedx.li,seedx.li,1,company_investor_relation|deal_investor_relation|investor_investment_relation|fund_investment_relation
503002-09,Startup Ignition Ventures,5571,Venture Capital,startupignition.com/ventures,startupignition.com,1,company_investor_relation|deal_investor_relation|investor_investment_relation|fund_investment_relation
267986-80,Sunland Fund,5574,Venture Capital,www.sunlandfund.com,sunlandfund.com,1,company_investor_relation|deal_investor_relation|investor_investment_relation|fund_investment_relation
58220-38,Synergia Capital Partners,5577,PE/Buyout,www.synergia.nl,synergia.nl,1,company_investor_relation|deal_investor_relation|investor_investment_relation|fund_investment_relation
366545-35,Tenacious Ventures,5582,Venture Capital,tenacious.ventures,tenacious.ventures,1,company_investor_relation|deal_investor_relation|investor_investment_relation|fund_investment_relation
170533-09,Tensility Venture Partners,5584,Venture Capital,www.tensilityvc.com,tensilityvc.com,1,company_investor_relation|deal_investor_relation|investor_investment_relation|fund_investment_relation
50987-71,Tomorrow Ventures,5589,Venture Capital,www.tomorrowvc.com,tomorrowvc.com,1,company_investor_relation|deal_investor_relation|investor_investment_relation|fund_investment_relation
529164-37,Toranomon Impact Capital,5590,Impact Investing,www.toranomon-impact-capital.com,toranomon-impact-capital.com,1,company_investor_relation|deal_investor_relation|investor_investment_relation|fund_investment_relation
455209-03,Tsing Song Capital,5594,Venture Capital,www.ctsfunds.com,ctsfunds.com,1,company_investor_relation|deal_investor_relation|investor_investment_relation|fund_investment_relation
11614-24,University of Michigan Endowment,5597,Limited Partner,,,1,company_investor_relation|deal_investor_relation|investor_investment_relation|fund_investment_relation
170419-15,Velocity Capital Advisors,5599,Venture Capital,www.velocity-group.com,velocity-group.com,1,company_investor_relation|deal_investor_relation|investor_investment_relation|fund_investment_relation
436642-48,Vine Ventures (New York),5602,Venture Capital,www.vineventures.com,vineventures.com,1,company_investor_relation|deal_investor_relation|investor_investment_relation|fund_investment_relation
502689-52,WAGMI Ventures (Lisbon),5607,Venture Capital,wagmiventures.pt,wagmiventures.pt,1,company_investor_relation|deal_investor_relation|investor_investment_relation|fund_investment_relation
51755-50,Wavemaker Pacific Growth (Singapore),5608,Venture Capital,wavemakerpartners.com,wavemakerpartners.com,1,company_investor_relation|deal_investor_relation|investor_investment_relation|fund_investment_relation
185923-54,Withinlink,5612,Venture Capital,www.withinlink.com,withinlink.com,1,company_investor_relation|deal_investor_relation|investor_investment_relation|fund_investment_relation
591390-73,X&,5613,Venture Capital,www.xand.vc,xand.vc,1,company_investor_relation|deal_investor_relation|investor_investment_relation|fund_investment_relation
166445-92,Yi Capital,5615,Venture Capital,www.zhiyivc.com,zhiyivc.com,1,company_investor_relation|deal_investor_relation|investor_investment_relation|fund_investment_relation
539150-86,Zero Age Ventures,5617,Venture Capital,www.zeroage.vc,zeroage.vc,1,company_investor_relation|deal_investor_relation|investor_investment_relation|fund_investment_relation
102022-12,.Pleiades Capital,5619,Corporation,pleiadecapital.ca,pleiadecapital.ca,1,company_investor_relation|deal_investor_relation|investor_investment_relation
594357-13,0xJeff,5626,Angel (individual),,,1,company_investor_relation|deal_investor_relation|investor_investment_relation
673466-05,100 Ventures,5630,Venture Capital,www.100ventures.fund,100ventures.fund,1,company_investor_relation|deal_investor_relation|investor_investment_relation
454552-03,100VC,5631,Venture Capital,,,1,company_investor_relation|deal_investor_relation|investor_investment_relation
124372-54,1010 Capital (Boston),5634,Growth/Expansion,www.1010capital.com,1010capital.com,1,company_investor_relation|deal_investor_relation|investor_investment_relation
513279-37,1010 Capital (New York),5635,Hedge Fund,www.1010.capital,1010.capital,1,company_investor_relation|deal_investor_relation|investor_investment_relation
223458-40,111 Holdings,5637,Venture Capital,www.111holdings.com,111holdings.com,1,company_investor_relation|deal_investor_relation|investor_investment_relation
268355-62,111 Investment Partners,5638,Angel Group,www.111.partners,111.partners,1,company_investor_relation|deal_investor_relation|investor_investment_relation
108471-79,1337 Ventures,5640,Venture Capital,www.1337.ventures,1337.ventures,1,company_investor_relation|deal_investor_relation|investor_investment_relation
432488-89,15k Angels,5644,Angel Group,www.15kangels.com,15kangels.com,1,company_investor_relation|deal_investor_relation|investor_investment_relation
433954-36,1688 Foundation,5645,Corporation,,,1,company_investor_relation|deal_investor_relation|investor_investment_relation
500739-40,1947 Rise,5649,Venture Capital,shivasinghsangwan.notion.site,shivasinghsangwan.notion.site,1,company_investor_relation|deal_investor_relation|investor_investment_relation
399136-42,1982 Ventures,5650,Venture Capital,1982.vc,1982.vc,1,company_investor_relation|deal_investor_relation|investor_investment_relation
527540-05,1chioku.eth,5651,Angel (individual),,,1,company_investor_relation|deal_investor_relation|investor_investment_relation
606436-57,1Q Agile Lab,5653,Accelerator/Incubator,,,1,company_investor_relation|deal_investor_relation|investor_investment_relation
500024-08,2 Top,5654,Corporation,,,1,company_investor_relation|deal_investor_relation|investor_investment_relation
265527-82,2048 Ventures,5656,Venture Capital,www.2048.vc,2048.vc,1,company_investor_relation|deal_investor_relation|investor_investment_relation
698033-80,21e8 Capital,5657,Venture Capital,21e8.capital,21e8.capital,1,company_investor_relation|deal_investor_relation|investor_investment_relation
520499-98,2B Ventures,5661,Venture Capital,www.2bventures.com,2bventures.com,1,company_investor_relation|deal_investor_relation|investor_investment_relation
494726-50,307 Consulting,5668,Corporation,,,1,company_investor_relation|deal_investor_relation|investor_investment_relation
235046-89,360 Lab,5675,Accelerator/Incubator,www.360-lab.com,360-lab.com,1,company_investor_relation|deal_investor_relation|investor_investment_relation
399209-59,365.fintech,5676,Corporate Venture Capital,www.365fintech.vc,365fintech.vc,1,company_investor_relation|deal_investor_relation|investor_investment_relation
226214-11,3B Ventures,5678,Venture Capital,www.3bvc.com,3bvc.com,1,company_investor_relation|deal_investor_relation|investor_investment_relation
489440-26,3Commas Capital,5679,Corporation,,,1,company_investor_relation|deal_investor_relation|investor_investment_relation
607856-32,3KBTC Capital,5681,Venture Capital,3kbtc.com,3kbtc.com,1,company_investor_relation|deal_investor_relation|investor_investment_relation
10663-66,3M,5683,Corporation,www.3m.com,3m.com,1,company_investor_relation|deal_investor_relation|investor_investment_relation
65473-84,3rdKind,5686,Corporation,www.3rdkind-inc.com,3rdkind-inc.com,1,company_investor_relation|deal_investor_relation|investor_investment_relation
493105-69,3SE Holdings,5687,Venture Capital,www.3seholdings.com,3seholdings.com,1,company_investor_relation|deal_investor_relation|investor_investment_relation
491725-54,4am Capital,5695,Venture Capital,www.4amcapital.com,4amcapital.com,1,company_investor_relation|deal_investor_relation|investor_investment_relation
522784-54,4Equity,5696,Venture Capital,4equity.com.br,4equity.com.br,1,company_investor_relation|deal_investor_relation|investor_investment_relation
818991-91,5 Rings,5698,Angel Group,,,1,company_investor_relation|deal_investor_relation|investor_investment_relation
52257-61,500px,5699,Corporation,www.500px.com,500px.com,1,company_investor_relation|deal_investor_relation|investor_investment_relation
99188-38,555 Capital,5701,Venture Capital,,,1,company_investor_relation|deal_investor_relation|investor_investment_relation
544607-20,63 Peak Camp,5703,Venture Capital,,,1,company_investor_relation|deal_investor_relation|investor_investment_relation
640758-88,69 Ventures,5704,Corporation,www.69ventures.io,69ventures.io,1,company_investor_relation|deal_investor_relation|investor_investment_relation
107165-35,6K,5706,VC-Backed Company,www.6kinc.com,6kinc.com,1,company_investor_relation|deal_investor_relation|investor_investment_relation
187462-09,708 Capital,5709,Asset Manager,www.708capital.com.au,708capital.com.au,1,company_investor_relation|deal_investor_relation|investor_investment_relation
384735-97,7CC Blockchain Investments,5712,Venture Capital,www.7ccinvest.com,7ccinvest.com,1,company_investor_relation|deal_investor_relation|investor_investment_relation
267056-65,8i Enterprises Acquisition,5715,Special Purpose Acquisition Company (SPAC),www.8icorp.com,8icorp.com,1,company_investor_relation|deal_investor_relation|investor_investment_relation
533167-57,922 Capital,5718,Corporation,,,1,company_investor_relation|deal_investor_relation|investor_investment_relation
489622-15,975 Capital,5720,Venture Capital,,,1,company_investor_relation|deal_investor_relation|investor_investment_relation
515949-58,98K,5721,Corporation,,,1,company_investor_relation|deal_investor_relation|investor_investment_relation
54504-10,9gag,5723,VC-Backed Company,www.9gag.com,9gag.com,1,company_investor_relation|deal_investor_relation|investor_investment_relation
59046-31,9Mile Labs,5724,Venture Capital,www.9milelabs.com,9milelabs.com,1,company_investor_relation|deal_investor_relation|investor_investment_relation
472362-40,A2 Capital,5726,Venture Capital,,,1,company_investor_relation|deal_investor_relation|investor_investment_relation
266530-33,Aalap Mahadevia,5727,Angel (individual),,,1,company_investor_relation|deal_investor_relation|investor_investment_relation
518132-44,Aanchal Thakur,5728,Angel (individual),,,1,company_investor_relation|deal_investor_relation|investor_investment_relation
459878-32,Aaron Batalion,5730,Angel (individual),,,1,company_investor_relation|deal_investor_relation|investor_investment_relation
495667-09,Aaron Choi,5731,Angel (individual),,,1,company_investor_relation|deal_investor_relation|investor_investment_relation
482081-77,Aaron Li,5735,Angel (individual),,,1,company_investor_relation|deal_investor_relation|investor_investment_relation
228378-43,Aaron Skonnard,5737,Angel (individual),,,1,company_investor_relation|deal_investor_relation|investor_investment_relation
481416-85,aaurelion,5738,Corporation,www.aaurelion.de,aaurelion.de,1,company_investor_relation|deal_investor_relation|investor_investment_relation
436755-88,Aave Venture,5740,Corporate Venture Capital,,,1,company_investor_relation|deal_investor_relation|investor_investment_relation
528891-76,AAXXII,5741,Venture Capital,www.aaxxii.com,aaxxii.com,1,company_investor_relation|deal_investor_relation|investor_investment_relation
494097-49,Aayush Gupta,5742,Angel (individual),,,1,company_investor_relation|deal_investor_relation|investor_investment_relation
227796-85,Abaxx Technologies,5743,Corporation,www.abaxx.tech,abaxx.tech,1,company_investor_relation|deal_investor_relation|investor_investment_relation
166848-40,Abdul Qawi,5745,Angel (individual),,,1,company_investor_relation|deal_investor_relation|investor_investment_relation
491456-08,Abdullah Han,5746,Angel (individual),,,1,company_investor_relation|deal_investor_relation|investor_investment_relation
517957-57,ABI Game Studio,5750,Other,www.abigames.com.vn,abigames.com.vn,1,company_investor_relation|deal_investor_relation|investor_investment_relation
99696-88,Abingdon Capital Management,5751,Hedge Fund,www.abingdoncapital.com,abingdoncapital.com,1,company_investor_relation|deal_investor_relation|investor_investment_relation
509619-25,Abit Capital,5752,Corporate Venture Capital,www.abit.capital,abit.capital,1,company_investor_relation|deal_investor_relation|investor_investment_relation
510293-71,About Capital Management,5753,Corporation,www.aboutcap.com,aboutcap.com,1,company_investor_relation|deal_investor_relation|investor_investment_relation
100299-97,Abu Dhabi Financial Group,5757,Real Estate,adfg.ae,adfg.ae,1,company_investor_relation|deal_investor_relation|investor_investment_relation
495640-09,ABV (Crypto),5760,Venture Capital,,,1,company_investor_relation|deal_investor_relation|investor_investment_relation
460081-99,Abyss Company,5761,VC-Backed Company,www.abysscompany.com,abysscompany.com,1,company_investor_relation|deal_investor_relation|investor_investment_relation
466620-40,Abyss Fund Management,5762,Venture Capital,www.abyssfund.com,abyssfund.com,1,company_investor_relation|deal_investor_relation|investor_investment_relation
488992-78,AcadArena,5764,VC-Backed Company,www.acadarena.com,acadarena.com,1,company_investor_relation|deal_investor_relation|investor_investment_relation
56624-05,Accelerace,5766,Venture Capital,www.accelerace.io,accelerace.io,1,company_investor_relation|deal_investor_relation|investor_investment_relation
226988-38,Acceleration Bay,5769,Accelerator/Incubator,accelerationbay.com,accelerationbay.com,1,company_investor_relation|deal_investor_relation|investor_investment_relation
593050-06,Accent Capital,5770,Venture Capital,www.accentcapital.de,accentcapital.de,1,company_investor_relation|deal_investor_relation|investor_investment_relation
433285-12,Access Ventures (New York),5772,Venture Capital,www.accessventures.co,accessventures.co,1,company_investor_relation|deal_investor_relation|investor_investment_relation
266398-21,Accurafy4,5774,Venture Capital,www.accurafy4.com,accurafy4.com,1,company_investor_relation|deal_investor_relation|investor_investment_relation
469453-69,Accurent (New York),5775,Investment Bank,www.accurent.org,accurent.org,1,company_investor_relation|deal_investor_relation|investor_investment_relation
439832-44,ACDX,5776,Venture Capital,www.acdx.io,acdx.io,1,company_investor_relation|deal_investor_relation|investor_investment_relation
506953-27,Ace Exchange,5778,Corporation,www.ace.io,ace.io,1,company_investor_relation|deal_investor_relation|investor_investment_relation
434683-45,Achain,5780,VC-Backed Company,www.achain.com,achain.com,1,company_investor_relation|deal_investor_relation|investor_investment_relation
481506-13,ACP,5782,Investment Bank,www.acp-group.com,acp-group.com,1,company_investor_relation|deal_investor_relation|investor_investment_relation
338515-75,Acronym Venture Capital,5783,Venture Capital,www.acronym.vc,acronym.vc,1,company_investor_relation|deal_investor_relation|investor_investment_relation
264580-39,Actos Groep,5785,PE-Backed Company,www.actosgroep.nl,actosgroep.nl,1,company_investor_relation|deal_investor_relation|investor_investment_relation
149937-49,Actoz Soft,5786,Corporation,www.actoz.com,actoz.com,1,company_investor_relation|deal_investor_relation|investor_investment_relation
224625-25,Acuity Capital,5788,Growth/Expansion,www.acuitycapital.com.au,acuitycapital.com.au,1,company_investor_relation|deal_investor_relation|investor_investment_relation
493100-02,Adam + Co,5791,Venture Capital,www.adamplusco.com,adamplusco.com,1,company_investor_relation|deal_investor_relation|investor_investment_relation
343137-16,Adam Alpert,5792,Angel (individual),,,1,company_investor_relation|deal_investor_relation|investor_investment_relation
533395-18,Adam Back,5793,Angel (individual),,,1,company_investor_relation|deal_investor_relation|investor_investment_relation
494982-73,Adam Kirjacevs,5796,Angel (individual),,,1,company_investor_relation|deal_investor_relation|investor_investment_relation
588941-83,Adam Myhill,5800,Angel (individual),,,1,company_investor_relation|deal_investor_relation|investor_investment_relation
123196-15,Adaptive (United States),5803,Corporation,www.adaptivecorp.com,adaptivecorp.com,1,company_investor_relation|deal_investor_relation|investor_investment_relation
770016-16,Adeniyi Abiodun,5804,Angel (individual),,,1,company_investor_relation|deal_investor_relation|investor_investment_relation
592670-80,Adil Virani,5806,Angel (individual),,,1,company_investor_relation|deal_investor_relation|investor_investment_relation
525600-82,Aditi Sriram,5807,Angel (individual),,,1,company_investor_relation|deal_investor_relation|investor_investment_relation
106208-02,Aditya Agarwal,5808,Angel (individual),,,1,company_investor_relation|deal_investor_relation|investor_investment_relation
481588-84,ADONE,5809,Corporation,www.adone.net,adone.net,1,company_investor_relation|deal_investor_relation|investor_investment_relation
435683-80,Adoreum Capital,5810,Merchant Banking Firm,www.adoreum.com,adoreum.com,1,company_investor_relation|deal_investor_relation|investor_investment_relation
644425-57,Adrian Baschuk,5812,Angel (individual),,,1,company_investor_relation|deal_investor_relation|investor_investment_relation
762486-13,Adrian Newman,5816,Angel (individual),,,1,company_investor_relation|deal_investor_relation|investor_investment_relation
606929-77,Adrian Zduńczyk,5817,Angel (individual),,,1,company_investor_relation|deal_investor_relation|investor_investment_relation
507169-54,AdsYield,5821,Corporation,www.adsyield.com,adsyield.com,1,company_investor_relation|deal_investor_relation|investor_investment_relation
226106-20,AdTrue,5822,Corporation,www.adtrue.com,adtrue.com,1,company_investor_relation|deal_investor_relation|investor_investment_relation
180928-36,Advance Queensland,5823,Government,advance.qld.gov.au,advance.qld.gov.au,1,company_investor_relation|deal_investor_relation|investor_investment_relation
522508-33,Advanced Contact Solutions,5826,Corporation,www.acspacific.com,acspacific.com,1,company_investor_relation|deal_investor_relation|investor_investment_relation
493106-05,Advancit W3,5827,Corporation,,,1,company_investor_relation|deal_investor_relation|investor_investment_relation
150203-89,Advanta Seeds,5828,PE-Backed Company,www.advantaseeds.com,advantaseeds.com,1,company_investor_relation|deal_investor_relation|investor_investment_relation
148714-75,AdvantEdge Founders,5830,Venture Capital,www.advantedge.vc,advantedge.vc,1,company_investor_relation|deal_investor_relation|investor_investment_relation
515293-93,Aegean Ventures,5833,Venture Capital,www.aegean.ventures,aegean.ventures,1,company_investor_relation|deal_investor_relation|investor_investment_relation
503375-32,Aegis launchpad,5834,VC-Backed Company,www.aegislaunchpad.com,aegislaunchpad.com,1,company_investor_relation|deal_investor_relation|investor_investment_relation
535203-73,aelf Ventures,5835,Corporate Venture Capital,,,1,company_investor_relation|deal_investor_relation|investor_investment_relation
339816-16,Aeternity Starfleet,5839,Accelerator/Incubator,www.aeternitystarfleet.com,aeternitystarfleet.com,1,company_investor_relation|deal_investor_relation|investor_investment_relation
168080-14,Aetius Capital,5840,Venture Capital,aetiuscapital.com,aetiuscapital.com,1,company_investor_relation|deal_investor_relation|investor_investment_relation
521490-70,Afford.Capital,5844,Venture Capital,,,1,company_investor_relation|deal_investor_relation|investor_investment_relation
597342-34,AFM Ventures,5845,Venture Capital,www.afm.vc,afm.vc,1,company_investor_relation|deal_investor_relation|investor_investment_relation
597278-44,African Crops,5847,Corporation,,,1,company_investor_relation|deal_investor_relation|investor_investment_relation
60029-83,Ag Ventures Alliance,5849,Venture Capital,agventuresalliance.com,agventuresalliance.com,1,company_investor_relation|deal_investor_relation|investor_investment_relation
431568-19,Agga,5851,VC-Backed Company,www.agga.capital,agga.capital,1,company_investor_relation|deal_investor_relation|investor_investment_relation
433825-48,Aggero,5852,VC-Backed Company,www.aggero.io,aggero.io,1,company_investor_relation|deal_investor_relation|investor_investment_relation
519749-83,Agile Blockchain,5855,Corporation,,,1,company_investor_relation|deal_investor_relation|investor_investment_relation
179100-01,AgLaunch,5856,Accelerator/Incubator,www.aglaunch.com,aglaunch.com,1,company_investor_relation|deal_investor_relation|investor_investment_relation
615971-44,Agnish Ghosh,5857,Angel (individual),,,1,company_investor_relation|deal_investor_relation|investor_investment_relation
122098-78,Agnitio Capital,5858,Corporation,www.agnitiocapital.com,agnitiocapital.com,1,company_investor_relation|deal_investor_relation|investor_investment_relation
52703-74,ah! Ventures,5860,Venture Capital,www.ahventures.in,ahventures.in,1,company_investor_relation|deal_investor_relation|investor_investment_relation
55113-22,AhnLab,5863,Corporation,www.ahnlab.com,ahnlab.com,1,company_investor_relation|deal_investor_relation|investor_investment_relation
502809-49,AI.STARTUP.HUB,5864,Accelerator/Incubator,www.aistartuphub.com,aistartuphub.com,1,company_investor_relation|deal_investor_relation|investor_investment_relation
121290-58,AIG Asset Management (U.S.),5866,Asset Manager,,,1,company_investor_relation|deal_investor_relation|investor_investment_relation
616219-75,AILayer,5867,Corporation,www.ailayer.xyz,ailayer.xyz,1,company_investor_relation|deal_investor_relation|investor_investment_relation
592432-75,AIM-Dado Banatao Incubator,5868,Accelerator/Incubator,aim.edu/dado-banatao-incubator,aim.edu,1,company_investor_relation|deal_investor_relation|investor_investment_relation
545363-20,AIMZ Capital,5870,Venture Capital,aimzcapital.com.my,aimzcapital.com.my,1,company_investor_relation|deal_investor_relation|investor_investment_relation
463110-49,Aion Asset Management,5874,Asset Manager,aioninvestment.com,aioninvestment.com,1,company_investor_relation|deal_investor_relation|investor_investment_relation
512917-30,AirMiners,5878,Accelerator/Incubator,airminers.org,airminers.org,1,company_investor_relation|deal_investor_relation|investor_investment_relation
438925-87,AiSprouts VC,5879,Venture Capital,www.aisprouts.com,aisprouts.com,1,company_investor_relation|deal_investor_relation|investor_investment_relation
230446-18,AIT Group,5881,Corporation,www.aitgroupllc.com,aitgroupllc.com,1,company_investor_relation|deal_investor_relation|investor_investment_relation
495399-97,AIWORK,5882,Venture Capital,www.aiwork.io,aiwork.io,1,company_investor_relation|deal_investor_relation|investor_investment_relation
222196-96,AJ Baadsgaard,5883,Angel (individual),,,1,company_investor_relation|deal_investor_relation|investor_investment_relation
844445-98,Ajna Capital,5885,Venture Capital,ajna.capital,ajna.capital,1,company_investor_relation|deal_investor_relation|investor_investment_relation
491343-22,AKA Angel,5887,Angel Group,,,1,company_investor_relation|deal_investor_relation|investor_investment_relation
178751-89,AKA Partners,5888,PE/Buyout,www.aka-partners.ae,aka-partners.ae,1,company_investor_relation|deal_investor_relation|investor_investment_relation
106326-19,Akash Garg,5891,Angel (individual),,,1,company_investor_relation|deal_investor_relation|investor_investment_relation
520010-92,Akili Ventures,5893,PE/Buyout,www.akili.ventures,akili.ventures,1,company_investor_relation|deal_investor_relation|investor_investment_relation
459865-45,Akshay Chhugani,5895,Angel (individual),,,1,company_investor_relation|deal_investor_relation|investor_investment_relation
522981-46,Al Goanna,5897,Venture Capital,www.algoanna.com,algoanna.com,1,company_investor_relation|deal_investor_relation|investor_investment_relation
536072-59,AL Maktoum Investments,5898,Impact Investing,www.almaktouminvestments.com,almaktouminvestments.com,1,company_investor_relation|deal_investor_relation|investor_investment_relation
531335-26,Al Tamimi,5899,Angel (individual),,,1,company_investor_relation|deal_investor_relation|investor_investment_relation
416550-34,AL Trust,5900,Venture Capital,,,1,company_investor_relation|deal_investor_relation|investor_investment_relation
601833-16,AL Trust (India),5901,Venture Capital,,,1,company_investor_relation|deal_investor_relation|investor_investment_relation
265693-42,Alabaster,5902,Impact Investing,www.alabaster.com,alabaster.com,1,company_investor_relation|deal_investor_relation|investor_investment_relation
491479-75,Alain Tingaud,5904,Angel (individual),,,1,company_investor_relation|deal_investor_relation|investor_investment_relation
183845-17,Alan Fung,5910,Angel (individual),,,1,company_investor_relation|deal_investor_relation|investor_investment_relation
606924-64,Alan Rogers,5912,Angel (individual),,,1,company_investor_relation|deal_investor_relation|investor_investment_relation
494725-60,Alan Swick,5915,Angel (individual),,,1,company_investor_relation|deal_investor_relation|investor_investment_relation
61002-64,Albaraka Turk Katilim Bankasi,5918,Corporation,www.albaraka.com.tr,albaraka.com.tr,1,company_investor_relation|deal_investor_relation|investor_investment_relation
168341-50,Albert Cheng,5919,Angel (individual),,,1,company_investor_relation|deal_investor_relation|investor_investment_relation
110454-31,Albert Serrano,5921,Angel (individual),,,1,company_investor_relation|deal_investor_relation|investor_investment_relation
560930-50,Alberta Catalyzer,5922,Accelerator/Incubator,www.albertacatalyzer.com,albertacatalyzer.com,1,company_investor_relation|deal_investor_relation|investor_investment_relation
431358-85,Alcedo Tech Fund,5923,Venture Capital,www.alcedotechfund.io,alcedotechfund.io,1,company_investor_relation|deal_investor_relation|investor_investment_relation
525516-04,Alchemic Investments,5924,Venture Capital,www.alchemicinvestments.com,alchemicinvestments.com,1,company_investor_relation|deal_investor_relation|investor_investment_relation
503794-45,Alchemic Ventures,5925,Venture Capital,,,1,company_investor_relation|deal_investor_relation|investor_investment_relation
13168-00,Alco Holdings,5928,Corporation,www.alco.com.hk,alco.com.hk,1,company_investor_relation|deal_investor_relation|investor_investment_relation
533034-64,Aleix povill,5932,Angel (individual),,,1,company_investor_relation|deal_investor_relation|investor_investment_relation
454376-08,Aleka Capital,5934,Venture Capital,alekacapital.com,alekacapital.com,1,company_investor_relation|deal_investor_relation|investor_investment_relation
498339-46,Aleksander Khomutov,5936,Angel (individual),,,1,company_investor_relation|deal_investor_relation|investor_investment_relation
596291-68,Aleksander Larson,5937,Angel (individual),,,1,company_investor_relation|deal_investor_relation|investor_investment_relation
494191-99,Aleksander Leonard,5938,Angel (individual),,,1,company_investor_relation|deal_investor_relation|investor_investment_relation
221653-45,Aleksandr Agapitov,5939,Angel (individual),,,1,company_investor_relation|deal_investor_relation|investor_investment_relation
736652-98,Aleph Crypto,5941,Venture Capital,alephcrypto.xyz,alephcrypto.xyz,1,company_investor_relation|deal_investor_relation|investor_investment_relation
498019-69,Aleph One,5942,Accelerator/Incubator,aleph1.io,aleph1.io,1,company_investor_relation|deal_investor_relation|investor_investment_relation
467930-71,Alex Amsel,5944,Angel (individual),,,1,company_investor_relation|deal_investor_relation|investor_investment_relation
496077-85,Alex Bamberger,5945,Angel (individual),,,1,company_investor_relation|deal_investor_relation|investor_investment_relation
540756-55,Alex Chiocchi,5947,Angel (individual),,,1,company_investor_relation|deal_investor_relation|investor_investment_relation
596291-23,Alex Connoly,5948,Angel (individual),,,1,company_investor_relation|deal_investor_relation|investor_investment_relation
544665-97,Alex Crowe,5949,Angel (individual),,,1,company_investor_relation|deal_investor_relation|investor_investment_relation
482464-63,Alex Gausman,5951,Angel (individual),,,1,company_investor_relation|deal_investor_relation|investor_investment_relation
488971-63,Alex Lee,5956,Angel (individual),,,1,company_investor_relation|deal_investor_relation|investor_investment_relation
597430-45,Alex Marzell,5959,Angel (individual),,,1,company_investor_relation|deal_investor_relation|investor_investment_relation
343137-88,Alex Pall,5962,Angel (individual),,,1,company_investor_relation|deal_investor_relation|investor_investment_relation
519492-61,Alex Potapenko,5964,Angel (individual),,,1,company_investor_relation|deal_investor_relation|investor_investment_relation
468896-86,Alexander Brunicki,5970,Angel (individual),,,1,company_investor_relation|deal_investor_relation|investor_investment_relation
469817-47,Alexander Buttle,5971,Angel (individual),,,1,company_investor_relation|deal_investor_relation|investor_investment_relation
615971-53,Alexander Cho,5973,Angel (individual),,,1,company_investor_relation|deal_investor_relation|investor_investment_relation
106224-13,Alexander Fries,5975,Angel (individual),,,1,company_investor_relation|deal_investor_relation|investor_investment_relation
454594-33,Alexander Kokhanovskyy,5977,Angel (individual),,,1,company_investor_relation|deal_investor_relation|investor_investment_relation
644427-73,Alexander Kravets,5978,Angel (individual),,,1,company_investor_relation|deal_investor_relation|investor_investment_relation
590176-00,Alexander Smirnov,5984,Angel (individual),,,1,company_investor_relation|deal_investor_relation|investor_investment_relation
496374-67,Alexandre Stachtchenko,5986,Angel (individual),,,1,company_investor_relation|deal_investor_relation|investor_investment_relation
466080-13,Alexandre Yazdi,5987,Angel (individual),,,1,company_investor_relation|deal_investor_relation|investor_investment_relation
469486-09,Alexey Karpenko,5989,Angel (individual),,,1,company_investor_relation|deal_investor_relation|investor_investment_relation
721052-92,Aleš Minx,5991,Angel (individual),,,1,company_investor_relation|deal_investor_relation|investor_investment_relation
496109-80,Alfredo Castellanos,5994,Angel (individual),,,1,company_investor_relation|deal_investor_relation|investor_investment_relation
512106-31,Algod Trading,5995,Angel (individual),,,1,company_investor_relation|deal_investor_relation|investor_investment_relation
503394-94,Algodao,5996,VC-Backed Company,www.algodao.fi,algodao.fi,1,company_investor_relation|deal_investor_relation|investor_investment_relation
501468-13,Aliaksandr Bazhanau,5999,Angel (individual),,,1,company_investor_relation|deal_investor_relation|investor_investment_relation
157670-65,Aljoša Domijan,6004,Angel (individual),aljosadomijan.com,aljosadomijan.com,1,company_investor_relation|deal_investor_relation|investor_investment_relation
462378-52,Allbridge (Financial Software),6008,VC-Backed Company,www.allbridge.io,allbridge.io,1,company_investor_relation|deal_investor_relation|investor_investment_relation
510820-21,Allen Day,6010,Angel (individual),,,1,company_investor_relation|deal_investor_relation|investor_investment_relation
266529-97,Allen Gannett,6011,Angel (individual),allen.xyz,allen.xyz,1,company_investor_relation|deal_investor_relation|investor_investment_relation
442746-64,Allied Venture Partners,6020,Angel Group,www.allied.vc,allied.vc,1,company_investor_relation|deal_investor_relation|investor_investment_relation
510548-23,Almadraba Capital Holding,6023,Holding Company,www.almadraba.capital,almadraba.capital,1,company_investor_relation|deal_investor_relation|investor_investment_relation
592352-74,AlNN Labs,6024,Venture Capital,,,1,company_investor_relation|deal_investor_relation|investor_investment_relation
471828-97,Alpaca Finance,6027,VC-Backed Company,www.alpacafinance.org,alpacafinance.org,1,company_investor_relation|deal_investor_relation|investor_investment_relation
232199-83,Alpha Bridge Ventures,6028,Venture Capital,alphabridge.squarespace.com,alphabridge.squarespace.com,1,company_investor_relation|deal_investor_relation|investor_investment_relation
494083-72,Alpha Capital Holding,6029,Hedge Fund,alphacapitalholding.com,alphacapitalholding.com,1,company_investor_relation|deal_investor_relation|investor_investment_relation
234665-74,Alpha Coin Fund,6031,Other,,,1,company_investor_relation|deal_investor_relation|investor_investment_relation
287953-57,Alpha Connect Investments,6032,Corporation,,,1,company_investor_relation|deal_investor_relation|investor_investment_relation
497858-23,Alpha Prometeus,6034,Venture Capital,,,1,company_investor_relation|deal_investor_relation|investor_investment_relation
230129-56,Alphacap,6036,Venture Capital,www.alphacapberhad.com,alphacapberhad.com,1,company_investor_relation|deal_investor_relation|investor_investment_relation
608023-90,AlphaEquity Capital,6038,Venture Capital,www.alphaequity.capital,alphaequity.capital,1,company_investor_relation|deal_investor_relation|investor_investment_relation
454989-88,AlphaGen Intelligence,6039,Corporation,www.alphagen.co,alphagen.co,1,company_investor_relation|deal_investor_relation|investor_investment_relation
51078-79,AlphaTON Capital,6042,Corporation,www.alphatoncapital.com,alphatoncapital.com,1,company_investor_relation|deal_investor_relation|investor_investment_relation
495670-06,Altcoin Advisors,6048,Hedge Fund,www.altcoinadvisors.com,altcoinadvisors.com,1,company_investor_relation|deal_investor_relation|investor_investment_relation
184681-27,Alter Global,6049,Venture Capital,alter.vc,alter.vc,1,company_investor_relation|deal_investor_relation|investor_investment_relation
601603-93,Altier Capital,6053,Venture Capital,www.altiercapital.com,altiercapital.com,1,company_investor_relation|deal_investor_relation|investor_investment_relation
10349-20,Alto Partners,6054,Growth/Expansion,www.altopartners.it,altopartners.it,1,company_investor_relation|deal_investor_relation|investor_investment_relation
98475-76,Altpoint Capital,6055,Venture Capital,www.altpointcapital.com,altpointcapital.com,1,company_investor_relation|deal_investor_relation|investor_investment_relation
268305-04,Altus Capital Group,6056,Corporation,www.altusca.com,altusca.com,1,company_investor_relation|deal_investor_relation|investor_investment_relation
462891-70,Amantani Partners,6064,Venture Capital,amantanipartners.com,amantanipartners.com,1,company_investor_relation|deal_investor_relation|investor_investment_relation
606829-87,Amaya Growth Fund,6066,Hedge Fund,www.amayagrowth.fund,amayagrowth.fund,1,company_investor_relation|deal_investor_relation|investor_investment_relation
184557-16,Amazon Alexa Fund,6067,Corporate Venture Capital,,,1,company_investor_relation|deal_investor_relation|investor_investment_relation
11919-79,Amazon.com,6068,Corporation,www.amazon.com,amazon.com,1,company_investor_relation|deal_investor_relation|investor_investment_relation
43111-09,Amber Capital,6069,Hedge Fund,www.ambercapital.com,ambercapital.com,1,company_investor_relation|deal_investor_relation|investor_investment_relation
177245-92,Amber Financial,6070,Corporation,www.amberfinancial.com,amberfinancial.com,1,company_investor_relation|deal_investor_relation|investor_investment_relation
131729-05,Amber Studio,6071,PE-Backed Company,www.amberstudio.com,amberstudio.com,1,company_investor_relation|deal_investor_relation|investor_investment_relation
467694-10,Amby Laboratories,6075,Venture Capital,,,1,company_investor_relation|deal_investor_relation|investor_investment_relation
51490-54,American Funds Insurance Series,6080,Government,www.americanfunds.com,americanfunds.com,1,company_investor_relation|deal_investor_relation|investor_investment_relation
47449-81,American Leisure Holdings,6081,Holding Company,www.amlh.io,amlh.io,1,company_investor_relation|deal_investor_relation|investor_investment_relation
82457-92,AmeriFinancial,6082,Venture Capital,www.amerifinancial.com,amerifinancial.com,1,company_investor_relation|deal_investor_relation|investor_investment_relation
531334-45,Amir Sarhangi,6084,Angel (individual),,,1,company_investor_relation|deal_investor_relation|investor_investment_relation
496596-52,Amit Vasudev,6087,Angel (individual),,,1,company_investor_relation|deal_investor_relation|investor_investment_relation
488971-54,Ammaar Reshi,6089,Angel (individual),,,1,company_investor_relation|deal_investor_relation|investor_investment_relation
544666-06,Amman Bhasin,6090,Angel (individual),,,1,company_investor_relation|deal_investor_relation|investor_investment_relation
497225-44,Amora Capital,6091,Venture Capital,www.amora.capital,amora.capital,1,company_investor_relation|deal_investor_relation|investor_investment_relation
591153-76,Ampersan (Investor),6092,Corporation,,,1,company_investor_relation|deal_investor_relation|investor_investment_relation
439465-78,Ampverse,6093,VC-Backed Company,www.ampversegroup.com,ampversegroup.com,1,company_investor_relation|deal_investor_relation|investor_investment_relation
183373-12,Amrish Rau,6094,Angel (individual),,,1,company_investor_relation|deal_investor_relation|investor_investment_relation
495818-74,Amy Cohen,6097,Angel (individual),,,1,company_investor_relation|deal_investor_relation|investor_investment_relation
588942-37,Amy Zimmerman,6098,Angel (individual),,,1,company_investor_relation|deal_investor_relation|investor_investment_relation
690945-13,Anagram Ventures,6100,Real Estate,anagramventures.com,anagramventures.com,1,company_investor_relation|deal_investor_relation|investor_investment_relation
606918-88,Anbessa Anbessa,6107,Angel (individual),,,1,company_investor_relation|deal_investor_relation|investor_investment_relation
277709-68,Andorra Telecom,6109,Corporation,www.andorratelecom.com,andorratelecom.com,1,company_investor_relation|deal_investor_relation|investor_investment_relation
501470-20,Andreas Glarner,6110,Angel (individual),,,1,company_investor_relation|deal_investor_relation|investor_investment_relation
108343-54,Andrew Beal,6116,Angel (individual),www.andrewbeal.com,andrewbeal.com,1,company_investor_relation|deal_investor_relation|investor_investment_relation
495423-01,Andrew Boikiv,6118,Angel (individual),,,1,company_investor_relation|deal_investor_relation|investor_investment_relation
501521-23,Andromeda Labs,6128,VC-Backed Company,www.andromedaprotocol.io,andromedaprotocol.io,1,company_investor_relation|deal_investor_relation|investor_investment_relation
497585-08,Andromeda Research,6129,Venture Capital,,,1,company_investor_relation|deal_investor_relation|investor_investment_relation
608421-43,André Veen,6131,Angel (individual),,,1,company_investor_relation|deal_investor_relation|investor_investment_relation
442509-94,Andrés Bilbao,6132,Angel (individual),,,1,company_investor_relation|deal_investor_relation|investor_investment_relation
462081-97,Andrés Medina-Mora,6133,Angel (individual),,,1,company_investor_relation|deal_investor_relation|investor_investment_relation
109412-92,Andy Chen,6136,Angel (individual),,,1,company_investor_relation|deal_investor_relation|investor_investment_relation
301105-09,Andy Fang,6138,Angel (individual),,,1,company_investor_relation|deal_investor_relation|investor_investment_relation
234013-42,Andy Hertzfeld,6139,Angel (individual),,,1,company_investor_relation|deal_investor_relation|investor_investment_relation
234923-77,Angel Effect,6142,Angel Group,www.angeleffect.co,angeleffect.co,1,company_investor_relation|deal_investor_relation|investor_investment_relation
533034-73,Angela Oropesa,6146,Angel (individual),,,1,company_investor_relation|deal_investor_relation|investor_investment_relation
82214-29,Angelrush Ventures,6148,Venture Capital,www.angelrush.com,angelrush.com,1,company_investor_relation|deal_investor_relation|investor_investment_relation
515016-28,Angsana Investments,6149,Corporation,,,1,company_investor_relation|deal_investor_relation|investor_investment_relation
503937-28,Aniello Callari,6150,Angel (individual),,,1,company_investor_relation|deal_investor_relation|investor_investment_relation
164138-05,Anirudh Rastogi,6152,Angel (individual),,,1,company_investor_relation|deal_investor_relation|investor_investment_relation
181458-28,Ankit Mehrotra,6154,Angel (individual),,,1,company_investor_relation|deal_investor_relation|investor_investment_relation
571743-28,Ankitt Gaur,6155,Angel (individual),,,1,company_investor_relation|deal_investor_relation|investor_investment_relation
510580-99,Ankur Mittal,6156,Angel (individual),,,1,company_investor_relation|deal_investor_relation|investor_investment_relation
228269-08,Ankush Nijhawan,6157,Angel (individual),,,1,company_investor_relation|deal_investor_relation|investor_investment_relation
589173-13,Ansen Ventures,6161,Venture Capital,,,1,company_investor_relation|deal_investor_relation|investor_investment_relation
433802-08,Ansh Capital,6162,Investment Bank,www.anshcapital.in,anshcapital.in,1,company_investor_relation|deal_investor_relation|investor_investment_relation
472312-63,Anshu Agarwal,6163,Angel (individual),,,1,company_investor_relation|deal_investor_relation|investor_investment_relation
154427-05,Antanas Guoga,6165,Angel (individual),,,1,company_investor_relation|deal_investor_relation|investor_investment_relation
591152-59,Antelope (Investor),6166,Venture Capital,,,1,company_investor_relation|deal_investor_relation|investor_investment_relation
520833-88,Antelope Technology,6167,Corporation,www.antelopetechnology.com,antelopetechnology.com,1,company_investor_relation|deal_investor_relation|investor_investment_relation
126850-69,Anthony Scaramucci,6173,Angel (individual),,,1,company_investor_relation|deal_investor_relation|investor_investment_relation
544843-81,Antiga Capital,6175,Venture Capital,antiga.capital,antiga.capital,1,company_investor_relation|deal_investor_relation|investor_investment_relation
522010-09,Antonio Rallo,6178,Angel (individual),,,1,company_investor_relation|deal_investor_relation|investor_investment_relation
599884-12,Antony Sassano,6181,Angel (individual),,,1,company_investor_relation|deal_investor_relation|investor_investment_relation
489917-53,Antpool Capital Asset Investment,6182,Infrastructure,www.antpool.com,antpool.com,1,company_investor_relation|deal_investor_relation|investor_investment_relation
490163-95,Anurag Rao,6183,Angel (individual),,,1,company_investor_relation|deal_investor_relation|investor_investment_relation
607128-22,Anvar Anvar,6184,Angel (individual),,,1,company_investor_relation|deal_investor_relation|investor_investment_relation
595808-47,AOI,6185,Corporation,www.aoi.com,aoi.com,1,company_investor_relation|deal_investor_relation|investor_investment_relation
459187-48,Aonia Ventures,6186,Venture Capital,www.aonia.vc,aonia.vc,1,company_investor_relation|deal_investor_relation|investor_investment_relation
588946-87,Apiary (India),6192,Accelerator/Incubator,www.apiary.stpi.in,apiary.stpi.in,1,company_investor_relation|deal_investor_relation|investor_investment_relation
522732-97,Apok Invest,6193,Venture Capital,www.apokinve.st,apokinve.st,1,company_investor_relation|deal_investor_relation|investor_investment_relation
494704-09,Apollo (Machinery),6194,Corporation,www.apollokorea.com,apollokorea.com,1,company_investor_relation|deal_investor_relation|investor_investment_relation
591309-10,Apollo Apollo,6195,Angel (individual),,,1,company_investor_relation|deal_investor_relation|investor_investment_relation
515452-33,ApolloCapital,6198,Venture Capital,www.apollocapital.de,apollocapital.de,1,company_investor_relation|deal_investor_relation|investor_investment_relation
138452-23,Appalgo,6199,Corporation,www.appalgo.com,appalgo.com,1,company_investor_relation|deal_investor_relation|investor_investment_relation
512540-74,AppLayer (Software Development Applications),6200,VC-Backed Company,www.applayer.com,applayer.com,1,company_investor_relation|deal_investor_relation|investor_investment_relation
494562-88,April Ventures,6204,Venture Capital,www.aprilvc.com,aprilvc.com,1,company_investor_relation|deal_investor_relation|investor_investment_relation
483634-63,Aptive Capital,6205,Venture Capital,www.aptivecapital.com,aptivecapital.com,1,company_investor_relation|deal_investor_relation|investor_investment_relation
1239319-54,Apus Capital.,6207,Venture Capital,www.apuscapital.cn,apuscapital.cn,1,company_investor_relation|deal_investor_relation|investor_investment_relation
61104-61,Aquarius Investment Advisors,6210,Asset Manager,www.aquarius.com.sg,aquarius.com.sg,1,company_investor_relation|deal_investor_relation|investor_investment_relation
56011-51,Arax Holdings,6212,Corporation,www.arax.cc,arax.cc,1,company_investor_relation|deal_investor_relation|investor_investment_relation
520995-79,arc Investors,6215,Venture Capital,www.arcinvestors.com,arcinvestors.com,1,company_investor_relation|deal_investor_relation|investor_investment_relation
279896-86,Arcan Capital,6218,Real Estate,www.arcancapital.com,arcancapital.com,1,company_investor_relation|deal_investor_relation|investor_investment_relation
125636-68,Arcane (Media and Information Services B2B),6219,Corporation,www.thearcane.com,thearcane.com,1,company_investor_relation|deal_investor_relation|investor_investment_relation
489949-48,Arcane Bear,6220,Corporation,www.arcanebear.com,arcanebear.com,1,company_investor_relation|deal_investor_relation|investor_investment_relation
518181-40,Arcane Industries,6221,Family Office,www.arcaneindustries.com,arcaneindustries.com,1,company_investor_relation|deal_investor_relation|investor_investment_relation
231234-49,Archax,6224,VC-Backed Company,www.archax.com,archax.com,1,company_investor_relation|deal_investor_relation|investor_investment_relation
521425-45,Archie Puri,6226,Venture Capital,,,1,company_investor_relation|deal_investor_relation|investor_investment_relation
166746-07,ARCHina Capital,6227,Venture Capital,,,1,company_investor_relation|deal_investor_relation|investor_investment_relation
510481-99,Arcium,6228,VC-Backed Company,www.arcium.com,arcium.com,1,company_investor_relation|deal_investor_relation|investor_investment_relation
484843-51,Ardura Capital,6232,Venture Capital,,,1,company_investor_relation|deal_investor_relation|investor_investment_relation
520644-97,Area 13,6234,Other,,,1,company_investor_relation|deal_investor_relation|investor_investment_relation
503383-96,Areta,6237,Merchant Banking Firm,www.areta.io,areta.io,1,company_investor_relation|deal_investor_relation|investor_investment_relation
454924-36,Arete (UK),6238,Family Office,www.aretecp.co.uk,aretecp.co.uk,1,company_investor_relation|deal_investor_relation|investor_investment_relation
489821-32,Ari Fadyl,6241,Angel (individual),,,1,company_investor_relation|deal_investor_relation|investor_investment_relation
731192-86,ARI10 Sp. z oo,6242,Corporation,ari10.com,ari10.com,1,company_investor_relation|deal_investor_relation|investor_investment_relation
534731-32,Arion Capital (Spain),6245,Hedge Fund,www.arioncapital.com,arioncapital.com,1,company_investor_relation|deal_investor_relation|investor_investment_relation
537434-20,Arisa Toyosaki,6246,Angel (individual),,,1,company_investor_relation|deal_investor_relation|investor_investment_relation
152798-50,Arizona Mining,6247,Corporation,www.arizonamining.com,arizonamining.com,1,company_investor_relation|deal_investor_relation|investor_investment_relation
535354-48,Arjan Buuren,6248,Angel (individual),,,1,company_investor_relation|deal_investor_relation|investor_investment_relation
434095-75,ARK Design,6252,VC-Backed Company,www.arkdesign.cn,arkdesign.cn,1,company_investor_relation|deal_investor_relation|investor_investment_relation
494626-06,Arkin Ventures,6255,Venture Capital,,,1,company_investor_relation|deal_investor_relation|investor_investment_relation
10057-96,Arlington Capital Partners,6256,PE/Buyout,www.arlingtoncap.com,arlingtoncap.com,1,company_investor_relation|deal_investor_relation|investor_investment_relation
641650-96,Art3 Foundation,6261,Venture Capital,arts3.org,arts3.org,1,company_investor_relation|deal_investor_relation|investor_investment_relation
707850-91,Arthur0x,6266,Angel (individual),,,1,company_investor_relation|deal_investor_relation|investor_investment_relation
523223-74,Artifact Labs (Hong Kong),6267,Corporation,www.artifact-platform.com,artifact-platform.com,1,company_investor_relation|deal_investor_relation|investor_investment_relation
462979-27,Artist International Group,6268,Corporation,www.artistinternationalgroup.com,artistinternationalgroup.com,1,company_investor_relation|deal_investor_relation|investor_investment_relation
108225-55,Artus Capital,6269,PE/Buyout,,,1,company_investor_relation|deal_investor_relation|investor_investment_relation
1262298-70,Asahi Financial Group,6271,Corporation,www.asahifinancial.jp,asahifinancial.jp,1,company_investor_relation|deal_investor_relation|investor_investment_relation
109870-21,"Ascendio (Movies, Music and Entertainment)",6274,Corporation,www.Ascendio.co.kr,ascendio.co.kr,1,company_investor_relation|deal_investor_relation|investor_investment_relation
277381-00,Ascent Partners,6276,Venture Capital,ascentp.com,ascentp.com,1,company_investor_relation|deal_investor_relation|investor_investment_relation
111460-42,Asgard Capital Verwaltung,6278,Venture Capital,asgard.vc,asgard.vc,1,company_investor_relation|deal_investor_relation|investor_investment_relation
495930-79,Asgard Metaguild,6279,Venture Capital,,,1,company_investor_relation|deal_investor_relation|investor_investment_relation
597332-35,Ash Ash,6280,Angel (individual),,,1,company_investor_relation|deal_investor_relation|investor_investment_relation
514822-42,Ash Capital,6281,VC-Backed Company,www.ashcapital.com,ashcapital.com,1,company_investor_relation|deal_investor_relation|investor_investment_relation
600158-08,Ashley Xiong,6285,Angel (individual),,,1,company_investor_relation|deal_investor_relation|investor_investment_relation
459160-66,Ashwin Navin,6287,Angel (individual),,,1,company_investor_relation|deal_investor_relation|investor_investment_relation
233785-81,Asia Focus Group,6288,Accelerator/Incubator,focusgroup.asia,focusgroup.asia,1,company_investor_relation|deal_investor_relation|investor_investment_relation
53418-16,Asia Pacific Ventures,6290,Venture Capital,www.apvco.com,apvco.com,1,company_investor_relation|deal_investor_relation|investor_investment_relation
153900-10,Asian E-Commerce Alliance,6292,Venture Capital,www.aecal.de,aecal.de,1,company_investor_relation|deal_investor_relation|investor_investment_relation
533106-10,Asiff Hijiri,6294,Angel (individual),,,1,company_investor_relation|deal_investor_relation|investor_investment_relation
494982-19,Asim Khan,6295,Angel (individual),,,1,company_investor_relation|deal_investor_relation|investor_investment_relation
57674-89,Aslanoba Capital,6296,Venture Capital,www.aslanobacapital.com,aslanobacapital.com,1,company_investor_relation|deal_investor_relation|investor_investment_relation
327252-70,Aspen Digital,6299,Corporation,www.aspendigital.nl,aspendigital.nl,1,company_investor_relation|deal_investor_relation|investor_investment_relation
507044-80,Aspire (United States),6300,Venture Capital,www.aspirefund.io,aspirefund.io,1,company_investor_relation|deal_investor_relation|investor_investment_relation
542228-41,Assouline Busch Capital,6303,Real Estate,www.buschre.com,buschre.com,1,company_investor_relation|deal_investor_relation|investor_investment_relation
519246-37,Aster Degens,6305,Venture Capital,,,1,company_investor_relation|deal_investor_relation|investor_investment_relation
1080729-01,Aster DEX,6306,Corporation,www.asterdex.com,asterdex.com,1,company_investor_relation|deal_investor_relation|investor_investment_relation
11365-57,Aston Martin Lagonda Global Holdings,6309,Corporation,www.astonmartin.com,astonmartin.com,1,company_investor_relation|deal_investor_relation|investor_investment_relation
803001-79,Astra Fintech,6310,Other,www.astra.holdings,astra.holdings,1,company_investor_relation|deal_investor_relation|investor_investment_relation
483953-95,Astra Guild Ventures,6311,VC-Backed Company,www.astraguild.io,astraguild.io,1,company_investor_relation|deal_investor_relation|investor_investment_relation
453338-56,Astra Ventura,6312,Venture Capital,www.astraventura.co.id,astraventura.co.id,1,company_investor_relation|deal_investor_relation|investor_investment_relation
562667-14,AstridDAO,6314,Corporation,www.astriddao.xyz,astriddao.xyz,1,company_investor_relation|deal_investor_relation|investor_investment_relation
223003-18,Astronaut (Business/Productivity Software),6315,VC-Backed Company,www.astrnt.co,astrnt.co,1,company_investor_relation|deal_investor_relation|investor_investment_relation
643726-90,Asylum Ventures,6316,Venture Capital,www.asylum.vc,asylum.vc,1,company_investor_relation|deal_investor_relation|investor_investment_relation
894988-27,Atal Incubation Centre - Nalanda Institute of Technology Foundation,6320,Accelerator/Incubator,www.aicnalanda.com,aicnalanda.com,1,company_investor_relation|deal_investor_relation|investor_investment_relation
490305-34,Atechy Ventures,6321,Venture Capital,,,1,company_investor_relation|deal_investor_relation|investor_investment_relation
435855-16,Atento Capital,6324,Venture Capital,www.atentocapital.com,atentocapital.com,1,company_investor_relation|deal_investor_relation|investor_investment_relation
621858-70,ATF Capital,6325,Corporate Venture Capital,www.atfcap.com,atfcap.com,1,company_investor_relation|deal_investor_relation|investor_investment_relation
490350-52,Ath21,6326,Corporation,www.ath21.com,ath21.com,1,company_investor_relation|deal_investor_relation|investor_investment_relation
591488-20,athena nodes,6327,Corporation,www.athenanodes.com,athenanodes.com,1,company_investor_relation|deal_investor_relation|investor_investment_relation
540703-63,ATKA Capital,6329,Corporation,www.atkacapital.com,atkacapital.com,1,company_investor_relation|deal_investor_relation|investor_investment_relation
594447-04,Atlanta Blockchain Center,6331,Accelerator/Incubator,www.atlantachain.io,atlantachain.io,1,company_investor_relation|deal_investor_relation|investor_investment_relation
495920-71,Atlantean Ventures,6332,Venture Capital,,,1,company_investor_relation|deal_investor_relation|investor_investment_relation
10113-40,Atlantic-Pacific Capital,6333,Corporation,www.apcap.com,apcap.com,1,company_investor_relation|deal_investor_relation|investor_investment_relation
118879-84,Atlas Capital Partners,6336,Merchant Banking Firm,www.atlascps.com,atlascps.com,1,company_investor_relation|deal_investor_relation|investor_investment_relation
687652-84,Atom Heart Capital,6343,Venture Capital,atomheart.capital,atomheart.capital,1,company_investor_relation|deal_investor_relation|investor_investment_relation
518443-21,ATTN.,6346,Holding Company,www.attn.sg,attn.sg,1,company_investor_relation|deal_investor_relation|investor_investment_relation
109397-08,Aucnet,6348,Corporation,www.aucnet.co.jp,aucnet.co.jp,1,company_investor_relation|deal_investor_relation|investor_investment_relation
115060-15,Audacia Capital,6349,Asset Manager,audaciacapital.com,audaciacapital.com,1,company_investor_relation|deal_investor_relation|investor_investment_relation
437762-44,Audacious Ventures,6350,Venture Capital,www.audacious.co,audacious.co,1,company_investor_relation|deal_investor_relation|investor_investment_relation
312825-34,audere partners(United Kingdom),6351,Corporation,auderepartners.com,auderepartners.com,1,company_investor_relation|deal_investor_relation|investor_investment_relation
53865-37,Audrey Capital,6353,Angel Group,www.audrey.co,audrey.co,1,company_investor_relation|deal_investor_relation|investor_investment_relation
482547-16,Aurora (Software Development Applications),6360,Corporation,www.aurora.dev,aurora.dev,1,company_investor_relation|deal_investor_relation|investor_investment_relation
503932-60,Aurum Novum,6361,Corporation,,,1,company_investor_relation|deal_investor_relation|investor_investment_relation
462581-92,Austen Allred,6363,Angel (individual),,,1,company_investor_relation|deal_investor_relation|investor_investment_relation
756590-50,Austin Adams,6364,Angel (individual),,,1,company_investor_relation|deal_investor_relation|investor_investment_relation
40391-47,Australia Future Fund,6368,Sovereign Wealth Fund,www.futurefund.gov.au,futurefund.gov.au,1,company_investor_relation|deal_investor_relation|investor_investment_relation
42865-03,AustralianSuper,6369,Limited Partner,www.australiansuper.com,australiansuper.com,1,company_investor_relation|deal_investor_relation|investor_investment_relation
495921-16,Auto Sultan Capital,6372,Venture Capital,,,1,company_investor_relation|deal_investor_relation|investor_investment_relation
462624-13,Automata Network,6375,VC-Backed Company,www.ata.network,ata.network,1,company_investor_relation|deal_investor_relation|investor_investment_relation
221204-89,Automatisme Exploit. Energies Nouvelles,6376,Corporation,www.aeen.fr,aeen.fr,1,company_investor_relation|deal_investor_relation|investor_investment_relation
232929-73,Avalanche(Date.com),6380,Corporation,www.avalanchellc.com,avalanchellc.com,1,company_investor_relation|deal_investor_relation|investor_investment_relation
491809-51,Avascan,6383,Other,,,1,company_investor_relation|deal_investor_relation|investor_investment_relation
52515-28,Avatar Capital,6384,Venture Capital,,,1,company_investor_relation|deal_investor_relation|investor_investment_relation
42294-61,Avatar Ventures,6385,Corporation,,,1,company_investor_relation|deal_investor_relation|investor_investment_relation
60248-08,AVG Capital Partners,6387,PE/Buyout,www.avgfund.com,avgfund.com,1,company_investor_relation|deal_investor_relation|investor_investment_relation
519447-61,AvoInvest,6391,Venture Capital,www.avoinvest.com,avoinvest.com,1,company_investor_relation|deal_investor_relation|investor_investment_relation
588922-93,Avrio Technology,6393,Corporation,www.avriotech.io,avriotech.io,1,company_investor_relation|deal_investor_relation|investor_investment_relation
503833-78,AW Capital,6394,Venture Capital,,,1,company_investor_relation|deal_investor_relation|investor_investment_relation
631424-62,Awakening Ventures,6396,Venture Capital,,,1,company_investor_relation|deal_investor_relation|investor_investment_relation
56841-76,AWS,6399,Corporation,www.aws-gw.de,aws-gw.de,1,company_investor_relation|deal_investor_relation|investor_investment_relation
557009-29,AX1 Research,6400,Angel Group,ax1.vc,ax1.vc,1,company_investor_relation|deal_investor_relation|investor_investment_relation
495930-97,AxB Esports,6401,Corporation,,,1,company_investor_relation|deal_investor_relation|investor_investment_relation
490050-55,AXIAN Investment,6403,Fund of Funds,,,1,company_investor_relation|deal_investor_relation|investor_investment_relation
481639-33,Ayanda Capital,6411,Hedge Fund,www.ayandacapital.com,ayandacapital.com,1,company_investor_relation|deal_investor_relation|investor_investment_relation
109903-51,Azmul Haque,6416,Angel (individual),,,1,company_investor_relation|deal_investor_relation|investor_investment_relation
437219-56,Azur Games,6418,Corporation,www.azurgames.com,azurgames.com,1,company_investor_relation|deal_investor_relation|investor_investment_relation
152464-96,B Digital,6420,Corporation,www.bdigital.com.au,bdigital.com.au,1,company_investor_relation|deal_investor_relation|investor_investment_relation
434658-70,B Heroes,6421,Venture Capital,bheroes.it,bheroes.it,1,company_investor_relation|deal_investor_relation|investor_investment_relation
443162-35,B.K Capitals,6426,Corporation,www.bkcapitals.com,bkcapitals.com,1,company_investor_relation|deal_investor_relation|investor_investment_relation
279667-63,Babel Finance,6432,VC-Backed Company,www.babel.finance,babel.finance,1,company_investor_relation|deal_investor_relation|investor_investment_relation
846532-00,babybera,6434,Corporation,www.babybera.finance,babybera.finance,1,company_investor_relation|deal_investor_relation|investor_investment_relation
535721-50,Back and Back Ventures,6436,Venture Capital,,,1,company_investor_relation|deal_investor_relation|investor_investment_relation
608972-32,Backseat,6439,VC-Backed Company,backseat-inc.com,backseat-inc.com,1,company_investor_relation|deal_investor_relation|investor_investment_relation
470067-04,BadMad Robots,6443,VC-Backed Company,www.badmadrobots.com,badmadrobots.com,1,company_investor_relation|deal_investor_relation|investor_investment_relation
615835-09,Bagsy Bagsy,6444,Angel (individual),,,1,company_investor_relation|deal_investor_relation|investor_investment_relation
495016-30,Bahman Capital,6445,Venture Capital,www.bahmancapital.com,bahmancapital.com,1,company_investor_relation|deal_investor_relation|investor_investment_relation
467930-26,Bam Aquino,6453,Angel (individual),,,1,company_investor_relation|deal_investor_relation|investor_investment_relation
56620-27,Banca Sella,6455,Asset Manager,www.sella.it,sella.it,1,company_investor_relation|deal_investor_relation|investor_investment_relation
61889-23,Bandai Namco Holdings,6456,Holding Company,www.bandainamco.co.jp,bandainamco.co.jp,1,company_investor_relation|deal_investor_relation|investor_investment_relation
277599-25,Bangkok Bank InnoHub,6458,Accelerator/Incubator,www.bangkokbankinnohub.com,bangkokbankinnohub.com,1,company_investor_relation|deal_investor_relation|investor_investment_relation
264829-51,Bangming Capital,6459,Growth/Expansion,www.bmc-sh.com,bmc-sh.com,1,company_investor_relation|deal_investor_relation|investor_investment_relation
83013-49,Bank of Western Australia,6462,Corporation,www.bankwest.com.au,bankwest.com.au,1,company_investor_relation|deal_investor_relation|investor_investment_relation
55840-51,Banpu,6466,Corporation,www.banpu.com,banpu.com,1,company_investor_relation|deal_investor_relation|investor_investment_relation
57311-02,Banque Populaire,6467,Corporation,www.banquepopulaire.fr,banquepopulaire.fr,1,company_investor_relation|deal_investor_relation|investor_investment_relation
537334-39,Banter Capital (United States),6471,Venture Capital,bantercap.com,bantercap.com,1,company_investor_relation|deal_investor_relation|investor_investment_relation
597722-50,Bao Le,6472,Angel (individual),,,1,company_investor_relation|deal_investor_relation|investor_investment_relation
606279-52,Barcelona Music Lab,6475,Accelerator/Incubator,www.bcnmusiclab.com,bcnmusiclab.com,1,company_investor_relation|deal_investor_relation|investor_investment_relation
166771-81,Barclays Eagle Lab,6478,Accelerator/Incubator,labs.uk.barclays,labs.uk.barclays,1,company_investor_relation|deal_investor_relation|investor_investment_relation
515258-92,Barek Sekandari,6479,Angel (individual),,,1,company_investor_relation|deal_investor_relation|investor_investment_relation
11550-52,Baroda Ventures,6482,Venture Capital,www.barodaventures.com,barodaventures.com,1,company_investor_relation|deal_investor_relation|investor_investment_relation
226052-20,Baron Davis,6483,Angel (individual),,,1,company_investor_relation|deal_investor_relation|investor_investment_relation
268647-04,Bas Godska,6486,Angel (individual),,,1,company_investor_relation|deal_investor_relation|investor_investment_relation
520950-79,Base64 Ventures,6490,Venture Capital,,,1,company_investor_relation|deal_investor_relation|investor_investment_relation
435787-75,Basetis,6492,Corporation,basetis.com,basetis.com,1,company_investor_relation|deal_investor_relation|investor_investment_relation
43120-54,BASF,6493,Holding Company,www.basf.com/global,basf.com,1,company_investor_relation|deal_investor_relation|investor_investment_relation
187523-74,BASIC (Michigan),6494,Corporation,www.basiconline.com,basiconline.com,1,company_investor_relation|deal_investor_relation|investor_investment_relation
466582-06,Basic Capital Management (Japan),6495,PE/Buyout,www.basic-cm.co.jp,basic-cm.co.jp,1,company_investor_relation|deal_investor_relation|investor_investment_relation
495422-02,Batraz Bagaev,6498,Angel (individual),,,1,company_investor_relation|deal_investor_relation|investor_investment_relation
170583-76,BayAngels,6504,Angel Group,www.bayangels.com,bayangels.com,1,company_investor_relation|deal_investor_relation|investor_investment_relation
530902-27,Baylor University,6505,University,www.baylor.edu,baylor.edu,1,company_investor_relation|deal_investor_relation|investor_investment_relation
515534-68,Bayo Okusanya,6506,Angel (individual),,,1,company_investor_relation|deal_investor_relation|investor_investment_relation
509598-10,BCA Gallery,6508,VC-Backed Company,www.bca.network,bca.network,1,company_investor_relation|deal_investor_relation|investor_investment_relation
517568-50,BDC Labs,6512,Venture Capital,www.bdclabs.co.kr,bdclabs.co.kr,1,company_investor_relation|deal_investor_relation|investor_investment_relation
435450-16,BE E,6514,Venture Capital,,,1,company_investor_relation|deal_investor_relation|investor_investment_relation
180266-50,Be finnovative,6515,Accelerator/Incubator,befinnovative.com,befinnovative.com,1,company_investor_relation|deal_investor_relation|investor_investment_relation
179187-67,Beacon Venture Capital,6516,Corporate Venture Capital,www.beaconvc.fund,beaconvc.fund,1,company_investor_relation|deal_investor_relation|investor_investment_relation
229147-48,Beast Capital,6520,Growth/Expansion,www.beastcapital.com,beastcapital.com,1,company_investor_relation|deal_investor_relation|investor_investment_relation
82445-68,Bedrock Ventures,6522,Venture Capital,www.bedrockventures.in,bedrockventures.in,1,company_investor_relation|deal_investor_relation|investor_investment_relation
625435-12,Bedrock Ventures (Seoul),6523,Venture Capital,www.bedrockventures.co.kr,bedrockventures.co.kr,1,company_investor_relation|deal_investor_relation|investor_investment_relation
433244-89,Beeland Management Company,6526,Hedge Fund,www.beelandinterests.com,beelandinterests.com,1,company_investor_relation|deal_investor_relation|investor_investment_relation
234130-33,Beijing Bowei Zhihong Investment,6530,Venture Capital,www.bwinvest.cn,bwinvest.cn,1,company_investor_relation|deal_investor_relation|investor_investment_relation
491610-70,BeInCrypto,6535,Corporation,www.beincrypto.com,beincrypto.com,1,company_investor_relation|deal_investor_relation|investor_investment_relation
819964-27,Belarus' Hi-Tech Park,6537,Accelerator/Incubator,www.park.by,park.by,1,company_investor_relation|deal_investor_relation|investor_investment_relation
491748-85,Belobaba Fund,6538,Hedge Fund,belobaba.io,belobaba.io,1,company_investor_relation|deal_investor_relation|investor_investment_relation
507263-86,Belyj Belyj,6540,Angel (individual),,,1,company_investor_relation|deal_investor_relation|investor_investment_relation
436435-39,Ben Armstrong,6541,Angel (individual),,,1,company_investor_relation|deal_investor_relation|investor_investment_relation
494724-25,Ben Garrison,6544,Angel (individual),,,1,company_investor_relation|deal_investor_relation|investor_investment_relation
588892-60,Ben Roy,6554,Angel (individual),,,1,company_investor_relation|deal_investor_relation|investor_investment_relation
489678-40,BenMo Labs,6563,Venture Capital,,,1,company_investor_relation|deal_investor_relation|investor_investment_relation
231026-41,Berkeley SkyDeck Fund,6569,Venture Capital,skydeck.vc,skydeck.vc,1,company_investor_relation|deal_investor_relation|investor_investment_relation
539351-47,Berlin Startup School,6571,Accelerator/Incubator,www.berlinstartupschool.com,berlinstartupschool.com,1,company_investor_relation|deal_investor_relation|investor_investment_relation
721142-02,Bernard Euverte,6572,Angel (individual),,,1,company_investor_relation|deal_investor_relation|investor_investment_relation
491090-41,Bernard Kim,6573,Angel (individual),,,1,company_investor_relation|deal_investor_relation|investor_investment_relation
471512-89,Bernie Stoler,6576,Angel (individual),,,1,company_investor_relation|deal_investor_relation|investor_investment_relation
525408-94,Berry Culture,6577,Corporation,,,1,company_investor_relation|deal_investor_relation|investor_investment_relation
124722-64,BEST (Building Products),6578,Corporation,www.best.cz,best.cz,1,company_investor_relation|deal_investor_relation|investor_investment_relation
234393-04,Beta.MN,6582,Accelerator/Incubator,beta.mn,beta.mn,1,company_investor_relation|deal_investor_relation|investor_investment_relation
231214-06,Beta.Ventures,6583,Venture Capital,,,1,company_investor_relation|deal_investor_relation|investor_investment_relation
467200-45,Bette Chen,6585,Angel (individual),,,1,company_investor_relation|deal_investor_relation|investor_investment_relation
153740-53,Beyond Next Ventures,6589,Venture Capital,www.beyondnextventures.com,beyondnextventures.com,1,company_investor_relation|deal_investor_relation|investor_investment_relation
11792-44,BG Group,6594,Corporation,bg-group.com,bg-group.com,1,company_investor_relation|deal_investor_relation|investor_investment_relation
229769-38,Bianjie Capital,6599,Venture Capital,,,1,company_investor_relation|deal_investor_relation|investor_investment_relation
411681-88,BICA,6600,Corporation,www.bica.eu,bica.eu,1,company_investor_relation|deal_investor_relation|investor_investment_relation
452791-54,Bill Block,6612,Angel (individual),,,1,company_investor_relation|deal_investor_relation|investor_investment_relation
462134-62,Billy Levy,6615,Angel (individual),,,1,company_investor_relation|deal_investor_relation|investor_investment_relation
616535-38,Billy Markus,6617,Angel (individual),,,1,company_investor_relation|deal_investor_relation|investor_investment_relation
407252-44,Bin Wu,6618,Angel (individual),,,1,company_investor_relation|deal_investor_relation|investor_investment_relation
182343-43,BIND 4.0,6621,Accelerator/Incubator,bind.spri.eus,bind.spri.eus,1,company_investor_relation|deal_investor_relation|investor_investment_relation
501496-57,Binge Media,6622,Venture Capital,,,1,company_investor_relation|deal_investor_relation|investor_investment_relation
494726-68,Bingham Family Alaska,6623,Corporation,,,1,company_investor_relation|deal_investor_relation|investor_investment_relation
227250-73,Binh Tran,6624,Angel (individual),,,1,company_investor_relation|deal_investor_relation|investor_investment_relation
265868-83,Bit-Z,6635,VC-Backed Company,www.bitz.so,bitz.so,1,company_investor_relation|deal_investor_relation|investor_investment_relation
498330-10,Bitblock,6636,Corporation,www.bitblock.co,bitblock.co,1,company_investor_relation|deal_investor_relation|investor_investment_relation
493252-57,Bitbns,6638,Other,www.bitbns.com,bitbns.com,1,company_investor_relation|deal_investor_relation|investor_investment_relation
114244-84,Bitboy Crypto,6639,Corporation,www.bitboycrypto.com,bitboycrypto.com,1,company_investor_relation|deal_investor_relation|investor_investment_relation
235245-52,Bitcoin Faith,6640,Corporation,www.bitcoinfaith.org,bitcoinfaith.org,1,company_investor_relation|deal_investor_relation|investor_investment_relation
530505-46,Bitcoin Genesys Ventures,6641,Venture Capital,,,1,company_investor_relation|deal_investor_relation|investor_investment_relation
489529-45,BitCreed Capital,6644,Corporation,,,1,company_investor_relation|deal_investor_relation|investor_investment_relation
594337-87,Bitfly Capital,6647,Corporation,bitflycapital.com,bitflycapital.com,1,company_investor_relation|deal_investor_relation|investor_investment_relation
601713-46,Bitfun Capital,6649,Venture Capital,,,1,company_investor_relation|deal_investor_relation|investor_investment_relation
438792-40,Bitke Capital,6650,Venture Capital,,,1,company_investor_relation|deal_investor_relation|investor_investment_relation
571839-13,Bitlight Foundation,6651,Limited Partner,,,1,company_investor_relation|deal_investor_relation|investor_investment_relation
530505-37,Bitorijins Ventures,6656,Venture Capital,,,1,company_investor_relation|deal_investor_relation|investor_investment_relation
537551-20,Bitoro,6657,Corporation,www.bitoro.exchange,bitoro.exchange,1,company_investor_relation|deal_investor_relation|investor_investment_relation
509624-74,Bitouq Ventures,6658,Venture Capital,,,1,company_investor_relation|deal_investor_relation|investor_investment_relation
229768-12,Bitpei,6659,Corporation,,,1,company_investor_relation|deal_investor_relation|investor_investment_relation
484614-46,Bitrue,6660,VC-Backed Company,www.bitrue.com,bitrue.com,1,company_investor_relation|deal_investor_relation|investor_investment_relation
820965-61,BitsLab,6663,Corporation,www.bitslab.xyz,bitslab.xyz,1,company_investor_relation|deal_investor_relation|investor_investment_relation
432930-25,BitSonic,6664,Venture Capital,www.bitsonic.co.kr,bitsonic.co.kr,1,company_investor_relation|deal_investor_relation|investor_investment_relation
11526-49,BitTorrent,6665,VC-Backed Company,www.bittorrent.com,bittorrent.com,1,company_investor_relation|deal_investor_relation|investor_investment_relation
500023-27,bitwired,6667,Corporation,www.bitwired.com/home,bitwired.com,1,company_investor_relation|deal_investor_relation|investor_investment_relation
494726-77,BJB Ventures,6672,Corporation,,,1,company_investor_relation|deal_investor_relation|investor_investment_relation
481674-97,Black Ambition,6674,Accelerator/Incubator,www.blackambitionprize.com,blackambitionprize.com,1,company_investor_relation|deal_investor_relation|investor_investment_relation
641374-57,Black GM Capital,6677,Venture Capital,,,1,company_investor_relation|deal_investor_relation|investor_investment_relation
163367-74,Black Onyx Partners,6679,Corporation,bopl.co.uk,bopl.co.uk,1,company_investor_relation|deal_investor_relation|investor_investment_relation
51298-66,BlackArrow,6681,Corporation,www.blackarrow.tv,blackarrow.tv,1,company_investor_relation|deal_investor_relation|investor_investment_relation
56336-41,Blackbird Ventures,6682,Venture Capital,www.blackbird.vc,blackbird.vc,1,company_investor_relation|deal_investor_relation|investor_investment_relation
61024-87,Blackbox (Palo Alto),6684,Accelerator/Incubator,www.blackbox.org,blackbox.org,1,company_investor_relation|deal_investor_relation|investor_investment_relation
484467-49,Blackbox Research,6685,Corporation,www.blackbox.com.sg,blackbox.com.sg,1,company_investor_relation|deal_investor_relation|investor_investment_relation
495932-68,BlackBull Calls,6686,Corporation,,,1,company_investor_relation|deal_investor_relation|investor_investment_relation
459640-54,Blackpool Group,6689,Corporation,,,1,company_investor_relation|deal_investor_relation|investor_investment_relation
491602-96,Blackshield Capital Group,6690,Hedge Fund,www.blackshield.capital,blackshield.capital,1,company_investor_relation|deal_investor_relation|investor_investment_relation
442145-44,Blake Irving,6693,Angel (individual),,,1,company_investor_relation|deal_investor_relation|investor_investment_relation
490137-40,Blake Murray,6694,Angel (individual),,,1,company_investor_relation|deal_investor_relation|investor_investment_relation
234830-98,Bling Capital,6697,Venture Capital,www.blingcap.com,blingcap.com,1,company_investor_relation|deal_investor_relation|investor_investment_relation
551290-15,Block ACE,6701,Venture Capital,,,1,company_investor_relation|deal_investor_relation|investor_investment_relation
153743-77,Block Capital Management,6704,PE/Buyout,,,1,company_investor_relation|deal_investor_relation|investor_investment_relation
517233-70,Block Consult,6706,Venture Capital,www.blockconsult.org,blockconsult.org,1,company_investor_relation|deal_investor_relation|investor_investment_relation
607818-25,Block Tides,6708,Corporation,www.blocktides.com,blocktides.com,1,company_investor_relation|deal_investor_relation|investor_investment_relation
340832-89,Block5,6711,Venture Capital,www.block5.io,block5.io,1,company_investor_relation|deal_investor_relation|investor_investment_relation
515748-97,BlockBase ( Capital Markets/Institutions),6715,Corporation,www.blockbase.co,blockbase.co,1,company_investor_relation|deal_investor_relation|investor_investment_relation
550407-25,BlockCensus Capital,6716,Other,,,1,company_investor_relation|deal_investor_relation|investor_investment_relation
489737-98,Blockchain Ape,6717,Venture Capital,,,1,company_investor_relation|deal_investor_relation|investor_investment_relation
865764-19,Blockchain Futurist Conference,6719,Accelerator/Incubator,www.futuristconference.com,futuristconference.com,1,company_investor_relation|deal_investor_relation|investor_investment_relation
507376-27,Blockchain Monster Hunt,6724,VC-Backed Company,www.bcmhunt.com,bcmhunt.com,1,company_investor_relation|deal_investor_relation|investor_investment_relation
525534-58,Blockchain Territory,6726,Venture Capital,,,1,company_investor_relation|deal_investor_relation|investor_investment_relation
519749-74,Blockcrypt,6730,Corporation,,,1,company_investor_relation|deal_investor_relation|investor_investment_relation
224072-83,BlockFi,6731,VC-Backed Company,www.blockfi.com,blockfi.com,1,company_investor_relation|deal_investor_relation|investor_investment_relation
509455-27,Blocklabs Capital Management,6737,Asset Manager,www.blocklabscapital.com,blocklabscapital.com,1,company_investor_relation|deal_investor_relation|investor_investment_relation
515573-38,Blockmon,6739,Corporation,www.blockmon.io,blockmon.io,1,company_investor_relation|deal_investor_relation|investor_investment_relation
595937-26,Blockpath,6742,Corporation,www.blockpath.com,blockpath.com,1,company_investor_relation|deal_investor_relation|investor_investment_relation
519748-75,Blocksaper,6743,Corporation,,,1,company_investor_relation|deal_investor_relation|investor_investment_relation
231898-06,BlockTeam Ventures,6748,Venture Capital,www.blockteamventures.io,blockteamventures.io,1,company_investor_relation|deal_investor_relation|investor_investment_relation
437401-63,Blockware Solutions,6751,Corporation,www.blockwaresolutions.com,blockwaresolutions.com,1,company_investor_relation|deal_investor_relation|investor_investment_relation
1162787-50,BlockX,6753,Venture Capital,www.blockx.vc,blockx.vc,1,company_investor_relation|deal_investor_relation|investor_investment_relation
503905-60,Blocmoon ventures,6754,Venture Capital,,,1,company_investor_relation|deal_investor_relation|investor_investment_relation
483068-80,Bloktopia,6758,VC-Backed Company,www.bloktopia.com,bloktopia.com,1,company_investor_relation|deal_investor_relation|investor_investment_relation
644431-42,Blox Media Group,6762,Corporation,www.bloxmediagroup.com,bloxmediagroup.com,1,company_investor_relation|deal_investor_relation|investor_investment_relation
226906-12,Blue Bay Capital,6764,Special Purpose Acquisition Company (SPAC),,,1,company_investor_relation|deal_investor_relation|investor_investment_relation
56253-88,Blue Bright Ventures,6765,Venture Capital,www.bluebright.com,bluebright.com,1,company_investor_relation|deal_investor_relation|investor_investment_relation
10447-93,Blue Equity,6766,PE/Buyout,blueequity.com,blueequity.com,1,company_investor_relation|deal_investor_relation|investor_investment_relation
845900-11,Blue Exotic Capital,6767,Venture Capital,www.blueexotic.co,blueexotic.co,1,company_investor_relation|deal_investor_relation|investor_investment_relation
469303-48,Blue Field Capital,6768,Real Estate,www.bluefieldcap.com,bluefieldcap.com,1,company_investor_relation|deal_investor_relation|investor_investment_relation
231941-17,Blue Frontier Group,6769,PE/Buyout,www.bluefrontiergroup.com,bluefrontiergroup.com,1,company_investor_relation|deal_investor_relation|investor_investment_relation
502969-06,Blue Planet Capital,6773,Venture Capital,,,1,company_investor_relation|deal_investor_relation|investor_investment_relation
432551-80,Blue Rising Capital,6774,Venture Capital,www.bluerisingcapital.com,bluerisingcapital.com,1,company_investor_relation|deal_investor_relation|investor_investment_relation
459099-01,Blue Tech Venture,6776,Corporate Venture Capital,www.bluetechventure.com,bluetechventure.com,1,company_investor_relation|deal_investor_relation|investor_investment_relation
484204-69,Blue7,6777,Impact Investing,www.blue7.sg,blue7.sg,1,company_investor_relation|deal_investor_relation|investor_investment_relation
597163-87,BlueBox Group (Singapore),6779,Accelerator/Incubator,www.bluebox.com.sg,bluebox.com.sg,1,company_investor_relation|deal_investor_relation|investor_investment_relation
493184-53,BlueLotus Ventures,6783,Venture Capital,www.bluelotus.vc,bluelotus.vc,1,company_investor_relation|deal_investor_relation|investor_investment_relation
180374-32,Bluepoint,6784,VC-Backed Company,www.bluepoint.ac,bluepoint.ac,1,company_investor_relation|deal_investor_relation|investor_investment_relation
179263-09,Blueray Capital,6787,Lender/Debt Provider,www.blueraycapital.co.uk,blueraycapital.co.uk,1,company_investor_relation|deal_investor_relation|investor_investment_relation
501254-20,Bluesphere Ventures,6788,Accelerator/Incubator,www.bluesphereventures.com,bluesphereventures.com,1,company_investor_relation|deal_investor_relation|investor_investment_relation
529049-62,Blulive,6790,Venture Capital,www.blulive.net,blulive.net,1,company_investor_relation|deal_investor_relation|investor_investment_relation
589677-76,Blum,6791,VC-Backed Company,www.blum.io,blum.io,1,company_investor_relation|deal_investor_relation|investor_investment_relation
11127-25,Blumberg Capital,6792,Venture Capital,www.blumbergcapital.com,blumbergcapital.com,1,company_investor_relation|deal_investor_relation|investor_investment_relation
597723-31,BlurCrypto BlurCrypto,6793,Angel (individual),,,1,company_investor_relation|deal_investor_relation|investor_investment_relation
509461-93,BOARC,6797,Other,www.boarc.net,boarc.net,1,company_investor_relation|deal_investor_relation|investor_investment_relation
11551-69,Boeing,6804,Corporation,www.boeing.com,boeing.com,1,company_investor_relation|deal_investor_relation|investor_investment_relation
111437-20,Bogdan Iarovoi,6807,Angel (individual),,,1,company_investor_relation|deal_investor_relation|investor_investment_relation
107782-93,Bogomil Balkansky,6808,Angel (individual),,,1,company_investor_relation|deal_investor_relation|investor_investment_relation
506760-40,BOLD Capital Group,6809,Venture Capital,www.boldcapitalgroup.com,boldcapitalgroup.com,1,company_investor_relation|deal_investor_relation|investor_investment_relation
120520-63,Bold Ventures (India),6810,Venture Capital,www.boldvc.co,boldvc.co,1,company_investor_relation|deal_investor_relation|investor_investment_relation
12479-32,Bollinger,6813,PE-Backed Company,www.bollingerinsurance.com,bollingerinsurance.com,1,company_investor_relation|deal_investor_relation|investor_investment_relation
538160-95,Bolt Angels,6814,Angel Group,www.boltangels.co.uk,boltangels.co.uk,1,company_investor_relation|deal_investor_relation|investor_investment_relation
513281-53,Bonfida Ventures,6818,Venture Capital,,,1,company_investor_relation|deal_investor_relation|investor_investment_relation
465351-40,Bonnie Matosich,6819,Angel (individual),,,1,company_investor_relation|deal_investor_relation|investor_investment_relation
277573-69,BoomBit,6820,Corporation,www.boombit.com,boombit.com,1,company_investor_relation|deal_investor_relation|investor_investment_relation
515089-63,Boosty Labs,6823,VC-Backed Company,www.boostylabs.com,boostylabs.com,1,company_investor_relation|deal_investor_relation|investor_investment_relation
182285-11,Bordeaux Technowest,6825,Accelerator/Incubator,www.technowest.com,technowest.com,1,company_investor_relation|deal_investor_relation|investor_investment_relation
589565-44,Bored Chili,6827,Accelerator/Incubator,www.boredchili.com,boredchili.com,1,company_investor_relation|deal_investor_relation|investor_investment_relation
265154-41,Born Capital,6831,Venture Capital,www.bornpe.com,bornpe.com,1,company_investor_relation|deal_investor_relation|investor_investment_relation
120699-37,Boston Impact Initiative,6835,Impact Investing,www.bostonimpact.org,bostonimpact.org,1,company_investor_relation|deal_investor_relation|investor_investment_relation
466989-94,Bounce,6836,VC-Backed Company,www.bounce.finance,bounce.finance,1,company_investor_relation|deal_investor_relation|investor_investment_relation
550856-17,Bountie Hunter,6837,Corporation,,,1,company_investor_relation|deal_investor_relation|investor_investment_relation
503936-11,Bowie Lau,6838,Angel (individual),,,1,company_investor_relation|deal_investor_relation|investor_investment_relation
509367-70,box studio(Investor),6839,Corporation,,,1,company_investor_relation|deal_investor_relation|investor_investment_relation
571431-52,Boys Club,6841,Corporation,www.boysclub.vip,boysclub.vip,1,company_investor_relation|deal_investor_relation|investor_investment_relation
106169-14,Brad Garlinghouse,6844,Angel (individual),,,1,company_investor_relation|deal_investor_relation|investor_investment_relation
588942-46,Brad Weiers,6847,Angel (individual),,,1,company_investor_relation|deal_investor_relation|investor_investment_relation
277178-41,BrainBox AI,6851,Corporation,www.brainboxai.com,brainboxai.com,1,company_investor_relation|deal_investor_relation|investor_investment_relation
969918-85,Brains Network,6853,Venture Capital,,,1,company_investor_relation|deal_investor_relation|investor_investment_relation
591309-28,Brandon Comer,6856,Angel (individual),,,1,company_investor_relation|deal_investor_relation|investor_investment_relation
489628-72,Brandon Fugal,6859,Angel (individual),,,1,company_investor_relation|deal_investor_relation|investor_investment_relation
503185-15,Breederdad,6865,Venture Capital,,,1,company_investor_relation|deal_investor_relation|investor_investment_relation
596292-85,Brensketit Brensketit,6867,Angel (individual),,,1,company_investor_relation|deal_investor_relation|investor_investment_relation
596413-36,Brent Brent,6869,Angel (individual),,,1,company_investor_relation|deal_investor_relation|investor_investment_relation
62404-21,Breton Capital Ventures,6872,Venture Capital,www.bretoncapital.com,bretoncapital.com,1,company_investor_relation|deal_investor_relation|investor_investment_relation
494723-26,Brett Beveridge,6874,Angel (individual),,,1,company_investor_relation|deal_investor_relation|investor_investment_relation
537674-32,Brett Shear,6875,Angel (individual),,,1,company_investor_relation|deal_investor_relation|investor_investment_relation
151562-17,Brian Corrigan,6877,Angel (individual),,,1,company_investor_relation|deal_investor_relation|investor_investment_relation
327463-84,Brian Ma,6882,Angel (individual),,,1,company_investor_relation|deal_investor_relation|investor_investment_relation
597724-12,Bribe Bribe,6888,Angel (individual),,,1,company_investor_relation|deal_investor_relation|investor_investment_relation
59926-87,Bridge Investment Group Holdings,6889,Real Estate,www.bridgeig.com,bridgeig.com,1,company_investor_relation|deal_investor_relation|investor_investment_relation
160065-10,Brigham Young University,6892,University,www.byu.edu,byu.edu,1,company_investor_relation|deal_investor_relation|investor_investment_relation
596226-88,Bright Opportunities DAO,6893,Corporation,www.brightopportunities.io,brightopportunities.io,1,company_investor_relation|deal_investor_relation|investor_investment_relation
521211-25,Bright Tide,6894,Accelerator/Incubator,www.bright-tide.co.uk,bright-tide.co.uk,1,company_investor_relation|deal_investor_relation|investor_investment_relation
223818-22,Broad Street Angels,6899,Angel Group,www.broadstreetangels.com,broadstreetangels.com,1,company_investor_relation|deal_investor_relation|investor_investment_relation
471089-17,Browder Capital,6903,Venture Capital,www.browdercapital.com,browdercapital.com,1,company_investor_relation|deal_investor_relation|investor_investment_relation
497591-65,Bruno Skvorc,6907,Angel (individual),,,1,company_investor_relation|deal_investor_relation|investor_investment_relation
162946-27,BS Capital,6912,Corporation,www.bscapital.com.sg,bscapital.com.sg,1,company_investor_relation|deal_investor_relation|investor_investment_relation
55342-27,BSC Investors,6913,Real Estate,bscinvestors.com,bscinvestors.com,1,company_investor_relation|deal_investor_relation|investor_investment_relation
489074-77,BSC.NEWS,6914,Venture Capital,,,1,company_investor_relation|deal_investor_relation|investor_investment_relation
188074-72,BSO Network,6916,Corporation,www.bso.co,bso.co,1,company_investor_relation|deal_investor_relation|investor_investment_relation
107793-46,BSS (Commercial Products),6917,VC-Backed Company,,,1,company_investor_relation|deal_investor_relation|investor_investment_relation
516056-14,BSV Ventures,6918,Venture Capital,bsv.ventures,bsv.ventures,1,company_investor_relation|deal_investor_relation|investor_investment_relation
63579-70,BTCS,6920,Corporation,www.btcs.com,btcs.com,1,company_investor_relation|deal_investor_relation|investor_investment_relation
501497-20,BTQ Ventures,6921,Venture Capital,www.btqventures.com,btqventures.com,1,company_investor_relation|deal_investor_relation|investor_investment_relation
535003-30,BuidlerDAO,6924,VC-Backed Company,www.buidlerdao.xyz,buidlerdao.xyz,1,company_investor_relation|deal_investor_relation|investor_investment_relation
222884-74,Build Up Labs,6925,VC-Backed Company,www.builduplabs.com,builduplabs.com,1,company_investor_relation|deal_investor_relation|investor_investment_relation
571893-67,Build-Avera,6926,Other,,,1,company_investor_relation|deal_investor_relation|investor_investment_relation
431632-36,Bull & Bear,6929,Hedge Fund,bull-bear.com,bull-bear.com,1,company_investor_relation|deal_investor_relation|investor_investment_relation
501079-87,Bullish Unicorn,6931,Other,www.bullishunicorn.com,bullishunicorn.com,1,company_investor_relation|deal_investor_relation|investor_investment_relation
520989-31,Bulls Girisim Sermayesi Yatirim Ortakligi,6932,Growth/Expansion,www.bullsgirisim.com,bullsgirisim.com,1,company_investor_relation|deal_investor_relation|investor_investment_relation
233900-38,Bunge Ventures,6933,Corporate Venture Capital,,,1,company_investor_relation|deal_investor_relation|investor_investment_relation
675209-17,Bungo Saito,6934,Angel (individual),,,1,company_investor_relation|deal_investor_relation|investor_investment_relation
459297-64,Bure Valley Group,6935,Venture Capital,www.burevalleygroup.com,burevalleygroup.com,1,company_investor_relation|deal_investor_relation|investor_investment_relation
118906-03,Burrito,6937,Corporation,,,1,company_investor_relation|deal_investor_relation|investor_investment_relation
225887-23,Business Finland,6940,Government,www.businessfinland.fi,businessfinland.fi,1,company_investor_relation|deal_investor_relation|investor_investment_relation
61803-46,BV Capital Partners,6944,PE/Buyout,www.bvcapitalpartners.com,bvcapitalpartners.com,1,company_investor_relation|deal_investor_relation|investor_investment_relation
489778-03,Byma (investor),6946,Other,,,1,company_investor_relation|deal_investor_relation|investor_investment_relation
551763-91,BYMA Ventures,6947,Corporate Venture Capital,www.bymaventures.com.ar,bymaventures.com.ar,1,company_investor_relation|deal_investor_relation|investor_investment_relation
208696-96,Börsenverein Des Deutschen Buchhandels Beteiligungsgesellschaft mbH,6954,Corporation,boersenverein.de,boersenverein.de,1,company_investor_relation|deal_investor_relation|investor_investment_relation
492761-71,C. Hernandez,6957,Angel (individual),,,1,company_investor_relation|deal_investor_relation|investor_investment_relation
495930-88,CabronAxie,6961,Corporation,,,1,company_investor_relation|deal_investor_relation|investor_investment_relation
496341-91,CAGYJAN,6963,Angel (individual),,,1,company_investor_relation|deal_investor_relation|investor_investment_relation
10339-57,Caisse de dépôt et placement du Québec,6965,Asset Manager,www.cdpq.com,cdpq.com,1,company_investor_relation|deal_investor_relation|investor_investment_relation
121878-01,Caixa Popular,6966,Corporation,www.caixapopular.es,caixapopular.es,1,company_investor_relation|deal_investor_relation|investor_investment_relation
482248-90,Cakra Ventures,6967,Venture Capital,www.cakraventures.id,cakraventures.id,1,company_investor_relation|deal_investor_relation|investor_investment_relation
343216-72,Calm/Storm Ventures,6974,Venture Capital,www.calmstorm.vc,calmstorm.vc,1,company_investor_relation|deal_investor_relation|investor_investment_relation
126159-31,Camelot Financial Capital Management,6981,Venture Capital,,,1,company_investor_relation|deal_investor_relation|investor_investment_relation
510079-87,Cameron Bairstow,6983,Angel (individual),,,1,company_investor_relation|deal_investor_relation|investor_investment_relation
494724-34,Cameron George,6985,Angel (individual),,,1,company_investor_relation|deal_investor_relation|investor_investment_relation
481483-54,Canada OneUni Capital,6989,Venture Capital,,,1,company_investor_relation|deal_investor_relation|investor_investment_relation
59671-18,Canadian Utilities,6991,Corporation,www.canadianutilities.com,canadianutilities.com,1,company_investor_relation|deal_investor_relation|investor_investment_relation
434356-03,Candowin,6992,Other,www.candowin.group,candowin.group,1,company_investor_relation|deal_investor_relation|investor_investment_relation
58994-74,Canvas Prime,6995,Venture Capital,www.canvas.vc,canvas.vc,1,company_investor_relation|deal_investor_relation|investor_investment_relation
539806-51,CaPatel Investments,6996,Venture Capital,www.capatelinvestments.com,capatelinvestments.com,1,company_investor_relation|deal_investor_relation|investor_investment_relation
462785-32,Capital Medica Ventures,7001,Corporate Venture Capital,capitalmedicaventures.com,capitalmedicaventures.com,1,company_investor_relation|deal_investor_relation|investor_investment_relation
590661-37,CapsuleX Labs,7007,Venture Capital,,,1,company_investor_relation|deal_investor_relation|investor_investment_relation
435800-89,Cardinia Ventures,7017,Venture Capital,www.cardiniaventures.com,cardiniaventures.com,1,company_investor_relation|deal_investor_relation|investor_investment_relation
707168-71,Care Bear,7018,Venture Capital,www.carebears.vc,carebears.vc,1,company_investor_relation|deal_investor_relation|investor_investment_relation
10804-78,Cargill,7019,Corporation,www.cargill.com,cargill.com,1,company_investor_relation|deal_investor_relation|investor_investment_relation
493963-39,Carl the Moon,7021,Angel (individual),,,1,company_investor_relation|deal_investor_relation|investor_investment_relation
105967-99,Carlos Blanco,7025,Angel (individual),www.carlosblanco.com,carlosblanco.com,1,company_investor_relation|deal_investor_relation|investor_investment_relation
482463-28,Carlos Diaz-Padron,7027,Angel (individual),,,1,company_investor_relation|deal_investor_relation|investor_investment_relation
484355-26,Carnegie Park Capital,7030,Corporation,www.carnegieparkcapital.com,carnegieparkcapital.com,1,company_investor_relation|deal_investor_relation|investor_investment_relation
495933-04,CarreraCryptoPit,7032,Corporation,,,1,company_investor_relation|deal_investor_relation|investor_investment_relation
221564-62,CarrieSoft,7033,Corporation,www.carriesoft.com,carriesoft.com,1,company_investor_relation|deal_investor_relation|investor_investment_relation
155138-05,Carsten Maschmeyer,7035,Angel (individual),,,1,company_investor_relation|deal_investor_relation|investor_investment_relation
596232-10,Casey Reas,7042,Angel (individual),,,1,company_investor_relation|deal_investor_relation|investor_investment_relation
518311-27,Catalisi,7050,Angel Group,www.catalisi.com,catalisi.com,1,company_investor_relation|deal_investor_relation|investor_investment_relation
266329-00,Catalyst Capital (PIG),7051,Venture Capital,www.catalystcapital.co.nz,catalystcapital.co.nz,1,company_investor_relation|deal_investor_relation|investor_investment_relation
624128-14,Catarinense Technology Association,7052,Accelerator/Incubator,acate.com.br,acate.com.br,1,company_investor_relation|deal_investor_relation|investor_investment_relation
268639-57,Catena Investments,7053,Infrastructure,www.catenainvestments.com,catenainvestments.com,1,company_investor_relation|deal_investor_relation|investor_investment_relation
438123-25,Cathexis Ventures,7054,Corporate Venture Capital,www.cathexisventures.com,cathexisventures.com,1,company_investor_relation|deal_investor_relation|investor_investment_relation
522864-10,CCC Capital,7057,Family Office,,,1,company_investor_relation|deal_investor_relation|investor_investment_relation
462099-88,CCIG Capital,7059,PE/Buyout,www.ccifund.com,ccifund.com,1,company_investor_relation|deal_investor_relation|investor_investment_relation
496508-50,CDI,7062,Venture Capital,www.cdi-systems.com,cdi-systems.com,1,company_investor_relation|deal_investor_relation|investor_investment_relation
127697-59,Cedre Participations,7068,Venture Capital,www.cedreventures.tech,cedreventures.tech,1,company_investor_relation|deal_investor_relation|investor_investment_relation
641941-93,Celil Ozturk,7071,Angel (individual),,,1,company_investor_relation|deal_investor_relation|investor_investment_relation
520580-98,Cengiz Kurtz,7075,Angel (individual),,,1,company_investor_relation|deal_investor_relation|investor_investment_relation
498363-94,Centauri Fund,7077,Venture Capital,www.centauri.fund,centauri.fund,1,company_investor_relation|deal_investor_relation|investor_investment_relation
463063-96,Centenary United Holdings,7079,Corporation,www.car2000.com.cn,car2000.com.cn,1,company_investor_relation|deal_investor_relation|investor_investment_relation
608857-12,Central Research (Hong Kong),7081,Venture Capital,www.centralresearch.io,centralresearch.io,1,company_investor_relation|deal_investor_relation|investor_investment_relation
59290-12,Cerebrum Health Centers,7084,Corporation,,,1,company_investor_relation|deal_investor_relation|investor_investment_relation
434507-68,Cesc Fabregas,7088,Angel (individual),,,1,company_investor_relation|deal_investor_relation|investor_investment_relation
495932-23,CFC Channel,7090,Corporation,,,1,company_investor_relation|deal_investor_relation|investor_investment_relation
484697-26,CFL Venture Group,7092,Venture Capital,,,1,company_investor_relation|deal_investor_relation|investor_investment_relation
466070-05,Chain Catcher,7095,Corporation,,,1,company_investor_relation|deal_investor_relation|investor_investment_relation
607817-80,ChainPlay,7103,Corporation,www.chainplay.gg,chainplay.gg,1,company_investor_relation|deal_investor_relation|investor_investment_relation
438100-93,Chamberi Ventures,7109,Venture Capital,www.chamberiventures.com,chamberiventures.com,1,company_investor_relation|deal_investor_relation|investor_investment_relation
59441-32,Champion Investments,7110,PE/Buyout,www.championinvestments.com,championinvestments.com,1,company_investor_relation|deal_investor_relation|investor_investment_relation
483061-24,Chandan Choudhary,7111,Angel (individual),,,1,company_investor_relation|deal_investor_relation|investor_investment_relation
515285-83,Chandrakant Bhakta,7117,Angel (individual),,,1,company_investor_relation|deal_investor_relation|investor_investment_relation
522170-20,Chaosx,7121,Corporation,www.chaosx.io,chaosx.io,1,company_investor_relation|deal_investor_relation|investor_investment_relation
483303-25,Chaotic Capital,7122,Venture Capital,chaotic.capital,chaotic.capital,1,company_investor_relation|deal_investor_relation|investor_investment_relation
721140-76,Charles de Rudder,7127,Angel (individual),,,1,company_investor_relation|deal_investor_relation|investor_investment_relation
518530-42,Charles Goldstuck,7128,Angel (individual),,,1,company_investor_relation|deal_investor_relation|investor_investment_relation
597476-26,Charles Wayn,7130,Angel (individual),,,1,company_investor_relation|deal_investor_relation|investor_investment_relation
183407-05,Charterhouse Strategic Partners,7136,Family Office,www.charterhousestrategic.com,charterhousestrategic.com,1,company_investor_relation|deal_investor_relation|investor_investment_relation
438303-88,Chatila Rais Investments,7138,Growth/Expansion,www.chatilarais.com,chatilarais.com,1,company_investor_relation|deal_investor_relation|investor_investment_relation
493262-92,Chauncey John,7139,Angel (individual),,,1,company_investor_relation|deal_investor_relation|investor_investment_relation
464332-24,Chek Lim,7141,Angel (individual),,,1,company_investor_relation|deal_investor_relation|investor_investment_relation
112471-75,Chia Tai,7146,Corporation,www.chiataigroup.com,chiataigroup.com,1,company_investor_relation|deal_investor_relation|investor_investment_relation
431325-19,Chichunliang,7149,Corporation,,,1,company_investor_relation|deal_investor_relation|investor_investment_relation
519748-21,Chill Crypto Community,7151,Corporation,,,1,company_investor_relation|deal_investor_relation|investor_investment_relation
343711-81,China Bank Capital Corporation,7154,Venture Capital,,,1,company_investor_relation|deal_investor_relation|investor_investment_relation
83109-70,China Bridge Capital,7156,Investment Bank,www.chinabridgecapital.com,chinabridgecapital.com,1,company_investor_relation|deal_investor_relation|investor_investment_relation
483060-52,Chirdeep Batra,7166,Angel (individual),,,1,company_investor_relation|deal_investor_relation|investor_investment_relation
155283-58,Chivas Brothers International,7167,Corporation,www.chivas.com,chivas.com,1,company_investor_relation|deal_investor_relation|investor_investment_relation
498548-35,Chloe Leong,7168,Angel (individual),,,1,company_investor_relation|deal_investor_relation|investor_investment_relation
454719-79,Chris Chaney,7172,Angel (individual),,,1,company_investor_relation|deal_investor_relation|investor_investment_relation
507026-71,Chris Cross,7174,Angel (individual),,,1,company_investor_relation|deal_investor_relation|investor_investment_relation
465581-26,Chris de Sibert,7175,Angel (individual),,,1,company_investor_relation|deal_investor_relation|investor_investment_relation
462625-57,Chris Grove,7176,Angel (individual),,,1,company_investor_relation|deal_investor_relation|investor_investment_relation
913123-90,Chris Heaney,7177,Angel (individual),,,1,company_investor_relation|deal_investor_relation|investor_investment_relation
510303-88,Chris Hutchinson,7180,Angel (individual),,,1,company_investor_relation|deal_investor_relation|investor_investment_relation
109378-54,Chris Sang,7182,Angel (individual),www.chrissang.com,chrissang.com,1,company_investor_relation|deal_investor_relation|investor_investment_relation
515258-74,Chris Zaknum,7185,Angel (individual),,,1,company_investor_relation|deal_investor_relation|investor_investment_relation
634693-69,Chris Zaknun,7186,Angel (individual),,,1,company_investor_relation|deal_investor_relation|investor_investment_relation
551764-36,Christophe Groh,7200,Angel (individual),,,1,company_investor_relation|deal_investor_relation|investor_investment_relation
467136-73,Christopher Adamo,7202,Angel (individual),,,1,company_investor_relation|deal_investor_relation|investor_investment_relation
518492-08,Christopher Grilhault des Fontaines,7206,Angel (individual),,,1,company_investor_relation|deal_investor_relation|investor_investment_relation
533117-44,Christopher Jaszczynski,7209,Angel (individual),,,1,company_investor_relation|deal_investor_relation|investor_investment_relation
541151-74,Christopher Kong,7210,Angel (individual),,,1,company_investor_relation|deal_investor_relation|investor_investment_relation
95861-89,Chrysalis LEAP,7211,Accelerator/Incubator,chrysalisleap.com,chrysalisleap.com,1,company_investor_relation|deal_investor_relation|investor_investment_relation
720042-85,Chuangyi Capital,7213,Venture Capital,,,1,company_investor_relation|deal_investor_relation|investor_investment_relation
155994-67,CIC (Media and Information Services (B2B)),7217,Corporation,www.ciccorporate.com,ciccorporate.com,1,company_investor_relation|deal_investor_relation|investor_investment_relation
571894-21,Cima Capital,7219,Growth/Expansion,cimaasesoreseaf.com,cimaasesoreseaf.com,1,company_investor_relation|deal_investor_relation|investor_investment_relation
818992-54,Citadel (United States),7224,Angel Group,,,1,company_investor_relation|deal_investor_relation|investor_investment_relation
608725-81,Citizen Capital Fund,7229,Impact Investing,www.citizencapital.fund,citizencapital.fund,1,company_investor_relation|deal_investor_relation|investor_investment_relation
469758-43,CitizenX Crypto Ventures,7230,Corporation,,,1,company_investor_relation|deal_investor_relation|investor_investment_relation
85991-68,Civeta Investments,7232,Venture Capital,www.civeta.es,civeta.es,1,company_investor_relation|deal_investor_relation|investor_investment_relation
464333-32,CK Wang,7234,Angel (individual),,,1,company_investor_relation|deal_investor_relation|investor_investment_relation
943299-19,CKL Business Center,7236,Accelerator/Incubator,www.ckl.or.kr,ckl.or.kr,1,company_investor_relation|deal_investor_relation|investor_investment_relation
484720-75,ClaimSwap,7237,VC-Backed Company,www.claimswap.org,claimswap.org,1,company_investor_relation|deal_investor_relation|investor_investment_relation
496374-94,Claire Balva,7238,Angel (individual),,,1,company_investor_relation|deal_investor_relation|investor_investment_relation
449345-17,Claret Capital Partners,7239,Growth/Expansion,www.claret-capital.com,claret-capital.com,1,company_investor_relation|deal_investor_relation|investor_investment_relation
115640-11,Clark,7240,VC-Backed Company,www.clark.de,clark.de,1,company_investor_relation|deal_investor_relation|investor_investment_relation
99645-04,Clarke Capital Partners,7241,Family Office,www.clarkecp.com,clarkecp.com,1,company_investor_relation|deal_investor_relation|investor_investment_relation
467911-27,ClayStack,7242,Corporation,www.claystack.com,claystack.com,1,company_investor_relation|deal_investor_relation|investor_investment_relation
528244-66,Clayton Menzel,7243,Angel (individual),,,1,company_investor_relation|deal_investor_relation|investor_investment_relation
185123-44,Clear Future,7245,Venture Capital,clear-future.com,clear-future.com,1,company_investor_relation|deal_investor_relation|investor_investment_relation
501081-40,Clement Wong,7248,Angel (individual),,,1,company_investor_relation|deal_investor_relation|investor_investment_relation
439498-90,Clever Flare,7250,Corporation,www.cleverflare.com,cleverflare.com,1,company_investor_relation|deal_investor_relation|investor_investment_relation
167355-19,Clever Global,7251,Corporation,www.clever-global.com,clever-global.com,1,company_investor_relation|deal_investor_relation|investor_investment_relation
1156348-09,Click Capital,7252,Venture Capital,,,1,company_investor_relation|deal_investor_relation|investor_investment_relation
499518-91,Climate Collective,7255,Accelerator/Incubator,climatecollective.net,climatecollective.net,1,company_investor_relation|deal_investor_relation|investor_investment_relation
454552-30,Cloud Nine Capital,7256,Corporation,www.cloudnine.capital,cloudnine.capital,1,company_investor_relation|deal_investor_relation|investor_investment_relation
504177-40,Clover Foundation (Korea),7257,Corporation,,,1,company_investor_relation|deal_investor_relation|investor_investment_relation
495932-14,Club nothing and friend,7258,Corporation,,,1,company_investor_relation|deal_investor_relation|investor_investment_relation
435978-37,Clupik,7259,VC-Backed Company,www.clupik.com,clupik.com,1,company_investor_relation|deal_investor_relation|investor_investment_relation
237697-48,CMS Capital,7263,Corporation,approved.com,approved.com,1,company_investor_relation|deal_investor_relation|investor_investment_relation
497610-37,CoastCap,7268,Family Office,www.coastcap.com,coastcap.com,1,company_investor_relation|deal_investor_relation|investor_investment_relation
433800-82,Coderich Capital,7273,Venture Capital,,,1,company_investor_relation|deal_investor_relation|investor_investment_relation
343227-43,COG Network,7275,Venture Capital,cog.network,cog.network,1,company_investor_relation|deal_investor_relation|investor_investment_relation
558119-62,Cohort Innovation Space,7279,Accelerator/Incubator,cohortspace.com.au,cohortspace.com.au,1,company_investor_relation|deal_investor_relation|investor_investment_relation
1168809-04,Coin Bureau Chinese,7281,Venture Capital,,,1,company_investor_relation|deal_investor_relation|investor_investment_relation
519749-47,Coin123,7282,Corporation,,,1,company_investor_relation|deal_investor_relation|investor_investment_relation
65912-77,Coinapult,7283,Corporation,www.coinapult.com,coinapult.com,1,company_investor_relation|deal_investor_relation|investor_investment_relation
519749-20,Coinbiz,7284,Corporation,,,1,company_investor_relation|deal_investor_relation|investor_investment_relation
277829-47,Coinchange,7287,VC-Backed Company,www.coinchange.io,coinchange.io,1,company_investor_relation|deal_investor_relation|investor_investment_relation
519960-97,COINCU Financial,7289,Venture Capital,,,1,company_investor_relation|deal_investor_relation|investor_investment_relation
279704-26,CoinFLEX,7292,Corporation,www.coinflex.com,coinflex.com,1,company_investor_relation|deal_investor_relation|investor_investment_relation
467743-42,Coinformant,7293,Corporation,www.coinformant.com.au,coinformant.com.au,1,company_investor_relation|deal_investor_relation|investor_investment_relation
493911-01,CoinPost,7295,PE-Backed Company,coinpost.jp,coinpost.jp,1,company_investor_relation|deal_investor_relation|investor_investment_relation
101080-72,Coins.ph,7296,PE-Backed Company,www.coins.ph,coins.ph,1,company_investor_relation|deal_investor_relation|investor_investment_relation
232669-00,Coinsortium,7297,Corporation,coinsortium.io,coinsortium.io,1,company_investor_relation|deal_investor_relation|investor_investment_relation
233737-66,Colaborativo,7304,Accelerator/Incubator,www.colaborativox.com,colaborativox.com,1,company_investor_relation|deal_investor_relation|investor_investment_relation
608805-46,Cole Cole,7306,Angel (individual),,,1,company_investor_relation|deal_investor_relation|investor_investment_relation
552597-22,Colin Armstrong,7308,Angel (individual),,,1,company_investor_relation|deal_investor_relation|investor_investment_relation
495405-10,ColinStar Capital,7311,Venture Capital,,,1,company_investor_relation|deal_investor_relation|investor_investment_relation
490808-26,Colizeum,7312,VC-Backed Company,colizeum.com,colizeum.com,1,company_investor_relation|deal_investor_relation|investor_investment_relation
466659-46,Collateral,7314,VC-Backed Company,www.collateralpay.com,collateralpay.com,1,company_investor_relation|deal_investor_relation|investor_investment_relation
592671-16,Collin Goltra,7318,Angel (individual),,,1,company_investor_relation|deal_investor_relation|investor_investment_relation
286986-07,Colony Family Offices,7320,Family Office,colonyfamilyoffices.com,colonyfamilyoffices.com,1,company_investor_relation|deal_investor_relation|investor_investment_relation
594267-22,Colorful Marketing,7322,Corporation,www.colorful-marketing.com,colorful-marketing.com,1,company_investor_relation|deal_investor_relation|investor_investment_relation
588815-92,Colosseum Management,7323,Venture Capital,,,1,company_investor_relation|deal_investor_relation|investor_investment_relation
117834-58,Columbia Angels,7325,Angel Group,www.columbiaangels.vc,columbiaangels.vc,1,company_investor_relation|deal_investor_relation|investor_investment_relation
85416-40,Columbia Business School,7326,University,www.business.columbia.edu,business.columbia.edu,1,company_investor_relation|deal_investor_relation|investor_investment_relation
433954-63,Comet Capital,7330,Venture Capital,,,1,company_investor_relation|deal_investor_relation|investor_investment_relation
483190-84,Comply Dot,7339,Other,,,1,company_investor_relation|deal_investor_relation|investor_investment_relation
54259-75,Concept Labs,7341,VC-Backed Company,conceptlabs.xyz,conceptlabs.xyz,1,company_investor_relation|deal_investor_relation|investor_investment_relation
60990-31,Concorde Capital,7343,Investment Bank,www.concorde.ua,concorde.ua,1,company_investor_relation|deal_investor_relation|investor_investment_relation
434233-27,Congwu Cheng,7345,Angel (individual),,,1,company_investor_relation|deal_investor_relation|investor_investment_relation
138960-64,Consilium Ventures,7354,PE/Buyout,consiliumventures.com,consiliumventures.com,1,company_investor_relation|deal_investor_relation|investor_investment_relation
142871-86,Consolidated Trading,7356,Corporation,consolidatedtrading.com,consolidatedtrading.com,1,company_investor_relation|deal_investor_relation|investor_investment_relation
221964-76,Contango Holdings,7359,Corporation,www.contango-holdings-plc.co.uk,contango-holdings-plc.co.uk,1,company_investor_relation|deal_investor_relation|investor_investment_relation
484779-88,Content Tap,7361,Corporation,,,1,company_investor_relation|deal_investor_relation|investor_investment_relation
497817-55,Contents Technologies,7362,VC-Backed Company,www.contentstech.com,contentstech.com,1,company_investor_relation|deal_investor_relation|investor_investment_relation
507119-68,Contingency Capital,7363,Asset Manager,www.contingencycapital.com,contingencycapital.com,1,company_investor_relation|deal_investor_relation|investor_investment_relation
287918-02,contractvc,7365,Venture Capital,www.contractvc.com,contractvc.com,1,company_investor_relation|deal_investor_relation|investor_investment_relation
103897-63,Contrib,7366,VC-Backed Company,www.contrib.com,contrib.com,1,company_investor_relation|deal_investor_relation|investor_investment_relation
501206-68,Convoi Ventures,7367,Venture Capital,www.convoiventures.com,convoiventures.com,1,company_investor_relation|deal_investor_relation|investor_investment_relation
625923-19,Cooper Scanlon,7369,Angel (individual),,,1,company_investor_relation|deal_investor_relation|investor_investment_relation
769567-69,CoPilot Ventures Studio,7371,Venture Capital,,,1,company_investor_relation|deal_investor_relation|investor_investment_relation
495900-73,Corbin Page,7373,Angel (individual),,,1,company_investor_relation|deal_investor_relation|investor_investment_relation
235271-98,Core Finance,7374,Investment Bank,www.core.ist,core.ist,1,company_investor_relation|deal_investor_relation|investor_investment_relation
433789-48,COREangels Climate,7377,Venture Capital,www.coreangels.com/coreangelsclimate,coreangels.com,1,company_investor_relation|deal_investor_relation|investor_investment_relation
64029-16,Corporación Hijos de Rivera,7381,Corporation,www.corporacionhijosderivera.com,corporacionhijosderivera.com,1,company_investor_relation|deal_investor_relation|investor_investment_relation
820898-11,Corse Ventures,7382,Venture Capital,www.corseventures.com,corseventures.com,1,company_investor_relation|deal_investor_relation|investor_investment_relation
338690-71,Cory Levy,7383,Angel (individual),,,1,company_investor_relation|deal_investor_relation|investor_investment_relation
434337-49,Cory Ondrejka,7384,Angel (individual),,,1,company_investor_relation|deal_investor_relation|investor_investment_relation
542361-52,Cosima Capital,7385,Venture Capital,cosimacap.com,cosimacap.com,1,company_investor_relation|deal_investor_relation|investor_investment_relation
489431-89,Cosmic Guild,7386,Venture Capital,www.cosmicguild.io,cosmicguild.io,1,company_investor_relation|deal_investor_relation|investor_investment_relation
533372-95,Cosmo Capital,7388,Other,www.cosmocapital.io,cosmocapital.io,1,company_investor_relation|deal_investor_relation|investor_investment_relation
168993-82,Cosmos Group Company,7391,Corporation,www.cosmosgroup.com.cn,cosmosgroup.com.cn,1,company_investor_relation|deal_investor_relation|investor_investment_relation
465516-91,CQ Capital,7401,Hedge Fund,,,1,company_investor_relation|deal_investor_relation|investor_investment_relation
153172-00,Craig Morrison,7406,Angel (individual),,,1,company_investor_relation|deal_investor_relation|investor_investment_relation
522784-36,Craze (Media and Information Services B2B),7408,Corporation,www.craze.nl,craze.nl,1,company_investor_relation|deal_investor_relation|investor_investment_relation
98759-89,Creand,7409,Corporation,www.creandgroup.com,creandgroup.com,1,company_investor_relation|deal_investor_relation|investor_investment_relation
10340-11,Creation Capital Advisors,7410,PE/Buyout,www.creationadvrs.com,creationadvrs.com,1,company_investor_relation|deal_investor_relation|investor_investment_relation
706205-62,Creative Capital Ventures,7412,Venture Capital,www.creative.capital,creative.capital,1,company_investor_relation|deal_investor_relation|investor_investment_relation
484098-22,Creator Capital.,7413,Holding Company,www.creatorcapital.io,creatorcapital.io,1,company_investor_relation|deal_investor_relation|investor_investment_relation
108596-53,CreatorIQ,7414,VC-Backed Company,www.creatoriq.com,creatoriq.com,1,company_investor_relation|deal_investor_relation|investor_investment_relation
459134-02,CreatorStack,7415,VC-Backed Company,www.creatorstack.com,creatorstack.com,1,company_investor_relation|deal_investor_relation|investor_investment_relation
44066-53,Credit Agricole,7416,Investment Bank,credit-agricole.com,credit-agricole.com,1,company_investor_relation|deal_investor_relation|investor_investment_relation
11419-30,Credit Industriel et Commercial,7417,Corporation,www.cic.fr,cic.fr,1,company_investor_relation|deal_investor_relation|investor_investment_relation
608770-81,Credo (Substack),7419,Venture Capital,www.credov.substack.com,credov.substack.com,1,company_investor_relation|deal_investor_relation|investor_investment_relation
11214-82,Crescendo Ventures,7421,Venture Capital,www.crescendoventures.com,crescendoventures.com,1,company_investor_relation|deal_investor_relation|investor_investment_relation
63150-67,Cronus Ventures,7426,Venture Capital,www.cronusventures.com,cronusventures.com,1,company_investor_relation|deal_investor_relation|investor_investment_relation
494256-97,Cropper Finance,7427,VC-Backed Company,www.cropper.finance,cropper.finance,1,company_investor_relation|deal_investor_relation|investor_investment_relation
467914-33,Cross River Digital Ventures,7428,Corporate Venture Capital,,,1,company_investor_relation|deal_investor_relation|investor_investment_relation
541426-42,cross.eth cross.eth,7429,Angel (individual),www.cr0ss.eth,cr0ss.eth,1,company_investor_relation|deal_investor_relation|investor_investment_relation
85651-75,CrossCoin Ventures,7430,Accelerator/Incubator,www.crosscoinventures.com,crosscoinventures.com,1,company_investor_relation|deal_investor_relation|investor_investment_relation
515567-44,CrossSpace,7431,VC-Backed Company,crossspace.co,crossspace.co,1,company_investor_relation|deal_investor_relation|investor_investment_relation
234987-13,CRST Homes Solutions,7434,Corporation,www.nalgroup.com,nalgroup.com,1,company_investor_relation|deal_investor_relation|investor_investment_relation
52883-11,Crunchyroll,7436,Corporation,www.crunchyroll.com,crunchyroll.com,1,company_investor_relation|deal_investor_relation|investor_investment_relation
467876-80,Crypkit,7439,VC-Backed Company,www.crypkit.com,crypkit.com,1,company_investor_relation|deal_investor_relation|investor_investment_relation
279785-26,Cryptix,7441,Corporation,www.cryptix.ag,cryptix.ag,1,company_investor_relation|deal_investor_relation|investor_investment_relation
627515-02,Cryptmer Cryptmer,7442,Angel (individual),,,1,company_investor_relation|deal_investor_relation|investor_investment_relation
495604-90,Crypto Curry,7445,Venture Capital,,,1,company_investor_relation|deal_investor_relation|investor_investment_relation
500022-10,crypto dep,7446,Corporation,,,1,company_investor_relation|deal_investor_relation|investor_investment_relation
519960-61,Crypto Era,7448,Venture Capital,,,1,company_investor_relation|deal_investor_relation|investor_investment_relation
502970-59,Crypto Force,7450,Corporation,,,1,company_investor_relation|deal_investor_relation|investor_investment_relation
510686-56,Crypto Hospital,7453,Venture Capital,,,1,company_investor_relation|deal_investor_relation|investor_investment_relation
489076-93,Crypto Jalal Najjar,7455,Venture Capital,,,1,company_investor_relation|deal_investor_relation|investor_investment_relation
494887-78,CRYPTO NOMAD,7457,Accelerator/Incubator,,,1,company_investor_relation|deal_investor_relation|investor_investment_relation
529357-33,Crypto Now,7458,Venture Capital,,,1,company_investor_relation|deal_investor_relation|investor_investment_relation
496749-16,Crypto OMG,7459,Other,,,1,company_investor_relation|deal_investor_relation|investor_investment_relation
500023-09,Crypto phd,7460,Corporation,,,1,company_investor_relation|deal_investor_relation|investor_investment_relation
502969-24,Crypto Pokers,7461,Venture Capital,,,1,company_investor_relation|deal_investor_relation|investor_investment_relation
720604-36,Crypto Rand,7462,Angel (individual),,,1,company_investor_relation|deal_investor_relation|investor_investment_relation
467616-61,Crypto Yield Capital,7465,Hedge Fund,www.cryptoyieldcapital.com,cryptoyieldcapital.com,1,company_investor_relation|deal_investor_relation|investor_investment_relation
539246-53,Cryptobaron,7466,Venture Capital,www.cryptobaron.ru,cryptobaron.ru,1,company_investor_relation|deal_investor_relation|investor_investment_relation
484362-37,CryptoBlades,7467,Corporation,www.cryptoblades.io,cryptoblades.io,1,company_investor_relation|deal_investor_relation|investor_investment_relation
503801-20,CryptoBobo,7468,Venture Capital,,,1,company_investor_relation|deal_investor_relation|investor_investment_relation
520704-10,CryptoBoost,7469,Venture Capital,,,1,company_investor_relation|deal_investor_relation|investor_investment_relation
503748-46,CryptoCommunity,7471,Corporation,cryptocommunity.ai,cryptocommunity.ai,1,company_investor_relation|deal_investor_relation|investor_investment_relation
527539-96,CryptoCondom,7472,Angel (individual),,,1,company_investor_relation|deal_investor_relation|investor_investment_relation
442363-24,CryptoCore Intellectual Holdings,7473,Other,www.cryptocoretech.com,cryptocoretech.com,1,company_investor_relation|deal_investor_relation|investor_investment_relation
439497-28,Cryptocup,7474,Corporation,www.cryptocup.io,cryptocup.io,1,company_investor_relation|deal_investor_relation|investor_investment_relation
638793-46,CryptoHedge,7477,Hedge Fund,www.cryptohedgellc.com,cryptohedgellc.com,1,company_investor_relation|deal_investor_relation|investor_investment_relation
500022-28,cryptolaxy,7479,Corporation,,,1,company_investor_relation|deal_investor_relation|investor_investment_relation
519749-29,Crypton Studio,7481,Corporation,,,1,company_investor_relation|deal_investor_relation|investor_investment_relation
519079-42,Cryptonaire Ventures PH,7482,Venture Capital,www.cryptonaireventuresph.com,cryptonaireventuresph.com,1,company_investor_relation|deal_investor_relation|investor_investment_relation
594203-41,Cryptonauts,7483,Corporation,,,1,company_investor_relation|deal_investor_relation|investor_investment_relation
494553-97,Cryptopathic,7484,Venture Capital,,,1,company_investor_relation|deal_investor_relation|investor_investment_relation
509459-68,Cryptory,7485,Venture Capital,,,1,company_investor_relation|deal_investor_relation|investor_investment_relation
528146-83,CryptoSlate,7487,Corporation,www.cryptoslate.com,cryptoslate.com,1,company_investor_relation|deal_investor_relation|investor_investment_relation
640758-61,CryptoView,7488,Accelerator/Incubator,www.sixthdaovc.com,sixthdaovc.com,1,company_investor_relation|deal_investor_relation|investor_investment_relation
483360-04,CryptoWendyO,7490,Corporation,www.cryptowendyo.com,cryptowendyo.com,1,company_investor_relation|deal_investor_relation|investor_investment_relation
493928-83,CryptoWesearch,7491,Venture Capital,,,1,company_investor_relation|deal_investor_relation|investor_investment_relation
442598-23,CryptoYC,7492,Venture Capital,www.cryptoyc.com,cryptoyc.com,1,company_investor_relation|deal_investor_relation|investor_investment_relation
540756-28,Cryptpal Singh,7493,Angel (individual),,,1,company_investor_relation|deal_investor_relation|investor_investment_relation
590234-23,CSC.,7495,Corporation,,,1,company_investor_relation|deal_investor_relation|investor_investment_relation
181055-71,CSquared,7498,PE-Backed Company,www.csquared.com,csquared.com,1,company_investor_relation|deal_investor_relation|investor_investment_relation
466621-03,CTS Capital Management,7500,Hedge Fund,,,1,company_investor_relation|deal_investor_relation|investor_investment_relation
484843-24,Cuan Ventures,7501,Venture Capital,,,1,company_investor_relation|deal_investor_relation|investor_investment_relation
233346-52,Cuatrecasas Acelera,7502,Accelerator/Incubator,innova.cuatrecasas.com,innova.cuatrecasas.com,1,company_investor_relation|deal_investor_relation|investor_investment_relation
615835-99,Cubantobacco Cubantobacco,7503,Angel (individual),,,1,company_investor_relation|deal_investor_relation|investor_investment_relation
176152-78,Cultura Colectiva,7505,VC-Backed Company,www.culturacolectiva.com,culturacolectiva.com,1,company_investor_relation|deal_investor_relation|investor_investment_relation
108079-39,Culture Convenience Club Company,7506,Corporation,www.ccc.co.jp,ccc.co.jp,1,company_investor_relation|deal_investor_relation|investor_investment_relation
498400-12,Culture3,7507,Corporation,www.culture3.xyz,culture3.xyz,1,company_investor_relation|deal_investor_relation|investor_investment_relation
520960-24,Cumberland Labs,7508,Accelerator/Incubator,www.cumberlandlabs.io,cumberlandlabs.io,1,company_investor_relation|deal_investor_relation|investor_investment_relation
530185-15,Cumberland Ventures,7510,Venture Capital,,,1,company_investor_relation|deal_investor_relation|investor_investment_relation
170650-54,Cupid,7511,Corporation,www.cupidlimited.com,cupidlimited.com,1,company_investor_relation|deal_investor_relation|investor_investment_relation
63271-90,CVCapital,7519,Investment Bank,www.cvcapital.com,cvcapital.com,1,company_investor_relation|deal_investor_relation|investor_investment_relation
459538-75,CWIN Capital,7520,Venture Capital,,,1,company_investor_relation|deal_investor_relation|investor_investment_relation
167481-91,Cyanhill Capital,7522,Venture Capital,www.cyanhillcapital.com,cyanhillcapital.com,1,company_investor_relation|deal_investor_relation|investor_investment_relation
502969-42,cyber funk gaming,7523,Venture Capital,,,1,company_investor_relation|deal_investor_relation|investor_investment_relation
434530-36,Cyberfund,7524,Corporation,www.cyberfund.com,cyberfund.com,1,company_investor_relation|deal_investor_relation|investor_investment_relation
169608-70,Cyberview Living Lab Accelerator,7529,Accelerator/Incubator,,,1,company_investor_relation|deal_investor_relation|investor_investment_relation
516982-33,Cyborium,7530,Other,,,1,company_investor_relation|deal_investor_relation|investor_investment_relation
490351-96,Cyclical Ventures,7532,Venture Capital,,,1,company_investor_relation|deal_investor_relation|investor_investment_relation
60723-91,Cypher Metaverse,7534,Venture Capital,www.cypher-meta.com,cypher-meta.com,1,company_investor_relation|deal_investor_relation|investor_investment_relation
588673-99,Cyrus Fazel,7538,Angel (individual),,,1,company_investor_relation|deal_investor_relation|investor_investment_relation
110453-86,César Tanarro,7539,Angel (individual),,,1,company_investor_relation|deal_investor_relation|investor_investment_relation
503935-57,D Capital (Japan),7541,PE/Buyout,dcapital.jp,dcapital.jp,1,company_investor_relation|deal_investor_relation|investor_investment_relation
442458-01,D&FG Elements,7542,Venture Capital,www.dfgelements.com,dfgelements.com,1,company_investor_relation|deal_investor_relation|investor_investment_relation
496231-03,D'Arcy Coolican,7543,Angel (individual),darcycoolican.com,darcycoolican.com,1,company_investor_relation|deal_investor_relation|investor_investment_relation
85847-32,D-Camp,7544,Accelerator/Incubator,dcamp.kr,dcamp.kr,1,company_investor_relation|deal_investor_relation|investor_investment_relation
490820-68,D.H Inc,7545,Venture Capital,,,1,company_investor_relation|deal_investor_relation|investor_investment_relation
528219-46,Dacorum.gg,7548,Corporation,,,1,company_investor_relation|deal_investor_relation|investor_investment_relation
467896-42,Dadventures (India),7550,Corporation,,,1,company_investor_relation|deal_investor_relation|investor_investment_relation
498006-82,Daegyeong Regional University Joint Technology Holdings,7551,Accelerator/Incubator,www.dgth.co.kr,dgth.co.kr,1,company_investor_relation|deal_investor_relation|investor_investment_relation
432831-97,Daekyo Investment,7553,Corporate Venture Capital,www.daekyoinvest.com,daekyoinvest.com,1,company_investor_relation|deal_investor_relation|investor_investment_relation
539515-36,Daewoong Investment,7557,Corporate Venture Capital,,,1,company_investor_relation|deal_investor_relation|investor_investment_relation
267980-32,Dagmar Wöhrl,7560,Angel (individual),,,1,company_investor_relation|deal_investor_relation|investor_investment_relation
109686-07,Dai Zhikang,7562,Angel (individual),,,1,company_investor_relation|deal_investor_relation|investor_investment_relation
718223-14,Dan Evseev,7568,Angel (individual),,,1,company_investor_relation|deal_investor_relation|investor_investment_relation
507173-95,Dan Houser,7569,Angel (individual),,,1,company_investor_relation|deal_investor_relation|investor_investment_relation
494724-16,Dan Howard,7570,Angel (individual),,,1,company_investor_relation|deal_investor_relation|investor_investment_relation
510830-65,Dan Simerman,7572,Angel (individual),,,1,company_investor_relation|deal_investor_relation|investor_investment_relation
494724-97,Dane Covington,7573,Angel (individual),,,1,company_investor_relation|deal_investor_relation|investor_investment_relation
529572-43,Daniel Bunting,7576,Angel (individual),,,1,company_investor_relation|deal_investor_relation|investor_investment_relation
498139-57,Daniel Engelhardt,7579,Angel (individual),,,1,company_investor_relation|deal_investor_relation|investor_investment_relation
453352-42,Daniel Hill,7584,Angel (individual),,,1,company_investor_relation|deal_investor_relation|investor_investment_relation
458054-20,Daniel Kim,7586,Angel (individual),,,1,company_investor_relation|deal_investor_relation|investor_investment_relation
471706-48,Daniel Pomp,7589,Angel (individual),,,1,company_investor_relation|deal_investor_relation|investor_investment_relation
532671-49,Daniel Stockhaus,7590,Angel (individual),,,1,company_investor_relation|deal_investor_relation|investor_investment_relation
482465-08,Daniel Zuckerman,7591,Angel (individual),,,1,company_investor_relation|deal_investor_relation|investor_investment_relation
119815-84,Daniil Stolyarov,7592,Angel (individual),,,1,company_investor_relation|deal_investor_relation|investor_investment_relation
279511-57,Danny Saucedo,7596,Angel (individual),,,1,company_investor_relation|deal_investor_relation|investor_investment_relation
521491-78,DAO ROI,7598,Venture Capital,,,1,company_investor_relation|deal_investor_relation|investor_investment_relation
496588-51,DAO.vc,7600,Accelerator/Incubator,www.dao.vc,dao.vc,1,company_investor_relation|deal_investor_relation|investor_investment_relation
462514-78,DAOLaunch,7603,VC-Backed Company,www.daolaunch.net,daolaunch.net,1,company_investor_relation|deal_investor_relation|investor_investment_relation
519741-10,DAOWell,7605,Other,,,1,company_investor_relation|deal_investor_relation|investor_investment_relation
343711-99,Dark Sails Capital Ventures,7612,Venture Capital,,,1,company_investor_relation|deal_investor_relation|investor_investment_relation
484842-79,Darkpool Capital,7613,Venture Capital,,,1,company_investor_relation|deal_investor_relation|investor_investment_relation
182396-98,Darwin Startups,7617,Accelerator/Incubator,www.darwinstartups.com,darwinstartups.com,1,company_investor_relation|deal_investor_relation|investor_investment_relation
185025-52,DasCapital,7619,Venture Capital,dascapital.io,dascapital.io,1,company_investor_relation|deal_investor_relation|investor_investment_relation
107688-07,Data Section,7623,Corporation,www.datasection.co.jp,datasection.co.jp,1,company_investor_relation|deal_investor_relation|investor_investment_relation
496341-64,DataDash,7625,Angel (individual),,,1,company_investor_relation|deal_investor_relation|investor_investment_relation
739626-49,DataMining Tech,7626,Venture Capital,www.dmtech.vc,dmtech.vc,1,company_investor_relation|deal_investor_relation|investor_investment_relation
463358-08,David Anthony,7634,Angel (individual),,,1,company_investor_relation|deal_investor_relation|investor_investment_relation
496341-46,David Balemezi,7635,Angel (individual),,,1,company_investor_relation|deal_investor_relation|investor_investment_relation
120596-41,David Beckham,7636,Angel (individual),,,1,company_investor_relation|deal_investor_relation|investor_investment_relation
471512-62,David Bishop,7638,Angel (individual),,,1,company_investor_relation|deal_investor_relation|investor_investment_relation
527539-78,David Bleznak,7639,Angel (individual),,,1,company_investor_relation|deal_investor_relation|investor_investment_relation
166731-31,David Chao,7640,Angel (individual),,,1,company_investor_relation|deal_investor_relation|investor_investment_relation
467930-62,David Cunio,7645,Angel (individual),,,1,company_investor_relation|deal_investor_relation|investor_investment_relation
608686-39,David Gogel,7652,Angel (individual),,,1,company_investor_relation|deal_investor_relation|investor_investment_relation
491632-93,David Grider,7653,Angel (individual),,,1,company_investor_relation|deal_investor_relation|investor_investment_relation
638286-31,David Johansson,7657,Angel (individual),,,1,company_investor_relation|deal_investor_relation|investor_investment_relation
234001-36,David Mysliwiec,7665,Angel (individual),,,1,company_investor_relation|deal_investor_relation|investor_investment_relation
467898-04,David Nakayama,7667,Angel (individual),,,1,company_investor_relation|deal_investor_relation|investor_investment_relation
495819-91,David Nutter,7668,Angel (individual),,,1,company_investor_relation|deal_investor_relation|investor_investment_relation
491710-51,David Waslen,7681,Angel (individual),,,1,company_investor_relation|deal_investor_relation|investor_investment_relation
106390-72,David Williams,7682,Angel (individual),,,1,company_investor_relation|deal_investor_relation|investor_investment_relation
106435-09,David Wu,7683,Angel (individual),www.davewu.com,davewu.com,1,company_investor_relation|deal_investor_relation|investor_investment_relation
529331-95,Davidi Gilo,7686,Angel (individual),,,1,company_investor_relation|deal_investor_relation|investor_investment_relation
515672-29,Davion Labs,7688,Accelerator/Incubator,www.davionlabs.com,davionlabs.com,1,company_investor_relation|deal_investor_relation|investor_investment_relation
490138-48,Davis Bell,7689,Angel (individual),,,1,company_investor_relation|deal_investor_relation|investor_investment_relation
502631-56,Dawn (Crypto),7690,Corporation,www.dawn.org,dawn.org,1,company_investor_relation|deal_investor_relation|investor_investment_relation
594269-65,Days (Japan),7693,Corporation,,,1,company_investor_relation|deal_investor_relation|investor_investment_relation
615427-84,Days!,7694,Corporation,www.days365.co.jp,days365.co.jp,1,company_investor_relation|deal_investor_relation|investor_investment_relation
491509-99,DayZeroFund,7695,Corporation,,,1,company_investor_relation|deal_investor_relation|investor_investment_relation
42711-85,DB Investment Partners,7697,Corporate Venture Capital,,,1,company_investor_relation|deal_investor_relation|investor_investment_relation
513105-22,DBH Incorporated,7699,Corporation,,,1,company_investor_relation|deal_investor_relation|investor_investment_relation
101218-96,DCT Capital,7704,Family Office,,,1,company_investor_relation|deal_investor_relation|investor_investment_relation
484092-64,DCT.,7705,Venture Capital,,,1,company_investor_relation|deal_investor_relation|investor_investment_relation
267484-78,DCube,7707,Accelerator/Incubator,dcube-incubator.com,dcube-incubator.com,1,company_investor_relation|deal_investor_relation|investor_investment_relation
498369-34,DD Venture Capital,7708,Venture Capital,www.ddvc.ch,ddvc.ch,1,company_investor_relation|deal_investor_relation|investor_investment_relation
593802-55,De Facto,7711,Corporation,www.de-facto.pro,de-facto.pro,1,company_investor_relation|deal_investor_relation|investor_investment_relation
711439-21,DE.AI TECH,7712,Venture Capital,,,1,company_investor_relation|deal_investor_relation|investor_investment_relation
631417-87,DeAgentAI,7714,Venture Capital,www.deagent.ai,deagent.ai,1,company_investor_relation|deal_investor_relation|investor_investment_relation
472428-37,deBridge Finance,7719,Venture Capital,debridge.finance,debridge.finance,1,company_investor_relation|deal_investor_relation|investor_investment_relation
500651-29,DEC. Ventures,7720,Venture Capital,,,1,company_investor_relation|deal_investor_relation|investor_investment_relation
63466-21,Decent Capital,7721,Family Office,www.decentcapital.com,decentcapital.com,1,company_investor_relation|deal_investor_relation|investor_investment_relation
522619-57,DeData,7731,Corporation,www.dedata.com,dedata.com,1,company_investor_relation|deal_investor_relation|investor_investment_relation
433954-81,Deer Capital,7737,Venture Capital,,,1,company_investor_relation|deal_investor_relation|investor_investment_relation
433589-50,Deer Valley Capital,7738,Accelerator/Incubator,www.deervalley-capital.com,deervalley-capital.com,1,company_investor_relation|deal_investor_relation|investor_investment_relation
509463-10,Defi Blog,7740,Other,,,1,company_investor_relation|deal_investor_relation|investor_investment_relation
495747-64,Defi Research Institute,7743,Corporation,www.defiresearch.institute,defiresearch.institute,1,company_investor_relation|deal_investor_relation|investor_investment_relation
509463-28,Defi Space,7744,Other,,,1,company_investor_relation|deal_investor_relation|investor_investment_relation
482787-64,DeFi.Org Accelerator,7746,Accelerator/Incubator,www.defi.org,defi.org,1,company_investor_relation|deal_investor_relation|investor_investment_relation
467878-78,Defi11,7747,Corporation,www.defieleven.com,defieleven.com,1,company_investor_relation|deal_investor_relation|investor_investment_relation
509462-83,Defiaz,7749,Corporation,,,1,company_investor_relation|deal_investor_relation|investor_investment_relation
467896-15,Defied Bank,7750,Corporation,,,1,company_investor_relation|deal_investor_relation|investor_investment_relation
503010-64,DeFiHorse,7751,VC-Backed Company,www.defihorse.com,defihorse.com,1,company_investor_relation|deal_investor_relation|investor_investment_relation
492617-89,Delight Room,7759,Corporation,www.alar.my,alar.my,1,company_investor_relation|deal_investor_relation|investor_investment_relation
13414-33,Dell Technologies,7760,Corporation,www.dell.com,dell.com,1,company_investor_relation|deal_investor_relation|investor_investment_relation
463265-38,Delta Capital Partners (Jamaica),7768,PE/Buyout,thedeltaeffect.com,thedeltaeffect.com,1,company_investor_relation|deal_investor_relation|investor_investment_relation
432539-56,DeltaCore Capital,7770,Hedge Fund,www.deltacorecapital.com,deltacorecapital.com,1,company_investor_relation|deal_investor_relation|investor_investment_relation
489283-21,DeltaTiger,7771,Corporation,,,1,company_investor_relation|deal_investor_relation|investor_investment_relation
398998-72,Denar Capital,7774,Venture Capital,,,1,company_investor_relation|deal_investor_relation|investor_investment_relation
489294-64,Dennis Schafer,7775,Angel (individual),,,1,company_investor_relation|deal_investor_relation|investor_investment_relation
729340-39,Depin Institute,7781,Corporation,www.depininstitute.org,depininstitute.org,1,company_investor_relation|deal_investor_relation|investor_investment_relation
495850-24,Dera Game Company,7782,Corporation,www.dxg.jp,dxg.jp,1,company_investor_relation|deal_investor_relation|investor_investment_relation
537591-43,Derek Lau,7784,Angel (individual),,,1,company_investor_relation|deal_investor_relation|investor_investment_relation
109694-26,Derek White,7787,Angel (individual),,,1,company_investor_relation|deal_investor_relation|investor_investment_relation
11167-39,Detong Capital,7790,Venture Capital,www.dtcap.com,dtcap.com,1,company_investor_relation|deal_investor_relation|investor_investment_relation
11727-91,Deutsche Post,7794,Corporation,www.group.dhl.com,group.dhl.com,1,company_investor_relation|deal_investor_relation|investor_investment_relation
535960-99,Devaiah Pagidipati,7795,Angel (individual),,,1,company_investor_relation|deal_investor_relation|investor_investment_relation
157322-17,Devlabs Ventures,7796,Venture Capital,www.devlabs.vc,devlabs.vc,1,company_investor_relation|deal_investor_relation|investor_investment_relation
467585-92,Dexlab,7801,Corporation,www.dexlab.space,dexlab.space,1,company_investor_relation|deal_investor_relation|investor_investment_relation
494873-02,Dexterity Capital,7802,VC-Backed Company,dexterity.capital,dexterity.capital,1,company_investor_relation|deal_investor_relation|investor_investment_relation
528580-45,DFH Studio,7805,Venture Capital,,,1,company_investor_relation|deal_investor_relation|investor_investment_relation
1149810-22,DfiMoney,7806,Corporation,,,1,company_investor_relation|deal_investor_relation|investor_investment_relation
503905-69,DFIN Ventures,7807,Venture Capital,,,1,company_investor_relation|deal_investor_relation|investor_investment_relation
527280-67,DG Global Ventures,7810,Other,,,1,company_investor_relation|deal_investor_relation|investor_investment_relation
512574-31,Dhawal Shah,7814,Angel (individual),,,1,company_investor_relation|deal_investor_relation|investor_investment_relation
472042-54,DICA - Dynamic Innovation Campus Accelerator,7820,Accelerator/Incubator,dica.world,dica.world,1,company_investor_relation|deal_investor_relation|investor_investment_relation
106470-64,Diego Berdakin,7821,Angel (individual),,,1,company_investor_relation|deal_investor_relation|investor_investment_relation
522670-78,Diego Ruiz,7824,Angel (individual),,,1,company_investor_relation|deal_investor_relation|investor_investment_relation
221535-28,DIFC Innovation Hub,7825,Accelerator/Incubator,innovationhub.difc.ae,innovationhub.difc.ae,1,company_investor_relation|deal_investor_relation|investor_investment_relation
472341-43,DigiCirc,7826,Accelerator/Incubator,www.digicirc.eu,digicirc.eu,1,company_investor_relation|deal_investor_relation|investor_investment_relation
496557-01,DigiFinance,7827,Corporation,www.digi-finance.io,digi-finance.io,1,company_investor_relation|deal_investor_relation|investor_investment_relation
94980-07,Digital City Group,7831,Venture Capital,www.digitalcity.group,digitalcity.group,1,company_investor_relation|deal_investor_relation|investor_investment_relation
182282-23,Digital Incubation Center,7833,Accelerator/Incubator,dic.mcit.gov.qa,dic.mcit.gov.qa,1,company_investor_relation|deal_investor_relation|investor_investment_relation
496325-44,Digital Sandwich,7836,Corporation,www.digitalsandwich.co.uk,digitalsandwich.co.uk,1,company_investor_relation|deal_investor_relation|investor_investment_relation
495715-24,Digital Singapore Foundation,7837,Venture Capital,,,1,company_investor_relation|deal_investor_relation|investor_investment_relation
489757-24,Digital Tribe Capital,7838,Venture Capital,,,1,company_investor_relation|deal_investor_relation|investor_investment_relation
529808-32,Digital Ventures Group (Investment Management),7841,Corporation,www.digitalventuresgroup.com,digitalventuresgroup.com,1,company_investor_relation|deal_investor_relation|investor_investment_relation
168216-58,DigitalHealth.London Accelerator,7843,Accelerator/Incubator,www.digitalhealth.london,digitalhealth.london,1,company_investor_relation|deal_investor_relation|investor_investment_relation
606507-40,Digitata Capital,7845,Corporation,www.digitata.xyz,digitata.xyz,1,company_investor_relation|deal_investor_relation|investor_investment_relation
154895-59,Digitech Venture Capital Fund,7846,Venture Capital,www.digitechvcfund.com,digitechvcfund.com,1,company_investor_relation|deal_investor_relation|investor_investment_relation
846526-33,Digits DAO,7848,Corporation,www.digitsdao.finance,digitsdao.finance,1,company_investor_relation|deal_investor_relation|investor_investment_relation
467158-51,Dillon Chen,7851,Angel (individual),,,1,company_investor_relation|deal_investor_relation|investor_investment_relation
122432-77,Dillon Gage Metals Division,7853,Corporation,www.dillongage.com,dillongage.com,1,company_investor_relation|deal_investor_relation|investor_investment_relation
537741-73,Dillon Healy,7854,Angel (individual),,,1,company_investor_relation|deal_investor_relation|investor_investment_relation
482027-05,Dirk Ahlborn,7865,Angel (individual),,,1,company_investor_relation|deal_investor_relation|investor_investment_relation
179467-84,Discovery Nusantara Capital,7867,Venture Capital,www.dncindonesia.com,dncindonesia.com,1,company_investor_relation|deal_investor_relation|investor_investment_relation
459998-38,Dispatch Ventures,7871,Venture Capital,www.dispatch.vc,dispatch.vc,1,company_investor_relation|deal_investor_relation|investor_investment_relation
118477-36,District 3 Innovation Center,7876,Accelerator/Incubator,district3.co,district3.co,1,company_investor_relation|deal_investor_relation|investor_investment_relation
664267-51,DKS Ventures,7881,Accelerator/Incubator,www.dks.ventures,dks.ventures,1,company_investor_relation|deal_investor_relation|investor_investment_relation
61105-33,DL Holdings,7882,Holding Company,www.dlholdings.co.kr,dlholdings.co.kr,1,company_investor_relation|deal_investor_relation|investor_investment_relation
55739-17,DLE,7883,Corporation,www.dle.jp,dle.jp,1,company_investor_relation|deal_investor_relation|investor_investment_relation
42303-43,DLT Resolution,7884,Corporation,www.dltresolution.com,dltresolution.com,1,company_investor_relation|deal_investor_relation|investor_investment_relation
433208-44,DM Capital (China),7885,Venture Capital,www.dmcapital.cn,dmcapital.cn,1,company_investor_relation|deal_investor_relation|investor_investment_relation
489666-16,DM Labs,7886,Venture Capital,,,1,company_investor_relation|deal_investor_relation|investor_investment_relation
492640-12,Dmail Network,7887,VC-Backed Company,www.dmail.ai,dmail.ai,1,company_investor_relation|deal_investor_relation|investor_investment_relation
615678-76,Dmitriy Kotliarov,7888,Angel (individual),,,1,company_investor_relation|deal_investor_relation|investor_investment_relation
170909-47,DOMO.VC,7897,Venture Capital,domo.vc,domo.vc,1,company_investor_relation|deal_investor_relation|investor_investment_relation
222017-41,Donarg,7901,Corporation,www.virgiliuswealth.com,virgiliuswealth.com,1,company_investor_relation|deal_investor_relation|investor_investment_relation
437212-72,Dong Zhao,7902,Angel (individual),,,1,company_investor_relation|deal_investor_relation|investor_investment_relation
277303-33,Dongfang Guoshi,7903,Corporate Venture Capital,,,1,company_investor_relation|deal_investor_relation|investor_investment_relation
234846-55,Donna Redel,7904,Angel (individual),,,1,company_investor_relation|deal_investor_relation|investor_investment_relation
1167113-98,Donny Chi,7905,Angel (individual),,,1,company_investor_relation|deal_investor_relation|investor_investment_relation
502633-09,Doo Wan Nam,7906,Angel (individual),,,1,company_investor_relation|deal_investor_relation|investor_investment_relation
438115-69,Dopex,7907,Corporation,www.dopex.com,dopex.com,1,company_investor_relation|deal_investor_relation|investor_investment_relation
519750-19,DopikAI,7908,Corporation,,,1,company_investor_relation|deal_investor_relation|investor_investment_relation
600157-09,Dorothy Liu,7910,Angel (individual),,,1,company_investor_relation|deal_investor_relation|investor_investment_relation
162767-89,DotC United Group,7912,VC-Backed Company,www.dotcunitedgroup.com,dotcunitedgroup.com,1,company_investor_relation|deal_investor_relation|investor_investment_relation
482500-54,DotOracle,7914,Corporation,dotoracle.network,dotoracle.network,1,company_investor_relation|deal_investor_relation|investor_investment_relation
231176-89,Double Chain Capital,7915,Venture Capital,,,1,company_investor_relation|deal_investor_relation|investor_investment_relation
495602-20,Doublespeak,7917,Venture Capital,,,1,company_investor_relation|deal_investor_relation|investor_investment_relation
495819-73,Doug Frankel,7918,Angel (individual),,,1,company_investor_relation|deal_investor_relation|investor_investment_relation
756590-68,Douglas Colkitt,7920,Angel (individual),,,1,company_investor_relation|deal_investor_relation|investor_investment_relation
624237-04,Dowill Holding,7922,Venture Capital,dowillholding.com,dowillholding.com,1,company_investor_relation|deal_investor_relation|investor_investment_relation
142125-13,Dragoon Technologies,7930,Corporation,dragoonitcn.com,dragoonitcn.com,1,company_investor_relation|deal_investor_relation|investor_investment_relation
120194-29,Dragos,7931,VC-Backed Company,www.dragos.com,dragos.com,1,company_investor_relation|deal_investor_relation|investor_investment_relation
55924-30,Draper,7932,Corporation,www.draper.com,draper.com,1,company_investor_relation|deal_investor_relation|investor_investment_relation
229610-98,Draper Cygnus,7934,Venture Capital,www.drapercygnus.vc,drapercygnus.vc,1,company_investor_relation|deal_investor_relation|investor_investment_relation
530852-41,Draper Round Table,7935,Venture Capital,,,1,company_investor_relation|deal_investor_relation|investor_investment_relation
266958-10,Draper Startup House,7936,Accelerator/Incubator,www.draperstartuphouse.com,draperstartuphouse.com,1,company_investor_relation|deal_investor_relation|investor_investment_relation
265623-49,Dream Labs Innovation,7937,Venture Capital,www.dreamlabs.sg,dreamlabs.sg,1,company_investor_relation|deal_investor_relation|investor_investment_relation
502934-95,Dream Ventures PH,7939,Accelerator/Incubator,www.dreamventures.io,dreamventures.io,1,company_investor_relation|deal_investor_relation|investor_investment_relation
168936-67,Drew Taggart,7942,Angel (individual),,,1,company_investor_relation|deal_investor_relation|investor_investment_relation
58384-81,Drummond Road Capital,7944,Venture Capital,www.drummondroad.com,drummondroad.com,1,company_investor_relation|deal_investor_relation|investor_investment_relation
119188-27,DSA Group,7948,Asset Manager,www.dsainvestments.com,dsainvestments.com,1,company_investor_relation|deal_investor_relation|investor_investment_relation
13140-19,DTS,7949,Corporation,www.dts.com,dts.com,1,company_investor_relation|deal_investor_relation|investor_investment_relation
615628-72,Dubai Labs,7951,Venture Capital,,,1,company_investor_relation|deal_investor_relation|investor_investment_relation
519749-65,Dubaotiente.com,7952,Corporation,,,1,company_investor_relation|deal_investor_relation|investor_investment_relation
519961-33,Duck Crypto,7954,Corporation,,,1,company_investor_relation|deal_investor_relation|investor_investment_relation
507387-52,DuckStarter,7956,Other,,,1,company_investor_relation|deal_investor_relation|investor_investment_relation
490163-23,Dude Perfect,7957,PE-Backed Company,www.dudeperfect.com,dudeperfect.com,1,company_investor_relation|deal_investor_relation|investor_investment_relation
483059-80,Dunstan Teo,7963,Angel (individual),,,1,company_investor_relation|deal_investor_relation|investor_investment_relation
459235-54,Duong Nguyen,7964,Angel (individual),,,1,company_investor_relation|deal_investor_relation|investor_investment_relation
483725-80,Durty Crypto,7965,Corporate Venture Capital,,,1,company_investor_relation|deal_investor_relation|investor_investment_relation
156551-32,Dutch Telekom,7967,Other,,,1,company_investor_relation|deal_investor_relation|investor_investment_relation
513116-65,DV Darkpool,7969,Venture Capital,,,1,company_investor_relation|deal_investor_relation|investor_investment_relation
223497-19,dYdX Labs,7975,VC-Backed Company,www.dydx.xyz,dydx.xyz,1,company_investor_relation|deal_investor_relation|investor_investment_relation
483724-45,Dynamic Labs (Financial Software),7978,VC-Backed Company,www.fancybearsmetaverse.com,fancybearsmetaverse.com,1,company_investor_relation|deal_investor_relation|investor_investment_relation
497858-50,Dynamite Ventures,7979,Venture Capital,,,1,company_investor_relation|deal_investor_relation|investor_investment_relation
818986-78,E4 Capital,7983,Secondary Buyer,www.e4.capital,e4.capital,1,company_investor_relation|deal_investor_relation|investor_investment_relation
522688-33,EA. Finance,7984,Other,www.ea.finance,ea.finance,1,company_investor_relation|deal_investor_relation|investor_investment_relation
181574-92,Eagle10 Ventures,7985,Venture Capital,www.eagle10ventures.com,eagle10ventures.com,1,company_investor_relation|deal_investor_relation|investor_investment_relation
127174-06,Eagles Fund,7986,Venture Capital,www.eaglesfund.com,eaglesfund.com,1,company_investor_relation|deal_investor_relation|investor_investment_relation
493050-43,Earn Guild,7987,Corporation,www.earnguild.io,earnguild.io,1,company_investor_relation|deal_investor_relation|investor_investment_relation
463549-33,Eastate,7990,Family Office,www.eastate.se,eastate.se,1,company_investor_relation|deal_investor_relation|investor_investment_relation
61141-78,Eastern Capital,7991,Real Estate,www.easterncapitalusa.com,easterncapitalusa.com,1,company_investor_relation|deal_investor_relation|investor_investment_relation
512281-18,Eastern Epic Capitals,7992,Venture Capital,www.easternepic.vc,easternepic.vc,1,company_investor_relation|deal_investor_relation|investor_investment_relation
513003-88,EC ventures,7994,Venture Capital,,,1,company_investor_relation|deal_investor_relation|investor_investment_relation
452794-15,Echo Investment Capital,8001,PE/Buyout,echo.global,echo.global,1,company_investor_relation|deal_investor_relation|investor_investment_relation
149567-23,Echo Solutions,8002,Corporation,www.echoinformation.com,echoinformation.com,1,company_investor_relation|deal_investor_relation|investor_investment_relation
53486-65,EchoVC Partners,8003,Venture Capital,www.echovc.com,echovc.com,1,company_investor_relation|deal_investor_relation|investor_investment_relation
126290-08,Eclipse Ventures,8005,Venture Capital,eclipse.capital,eclipse.capital,1,company_investor_relation|deal_investor_relation|investor_investment_relation
40665-97,Ecosystem Ventures,8007,Venture Capital,ecosystemventuresice.wpcomstaging.com,ecosystemventuresice.wpcomstaging.com,1,company_investor_relation|deal_investor_relation|investor_investment_relation
481387-96,ECRUX Venture Partners,8008,Venture Capital,www.ecruxvp.com,ecruxvp.com,1,company_investor_relation|deal_investor_relation|investor_investment_relation
227251-09,Eddie Thai,8009,Angel (individual),eddiesthai.com,eddiesthai.com,1,company_investor_relation|deal_investor_relation|investor_investment_relation
312337-36,Eden Ventures (New Zealand),8011,Venture Capital,www.edenventures.co.nz,edenventures.co.nz,1,company_investor_relation|deal_investor_relation|investor_investment_relation
230698-99,EDHEC Entrepreneurs,8015,Accelerator/Incubator,entrepreneurs.edhec.edu/en,entrepreneurs.edhec.edu,1,company_investor_relation|deal_investor_relation|investor_investment_relation
502728-04,Edilene Ferreira,8016,Angel (individual),,,1,company_investor_relation|deal_investor_relation|investor_investment_relation
93671-92,Edmonton Unlimited,8019,Accelerator/Incubator,www.edmontonunlimited.com,edmontonunlimited.com,1,company_investor_relation|deal_investor_relation|investor_investment_relation
151084-09,Edna Beech,8020,Angel (individual),,,1,company_investor_relation|deal_investor_relation|investor_investment_relation
773550-64,Edouard Schumacher,8021,Angel (individual),,,1,company_investor_relation|deal_investor_relation|investor_investment_relation
615882-07,Edvation Open Lab,8022,Accelerator/Incubator,www.edvation-openlab.go.jp,edvation-openlab.go.jp,1,company_investor_relation|deal_investor_relation|investor_investment_relation
552098-08,Edward Hutchinson,8023,Angel (individual),,,1,company_investor_relation|deal_investor_relation|investor_investment_relation
482589-01,Edward Suh,8025,Angel (individual),,,1,company_investor_relation|deal_investor_relation|investor_investment_relation
149806-81,Eefficiency,8027,Venture Capital,www.eefficiency.fr,eefficiency.fr,1,company_investor_relation|deal_investor_relation|investor_investment_relation
533167-48,Efent,8029,Corporation,,,1,company_investor_relation|deal_investor_relation|investor_investment_relation
528699-16,Efficient Frontiers,8031,Other,,,1,company_investor_relation|deal_investor_relation|investor_investment_relation
571668-67,EFIL,8033,Venture Capital,,,1,company_investor_relation|deal_investor_relation|investor_investment_relation
182622-61,EGG Enter Grow Go,8035,Accelerator/Incubator,www.theegg.gr,theegg.gr,1,company_investor_relation|deal_investor_relation|investor_investment_relation
528219-55,egld.gg,8036,Corporation,www.egld.gg,egld.gg,1,company_investor_relation|deal_investor_relation|investor_investment_relation
646389-55,eightyseven Ventures,8039,Venture Capital,87ventures.com,87ventures.com,1,company_investor_relation|deal_investor_relation|investor_investment_relation
107015-05,EIT Climate-KIC,8040,Accelerator/Incubator,www.climate-kic.org,climate-kic.org,1,company_investor_relation|deal_investor_relation|investor_investment_relation
181194-49,EIT Health,8041,Accelerator/Incubator,www.eithealth.eu,eithealth.eu,1,company_investor_relation|deal_investor_relation|investor_investment_relation
533168-92,Ejaaz Alhamadeen,8043,Angel (individual),,,1,company_investor_relation|deal_investor_relation|investor_investment_relation
561404-53,Elevate Partners Capital,8051,PE/Buyout,elevatepartners.capital,elevatepartners.capital,1,company_investor_relation|deal_investor_relation|investor_investment_relation
265147-84,Elevate Sports Ventures,8052,PE-Backed Company,www.oneelevate.com,oneelevate.com,1,company_investor_relation|deal_investor_relation|investor_investment_relation
454731-85,Elevation Capital (India),8053,Venture Capital,www.elevationcapital.com,elevationcapital.com,1,company_investor_relation|deal_investor_relation|investor_investment_relation
59079-88,Eleven (Stockholm),8055,Corporation,www.eleven.se,eleven.se,1,company_investor_relation|deal_investor_relation|investor_investment_relation
533116-90,Elja Boom,8061,Angel (individual),,,1,company_investor_relation|deal_investor_relation|investor_investment_relation
547690-33,Ella Media.,8064,Corporation,www.ella-group.io,ella-group.io,1,company_investor_relation|deal_investor_relation|investor_investment_relation
541419-13,Ellio Trades,8065,Angel (individual),,,1,company_investor_relation|deal_investor_relation|investor_investment_relation
588941-65,Elliot Cole,8066,Angel (individual),,,1,company_investor_relation|deal_investor_relation|investor_investment_relation
106277-41,Elon Musk,8068,Angel (individual),,,1,company_investor_relation|deal_investor_relation|investor_investment_relation
527016-70,Emanuele Costa,8074,Angel (individual),,,1,company_investor_relation|deal_investor_relation|investor_investment_relation
462208-33,Embarc Collective,8077,Accelerator/Incubator,www.embarccollective.com,embarccollective.com,1,company_investor_relation|deal_investor_relation|investor_investment_relation
439819-48,Embarca,8078,Venture Capital,www.embarca.tech,embarca.tech,1,company_investor_relation|deal_investor_relation|investor_investment_relation
125301-16,Embed Capital,8079,PE/Buyout,www.embedcapital.it,embedcapital.it,1,company_investor_relation|deal_investor_relation|investor_investment_relation
550087-66,Emchain,8081,Corporation,www.emchain.io,emchain.io,1,company_investor_relation|deal_investor_relation|investor_investment_relation
161112-61,Emery Skolfield,8086,Angel (individual),,,1,company_investor_relation|deal_investor_relation|investor_investment_relation
435326-14,Emford Equity Partners,8087,Venture Capital,,,1,company_investor_relation|deal_investor_relation|investor_investment_relation
157763-26,Emilio Barroso,8092,Angel (individual),,,1,company_investor_relation|deal_investor_relation|investor_investment_relation
105965-65,Emmett Shear,8095,Angel (individual),,,1,company_investor_relation|deal_investor_relation|investor_investment_relation
42294-34,Emo Capital,8096,Corporation,www.emrgt.com,emrgt.com,1,company_investor_relation|deal_investor_relation|investor_investment_relation
51185-71,Empire Global Gaming,8098,Corporation,www.empireglobalgaming.com,empireglobalgaming.com,1,company_investor_relation|deal_investor_relation|investor_investment_relation
471547-09,Empowered Startups,8101,Accelerator/Incubator,www.empoweredstartups.com,empoweredstartups.com,1,company_investor_relation|deal_investor_relation|investor_investment_relation
431601-85,Emyria,8102,Corporation,www.emyria.com,emyria.com,1,company_investor_relation|deal_investor_relation|investor_investment_relation
465618-52,Encrypt Club,8104,Corporation,www.encrypt.club,encrypt.club,1,company_investor_relation|deal_investor_relation|investor_investment_relation
484092-19,Encrypted Investments,8106,Venture Capital,,,1,company_investor_relation|deal_investor_relation|investor_investment_relation
459640-27,Encryption Vision,8107,Corporation,,,1,company_investor_relation|deal_investor_relation|investor_investment_relation
755968-78,Endeavor Italy,8108,Accelerator/Incubator,www.italy.endeavor.org,italy.endeavor.org,1,company_investor_relation|deal_investor_relation|investor_investment_relation
168481-54,Endeavor Miami,8109,Accelerator/Incubator,www.endeavormiami.org,endeavormiami.org,1,company_investor_relation|deal_investor_relation|investor_investment_relation
53301-07,Endeavour Ventures,8110,Venture Capital,www.endven.com,endven.com,1,company_investor_relation|deal_investor_relation|investor_investment_relation
431234-29,Endless Frontier Labs,8111,Accelerator/Incubator,www.endlessfrontierlabs.com,endlessfrontierlabs.com,1,company_investor_relation|deal_investor_relation|investor_investment_relation
88577-38,Endurance Ventures,8112,Asset Manager,enduranceventures.com,enduranceventures.com,1,company_investor_relation|deal_investor_relation|investor_investment_relation
527136-13,enigma ventures,8116,Venture Capital,,,1,company_investor_relation|deal_investor_relation|investor_investment_relation
84134-35,Enish,8117,Corporation,www.enish.jp,enish.jp,1,company_investor_relation|deal_investor_relation|investor_investment_relation
1167517-36,Ennead,8119,Corporation,,,1,company_investor_relation|deal_investor_relation|investor_investment_relation
187636-33,Enterprise Singapore,8121,Government,www.enterprisesg.gov.sg,enterprisesg.gov.sg,1,company_investor_relation|deal_investor_relation|investor_investment_relation
117307-27,Entry Ventures Group,8124,Venture Capital,www.entryventures.com,entryventures.com,1,company_investor_relation|deal_investor_relation|investor_investment_relation
454541-14,Envision Accelerator,8126,Accelerator/Incubator,www.envisionaccelerator.com,envisionaccelerator.com,1,company_investor_relation|deal_investor_relation|investor_investment_relation
490969-90,EO Community,8127,Venture Capital,,,1,company_investor_relation|deal_investor_relation|investor_investment_relation
463014-19,Epakon Capital Management,8128,Venture Capital,www.epakon.com,epakon.com,1,company_investor_relation|deal_investor_relation|investor_investment_relation
290541-70,Epic Agarwood,8129,Corporation,epicagarwood.com,epicagarwood.com,1,company_investor_relation|deal_investor_relation|investor_investment_relation
433800-64,Epoch Capital,8131,Hedge Fund,epoch.capital,epoch.capital,1,company_investor_relation|deal_investor_relation|investor_investment_relation
489949-12,Equinox Launch,8135,Corporation,www.equinox.fund,equinox.fund,1,company_investor_relation|deal_investor_relation|investor_investment_relation
431273-62,Equinox Ventures,8136,Accelerator/Incubator,eqx.vc,eqx.vc,1,company_investor_relation|deal_investor_relation|investor_investment_relation
1241264-89,ERA Global,8138,Accelerator/Incubator,www.eranycglobal.com,eranycglobal.com,1,company_investor_relation|deal_investor_relation|investor_investment_relation
483858-64,Era7,8139,VC-Backed Company,www.era7.io,era7.io,1,company_investor_relation|deal_investor_relation|investor_investment_relation
490139-29,Eric Child,8144,Angel (individual),,,1,company_investor_relation|deal_investor_relation|investor_investment_relation
170648-56,Eric Dadoun,8146,Angel (individual),,,1,company_investor_relation|deal_investor_relation|investor_investment_relation
552097-99,Eric Rugart,8152,Angel (individual),,,1,company_investor_relation|deal_investor_relation|investor_investment_relation
490137-94,Eric Varvel,8154,Angel (individual),,,1,company_investor_relation|deal_investor_relation|investor_investment_relation
711522-10,Eric Zoo,8157,Angel (individual),,,1,company_investor_relation|deal_investor_relation|investor_investment_relation
489294-46,Erik Wrobel,8161,Angel (individual),,,1,company_investor_relation|deal_investor_relation|investor_investment_relation
521602-12,Erkan Kilimci,8162,Angel (individual),,,1,company_investor_relation|deal_investor_relation|investor_investment_relation
467964-01,Ernest Ventures,8164,Venture Capital,,,1,company_investor_relation|deal_investor_relation|investor_investment_relation
465274-63,Esalen Ventures,8166,Venture Capital,www.esalenventures.vc,esalenventures.vc,1,company_investor_relation|deal_investor_relation|investor_investment_relation
592523-56,Esports Consulting,8172,Venture Capital,www.esportsconsulting.com,esportsconsulting.com,1,company_investor_relation|deal_investor_relation|investor_investment_relation
435525-04,ESQvest,8173,Venture Capital,www.esqvest.com,esqvest.com,1,company_investor_relation|deal_investor_relation|investor_investment_relation
638427-25,Eternal Asia Group,8179,Corporation,,,1,company_investor_relation|deal_investor_relation|investor_investment_relation
616535-56,Ethan Yau,8183,Angel (individual),,,1,company_investor_relation|deal_investor_relation|investor_investment_relation
597089-98,Ethereum Name Services,8186,Venture Capital,ens.domains,ens.domains,1,company_investor_relation|deal_investor_relation|investor_investment_relation
495748-72,Ethernal Labs,8187,Corporation,,,1,company_investor_relation|deal_investor_relation|investor_investment_relation
770539-69,Ethos Capital,8189,Real Estate,www.ethoscapital.fi,ethoscapital.fi,1,company_investor_relation|deal_investor_relation|investor_investment_relation
500023-36,Ethos vertical marketing,8190,Corporation,,,1,company_investor_relation|deal_investor_relation|investor_investment_relation
499900-60,Etienne Royole,8191,Angel (individual),,,1,company_investor_relation|deal_investor_relation|investor_investment_relation
169342-66,Eucalia,8194,PE/Buyout,www.eucalia.jp,eucalia.jp,1,company_investor_relation|deal_investor_relation|investor_investment_relation
466856-74,Eugene M.,8196,Angel (individual),,,1,company_investor_relation|deal_investor_relation|investor_investment_relation
224164-63,Eugeny Grigul,8197,Angel (individual),,,1,company_investor_relation|deal_investor_relation|investor_investment_relation
522891-91,Eureka Capital (canada),8198,Special Purpose Acquisition Company (SPAC),,,1,company_investor_relation|deal_investor_relation|investor_investment_relation
41687-83,Eureka Capital Partners (New York),8199,Special Purpose Acquisition Company (SPAC),www.eurekacap.com,eurekacap.com,1,company_investor_relation|deal_investor_relation|investor_investment_relation
594268-57,Eureka Entertainment,8200,Corporation,,,1,company_investor_relation|deal_investor_relation|investor_investment_relation
103944-61,European Institute for Entrepreneurship,8204,Accelerator/Incubator,eiespain.com,eiespain.com,1,company_investor_relation|deal_investor_relation|investor_investment_relation
96033-43,European Institute of Innovation and Technology,8205,Government,www.eit.europa.eu,eit.europa.eu,1,company_investor_relation|deal_investor_relation|investor_investment_relation
56581-30,Eurostars,8208,Other,,,1,company_investor_relation|deal_investor_relation|investor_investment_relation
171959-50,EV Private Investments,8210,Venture Capital,www.evprivateinvestments.com,evprivateinvestments.com,1,company_investor_relation|deal_investor_relation|investor_investment_relation
519977-26,Evan Karakis,8213,Angel (individual),,,1,company_investor_relation|deal_investor_relation|investor_investment_relation
495819-10,Evan R Corns Revocable Trust,8215,Corporation,,,1,company_investor_relation|deal_investor_relation|investor_investment_relation
482227-12,Evan Schlessinger,8216,Angel (individual),,,1,company_investor_relation|deal_investor_relation|investor_investment_relation
442474-39,Evgeni Malkin,8222,Angel (individual),,,1,company_investor_relation|deal_investor_relation|investor_investment_relation
752945-23,Evgeny Gaevoy,8223,Angel (individual),,,1,company_investor_relation|deal_investor_relation|investor_investment_relation
52210-99,Evolution Capital,8227,PE/Buyout,www.evolutioncap.com,evolutioncap.com,1,company_investor_relation|deal_investor_relation|investor_investment_relation
40607-47,Evonik Industries,8229,Corporation,www.evonik.com/en.html,evonik.com,1,company_investor_relation|deal_investor_relation|investor_investment_relation
265998-25,Evos Esports Indonesia,8230,VC-Backed Company,www.evos.gg,evos.gg,1,company_investor_relation|deal_investor_relation|investor_investment_relation
315164-89,Excalibur Capital NY,8234,Venture Capital,excalibur-capital.com,excalibur-capital.com,1,company_investor_relation|deal_investor_relation|investor_investment_relation
530029-99,Excelsior Equity Partners,8238,PE/Buyout,www.xequitypartners.com,xequitypartners.com,1,company_investor_relation|deal_investor_relation|investor_investment_relation
472094-65,Executive Council Ventures,8239,Corporate Venture Capital,,,1,company_investor_relation|deal_investor_relation|investor_investment_relation
518376-34,Exinfinity,8242,Corporation,,,1,company_investor_relation|deal_investor_relation|investor_investment_relation
467840-53,Exmarkets,8243,Corporation,www.exmarkets.com,exmarkets.com,1,company_investor_relation|deal_investor_relation|investor_investment_relation
509032-81,Exo Ventures,8244,Angel Group,,,1,company_investor_relation|deal_investor_relation|investor_investment_relation
343755-10,Exodus Movement,8245,Corporation,www.exodus.com,exodus.com,1,company_investor_relation|deal_investor_relation|investor_investment_relation
534930-31,Expert Kripto,8248,Corporation,,,1,company_investor_relation|deal_investor_relation|investor_investment_relation
231956-74,Exploration,8249,Corporation,www.exploration-ltd.co.uk,exploration-ltd.co.uk,1,company_investor_relation|deal_investor_relation|investor_investment_relation
551357-83,Explore Capital Management,8250,Hedge Fund,www.explorecapital.com,explorecapital.com,1,company_investor_relation|deal_investor_relation|investor_investment_relation
460296-19,Ezekiel Elliott,8254,Angel (individual),,,1,company_investor_relation|deal_investor_relation|investor_investment_relation
506743-84,F3G,8256,Venture Capital,,,1,company_investor_relation|deal_investor_relation|investor_investment_relation
61495-84,F6S,8257,VC-Backed Company,www.f6s.com,f6s.com,1,company_investor_relation|deal_investor_relation|investor_investment_relation
507397-78,Fabian Strüngmann,8261,Angel (individual),,,1,company_investor_relation|deal_investor_relation|investor_investment_relation
528915-43,Factorial Capital,8271,Venture Capital,www.factorialcap.com,factorialcap.com,1,company_investor_relation|deal_investor_relation|investor_investment_relation
186635-35,FAE Ventures,8274,Venture Capital,www.faegrp.com,faegrp.com,1,company_investor_relation|deal_investor_relation|investor_investment_relation
335036-71,Fahrenheit Holdings,8275,Growth/Expansion,www.fahrenheitholdings.com,fahrenheitholdings.com,1,company_investor_relation|deal_investor_relation|investor_investment_relation
596183-59,Falablock,8277,Corporation,www.falablock.com,falablock.com,1,company_investor_relation|deal_investor_relation|investor_investment_relation
507387-97,Far East Bloackchain,8281,Venture Capital,,,1,company_investor_relation|deal_investor_relation|investor_investment_relation
48539-53,Far EasTone,8283,Corporation,www.fetnet.net,fetnet.net,1,company_investor_relation|deal_investor_relation|investor_investment_relation
820906-93,Farokh Sarmad,8289,Angel (individual),,,1,company_investor_relation|deal_investor_relation|investor_investment_relation
513284-32,Farside Ventures,8290,VC-Backed Company,www.farside.es,farside.es,1,company_investor_relation|deal_investor_relation|investor_investment_relation
131176-27,Fatcats,8294,Corporation,www.fatcatsfun.com,fatcatsfun.com,1,company_investor_relation|deal_investor_relation|investor_investment_relation
135240-31,Fau Tech Runway,8295,Accelerator/Incubator,tech-runway.org,tech-runway.org,1,company_investor_relation|deal_investor_relation|investor_investment_relation
228967-48,FCoin,8297,Corporation,www.fcoin.com,fcoin.com,1,company_investor_relation|deal_investor_relation|investor_investment_relation
442899-46,FEA Angels,8299,Angel Group,www.feaangels.com.br,feaangels.com.br,1,company_investor_relation|deal_investor_relation|investor_investment_relation
64210-78,Federated Capital,8300,Holding Company,www.federatedcapital.com,federatedcapital.com,1,company_investor_relation|deal_investor_relation|investor_investment_relation
519492-16,Fedor Drozdovski,8303,Angel (individual),,,1,company_investor_relation|deal_investor_relation|investor_investment_relation
454649-59,Felipe Gurgel,8306,Angel (individual),,,1,company_investor_relation|deal_investor_relation|investor_investment_relation
114918-94,Felix Capital,8307,Venture Capital,www.felixcap.com,felixcap.com,1,company_investor_relation|deal_investor_relation|investor_investment_relation
469486-36,Felix Romer,8310,Angel (individual),,,1,company_investor_relation|deal_investor_relation|investor_investment_relation
491103-64,Felix Xu,8311,Angel (individual),,,1,company_investor_relation|deal_investor_relation|investor_investment_relation
185391-82,Fellow Funders,8312,VC-Backed Company,www.fellowfunders.es,fellowfunders.es,1,company_investor_relation|deal_investor_relation|investor_investment_relation
265559-23,Fengchao Capital,8315,Venture Capital,www.cashcapitaldl.com,cashcapitaldl.com,1,company_investor_relation|deal_investor_relation|investor_investment_relation
434003-86,FengLian Capital,8316,Venture Capital,www.fenglian.io,fenglian.io,1,company_investor_relation|deal_investor_relation|investor_investment_relation
731603-98,Fern Win Capital,8319,Venture Capital,,,1,company_investor_relation|deal_investor_relation|investor_investment_relation
504044-38,FHS Capital Partners,8326,Corporate Venture Capital,www.fhscapitalpartners.com,fhscapitalpartners.com,1,company_investor_relation|deal_investor_relation|investor_investment_relation
267291-19,FI Boost,8327,Accelerator/Incubator,fiboost.com,fiboost.com,1,company_investor_relation|deal_investor_relation|investor_investment_relation
265827-16,Ficus Capital (Malaysia),8330,Venture Capital,www.ficus.vc,ficus.vc,1,company_investor_relation|deal_investor_relation|investor_investment_relation
455083-75,Fiducia Capital,8333,Asset Manager,www.fiduciacapital.com,fiduciacapital.com,1,company_investor_relation|deal_investor_relation|investor_investment_relation
167492-08,Fifth Wall,8334,Venture Capital,www.fifthwall.com,fifthwall.com,1,company_investor_relation|deal_investor_relation|investor_investment_relation
500742-91,Figure 8 Ventures,8336,Venture Capital,,,1,company_investor_relation|deal_investor_relation|investor_investment_relation
1257982-30,Figure Assets,8337,Venture Capital,,,1,company_investor_relation|deal_investor_relation|investor_investment_relation
227956-51,Figure Technology Solutions,8338,Corporation,www.figure.com,figure.com,1,company_investor_relation|deal_investor_relation|investor_investment_relation
166436-56,Fika Ventures,8339,Venture Capital,www.fika.vc,fika.vc,1,company_investor_relation|deal_investor_relation|investor_investment_relation
112797-82,Filip Perkon,8342,Angel (individual),,,1,company_investor_relation|deal_investor_relation|investor_investment_relation
278280-55,FINCA Ventures,8347,Impact Investing,www.fincaventures.com,fincaventures.com,1,company_investor_relation|deal_investor_relation|investor_investment_relation
495607-69,FinHub Global,8351,PE/Buyout,www.finhub.vc,finhub.vc,1,company_investor_relation|deal_investor_relation|investor_investment_relation
601744-24,Finn Suzuki,8352,Angel (individual),,,1,company_investor_relation|deal_investor_relation|investor_investment_relation
523332-55,Finngram,8353,Corporation,www.finngram.com,finngram.com,1,company_investor_relation|deal_investor_relation|investor_investment_relation
443261-08,FINWEX,8362,Corporation,www.finwex.com/v,finwex.com,1,company_investor_relation|deal_investor_relation|investor_investment_relation
84161-71,Fio,8363,VC-Backed Company,www.fio.com,fio.com,1,company_investor_relation|deal_investor_relation|investor_investment_relation
52332-76,FIR Capital,8365,Venture Capital,www.fircapital.com,fircapital.com,1,company_investor_relation|deal_investor_relation|investor_investment_relation
539092-63,Fir Crypto,8366,Venture Capital,,,1,company_investor_relation|deal_investor_relation|investor_investment_relation
711589-69,Fire Phoenix Capital,8367,Venture Capital,,,1,company_investor_relation|deal_investor_relation|investor_investment_relation
54523-18,Firebase,8369,Corporation,firebase.google.com,firebase.google.com,1,company_investor_relation|deal_investor_relation|investor_investment_relation
482269-24,Firefi Capital,8370,Venture Capital,,,1,company_investor_relation|deal_investor_relation|investor_investment_relation
291960-91,Firestone Global,8373,Venture Capital,firestoneglobal.com,firestoneglobal.com,1,company_investor_relation|deal_investor_relation|investor_investment_relation
510753-61,First Founder Investment,8374,Venture Capital,,,1,company_investor_relation|deal_investor_relation|investor_investment_relation
166645-36,Firstblood Technologies,8377,VC-Backed Company,www.firstblood.io,firstblood.io,1,company_investor_relation|deal_investor_relation|investor_investment_relation
489551-32,FirstCheck Africa,8378,Venture Capital,www.firstcheck.africa,firstcheck.africa,1,company_investor_relation|deal_investor_relation|investor_investment_relation
338663-71,Fit 4 Start,8379,Accelerator/Incubator,,,1,company_investor_relation|deal_investor_relation|investor_investment_relation
230968-00,FiveT Capital,8380,Hedge Fund,,,1,company_investor_relation|deal_investor_relation|investor_investment_relation
568408-24,Fjor (US),8382,Venture Capital,www.fjor.co,fjor.co,1,company_investor_relation|deal_investor_relation|investor_investment_relation
52775-92,Flavia Capital,8383,PE/Buyout,,,1,company_investor_relation|deal_investor_relation|investor_investment_relation
454649-50,Flavio Guimaraes,8385,Angel (individual),,,1,company_investor_relation|deal_investor_relation|investor_investment_relation
454650-22,Flavio Picciotto,8386,Angel (individual),,,1,company_investor_relation|deal_investor_relation|investor_investment_relation
502732-63,flexe.io,8387,Venture Capital,,,1,company_investor_relation|deal_investor_relation|investor_investment_relation
233121-25,Floating Point Group,8389,VC-Backed Company,www.floating.group,floating.group,1,company_investor_relation|deal_investor_relation|investor_investment_relation
502768-09,Florian Wimmer,8391,Angel (individual),,,1,company_investor_relation|deal_investor_relation|investor_investment_relation
572243-23,Florin Digital,8392,Venture Capital,www.florindigital.io,florindigital.io,1,company_investor_relation|deal_investor_relation|investor_investment_relation
54758-98,Flowplay,8394,Corporation,www.flowplay.com,flowplay.com,1,company_investor_relation|deal_investor_relation|investor_investment_relation
268174-45,Fluidity Operations,8396,Corporation,www.fluidity.io,fluidity.io,1,company_investor_relation|deal_investor_relation|investor_investment_relation
500542-21,FMF Investments,8402,Hedge Fund,www.fmfinc.com,fmfinc.com,1,company_investor_relation|deal_investor_relation|investor_investment_relation
490323-25,Folks Finance,8407,VC-Backed Company,www.folks.finance,folks.finance,1,company_investor_relation|deal_investor_relation|investor_investment_relation
228825-73,Fonds unique interministériel,8410,Government,,,1,company_investor_relation|deal_investor_relation|investor_investment_relation
156084-58,Fongit,8411,Accelerator/Incubator,www.fongit.ch,fongit.ch,1,company_investor_relation|deal_investor_relation|investor_investment_relation
894136-24,Forbes8 Digital Startup Accelerator,8413,Accelerator/Incubator,www.forbes8.forbes.com,forbes8.forbes.com,1,company_investor_relation|deal_investor_relation|investor_investment_relation
506727-64,Force Ventures (India),8415,Venture Capital,www.forceventures.in,forceventures.in,1,company_investor_relation|deal_investor_relation|investor_investment_relation
25318-72,Foresight Group,8417,PE/Buyout,www.foresight.group,foresight.group,1,company_investor_relation|deal_investor_relation|investor_investment_relation
594269-11,ForN Gaming Guild,8418,Corporation,,,1,company_investor_relation|deal_investor_relation|investor_investment_relation
181749-16,Fortune Fountain Capital,8422,PE/Buyout,www.ffc-hk.com,ffc-hk.com,1,company_investor_relation|deal_investor_relation|investor_investment_relation
960807-70,Founder 2 Funder,8430,Accelerator/Incubator,www.f2fsandbox.africa,f2fsandbox.africa,1,company_investor_relation|deal_investor_relation|investor_investment_relation
589950-28,Founder Catalyst,8431,Accelerator/Incubator,www.foundercatalyst.co.nz,foundercatalyst.co.nz,1,company_investor_relation|deal_investor_relation|investor_investment_relation
160858-54,Founders Capital Management,8434,Asset Manager,www.foundcapital.com,foundcapital.com,1,company_investor_relation|deal_investor_relation|investor_investment_relation
697175-74,Founders First CDC,8436,Accelerator/Incubator,www.foundersfirstcdc.org,foundersfirstcdc.org,1,company_investor_relation|deal_investor_relation|investor_investment_relation
460033-21,Founders Fund (Canada),8437,Accelerator/Incubator,www.foundersfund.ca,foundersfund.ca,1,company_investor_relation|deal_investor_relation|investor_investment_relation
592352-11,Foundinals Lab,8440,Venture Capital,,,1,company_investor_relation|deal_investor_relation|investor_investment_relation
719858-08,FOUR SIS & CO.,8441,Corporation,www.foursis.co.jp,foursis.co.jp,1,company_investor_relation|deal_investor_relation|investor_investment_relation
639331-39,FourMoons Investment Groupe,8442,Corporation,www.fourmoons.xyz,fourmoons.xyz,1,company_investor_relation|deal_investor_relation|investor_investment_relation
536972-05,Fractal Accelerator,8445,Accelerator/Incubator,www.fractalweb3.com,fractalweb3.com,1,company_investor_relation|deal_investor_relation|investor_investment_relation
493970-68,Francescu Santoni,8447,Angel (individual),,,1,company_investor_relation|deal_investor_relation|investor_investment_relation
443009-80,Francisco Malafaya,8449,Angel (individual),,,1,company_investor_relation|deal_investor_relation|investor_investment_relation
125897-23,Frank Lee,8455,Angel (individual),,,1,company_investor_relation|deal_investor_relation|investor_investment_relation
597723-04,Franklin Franklin,8459,Angel (individual),,,1,company_investor_relation|deal_investor_relation|investor_investment_relation
168089-68,Franklin Templeton Australia,8460,Asset Manager,www.franklintempleton.com.au,franklintempleton.com.au,1,company_investor_relation|deal_investor_relation|investor_investment_relation
105992-29,Fred Hsu,8461,Angel (individual),,,1,company_investor_relation|deal_investor_relation|investor_investment_relation
231528-61,Frederick Wilson,8464,Angel (individual),,,1,company_investor_relation|deal_investor_relation|investor_investment_relation
342109-09,French Event Booster,8469,Accelerator/Incubator,frencheventbooster.com,frencheventbooster.com,1,company_investor_relation|deal_investor_relation|investor_investment_relation
490968-91,French hunter ventures,8470,Venture Capital,,,1,company_investor_relation|deal_investor_relation|investor_investment_relation
513234-19,Friendly Trading Group,8474,Venture Capital,www.friendlytrading.group,friendlytrading.group,1,company_investor_relation|deal_investor_relation|investor_investment_relation
483331-87,Friends With Benefits,8475,VC-Backed Company,www.fwb.help,fwb.help,1,company_investor_relation|deal_investor_relation|investor_investment_relation
518242-87,"Friends, Family and Fools",8476,Other,,,1,company_investor_relation|deal_investor_relation|investor_investment_relation
711522-01,FriendsGames,8477,Venture Capital,,,1,company_investor_relation|deal_investor_relation|investor_investment_relation
279582-31,Front Range Ventures,8480,Venture Capital,,,1,company_investor_relation|deal_investor_relation|investor_investment_relation
223709-77,Front Row Ventures,8481,Venture Capital,www.frontrow.ventures,frontrow.ventures,1,company_investor_relation|deal_investor_relation|investor_investment_relation
720596-62,FS Ventures,8485,Corporation,www.fs-ventures.co.uk,fs-ventures.co.uk,1,company_investor_relation|deal_investor_relation|investor_investment_relation
87917-41,FSN,8486,Corporation,www.fsn.co.kr,fsn.co.kr,1,company_investor_relation|deal_investor_relation|investor_investment_relation
527529-07,ftribe,8488,Venture Capital,,,1,company_investor_relation|deal_investor_relation|investor_investment_relation
11188-09,FTV Capital,8489,Growth/Expansion,www.ftvcapital.com,ftvcapital.com,1,company_investor_relation|deal_investor_relation|investor_investment_relation
59606-47,Fubon Financial Holding,8490,Holding Company,www.fubon.com,fubon.com,1,company_investor_relation|deal_investor_relation|investor_investment_relation
498400-21,Fugazi Labs,8492,Other,,,1,company_investor_relation|deal_investor_relation|investor_investment_relation
493414-75,Fumio Saito,8496,Angel (individual),,,1,company_investor_relation|deal_investor_relation|investor_investment_relation
527698-72,Fundament,8499,Venture Capital,www.fundament.gg,fundament.gg,1,company_investor_relation|deal_investor_relation|investor_investment_relation
542746-99,FUNDGO,8501,Venture Capital,fundgo.network,fundgo.network,1,company_investor_relation|deal_investor_relation|investor_investment_relation
542574-01,Funston Capital,8502,PE/Buyout,funstoncap.com,funstoncap.com,1,company_investor_relation|deal_investor_relation|investor_investment_relation
1167595-12,FusionX Digital,8504,PE/Buyout,www.fusionx.group,fusionx.group,1,company_investor_relation|deal_investor_relation|investor_investment_relation
491705-83,Fusotao,8505,Corporation,www.fusotao.org,fusotao.org,1,company_investor_relation|deal_investor_relation|investor_investment_relation
491764-24,Futo,8507,Corporation,,,1,company_investor_relation|deal_investor_relation|investor_investment_relation
434511-37,Future Fund Ventures,8508,Venture Capital,www.futurefundventures.com,futurefundventures.com,1,company_investor_relation|deal_investor_relation|investor_investment_relation
711623-44,Future Funders VC,8509,Venture Capital,www.futurefunders.vc,futurefunders.vc,1,company_investor_relation|deal_investor_relation|investor_investment_relation
170583-67,Future Planet Capital,8510,Venture Capital,www.futureplanetcapital.com,futureplanetcapital.com,1,company_investor_relation|deal_investor_relation|investor_investment_relation
521525-26,Futurism Labs,8515,VC-Backed Company,www.futurism.finance,futurism.finance,1,company_investor_relation|deal_investor_relation|investor_investment_relation
470456-74,Futurum Capital,8516,Venture Capital,www.futurum.capital,futurum.capital,1,company_investor_relation|deal_investor_relation|investor_investment_relation
165080-08,Fuyo General Lease,8517,Corporation,www.fgl.co.jp,fgl.co.jp,1,company_investor_relation|deal_investor_relation|investor_investment_relation
111937-51,FWH Holdings,8518,Other,,,1,company_investor_relation|deal_investor_relation|investor_investment_relation
490968-28,FX trading,8519,Venture Capital,,,1,company_investor_relation|deal_investor_relation|investor_investment_relation
521983-72,Fxnction,8520,Angel (individual),,,1,company_investor_relation|deal_investor_relation|investor_investment_relation
498486-79,G. Crypto,8523,Venture Capital,,,1,company_investor_relation|deal_investor_relation|investor_investment_relation
64419-94,G2O,8527,PE-Backed Company,www.g2o.com,g2o.com,1,company_investor_relation|deal_investor_relation|investor_investment_relation
40613-41,G5 Capital,8528,Venture Capital,www.g5capital.com,g5capital.com,1,company_investor_relation|deal_investor_relation|investor_investment_relation
463300-21,Gabriel Leydon,8532,Angel (individual),,,1,company_investor_relation|deal_investor_relation|investor_investment_relation
496407-70,Gabriel Olaso,8533,Angel (individual),,,1,company_investor_relation|deal_investor_relation|investor_investment_relation
529608-97,Gabriel Rebibo,8534,Angel (individual),,,1,company_investor_relation|deal_investor_relation|investor_investment_relation
541709-56,GaFin,8535,Corporation,www.gafin.io,gafin.io,1,company_investor_relation|deal_investor_relation|investor_investment_relation
500022-46,Gagarin Crypto,8536,Corporation,,,1,company_investor_relation|deal_investor_relation|investor_investment_relation
769735-81,Gaia Chainyoda Jedis,8537,PE/Buyout,,,1,company_investor_relation|deal_investor_relation|investor_investment_relation
1165980-07,GaiGangs,8539,Corporation,,,1,company_investor_relation|deal_investor_relation|investor_investment_relation
482462-83,Gail Wilson,8540,Angel (individual),,,1,company_investor_relation|deal_investor_relation|investor_investment_relation
503749-27,Galactic Punks,8543,Corporation,www.galacticpunks.io,galacticpunks.io,1,company_investor_relation|deal_investor_relation|investor_investment_relation
495646-66,Game,8549,Venture Capital,,,1,company_investor_relation|deal_investor_relation|investor_investment_relation
502913-89,Game Dreamer,8550,Corporation,www.gamedreamer.com,gamedreamer.com,1,company_investor_relation|deal_investor_relation|investor_investment_relation
503801-29,GameFi Research Lab,8551,Venture Capital,,,1,company_investor_relation|deal_investor_relation|investor_investment_relation
268246-00,GamerHash,8552,Corporation,www.gamercoin.com,gamercoin.com,1,company_investor_relation|deal_investor_relation|investor_investment_relation
510061-96,GamesCoin Group,8553,Corporation,www.gamescoin.io,gamescoin.io,1,company_investor_relation|deal_investor_relation|investor_investment_relation
57722-32,GameSparcs,8554,Corporation,www.gamesparcs.com,gamesparcs.com,1,company_investor_relation|deal_investor_relation|investor_investment_relation
496518-40,GameZone (NFT),8556,Corporate Development,www.gamezone.io,gamezone.io,1,company_investor_relation|deal_investor_relation|investor_investment_relation
518352-67,Gamify Platform,8559,Venture Capital,,,1,company_investor_relation|deal_investor_relation|investor_investment_relation
460044-37,Garage Capital,8564,Venture Capital,www.garage.vc,garage.vc,1,company_investor_relation|deal_investor_relation|investor_investment_relation
228735-37,Gardenia Capital,8565,Venture Capital,www.gardeniacapital.com,gardeniacapital.com,1,company_investor_relation|deal_investor_relation|investor_investment_relation
470841-49,Gargash Group,8567,Holding Company,www.gargash-group.com,gargash-group.com,1,company_investor_relation|deal_investor_relation|investor_investment_relation
731896-30,Garrett Hilbert,8569,Angel (individual),,,1,company_investor_relation|deal_investor_relation|investor_investment_relation
106560-46,Gary Kremen,8575,Angel (individual),,,1,company_investor_relation|deal_investor_relation|investor_investment_relation
481421-98,Gary LeBlanc,8576,Angel (individual),,,1,company_investor_relation|deal_investor_relation|investor_investment_relation
518863-42,Gary Vee,8577,Angel (individual),,,1,company_investor_relation|deal_investor_relation|investor_investment_relation
606935-17,Gatreon Ventures,8585,Venture Capital,www.gatreonventures.com,gatreonventures.com,1,company_investor_relation|deal_investor_relation|investor_investment_relation
718223-41,Gaurav Mangla,8588,Angel (individual),,,1,company_investor_relation|deal_investor_relation|investor_investment_relation
500917-24,Gaurav Mehta,8589,Angel (individual),,,1,company_investor_relation|deal_investor_relation|investor_investment_relation
518509-27,Gautam Seshadri,8590,Angel (individual),,,1,company_investor_relation|deal_investor_relation|investor_investment_relation
53502-76,GC Biopharma,8594,Corporation,www.gcbiopharma.com,gcbiopharma.com,1,company_investor_relation|deal_investor_relation|investor_investment_relation
525610-72,GCI Ventures Pte. Ltd.,8595,Corporation,,,1,company_investor_relation|deal_investor_relation|investor_investment_relation
180486-37,Gcore,8596,VC-Backed Company,www.gcore.com,gcore.com,1,company_investor_relation|deal_investor_relation|investor_investment_relation
169774-84,GCR Ratings,8597,Corporation,www.gcrratings.com,gcrratings.com,1,company_investor_relation|deal_investor_relation|investor_investment_relation
515852-92,GDA International,8599,Corporation,www.gda.international,gda.international,1,company_investor_relation|deal_investor_relation|investor_investment_relation
542270-17,GEB,8601,VC-Backed Company,www.geb.network,geb.network,1,company_investor_relation|deal_investor_relation|investor_investment_relation
98489-17,Gedik Girisim Sermayesi Yatirim Ortakligi,8602,Venture Capital,hubgsyo.com,hubgsyo.com,1,company_investor_relation|deal_investor_relation|investor_investment_relation
489482-38,Geek Carptel,8603,Corporation,,,1,company_investor_relation|deal_investor_relation|investor_investment_relation
720617-77,Gemphire,8608,Corporation,,,1,company_investor_relation|deal_investor_relation|investor_investment_relation
495819-01,Gene Lim,8610,Angel (individual),,,1,company_investor_relation|deal_investor_relation|investor_investment_relation
503834-05,Gene Vision,8611,Corporation,,,1,company_investor_relation|deal_investor_relation|investor_investment_relation
158421-97,Generate BioVentures,8614,Venture Capital,www.generatebio.com,generatebio.com,1,company_investor_relation|deal_investor_relation|investor_investment_relation
126036-82,GenerationS Accelerator,8616,Accelerator/Incubator,en.generation-startup.ru,en.generation-startup.ru,1,company_investor_relation|deal_investor_relation|investor_investment_relation
490803-13,Genesi DAC,8617,Venture Capital,,,1,company_investor_relation|deal_investor_relation|investor_investment_relation
42493-24,Genesis Capital,8619,Investment Bank,www.genesis-capital.com,genesis-capital.com,1,company_investor_relation|deal_investor_relation|investor_investment_relation
435912-13,Genesis Capital (Australia),8620,PE/Buyout,www.genesiscapital.com.au,genesiscapital.com.au,1,company_investor_relation|deal_investor_relation|investor_investment_relation
433316-44,Genesis Fund Management,8623,Asset Manager,,,1,company_investor_relation|deal_investor_relation|investor_investment_relation
531349-48,Genesis Node Ventures,8624,Venture Capital,,,1,company_investor_relation|deal_investor_relation|investor_investment_relation
484646-59,Genesis Vault Capital Management,8626,Hedge Fund,,,1,company_investor_relation|deal_investor_relation|investor_investment_relation
588942-55,George Boyar,8638,Angel (individual),,,1,company_investor_relation|deal_investor_relation|investor_investment_relation
533106-46,George Eberstadt,8639,Angel (individual),,,1,company_investor_relation|deal_investor_relation|investor_investment_relation
466504-12,George Hallam,8640,Angel (individual),,,1,company_investor_relation|deal_investor_relation|investor_investment_relation
503330-23,George Johnson,8641,Angel (individual),,,1,company_investor_relation|deal_investor_relation|investor_investment_relation
436281-58,George Ruan,8642,Angel (individual),,,1,company_investor_relation|deal_investor_relation|investor_investment_relation
528848-65,George Washington University,8644,University,www.gwu.edu,gwu.edu,1,company_investor_relation|deal_investor_relation|investor_investment_relation
608685-85,George Zeng,8645,Angel (individual),,,1,company_investor_relation|deal_investor_relation|investor_investment_relation
525644-74,Geremy Mustard,8648,Angel (individual),,,1,company_investor_relation|deal_investor_relation|investor_investment_relation
560282-41,Gerhard Müller,8649,Angel (individual),,,1,company_investor_relation|deal_investor_relation|investor_investment_relation
115634-53,Germany's Federal Ministry of Economics and Technology,8650,Government,,,1,company_investor_relation|deal_investor_relation|investor_investment_relation
459672-76,Gianluca Guerra,8657,Angel (individual),,,1,company_investor_relation|deal_investor_relation|investor_investment_relation
112837-87,GigaTest Labs,8662,Corporation,www.gigatest.com,gigatest.com,1,company_investor_relation|deal_investor_relation|investor_investment_relation
11199-52,Gilo Ventures,8668,Venture Capital,www.giloventures.com,giloventures.com,1,company_investor_relation|deal_investor_relation|investor_investment_relation
106311-25,Giulio Valiante,8672,Angel (individual),,,1,company_investor_relation|deal_investor_relation|investor_investment_relation
471627-37,GL Ventures,8673,Venture Capital,,,1,company_investor_relation|deal_investor_relation|investor_investment_relation
101582-47,Global Capital,8678,Venture Capital,www.globalcapventure.com,globalcapventure.com,1,company_investor_relation|deal_investor_relation|investor_investment_relation
544607-02,Global Fried Crypto,8680,Venture Capital,www.globalfriedcrypto.com,globalfriedcrypto.com,1,company_investor_relation|deal_investor_relation|investor_investment_relation
59692-33,Global Gaming Technologies,8681,Corporation,www.globalgaming.tech,globalgaming.tech,1,company_investor_relation|deal_investor_relation|investor_investment_relation
168181-30,Global Millennial Capital,8683,Venture Capital,www.globalmillennialcapital.com,globalmillennialcapital.com,1,company_investor_relation|deal_investor_relation|investor_investment_relation
159288-40,Global Sports Entertainment Group,8685,Holding Company,www.gseg.group,gseg.group,1,company_investor_relation|deal_investor_relation|investor_investment_relation
588792-52,Globalstake,8687,VC-Backed Company,www.globalstake.io,globalstake.io,1,company_investor_relation|deal_investor_relation|investor_investment_relation
277654-96,Globant Ventures,8689,Corporate Venture Capital,www.globantventures.com,globantventures.com,1,company_investor_relation|deal_investor_relation|investor_investment_relation
434114-20,Globe Advisors Ventures,8691,Venture Capital,www.ga-ventures.com,ga-ventures.com,1,company_investor_relation|deal_investor_relation|investor_investment_relation
124655-86,GLOBE Group,8692,Corporation,www.globe.ca,globe.ca,1,company_investor_relation|deal_investor_relation|investor_investment_relation
601224-40,GM Ventures (VC),8695,Venture Capital,,,1,company_investor_relation|deal_investor_relation|investor_investment_relation
483985-18,Gobbl,8704,VC-Backed Company,www.gobbl.ai,gobbl.ai,1,company_investor_relation|deal_investor_relation|investor_investment_relation
165117-70,GoFintech Innovation,8706,Asset Manager,www.290.com.hk,290.com.hk,1,company_investor_relation|deal_investor_relation|investor_investment_relation
494117-65,Goinfluencer,8708,VC-Backed Company,www.goinfluencer.io,goinfluencer.io,1,company_investor_relation|deal_investor_relation|investor_investment_relation
762984-73,Golden Carrot Capital,8712,Venture Capital,www.gc.capital,gc.capital,1,company_investor_relation|deal_investor_relation|investor_investment_relation
503800-84,Golden Island Club,8715,Angel Group,www.golden-island.net,golden-island.net,1,company_investor_relation|deal_investor_relation|investor_investment_relation
608255-29,GOLDEN TRAIL INVESTMENTS LIMITED,8716,Venture Capital,,,1,company_investor_relation|deal_investor_relation|investor_investment_relation
54736-48,GoldenTree Capital,8718,PE/Buyout,www.gtcapitalinc.com,gtcapitalinc.com,1,company_investor_relation|deal_investor_relation|investor_investment_relation
295232-32,Goldfingr,8719,VC-Backed Company,www.goldfingr.io,goldfingr.io,1,company_investor_relation|deal_investor_relation|investor_investment_relation
483511-15,Goldhouse Capital,8721,Venture Capital,www.goldhousecapital.cn/cn/index.html,goldhousecapital.cn,1,company_investor_relation|deal_investor_relation|investor_investment_relation
529857-46,Goldman Startups,8723,Corporation,www.goldmanstartups.com,goldmanstartups.com,1,company_investor_relation|deal_investor_relation|investor_investment_relation
228237-94,Good AI Capital,8726,Venture Capital,www.goodai.capital,goodai.capital,1,company_investor_relation|deal_investor_relation|investor_investment_relation
433981-00,Gorun Energy,8735,Venture Capital,,,1,company_investor_relation|deal_investor_relation|investor_investment_relation
494625-25,GoSwapp,8736,Corporation,goswapp.io,goswapp.io,1,company_investor_relation|deal_investor_relation|investor_investment_relation
1168916-23,GOUT Technologies,8737,Corporation,,,1,company_investor_relation|deal_investor_relation|investor_investment_relation
537904-27,Governance Partners,8738,Venture Capital,,,1,company_investor_relation|deal_investor_relation|investor_investment_relation
98455-78,Government of Spain,8739,Government,,,1,company_investor_relation|deal_investor_relation|investor_investment_relation
287978-41,Grace Fan,8742,Angel (individual),,,1,company_investor_relation|deal_investor_relation|investor_investment_relation
471022-48,Grant for the Web,8748,Other,www.grantfortheweb.org,grantfortheweb.org,1,company_investor_relation|deal_investor_relation|investor_investment_relation
459713-26,Grant Wheeler,8749,Angel (individual),,,1,company_investor_relation|deal_investor_relation|investor_investment_relation
597724-84,Grantland OG,8750,Angel (individual),,,1,company_investor_relation|deal_investor_relation|investor_investment_relation
496158-58,Graphene Labs,8753,Venture Capital,,,1,company_investor_relation|deal_investor_relation|investor_investment_relation
489661-57,Gravitas International,8754,Corporation,www.gravitas.international,gravitas.international,1,company_investor_relation|deal_investor_relation|investor_investment_relation
266923-36,Gravity Group (California),8756,Accelerator/Incubator,www.gravity.group,gravity.group,1,company_investor_relation|deal_investor_relation|investor_investment_relation
119355-85,Gravity Venture Capital (China),8757,Venture Capital,gravity-vc.com,gravity-vc.com,1,company_investor_relation|deal_investor_relation|investor_investment_relation
51477-76,Gravity Ventures,8758,Venture Capital,www.gravityventures.com,gravityventures.com,1,company_investor_relation|deal_investor_relation|investor_investment_relation
233656-84,Grays Peak Capital,8760,Asset Manager,www.grayspeakcapital.com,grayspeakcapital.com,1,company_investor_relation|deal_investor_relation|investor_investment_relation
443110-15,Great China International Group,8763,Corporation,www.gciig.com,gciig.com,1,company_investor_relation|deal_investor_relation|investor_investment_relation
718295-77,Green Arrow Adventures,8766,Corporation,,,1,company_investor_relation|deal_investor_relation|investor_investment_relation
85108-42,Green Arrow Capital,8767,Asset Manager,www.greenarrow-capital.com,greenarrow-capital.com,1,company_investor_relation|deal_investor_relation|investor_investment_relation
231362-11,Green Cross Hong Kong Holdings,8768,Corporation,www.greencrosschina.com,greencrosschina.com,1,company_investor_relation|deal_investor_relation|investor_investment_relation
168055-12,GreenHouse Capital,8771,Corporate Venture Capital,www.greenhouse.capital,greenhouse.capital,1,company_investor_relation|deal_investor_relation|investor_investment_relation
231236-92,Greyhound Capital,8780,Growth/Expansion,www.greyhoundcapital.com,greyhoundcapital.com,1,company_investor_relation|deal_investor_relation|investor_investment_relation
266130-10,Grit Ventures.,8786,Venture Capital,www.gritvc.com,gritvc.com,1,company_investor_relation|deal_investor_relation|investor_investment_relation
501108-94,Groom Investment,8787,PE/Buyout,groominvest.co.kr,groominvest.co.kr,1,company_investor_relation|deal_investor_relation|investor_investment_relation
490820-41,Grooo International,8788,Venture Capital,,,1,company_investor_relation|deal_investor_relation|investor_investment_relation
500743-18,Groundbrake Ventures,8789,Venture Capital,,,1,company_investor_relation|deal_investor_relation|investor_investment_relation
301010-95,GroundBreak Ventures,8790,Venture Capital,www.groundbreakventures.com,groundbreakventures.com,1,company_investor_relation|deal_investor_relation|investor_investment_relation
163708-84,Grupo Ahorro Corporación,8793,Corporation,www.ahorrocorporacion.com,ahorrocorporacion.com,1,company_investor_relation|deal_investor_relation|investor_investment_relation
497434-33,GSR Matrix Fund,8797,Venture Capital,www.gsrmatrix.vc,gsrmatrix.vc,1,company_investor_relation|deal_investor_relation|investor_investment_relation
495553-06,GT Capital (Blockchain),8799,Venture Capital,gtcapitalinvestments.com,gtcapitalinvestments.com,1,company_investor_relation|deal_investor_relation|investor_investment_relation
59573-71,GT Capital Holdings,8800,Holding Company,www.gtcapital.com.ph,gtcapital.com.ph,1,company_investor_relation|deal_investor_relation|investor_investment_relation
512406-01,GTSP HOLDINGS,8804,Venture Capital,www.nikatech.net,nikatech.net,1,company_investor_relation|deal_investor_relation|investor_investment_relation
527539-15,Guanxi DAO,8807,Other,,,1,company_investor_relation|deal_investor_relation|investor_investment_relation
523199-44,Guillaume Gerry,8810,Angel (individual),,,1,company_investor_relation|deal_investor_relation|investor_investment_relation
135925-48,Guillemot Ventures,8811,Venture Capital,www.guillemotventures.com,guillemotventures.com,1,company_investor_relation|deal_investor_relation|investor_investment_relation
541152-01,Guled Yousuf,8813,Angel (individual),,,1,company_investor_relation|deal_investor_relation|investor_investment_relation
459639-91,Guo Hongcai,8815,Angel (individual),,,1,company_investor_relation|deal_investor_relation|investor_investment_relation
516207-88,Guofu Innovation,8817,Venture Capital,,,1,company_investor_relation|deal_investor_relation|investor_investment_relation
596227-96,Gus Lee,8819,Angel (individual),,,1,company_investor_relation|deal_investor_relation|investor_investment_relation
509373-73,h c lab,8825,Venture Capital,,,1,company_investor_relation|deal_investor_relation|investor_investment_relation
471803-86,HAECHI,8834,VC-Backed Company,www.haechi.io,haechi.io,1,company_investor_relation|deal_investor_relation|investor_investment_relation
438794-20,Haiwei Fund,8836,Venture Capital,,,1,company_investor_relation|deal_investor_relation|investor_investment_relation
188020-18,Half Court Ventures,8839,Venture Capital,www.halfcourt.vc,halfcourt.vc,1,company_investor_relation|deal_investor_relation|investor_investment_relation
315523-36,Hall of Fame Resort & Entertainment,8840,Holding Company,www.hofvillage.com,hofvillage.com,1,company_investor_relation|deal_investor_relation|investor_investment_relation
484322-41,Halsey Minor,8843,Angel (individual),,,1,company_investor_relation|deal_investor_relation|investor_investment_relation
221542-75,Hammer Team,8847,Family Office,hammerteam.com,hammerteam.com,1,company_investor_relation|deal_investor_relation|investor_investment_relation
510787-00,Hamzah Khan,8849,Angel (individual),,,1,company_investor_relation|deal_investor_relation|investor_investment_relation
268238-17,Hana Ventures,8852,Corporate Venture Capital,www.hanaventures.co.kr,hanaventures.co.kr,1,company_investor_relation|deal_investor_relation|investor_investment_relation
472102-48,Hand of Midas,8853,Real Estate,www.hofminvestments.com,hofminvestments.com,1,company_investor_relation|deal_investor_relation|investor_investment_relation
607283-20,Hand of Midas (LA),8854,Family Office,www.handofmidas.la,handofmidas.la,1,company_investor_relation|deal_investor_relation|investor_investment_relation
231550-12,Handsome Capital,8856,Venture Capital,,,1,company_investor_relation|deal_investor_relation|investor_investment_relation
265074-94,Hangzhou Qinhua Investment,8857,Corporate Venture Capital,,,1,company_investor_relation|deal_investor_relation|investor_investment_relation
314683-30,HanjianFinance,8858,Corporation,,,1,company_investor_relation|deal_investor_relation|investor_investment_relation
343734-04,Hanjie Xu,8859,Angel (individual),,,1,company_investor_relation|deal_investor_relation|investor_investment_relation
461990-26,Hannah Grey Ventures,8860,Venture Capital,www.hannahgrey.com,hannahgrey.com,1,company_investor_relation|deal_investor_relation|investor_investment_relation
509315-41,Hans(wo)men Group,8862,Venture Capital,hansmengroup.com,hansmengroup.com,1,company_investor_relation|deal_investor_relation|investor_investment_relation
56120-95,Hansa,8863,Corporation,www.hansa.de,hansa.de,1,company_investor_relation|deal_investor_relation|investor_investment_relation
343594-90,Hanwha Systems,8867,Corporation,www.hanwhasystems.com,hanwhasystems.com,1,company_investor_relation|deal_investor_relation|investor_investment_relation
156038-59,HaoYue Capital,8869,Investment Bank,www.healthcarecapital.com.cn,healthcarecapital.com.cn,1,company_investor_relation|deal_investor_relation|investor_investment_relation
507303-28,Harbinger,8871,VC-Backed Company,www.harbingermotors.com,harbingermotors.com,1,company_investor_relation|deal_investor_relation|investor_investment_relation
111360-34,Harbour Island,8872,Other,,,1,company_investor_relation|deal_investor_relation|investor_investment_relation
1167114-07,Hardbank,8873,Venture Capital,,,1,company_investor_relation|deal_investor_relation|investor_investment_relation
496596-43,Hardi Meybaum,8874,Angel (individual),,,1,company_investor_relation|deal_investor_relation|investor_investment_relation
467933-68,Hardlymountain Capital,8875,Venture Capital,www.hardlymountain.com,hardlymountain.com,1,company_investor_relation|deal_investor_relation|investor_investment_relation
503707-06,Harmony (Investors),8877,Venture Capital,,,1,company_investor_relation|deal_investor_relation|investor_investment_relation
597724-66,Harrison Leggio,8879,Angel (individual),,,1,company_investor_relation|deal_investor_relation|investor_investment_relation
442975-06,Harshit Agrawal,8882,Angel (individual),,,1,company_investor_relation|deal_investor_relation|investor_investment_relation
495819-55,Hart Family Trust,8883,Corporation,,,1,company_investor_relation|deal_investor_relation|investor_investment_relation
490717-09,HashEx,8889,VC-Backed Company,www.hashex.org,hashex.org,1,company_investor_relation|deal_investor_relation|investor_investment_relation
503384-14,Hashigo VC,8892,Venture Capital,www.hashigo.vc,hashigo.vc,1,company_investor_relation|deal_investor_relation|investor_investment_relation
638688-25,Hashkey x TON Accelerator,8894,Accelerator/Incubator,,,1,company_investor_relation|deal_investor_relation|investor_investment_relation
443157-67,Hashstreet VC,8897,Venture Capital,,,1,company_investor_relation|deal_investor_relation|investor_investment_relation
101670-94,Hatcher+,8902,Venture Capital,hq.hatcher.com,hq.hatcher.com,1,company_investor_relation|deal_investor_relation|investor_investment_relation
490163-68,Hatu Sheikh,8904,Angel (individual),,,1,company_investor_relation|deal_investor_relation|investor_investment_relation
218234-35,Haut Et Court Distribution,8906,Corporation,www.hautetcourt.com,hautetcourt.com,1,company_investor_relation|deal_investor_relation|investor_investment_relation
472206-34,Hawktail,8909,Venture Capital,hawktail.com,hawktail.com,1,company_investor_relation|deal_investor_relation|investor_investment_relation
128386-00,Hawkwood Capital,8910,Asset Manager,www.hawkwoodllp.com,hawkwoodllp.com,1,company_investor_relation|deal_investor_relation|investor_investment_relation
521542-45,HC Ventures,8915,Corporate Venture Capital,www.hcventures.fi,hcventures.fi,1,company_investor_relation|deal_investor_relation|investor_investment_relation
1131382-90,Health Innovation North West Coast,8921,Accelerator/Incubator,healthinnovationnwc.nhs.uk,healthinnovationnwc.nhs.uk,1,company_investor_relation|deal_investor_relation|investor_investment_relation
503057-44,Heat Capital,8924,Corporation,www.heat-capital.com,heat-capital.com,1,company_investor_relation|deal_investor_relation|investor_investment_relation
144806-14,HECO,8926,Corporation,www.hecoinc.com,hecoinc.com,1,company_investor_relation|deal_investor_relation|investor_investment_relation
186539-59,Hedef Girisim Sermayesi Yatırım Ortaklıgı,8927,Corporate Venture Capital,www.hedefgirisim.com.tr,hedefgirisim.com.tr,1,company_investor_relation|deal_investor_relation|investor_investment_relation
495415-54,HedgeDAO,8929,Accelerator/Incubator,hedgespur.com,hedgespur.com,1,company_investor_relation|deal_investor_relation|investor_investment_relation
845231-14,hedgedhog hedgedhog,8930,Angel (individual),,,1,company_investor_relation|deal_investor_relation|investor_investment_relation
438794-65,Hedwig Fund,8933,Venture Capital,,,1,company_investor_relation|deal_investor_relation|investor_investment_relation
106059-70,Heiko Hubertz,8934,Angel (individual),,,1,company_investor_relation|deal_investor_relation|investor_investment_relation
180190-54,Heliconia Capital,8936,PE/Buyout,www.heliconiacapital.com,heliconiacapital.com,1,company_investor_relation|deal_investor_relation|investor_investment_relation
510814-90,Helion Ventures,8938,Venture Capital,www.helion-ventures.com,helion-ventures.com,1,company_investor_relation|deal_investor_relation|investor_investment_relation
503938-45,Helix (Crypto),8941,Corporation,www.helix-crypto.com,helix-crypto.com,1,company_investor_relation|deal_investor_relation|investor_investment_relation
495613-54,HEMMA Group,8943,Corporation,,,1,company_investor_relation|deal_investor_relation|investor_investment_relation
533070-46,Henrik Aslaksen,8945,Angel (individual),,,1,company_investor_relation|deal_investor_relation|investor_investment_relation
697129-03,Henry Love,8948,Angel (individual),,,1,company_investor_relation|deal_investor_relation|investor_investment_relation
150986-08,Henry Shi,8950,Angel (individual),,,1,company_investor_relation|deal_investor_relation|investor_investment_relation
893818-63,Hern Kim,8955,Angel (individual),,,1,company_investor_relation|deal_investor_relation|investor_investment_relation
608166-73,Hero.io,8957,Corporation,www.hero.io,hero.io,1,company_investor_relation|deal_investor_relation|investor_investment_relation
459205-21,HeroCraft,8958,VC-Backed Company,www.herocraft.com,herocraft.com,1,company_investor_relation|deal_investor_relation|investor_investment_relation
509226-58,Heroes of NFT,8959,VC-Backed Company,www.heroesofnft.com,heroesofnft.com,1,company_investor_relation|deal_investor_relation|investor_investment_relation
484726-96,Herschel Beahm,8960,Angel (individual),www.beahmiv,beahmiv,1,company_investor_relation|deal_investor_relation|investor_investment_relation
496565-56,HFund,8964,Venture Capital,,,1,company_investor_relation|deal_investor_relation|investor_investment_relation
818986-96,HGEN DAO,8965,Venture Capital,www.hgendao.io,hgendao.io,1,company_investor_relation|deal_investor_relation|investor_investment_relation
102013-75,High Goal,8972,VC-Backed Company,highgoalgin.com,highgoalgin.com,1,company_investor_relation|deal_investor_relation|investor_investment_relation
11867-23,Highland Capital Partners,8974,Venture Capital,www.hcp.com,hcp.com,1,company_investor_relation|deal_investor_relation|investor_investment_relation
521613-28,Hikari Mitsushima,8975,Angel (individual),,,1,company_investor_relation|deal_investor_relation|investor_investment_relation
497858-05,Hingsdaul Capital,8981,Venture Capital,,,1,company_investor_relation|deal_investor_relation|investor_investment_relation
522044-83,Hirokado Kohji,8983,Angel (individual),,,1,company_investor_relation|deal_investor_relation|investor_investment_relation
535583-62,"HISCo Co., Ltd.",8986,VC-Backed Company,,,1,company_investor_relation|deal_investor_relation|investor_investment_relation
228705-04,Hitco Entertainment,8987,PE-Backed Company,www.hitcomusic.com,hitcomusic.com,1,company_investor_relation|deal_investor_relation|investor_investment_relation
534452-23,Hitech Ventures,8988,Venture Capital,www.hitechventures.net,hitechventures.net,1,company_investor_relation|deal_investor_relation|investor_investment_relation
459911-71,Hive Capital,8989,Fundless Sponsor,www.hivecapital.us,hivecapital.us,1,company_investor_relation|deal_investor_relation|investor_investment_relation
471865-87,Hive Hatch,8991,Venture Capital,www.hivehatch.com,hivehatch.com,1,company_investor_relation|deal_investor_relation|investor_investment_relation
519497-47,HKICEx,8995,Corporation,,,1,company_investor_relation|deal_investor_relation|investor_investment_relation
126455-32,HNW Angel,8998,Angel Group,,,1,company_investor_relation|deal_investor_relation|investor_investment_relation
62217-55,Hobbit,9000,Corporation,www.hobbitinvest.com,hobbitinvest.com,1,company_investor_relation|deal_investor_relation|investor_investment_relation
596501-83,Hoko,9004,Corporation,www.hokoworld.com,hokoworld.com,1,company_investor_relation|deal_investor_relation|investor_investment_relation
509378-50,Holders Capital,9005,Angel Group,www.holderscapital.ventures,holderscapital.ventures,1,company_investor_relation|deal_investor_relation|investor_investment_relation
535038-85,Holdstation,9007,VC-Backed Company,www.holdstation.com,holdstation.com,1,company_investor_relation|deal_investor_relation|investor_investment_relation
125619-13,Holger Sprengel,9009,Angel (individual),,,1,company_investor_relation|deal_investor_relation|investor_investment_relation
230379-85,Holley Group,9010,Corporation,www.holley.cn,holley.cn,1,company_investor_relation|deal_investor_relation|investor_investment_relation
433744-30,Hong Kong Ginkgo Capital,9016,Venture Capital,www.ginkgo.hk,ginkgo.hk,1,company_investor_relation|deal_investor_relation|investor_investment_relation
99774-19,Hong Kong Trade Development Council,9017,Government,www.hktdc.com,hktdc.com,1,company_investor_relation|deal_investor_relation|investor_investment_relation
287972-92,Hong Yu,9019,Angel (individual),,,1,company_investor_relation|deal_investor_relation|investor_investment_relation
454392-28,Hongsheng Investment Management,9023,Venture Capital,www.hudson-capital.com,hudson-capital.com,1,company_investor_relation|deal_investor_relation|investor_investment_relation
607856-68,Hongyi Labs,9024,Corporation,www.hongyilab.com,hongyilab.com,1,company_investor_relation|deal_investor_relation|investor_investment_relation
650344-24,Hope Chain,9027,Not-For-Profit Venture Capital,hopechain.com,hopechain.com,1,company_investor_relation|deal_investor_relation|investor_investment_relation
399055-96,Hopson Capital,9030,Venture Capital,hopsoncapital.com,hopsoncapital.com,1,company_investor_relation|deal_investor_relation|investor_investment_relation
529298-56,Horizon Capital (China),9032,Venture Capital,,,1,company_investor_relation|deal_investor_relation|investor_investment_relation
470995-75,Horizon Capital Asset Management,9033,Hedge Fund,horizoncap.ch,horizoncap.ch,1,company_investor_relation|deal_investor_relation|investor_investment_relation
438108-76,Hornet Ventures,9035,Venture Capital,www.hornetventures.com,hornetventures.com,1,company_investor_relation|deal_investor_relation|investor_investment_relation
496749-07,Horseburgh Partners,9036,Venture Capital,,,1,company_investor_relation|deal_investor_relation|investor_investment_relation
528154-93,Houdini Swap,9040,Corporation,www.houdiniswap.com,houdiniswap.com,1,company_investor_relation|deal_investor_relation|investor_investment_relation
55080-82,Howard Morgan,9041,Angel (individual),,,1,company_investor_relation|deal_investor_relation|investor_investment_relation
818992-99,HRT (),9043,Angel Group,,,1,company_investor_relation|deal_investor_relation|investor_investment_relation
503395-75,HStarter,9046,Accelerator/Incubator,hstarter.com,hstarter.com,1,company_investor_relation|deal_investor_relation|investor_investment_relation
482192-47,HSVC,9047,Venture Capital,www.hsvc.co.kr,hsvc.co.kr,1,company_investor_relation|deal_investor_relation|investor_investment_relation
170767-72,HT Venture Capital,9049,Venture Capital,,,1,company_investor_relation|deal_investor_relation|investor_investment_relation
59788-72,HTX Minerals,9051,Corporation,www.htxminerals.com,htxminerals.com,1,company_investor_relation|deal_investor_relation|investor_investment_relation
180456-58,Hua Qing Ce Yuan Venture Capital,9054,Venture Capital,,,1,company_investor_relation|deal_investor_relation|investor_investment_relation
433954-27,Huang Tianwei,9057,Angel (individual),,,1,company_investor_relation|deal_investor_relation|investor_investment_relation
162194-41,Huashan Capital,9058,Venture Capital,huashancapital.com,huashancapital.com,1,company_investor_relation|deal_investor_relation|investor_investment_relation
433484-56,Huatai Capital,9059,Venture Capital,,,1,company_investor_relation|deal_investor_relation|investor_investment_relation
541153-90,Huawei Spark Ignite,9060,Other,huawei.agorize.com,huawei.agorize.com,1,company_investor_relation|deal_investor_relation|investor_investment_relation
150564-16,HUB (United Kingdom),9061,Real Estate,www.hubliving.com,hubliving.com,1,company_investor_relation|deal_investor_relation|investor_investment_relation
110453-41,Hubert Walentynowicz,9063,Angel (individual),,,1,company_investor_relation|deal_investor_relation|investor_investment_relation
597723-58,Hugo Martingale,9068,Angel (individual),,,1,company_investor_relation|deal_investor_relation|investor_investment_relation
433954-54,Huixing Capital,9070,Venture Capital,,,1,company_investor_relation|deal_investor_relation|investor_investment_relation
465801-67,Huiyin Group,9071,Corporation,www.huiyin.com,huiyin.com,1,company_investor_relation|deal_investor_relation|investor_investment_relation
108079-30,Human Ventures,9076,Venture Capital,www.human.vc,human.vc,1,company_investor_relation|deal_investor_relation|investor_investment_relation
183404-26,Humayun Sheikh,9077,Angel (individual),,,1,company_investor_relation|deal_investor_relation|investor_investment_relation
467693-74,Hunfan Labs,9080,Venture Capital,,,1,company_investor_relation|deal_investor_relation|investor_investment_relation
149897-62,Huoban VC,9083,Venture Capital,www.huoban.vc,huoban.vc,1,company_investor_relation|deal_investor_relation|investor_investment_relation
495480-34,Huobi Innovation Labs,9084,Venture Capital,,,1,company_investor_relation|deal_investor_relation|investor_investment_relation
493039-36,Hyper (US),9088,Corporate Venture Capital,www.hyper.com,hyper.com,1,company_investor_relation|deal_investor_relation|investor_investment_relation
513443-53,hyper id,9090,Venture Capital,,,1,company_investor_relation|deal_investor_relation|investor_investment_relation
537224-14,Hyper88,9091,Corporation,www.hyper88.com,hyper88.com,1,company_investor_relation|deal_investor_relation|investor_investment_relation
527101-84,Hypercycle,9093,Infrastructure,www.hypercycle.ai,hypercycle.ai,1,company_investor_relation|deal_investor_relation|investor_investment_relation
41699-26,HyperEdge,9094,Corporation,www.hyperedge.com,hyperedge.com,1,company_investor_relation|deal_investor_relation|investor_investment_relation
431631-10,Hyperfund,9095,Venture Capital,www.hyperfund.io,hyperfund.io,1,company_investor_relation|deal_investor_relation|investor_investment_relation
1167964-57,Hyperfusion,9096,Corporation,,,1,company_investor_relation|deal_investor_relation|investor_investment_relation
452776-24,Hypergrowth Ventures,9097,Venture Capital,,,1,company_investor_relation|deal_investor_relation|investor_investment_relation
844607-62,Hyperion (Financial Services),9098,Corporation,www.hyperion.xyz,hyperion.xyz,1,company_investor_relation|deal_investor_relation|investor_investment_relation
494619-58,Hyperion Alpha,9099,Venture Capital,www.hyperionalpha.com,hyperionalpha.com,1,company_investor_relation|deal_investor_relation|investor_investment_relation
528933-79,HyperPlay,9103,VC-Backed Company,www.hyperplay.xyz,hyperplay.xyz,1,company_investor_relation|deal_investor_relation|investor_investment_relation
482243-77,Hypershare,9104,Venture Capital,,,1,company_investor_relation|deal_investor_relation|investor_investment_relation
525583-27,Hypersign (Investor),9105,Corporation,,,1,company_investor_relation|deal_investor_relation|investor_investment_relation
608024-35,Hypertrove Ventures,9106,Venture Capital,www.hypertrove.ventures,hypertrove.ventures,1,company_investor_relation|deal_investor_relation|investor_investment_relation
756592-66,Hyponyms,9107,Venture Capital,,,1,company_investor_relation|deal_investor_relation|investor_investment_relation
114561-91,Hyundai Department Store Company,9109,Corporation,www.ehyundai.com,ehyundai.com,1,company_investor_relation|deal_investor_relation|investor_investment_relation
435868-39,i systems,9111,Corporation,www.i-systems.net,i-systems.net,1,company_investor_relation|deal_investor_relation|investor_investment_relation
50986-90,IA Ventures,9115,Venture Capital,www.iaventures.com,iaventures.com,1,company_investor_relation|deal_investor_relation|investor_investment_relation
718275-25,Ian Anderson,9118,Angel (individual),,,1,company_investor_relation|deal_investor_relation|investor_investment_relation
488986-66,Ian Lee,9120,Angel (individual),,,1,company_investor_relation|deal_investor_relation|investor_investment_relation
327484-63,Ian Livingstone,9121,Angel (individual),,,1,company_investor_relation|deal_investor_relation|investor_investment_relation
752720-50,IBC Capital (India),9124,Corporate Venture Capital,capital.itsblockchain.com,capital.itsblockchain.com,1,company_investor_relation|deal_investor_relation|investor_investment_relation
59897-08,Ibex Investors,9127,Venture Capital,www.ibexinvestors.com,ibexinvestors.com,1,company_investor_relation|deal_investor_relation|investor_investment_relation
343366-57,IBK Changgong,9129,Accelerator/Incubator,www.ibkchanggong.com,ibkchanggong.com,1,company_investor_relation|deal_investor_relation|investor_investment_relation
161319-25,IBM Watson Centre,9131,Accelerator/Incubator,,,1,company_investor_relation|deal_investor_relation|investor_investment_relation
527531-05,iBoost Zone,9132,Accelerator/Incubator,www.innovationboostzone.com,innovationboostzone.com,1,company_investor_relation|deal_investor_relation|investor_investment_relation
264673-27,IBT Capital,9133,Venture Capital,ibtzb.com,ibtzb.com,1,company_investor_relation|deal_investor_relation|investor_investment_relation
433026-82,iByond,9134,VC-Backed Company,www.ibyond.com,ibyond.com,1,company_investor_relation|deal_investor_relation|investor_investment_relation
331219-27,Ice Technologies (Lowa),9137,PE-Backed Company,www.icetechnologies.com,icetechnologies.com,1,company_investor_relation|deal_investor_relation|investor_investment_relation
104025-07,Iceaddis,9138,Accelerator/Incubator,www.iceaddis.com,iceaddis.com,1,company_investor_relation|deal_investor_relation|investor_investment_relation
607798-99,Icedcoffee Icedcoffee,9142,Angel (individual),,,1,company_investor_relation|deal_investor_relation|investor_investment_relation
11219-32,ICG,9143,PE/Buyout,www.icgam.com,icgam.com,1,company_investor_relation|deal_investor_relation|investor_investment_relation
433050-94,Icon Advisers,9144,Corporation,www.iconadvisers.com,iconadvisers.com,1,company_investor_relation|deal_investor_relation|investor_investment_relation
596291-95,Icunucmi Icunucmi,9146,Angel (individual),,,1,company_investor_relation|deal_investor_relation|investor_investment_relation
231445-00,ID345,9147,Angel Group,id345.tech,id345.tech,1,company_investor_relation|deal_investor_relation|investor_investment_relation
289691-65,Ideal Finansal Teknolojiler ve Danismanlik,9150,VC-Backed Company,www.idealistdanismanlik.com.tr,idealistdanismanlik.com.tr,1,company_investor_relation|deal_investor_relation|investor_investment_relation
484631-56,IDO Research Ventures,9153,Venture Capital,,,1,company_investor_relation|deal_investor_relation|investor_investment_relation
54783-10,iDreamSky Technology,9154,Corporation,www.idreamsky.com,idreamsky.com,1,company_investor_relation|deal_investor_relation|investor_investment_relation
267935-50,iExec,9156,VC-Backed Company,www.iex.ec,iex.ec,1,company_investor_relation|deal_investor_relation|investor_investment_relation
539342-92,IFG Corporation,9158,Corporation,www.ifg.jp,ifg.jp,1,company_investor_relation|deal_investor_relation|investor_investment_relation
11315-71,Ignite Group (Redwood City),9162,Venture Capital,www.ignitegroup.com,ignitegroup.com,1,company_investor_relation|deal_investor_relation|investor_investment_relation
185038-48,Ignite500 Venture,9163,Venture Capital,ignite500.com,ignite500.com,1,company_investor_relation|deal_investor_relation|investor_investment_relation
731428-12,Ignivia Group,9164,Venture Capital,,,1,company_investor_relation|deal_investor_relation|investor_investment_relation
184603-15,Igor Shirokov,9166,Angel (individual),,,1,company_investor_relation|deal_investor_relation|investor_investment_relation
1157539-87,IMC (Investor),9171,Corporation,,,1,company_investor_relation|deal_investor_relation|investor_investment_relation
169752-97,Immad Akhund,9174,Angel (individual),,,1,company_investor_relation|deal_investor_relation|investor_investment_relation
501282-82,Immortal Game,9176,VC-Backed Company,immortal.game,immortal.game,1,company_investor_relation|deal_investor_relation|investor_investment_relation
57625-84,Impact Assets,9177,Impact Investing,www.impactassets.org,impactassets.org,1,company_investor_relation|deal_investor_relation|investor_investment_relation
107729-65,Imperial PFS,9181,Corporation,www.ipfs.com,ipfs.com,1,company_investor_relation|deal_investor_relation|investor_investment_relation
56021-50,Impetus - The Private Equity Foundation,9182,Corporation,www.impetus-pef.org.uk,impetus-pef.org.uk,1,company_investor_relation|deal_investor_relation|investor_investment_relation
100157-14,IMT Starter,9184,Accelerator/Incubator,www.imt-starter.fr,imt-starter.fr,1,company_investor_relation|deal_investor_relation|investor_investment_relation
166691-26,In Capital,9185,Venture Capital,www.in-capital.cn,in-capital.cn,1,company_investor_relation|deal_investor_relation|investor_investment_relation
11211-13,In-Q-Tel,9187,Not-For-Profit Venture Capital,www.iqt.org,iqt.org,1,company_investor_relation|deal_investor_relation|investor_investment_relation
162952-03,Incibe,9193,Accelerator/Incubator,www.incibe.es,incibe.es,1,company_investor_relation|deal_investor_relation|investor_investment_relation
442899-91,Inclusive Fintech 50,9195,Other,www.inclusivefintech50.com,inclusivefintech50.com,1,company_investor_relation|deal_investor_relation|investor_investment_relation
64088-29,Indus Media Entertainment,9201,Growth/Expansion,www.indusmediaentertainment.com,indusmediaentertainment.com,1,company_investor_relation|deal_investor_relation|investor_investment_relation
676532-17,Industry Accelerator and Patent Strategy,9204,Accelerator/Incubator,www.iaps.ord.nycu.edu.tw,iaps.ord.nycu.edu.tw,1,company_investor_relation|deal_investor_relation|investor_investment_relation
862910-20,Infinite Field,9206,Venture Capital,www.infinitefield.xyz,infinitefield.xyz,1,company_investor_relation|deal_investor_relation|investor_investment_relation
490301-74,Infinity Force,9209,VC-Backed Company,infinityforce.com,infinityforce.com,1,company_investor_relation|deal_investor_relation|investor_investment_relation
467581-87,InfoEdge Ventures,9215,Corporate Venture Capital,www.infoedgeventures.in,infoedgeventures.in,1,company_investor_relation|deal_investor_relation|investor_investment_relation
521251-75,InfotechHub,9217,Accelerator/Incubator,www.infotechhub.in,infotechhub.in,1,company_investor_relation|deal_investor_relation|investor_investment_relation
123834-43,Infusion Angels,9218,Angel Group,www.infusionangels.com,infusionangels.com,1,company_investor_relation|deal_investor_relation|investor_investment_relation
222264-46,ING Fintech Village,9219,Accelerator/Incubator,www.fintech-village.com,fintech-village.com,1,company_investor_relation|deal_investor_relation|investor_investment_relation
224396-83,ING Ventures,9220,Corporate Venture Capital,,,1,company_investor_relation|deal_investor_relation|investor_investment_relation
509366-44,Ingame,9221,VC-Backed Company,www.ingame-sports.com,ingame-sports.com,1,company_investor_relation|deal_investor_relation|investor_investment_relation
908693-02,Ink Foundation,9224,Corporation,www.inkonchain.com,inkonchain.com,1,company_investor_relation|deal_investor_relation|investor_investment_relation
108557-11,Inkubator STARTER,9225,Accelerator/Incubator,inkubatorstarter.pl,inkubatorstarter.pl,1,company_investor_relation|deal_investor_relation|investor_investment_relation
99656-47,Inmind,9226,VC-Backed Company,www.inmindtechnologies.com,inmindtechnologies.com,1,company_investor_relation|deal_investor_relation|investor_investment_relation
1167713-20,InnoFinCon,9231,Asset Manager,www.innofincon.ch,innofincon.ch,1,company_investor_relation|deal_investor_relation|investor_investment_relation
624249-10,Innovate Ventures,9234,Venture Capital,innovateventures.com,innovateventures.com,1,company_investor_relation|deal_investor_relation|investor_investment_relation
340899-85,Innovation and Entrepreneurship Federation of CCS NIAM,9235,Accelerator/Incubator,www.ccsniam.gov.in,ccsniam.gov.in,1,company_investor_relation|deal_investor_relation|investor_investment_relation
56359-18,Innovation Authority,9236,Government,innovationisrael.org.il,innovationisrael.org.il,1,company_investor_relation|deal_investor_relation|investor_investment_relation
462733-66,Innovation Capital (Bulgaria),9237,Venture Capital,www.innovationcapital.bg,innovationcapital.bg,1,company_investor_relation|deal_investor_relation|investor_investment_relation
88670-08,Innovation Depot,9238,Accelerator/Incubator,www.innovationdepot.org,innovationdepot.org,1,company_investor_relation|deal_investor_relation|investor_investment_relation
229995-28,Innovent Capital Group,9241,Venture Capital,www.innoventcapital.com,innoventcapital.com,1,company_investor_relation|deal_investor_relation|investor_investment_relation
162203-68,Inovexus Ventures,9242,Accelerator/Incubator,www.inovexus.com,inovexus.com,1,company_investor_relation|deal_investor_relation|investor_investment_relation
527231-17,Inqud,9244,Corporation,www.inqud.com,inqud.com,1,company_investor_relation|deal_investor_relation|investor_investment_relation
489757-96,inst,9247,Venture Capital,,,1,company_investor_relation|deal_investor_relation|investor_investment_relation
458672-95,Integrated Finance,9253,Venture Capital,www.integrated.finance,integrated.finance,1,company_investor_relation|deal_investor_relation|investor_investment_relation
711363-52,Intelligent Cricket,9256,Corporation,www.intelligentcricket.com,intelligentcricket.com,1,company_investor_relation|deal_investor_relation|investor_investment_relation
11746-54,Intercontinental Exchange,9258,Corporation,www.ice.com,ice.com,1,company_investor_relation|deal_investor_relation|investor_investment_relation
65805-76,Internet Initiatives Development Fund,9261,Venture Capital,iidf.ru,iidf.ru,1,company_investor_relation|deal_investor_relation|investor_investment_relation
503753-59,Interpol Defi,9262,Corporation,www.interpoldefi.com,interpoldefi.com,1,company_investor_relation|deal_investor_relation|investor_investment_relation
533565-46,Interstellar Ventures,9263,Venture Capital,,,1,company_investor_relation|deal_investor_relation|investor_investment_relation
550856-53,Intr Finance,9264,Corporation,,,1,company_investor_relation|deal_investor_relation|investor_investment_relation
434318-05,Intuition Fund,9265,Venture Capital,www.intuition.fund,intuition.fund,1,company_investor_relation|deal_investor_relation|investor_investment_relation
535008-34,Inverse Ventures,9267,Venture Capital,,,1,company_investor_relation|deal_investor_relation|investor_investment_relation
86704-93,Invest Ottawa,9269,Accelerator/Incubator,www.investottawa.ca,investottawa.ca,1,company_investor_relation|deal_investor_relation|investor_investment_relation
56787-22,Investessor,9272,Angel Group,www.investessor.fr,investessor.fr,1,company_investor_relation|deal_investor_relation|investor_investment_relation
571537-45,Investment Readiness Accelerator,9276,Accelerator/Incubator,,,1,company_investor_relation|deal_investor_relation|investor_investment_relation
163540-09,Invictus Capital Partners (Washington),9278,Asset Manager,www.invictuscp.com,invictuscp.com,1,company_investor_relation|deal_investor_relation|investor_investment_relation
496077-22,IOSG Group,9280,Other,,,1,company_investor_relation|deal_investor_relation|investor_investment_relation
491809-60,IPC(United States),9281,Other,,,1,company_investor_relation|deal_investor_relation|investor_investment_relation
235246-06,IPT Chain,9283,VC-Backed Company,www.iptchain.net,iptchain.net,1,company_investor_relation|deal_investor_relation|investor_investment_relation
436391-11,IPX,9284,VC-Backed Company,www.ipxcorp.com,ipxcorp.com,1,company_investor_relation|deal_investor_relation|investor_investment_relation
434478-25,Irfan Goandal,9288,Angel (individual),,,1,company_investor_relation|deal_investor_relation|investor_investment_relation
161979-04,Ironbridge Capital Partners,9292,Growth/Expansion,www.ironbridgecp.com,ironbridgecp.com,1,company_investor_relation|deal_investor_relation|investor_investment_relation
56946-25,Ironfire Ventures,9293,Venture Capital,www.ironfireventures.com,ironfireventures.com,1,company_investor_relation|deal_investor_relation|investor_investment_relation
107433-82,IronFX,9294,Corporation,www.ironfx.eu,ironfx.eu,1,company_investor_relation|deal_investor_relation|investor_investment_relation
522455-59,Ironshore Records,9297,Venture Capital,,,1,company_investor_relation|deal_investor_relation|investor_investment_relation
491089-87,Isaac Siegel,9300,Angel (individual),,,1,company_investor_relation|deal_investor_relation|investor_investment_relation
638788-42,Isaiah Washington,9301,Angel (individual),,,1,company_investor_relation|deal_investor_relation|investor_investment_relation
615971-35,Ishaan Hiranandani,9302,Angel (individual),,,1,company_investor_relation|deal_investor_relation|investor_investment_relation
756591-94,Isidoros Passadis,9303,Angel (individual),,,1,company_investor_relation|deal_investor_relation|investor_investment_relation
489260-08,Islander,9307,VC-Backed Company,www.staging.theislander.io,staging.theislander.io,1,company_investor_relation|deal_investor_relation|investor_investment_relation
140170-96,Israel Venture Partners,9309,Venture Capital,www.israelventurepartners.com,israelventurepartners.com,1,company_investor_relation|deal_investor_relation|investor_investment_relation
164434-51,Itcen Global,9311,Corporation,www.itcenglobal.com,itcenglobal.com,1,company_investor_relation|deal_investor_relation|investor_investment_relation
498473-02,Itera Innovation,9313,Venture Capital,itera-innovation.fr,itera-innovation.fr,1,company_investor_relation|deal_investor_relation|investor_investment_relation
433625-23,Iterative Accelerator,9314,Accelerator/Incubator,www.iterative.vc,iterative.vc,1,company_investor_relation|deal_investor_relation|investor_investment_relation
124183-99,Ithaca Investments,9315,Family Office,,,1,company_investor_relation|deal_investor_relation|investor_investment_relation
536932-81,ITLeaders,9316,Venture Capital,www.itleaders.vc,itleaders.vc,1,company_investor_relation|deal_investor_relation|investor_investment_relation
503045-56,iV Ventures (Brazil),9318,Impact Investing,,,1,company_investor_relation|deal_investor_relation|investor_investment_relation
895741-84,iverse.vision,9323,Venture Capital,,,1,company_investor_relation|deal_investor_relation|investor_investment_relation
535301-29,iViewUI,9324,Corporation,www.iviewui.com,iviewui.com,1,company_investor_relation|deal_investor_relation|investor_investment_relation
496407-52,Iván Gimeno,9325,Angel (individual),,,1,company_investor_relation|deal_investor_relation|investor_investment_relation
501391-90,J-Cam,9329,Corporation,www.j-cam.co.jp,j-cam.co.jp,1,company_investor_relation|deal_investor_relation|investor_investment_relation
264991-51,J. Paul Austin,9330,Angel (individual),,,1,company_investor_relation|deal_investor_relation|investor_investment_relation
482031-01,J10M Capital,9334,Venture Capital,,,1,company_investor_relation|deal_investor_relation|investor_investment_relation
438545-98,J8 Capital Management,9336,Asset Manager,www.j8capital.com,j8capital.com,1,company_investor_relation|deal_investor_relation|investor_investment_relation
707896-00,Jack Butcher,9338,Angel (individual),,,1,company_investor_relation|deal_investor_relation|investor_investment_relation
552098-17,Jack Koson,9340,Angel (individual),,,1,company_investor_relation|deal_investor_relation|investor_investment_relation
533117-89,Jack Skipp,9343,Angel (individual),,,1,company_investor_relation|deal_investor_relation|investor_investment_relation
497678-32,Jack Teoh,9344,Angel (individual),,,1,company_investor_relation|deal_investor_relation|investor_investment_relation
513234-37,Jack Yeu,9345,Angel (individual),,,1,company_investor_relation|deal_investor_relation|investor_investment_relation
491089-96,Jad Esber,9354,Angel (individual),,,1,company_investor_relation|deal_investor_relation|investor_investment_relation
437307-85,Jade Ventures,9355,Investment Bank,www.jade-ventures.com,jade-ventures.com,1,company_investor_relation|deal_investor_relation|investor_investment_relation
533168-56,Jai Prasad,9361,Angel (individual),,,1,company_investor_relation|deal_investor_relation|investor_investment_relation
106250-59,Jake Gibson,9367,Angel (individual),,,1,company_investor_relation|deal_investor_relation|investor_investment_relation
756591-49,Jakub Wojciechowski,9374,Angel (individual),,,1,company_investor_relation|deal_investor_relation|investor_investment_relation
459713-08,Jamal Jomaa,9377,Angel (individual),,,1,company_investor_relation|deal_investor_relation|investor_investment_relation
149803-03,James Bailey,9378,Angel (individual),,,1,company_investor_relation|deal_investor_relation|investor_investment_relation
465351-22,James Diorio,9382,Angel (individual),,,1,company_investor_relation|deal_investor_relation|investor_investment_relation
459410-77,James Donaldson,9383,Angel (individual),,,1,company_investor_relation|deal_investor_relation|investor_investment_relation
510121-63,James Guru,9386,Angel (individual),,,1,company_investor_relation|deal_investor_relation|investor_investment_relation
163223-29,James Hall & Company,9388,PE-Backed Company,www.jameshall.co.uk,jameshall.co.uk,1,company_investor_relation|deal_investor_relation|investor_investment_relation
644428-27,James Heckman,9389,Angel (individual),,,1,company_investor_relation|deal_investor_relation|investor_investment_relation
234914-32,James Ho,9390,Angel (individual),,,1,company_investor_relation|deal_investor_relation|investor_investment_relation
522455-86,James McCall,9395,Angel (individual),,,1,company_investor_relation|deal_investor_relation|investor_investment_relation
846530-83,James Onion,9399,Angel (individual),,,1,company_investor_relation|deal_investor_relation|investor_investment_relation
519976-63,James Philips,9400,Angel (individual),,,1,company_investor_relation|deal_investor_relation|investor_investment_relation
118449-19,James Smith,9402,Angel (individual),,,1,company_investor_relation|deal_investor_relation|investor_investment_relation
118508-68,James Smits,9403,Angel (individual),,,1,company_investor_relation|deal_investor_relation|investor_investment_relation
537674-86,James Waugh,9405,Angel (individual),,,1,company_investor_relation|deal_investor_relation|investor_investment_relation
845324-92,Jan Malkus,9413,Angel (individual),www.janmalkus.com,janmalkus.com,1,company_investor_relation|deal_investor_relation|investor_investment_relation
179177-95,Jan Rezab,9415,Angel (individual),,,1,company_investor_relation|deal_investor_relation|investor_investment_relation
434478-07,Janos Flosser,9420,Angel (individual),,,1,company_investor_relation|deal_investor_relation|investor_investment_relation
490138-93,Jared Hutchings,9423,Angel (individual),,,1,company_investor_relation|deal_investor_relation|investor_investment_relation
106277-68,Jared Kopf,9424,Angel (individual),,,1,company_investor_relation|deal_investor_relation|investor_investment_relation
494725-87,Jared Young,9427,Angel (individual),,,1,company_investor_relation|deal_investor_relation|investor_investment_relation
608765-41,Jarindr,9429,Angel (individual),,,1,company_investor_relation|deal_investor_relation|investor_investment_relation
872425-99,Jarindr Thitadilaka,9430,Angel (individual),,,1,company_investor_relation|deal_investor_relation|investor_investment_relation
591489-91,Jasmine Zhang,9434,Angel (individual),,,1,company_investor_relation|deal_investor_relation|investor_investment_relation
115562-17,Jason Brown,9435,Angel (individual),,,1,company_investor_relation|deal_investor_relation|investor_investment_relation
539052-22,Jason Calacanis,9436,Angel (individual),,,1,company_investor_relation|deal_investor_relation|investor_investment_relation
119360-17,Jason S Kampf,9441,Other,,,1,company_investor_relation|deal_investor_relation|investor_investment_relation
112226-86,Jason Wu,9443,Angel (individual),,,1,company_investor_relation|deal_investor_relation|investor_investment_relation
471288-97,Jasper Ehrhardt,9445,Angel (individual),,,1,company_investor_relation|deal_investor_relation|investor_investment_relation
503330-05,Jasper Oelers,9446,Angel (individual),,,1,company_investor_relation|deal_investor_relation|investor_investment_relation
462081-61,Javier Morodo,9447,Angel (individual),,,1,company_investor_relation|deal_investor_relation|investor_investment_relation
502822-63,Javier saviola,9448,Angel (individual),,,1,company_investor_relation|deal_investor_relation|investor_investment_relation
464400-19,Jawad Ashraf,9449,Angel (individual),,,1,company_investor_relation|deal_investor_relation|investor_investment_relation
863619-22,jawz jawz,9450,Angel (individual),,,1,company_investor_relation|deal_investor_relation|investor_investment_relation
106214-59,Jay Gould,9452,Angel (individual),,,1,company_investor_relation|deal_investor_relation|investor_investment_relation
517776-31,Jay Kurahashi-Sofue,9454,Angel (individual),,,1,company_investor_relation|deal_investor_relation|investor_investment_relation
494961-13,Jay Zhou,9456,Angel (individual),,,1,company_investor_relation|deal_investor_relation|investor_investment_relation
772653-79,Jean-Luc Bernard,9464,Angel (individual),,,1,company_investor_relation|deal_investor_relation|investor_investment_relation
490280-50,Jean-Marie Mognetti,9465,Angel (individual),,,1,company_investor_relation|deal_investor_relation|investor_investment_relation
452825-11,Jeff Burningham,9469,Angel (individual),,,1,company_investor_relation|deal_investor_relation|investor_investment_relation
484890-04,Jeff Kirdeikis,9470,Angel (individual),,,1,company_investor_relation|deal_investor_relation|investor_investment_relation
149509-45,Jeff Lin,9471,Angel (individual),,,1,company_investor_relation|deal_investor_relation|investor_investment_relation
471514-51,Jeff McConahy,9473,Angel (individual),,,1,company_investor_relation|deal_investor_relation|investor_investment_relation
483727-78,Jeff Paradise,9475,Angel (individual),,,1,company_investor_relation|deal_investor_relation|investor_investment_relation
54923-50,Jefferson Capital Systems,9479,Corporation,www.jcap.com,jcap.com,1,company_investor_relation|deal_investor_relation|investor_investment_relation
106120-99,Jeffery Pulver,9481,Angel (individual),www.pulver.com,pulver.com,1,company_investor_relation|deal_investor_relation|investor_investment_relation
454850-20,Jeffrey Huang,9483,Angel (individual),,,1,company_investor_relation|deal_investor_relation|investor_investment_relation
230409-82,Jeffrey Tarrant,9486,Angel (individual),,,1,company_investor_relation|deal_investor_relation|investor_investment_relation
178215-22,Jellysmack,9491,VC-Backed Company,www.jellysmack.com,jellysmack.com,1,company_investor_relation|deal_investor_relation|investor_investment_relation
502804-36,Jenil Thakker,9495,Angel (individual),,,1,company_investor_relation|deal_investor_relation|investor_investment_relation
61203-43,Jenner,9496,Corporation,www.jenner-group.co.uk,jenner-group.co.uk,1,company_investor_relation|deal_investor_relation|investor_investment_relation
228379-06,Jeremy Andrus,9503,Angel (individual),,,1,company_investor_relation|deal_investor_relation|investor_investment_relation
519052-24,Jeremy Clover,9504,Angel (individual),,,1,company_investor_relation|deal_investor_relation|investor_investment_relation
459638-56,Jeremy Kwong-Law,9508,Angel (individual),,,1,company_investor_relation|deal_investor_relation|investor_investment_relation
533075-14,Jeremy Ong,9509,Angel (individual),,,1,company_investor_relation|deal_investor_relation|investor_investment_relation
494726-32,Jeremy Rosenvall,9510,Angel (individual),,,1,company_investor_relation|deal_investor_relation|investor_investment_relation
489610-09,Jerry Soer,9513,Angel (individual),,,1,company_investor_relation|deal_investor_relation|investor_investment_relation
472214-44,Jesse Grushack,9514,Angel (individual),,,1,company_investor_relation|deal_investor_relation|investor_investment_relation
739612-63,Jett Tang,9519,Angel (individual),,,1,company_investor_relation|deal_investor_relation|investor_investment_relation
287977-78,Jianguo Wei,9524,Angel (individual),,,1,company_investor_relation|deal_investor_relation|investor_investment_relation
287947-81,JIC CAPITAL,9525,Corporation,www.jic.capital,jic.capital,1,company_investor_relation|deal_investor_relation|investor_investment_relation
267518-44,JIC Capital Management,9526,Corporate Venture Capital,www.jiccapital.cn,jiccapital.cn,1,company_investor_relation|deal_investor_relation|investor_investment_relation
490970-08,Jigen.,9528,Venture Capital,,,1,company_investor_relation|deal_investor_relation|investor_investment_relation
433187-38,Jike Capital,9531,Venture Capital,www.jikeziben.com,jikeziben.com,1,company_investor_relation|deal_investor_relation|investor_investment_relation
106111-09,Jillian Manus,9535,Angel (individual),,,1,company_investor_relation|deal_investor_relation|investor_investment_relation
469459-99,Jim Zhou,9539,Angel (individual),,,1,company_investor_relation|deal_investor_relation|investor_investment_relation
494887-60,Jimei Korea,9540,Venture Capital,,,1,company_investor_relation|deal_investor_relation|investor_investment_relation
434233-45,Jinghua Zhang,9543,Angel (individual),,,1,company_investor_relation|deal_investor_relation|investor_investment_relation
316123-12,Jingxi Capital,9546,Venture Capital,www.jingxi-capital.com,jingxi-capital.com,1,company_investor_relation|deal_investor_relation|investor_investment_relation
54590-05,Jiuzhou Investment Group,9547,Venture Capital,jiuzhouinvest.com,jiuzhouinvest.com,1,company_investor_relation|deal_investor_relation|investor_investment_relation
530783-83,Joachim Breitner,9549,Angel (individual),,,1,company_investor_relation|deal_investor_relation|investor_investment_relation
469950-76,Joakim Achrén,9550,Angel (individual),,,1,company_investor_relation|deal_investor_relation|investor_investment_relation
470567-35,Joe Tsai,9553,Angel (individual),,,1,company_investor_relation|deal_investor_relation|investor_investment_relation
160515-64,Joel Johnson,9556,Angel (individual),,,1,company_investor_relation|deal_investor_relation|investor_investment_relation
230129-92,Joel Low,9557,Angel (individual),,,1,company_investor_relation|deal_investor_relation|investor_investment_relation
496340-92,Joel Madden,9558,Angel (individual),,,1,company_investor_relation|deal_investor_relation|investor_investment_relation
501469-48,Joel Thorstensson,9559,Angel (individual),,,1,company_investor_relation|deal_investor_relation|investor_investment_relation
169275-79,Joey Krug,9560,Angel (individual),,,1,company_investor_relation|deal_investor_relation|investor_investment_relation
707969-98,John Hannah,9568,Angel (individual),,,1,company_investor_relation|deal_investor_relation|investor_investment_relation
437712-49,John Mcdonald,9574,Angel (individual),,,1,company_investor_relation|deal_investor_relation|investor_investment_relation
125499-52,John O'Connor,9575,Angel (individual),,,1,company_investor_relation|deal_investor_relation|investor_investment_relation
178808-50,John Packel,9576,Angel (individual),,,1,company_investor_relation|deal_investor_relation|investor_investment_relation
149936-95,John Richards,9578,Angel (individual),,,1,company_investor_relation|deal_investor_relation|investor_investment_relation
893818-27,John Tuminello,9585,Angel (individual),,,1,company_investor_relation|deal_investor_relation|investor_investment_relation
756578-35,Johnny Cash,9588,Angel (individual),,,1,company_investor_relation|deal_investor_relation|investor_investment_relation
846531-73,Jon Mui,9595,Angel (individual),,,1,company_investor_relation|deal_investor_relation|investor_investment_relation
540756-46,Jonatan Kidon,9596,Angel (individual),,,1,company_investor_relation|deal_investor_relation|investor_investment_relation
495913-06,Jonathan Allen,9597,Angel (individual),,,1,company_investor_relation|deal_investor_relation|investor_investment_relation
542400-94,Jonathan Gabler,9605,Angel (individual),,,1,company_investor_relation|deal_investor_relation|investor_investment_relation
135875-71,Jonathan Kaye,9609,Angel (individual),,,1,company_investor_relation|deal_investor_relation|investor_investment_relation
224275-87,Jonathan Lee,9611,Angel (individual),,,1,company_investor_relation|deal_investor_relation|investor_investment_relation
106183-63,Jonathan Miller,9612,Angel (individual),,,1,company_investor_relation|deal_investor_relation|investor_investment_relation
510216-76,Jonathan Moore,9613,Angel (individual),,,1,company_investor_relation|deal_investor_relation|investor_investment_relation
469462-60,Jonathan Padilla,9614,Angel (individual),,,1,company_investor_relation|deal_investor_relation|investor_investment_relation
608193-73,Jonathan Seguin,9617,Angel (individual),,,1,company_investor_relation|deal_investor_relation|investor_investment_relation
493207-57,Jordan Belfort,9623,Angel (individual),,,1,company_investor_relation|deal_investor_relation|investor_investment_relation
884867-95,Jordan Feintech,9624,Angel (individual),,,1,company_investor_relation|deal_investor_relation|investor_investment_relation
438858-82,Jordan Fish,9625,Angel (individual),,,1,company_investor_relation|deal_investor_relation|investor_investment_relation
496078-12,Jordan Garbis,9627,Angel (individual),,,1,company_investor_relation|deal_investor_relation|investor_investment_relation
496710-28,Jordi Riulas,9629,Angel (individual),,,1,company_investor_relation|deal_investor_relation|investor_investment_relation
518132-62,Josefin Lautenschläger,9632,Angel (individual),,,1,company_investor_relation|deal_investor_relation|investor_investment_relation
533035-63,Josep Navajo,9633,Angel (individual),,,1,company_investor_relation|deal_investor_relation|investor_investment_relation
528335-29,Joseph Chan,9634,Angel (individual),,,1,company_investor_relation|deal_investor_relation|investor_investment_relation
616535-47,Joseph Cheong,9635,Angel (individual),,,1,company_investor_relation|deal_investor_relation|investor_investment_relation
464333-86,Joseph Gerges,9636,Angel (individual),,,1,company_investor_relation|deal_investor_relation|investor_investment_relation
597331-54,Joseph Lloyd,9637,Angel (individual),,,1,company_investor_relation|deal_investor_relation|investor_investment_relation
454404-61,Joseph Yakuel,9639,Angel (individual),,,1,company_investor_relation|deal_investor_relation|investor_investment_relation
606923-38,Joshnomics,9646,Angel (individual),,,1,company_investor_relation|deal_investor_relation|investor_investment_relation
517418-74,Joshua Kimmich,9647,Angel (individual),,,1,company_investor_relation|deal_investor_relation|investor_investment_relation
553122-10,JP Life Next Fund,9657,Corporate Venture Capital,www.jpl-next.jp,jpl-next.jp,1,company_investor_relation|deal_investor_relation|investor_investment_relation
166256-83,JPMorgan India,9659,Corporation,,,1,company_investor_relation|deal_investor_relation|investor_investment_relation
864506-08,JPTHOR JPTHOR,9660,Angel (individual),,,1,company_investor_relation|deal_investor_relation|investor_investment_relation
454592-98,Juan Roig,9664,Angel (individual),,,1,company_investor_relation|deal_investor_relation|investor_investment_relation
516155-59,Juanjo Mostazo,9665,Angel (individual),,,1,company_investor_relation|deal_investor_relation|investor_investment_relation
53014-51,Jubilee Investments,9666,Real Estate,www.jubileeinvest.com,jubileeinvest.com,1,company_investor_relation|deal_investor_relation|investor_investment_relation
110881-00,Judson Valeski,9668,Angel (individual),,,1,company_investor_relation|deal_investor_relation|investor_investment_relation
502633-63,Juergen Hoebarth,9669,Angel (individual),,,1,company_investor_relation|deal_investor_relation|investor_investment_relation
126815-23,Juha Paananen,9670,Angel (individual),,,1,company_investor_relation|deal_investor_relation|investor_investment_relation
607125-79,Julian Julian,9672,Angel (individual),,,1,company_investor_relation|deal_investor_relation|investor_investment_relation
443232-82,Julian Zegelman,9676,Angel (individual),,,1,company_investor_relation|deal_investor_relation|investor_investment_relation
455112-01,Julien Machot,9677,Angel (individual),,,1,company_investor_relation|deal_investor_relation|investor_investment_relation
481484-44,July Capital,9680,Venture Capital,,,1,company_investor_relation|deal_investor_relation|investor_investment_relation
549315-10,Jumbo Technology Co.,9681,Corporation,jumbogames.com.tw,jumbogames.com.tw,1,company_investor_relation|deal_investor_relation|investor_investment_relation
234608-86,Jun Du,9683,Angel (individual),,,1,company_investor_relation|deal_investor_relation|investor_investment_relation
472298-59,Junkai Wang,9688,Angel (individual),,,1,company_investor_relation|deal_investor_relation|investor_investment_relation
226679-41,Junli Capital,9689,Venture Capital,,,1,company_investor_relation|deal_investor_relation|investor_investment_relation
615515-32,Jupiter (British Virgin Islands),9692,VC-Backed Company,www.jup.ag,jup.ag,1,company_investor_relation|deal_investor_relation|investor_investment_relation
494717-32,Jupyton,9693,Venture Capital,,,1,company_investor_relation|deal_investor_relation|investor_investment_relation
106473-70,Justin Caldbeck,9697,Angel (individual),,,1,company_investor_relation|deal_investor_relation|investor_investment_relation
436324-51,Justin Mares,9700,Angel (individual),justinmares.com,justinmares.com,1,company_investor_relation|deal_investor_relation|investor_investment_relation
443122-21,Justin Poirier,9703,Angel (individual),,,1,company_investor_relation|deal_investor_relation|investor_investment_relation
106612-84,Justin Yoshimura,9708,Angel (individual),,,1,company_investor_relation|deal_investor_relation|investor_investment_relation
513047-53,Juyuan Tonghui Capital,9711,Venture Capital,,,1,company_investor_relation|deal_investor_relation|investor_investment_relation
978594-85,K10 Capital,9718,Venture Capital,,,1,company_investor_relation|deal_investor_relation|investor_investment_relation
501497-47,K5 Films,9721,Venture Capital,,,1,company_investor_relation|deal_investor_relation|investor_investment_relation
535959-55,Kabir Narang,9723,Angel (individual),,,1,company_investor_relation|deal_investor_relation|investor_investment_relation
42388-39,Kahuna Ventures,9726,Corporation,www.kahunaventures.com,kahunaventures.com,1,company_investor_relation|deal_investor_relation|investor_investment_relation
588942-64,Kaito Cunningham,9732,Angel (individual),,,1,company_investor_relation|deal_investor_relation|investor_investment_relation
159889-69,Kaixuan Capital,9734,Venture Capital,stringcapital.com.cn,stringcapital.com.cn,1,company_investor_relation|deal_investor_relation|investor_investment_relation
183717-01,Kaizen USA,9735,Corporation,www.kaizenusainc.com,kaizenusainc.com,1,company_investor_relation|deal_investor_relation|investor_investment_relation
489486-79,Kalao,9736,VC-Backed Company,marketplace.kalao.io,marketplace.kalao.io,1,company_investor_relation|deal_investor_relation|investor_investment_relation
527725-99,Kaleo Ventures,9737,Venture Capital,www.kaleo.vc,kaleo.vc,1,company_investor_relation|deal_investor_relation|investor_investment_relation
126558-01,Kamil Vacek,9745,Angel (individual),,,1,company_investor_relation|deal_investor_relation|investor_investment_relation
497773-00,Kano One,9746,Venture Capital,www.kano.one,kano.one,1,company_investor_relation|deal_investor_relation|investor_investment_relation
51639-67,Kapor Capital,9747,Venture Capital,www.kaporcapital.com,kaporcapital.com,1,company_investor_relation|deal_investor_relation|investor_investment_relation
322703-38,Kardia Ventures (United States),9749,Venture Capital,kardiaventures.com,kardiaventures.com,1,company_investor_relation|deal_investor_relation|investor_investment_relation
489764-44,KardiaChain,9750,VC-Backed Company,www.kardiachain.io,kardiachain.io,1,company_investor_relation|deal_investor_relation|investor_investment_relation
531405-19,Karim Benzema,9752,Angel (individual),,,1,company_investor_relation|deal_investor_relation|investor_investment_relation
105971-86,Karl Hampus Jakobsson,9753,Angel (individual),,,1,company_investor_relation|deal_investor_relation|investor_investment_relation
223818-94,Karl-Theodor zu Guttenberg,9756,Angel (individual),,,1,company_investor_relation|deal_investor_relation|investor_investment_relation
510687-37,Karthik Srinivasan,9761,Angel (individual),,,1,company_investor_relation|deal_investor_relation|investor_investment_relation
521611-75,Kasper Vanderloock,9765,Angel (individual),,,1,company_investor_relation|deal_investor_relation|investor_investment_relation
592308-55,Kate Wong,9767,Angel (individual),,,1,company_investor_relation|deal_investor_relation|investor_investment_relation
527421-07,Kathleen Gill,9770,Angel (individual),,,1,company_investor_relation|deal_investor_relation|investor_investment_relation
846530-65,Katryna Hanush,9774,Angel (individual),,,1,company_investor_relation|deal_investor_relation|investor_investment_relation
698082-85,Kayacan Ventures,9777,Accelerator/Incubator,www.kayacanventures.com,kayacanventures.com,1,company_investor_relation|deal_investor_relation|investor_investment_relation
181853-65,KBL Merger IV,9780,Special Purpose Acquisition Company (SPAC),www.kblmerger.com,kblmerger.com,1,company_investor_relation|deal_investor_relation|investor_investment_relation
496307-35,KCC (Business/Productivity Software),9781,Corporation,www.kcc.io,kcc.io,1,company_investor_relation|deal_investor_relation|investor_investment_relation
343711-90,Ke Yin Capital,9783,Venture Capital,,,1,company_investor_relation|deal_investor_relation|investor_investment_relation
101617-84,Keadyn,9784,Venture Capital,www.keadyn.com,keadyn.com,1,company_investor_relation|deal_investor_relation|investor_investment_relation
600754-87,Keihanna Global Acceleration Program,9785,Accelerator/Incubator,www.kgap.jp,kgap.jp,1,company_investor_relation|deal_investor_relation|investor_investment_relation
436027-87,Keith Venture Capital,9789,Angel Group,www.keith.vc,keith.vc,1,company_investor_relation|deal_investor_relation|investor_investment_relation
520596-82,KEKKAI,9790,VC-Backed Company,www.kekkai.io,kekkai.io,1,company_investor_relation|deal_investor_relation|investor_investment_relation
65531-44,Keller Center's eLab,9791,Accelerator/Incubator,www.kellercenter.princeton.edu,kellercenter.princeton.edu,1,company_investor_relation|deal_investor_relation|investor_investment_relation
501729-76,Kelly Choo,9792,Angel (individual),,,1,company_investor_relation|deal_investor_relation|investor_investment_relation
500592-52,Kemal Tamer,9795,Angel (individual),,,1,company_investor_relation|deal_investor_relation|investor_investment_relation
607128-40,Ken Bassig,9797,Angel (individual),,,1,company_investor_relation|deal_investor_relation|investor_investment_relation
442537-39,Ken Morimoto,9799,Angel (individual),,,1,company_investor_relation|deal_investor_relation|investor_investment_relation
115516-27,Kenanga Investment Bank,9801,Investment Bank,www.kenanga.com.my,kenanga.com.my,1,company_investor_relation|deal_investor_relation|investor_investment_relation
528244-75,Kenneth O'Friel,9805,Angel (individual),,,1,company_investor_relation|deal_investor_relation|investor_investment_relation
126883-63,Kerala Startup Mission,9808,Accelerator/Incubator,startupmission.kerala.gov.in,startupmission.kerala.gov.in,1,company_investor_relation|deal_investor_relation|investor_investment_relation
466430-68,Kerve Capital,9811,Hedge Fund,www.kervecap.com,kervecap.com,1,company_investor_relation|deal_investor_relation|investor_investment_relation
56992-42,Kestrel Partners,9814,Asset Manager,www.kestrelpartners.com,kestrelpartners.com,1,company_investor_relation|deal_investor_relation|investor_investment_relation
343651-42,Kevin Aluwi,9815,Angel (individual),,,1,company_investor_relation|deal_investor_relation|investor_investment_relation
493262-38,Kevin Chiao,9816,Angel (individual),,,1,company_investor_relation|deal_investor_relation|investor_investment_relation
289619-38,Kevin Li,9822,Angel (individual),,,1,company_investor_relation|deal_investor_relation|investor_investment_relation
231833-89,Kevin Liu,9823,Angel (individual),,,1,company_investor_relation|deal_investor_relation|investor_investment_relation
496213-30,Kevin Ma,9825,Angel (individual),,,1,company_investor_relation|deal_investor_relation|investor_investment_relation
131069-44,Kevuru,9831,Corporation,www.kevurugames.com,kevurugames.com,1,company_investor_relation|deal_investor_relation|investor_investment_relation
166765-24,KFund,9837,Venture Capital,www.kfund.vc,kfund.vc,1,company_investor_relation|deal_investor_relation|investor_investment_relation
11230-48,KfW Group,9838,Investment Bank,www.kfw.de,kfw.de,1,company_investor_relation|deal_investor_relation|investor_investment_relation
600421-51,Khaled Guerbouz,9842,Angel (individual),,,1,company_investor_relation|deal_investor_relation|investor_investment_relation
497435-05,Khalfan Mazrouei,9843,Angel (individual),,,1,company_investor_relation|deal_investor_relation|investor_investment_relation
495931-42,Kien Thuc Huu ich Channel,9849,Corporation,,,1,company_investor_relation|deal_investor_relation|investor_investment_relation
225941-95,KIIT Technology Business Incubator KIIT-TBI,9851,Accelerator/Incubator,kiitincubator.in,kiitincubator.in,1,company_investor_relation|deal_investor_relation|investor_investment_relation
504204-40,Kilombo,9853,Venture Capital,,,1,company_investor_relation|deal_investor_relation|investor_investment_relation
164452-87,KIM Parallel Oilfield Overseas Resources Development Special Asset Fund 1,9854,Asset Manager,,,1,company_investor_relation|deal_investor_relation|investor_investment_relation
452716-30,Kingco Investment Partners,9861,Venture Capital,,,1,company_investor_relation|deal_investor_relation|investor_investment_relation
439260-49,Kingdom Investments,9862,PE/Buyout,www.kingdominvestments.com,kingdominvestments.com,1,company_investor_relation|deal_investor_relation|investor_investment_relation
489074-59,Kingdomstarter (Vietnam),9863,Venture Capital,,,1,company_investor_relation|deal_investor_relation|investor_investment_relation
516051-01,Kingdomverse,9864,VC-Backed Company,www.kingdomverse.xyz,kingdomverse.xyz,1,company_investor_relation|deal_investor_relation|investor_investment_relation
634693-24,Kingsley Coman,9865,Angel (individual),,,1,company_investor_relation|deal_investor_relation|investor_investment_relation
41196-79,Kirby,9869,Corporation,www.kirbycorp.com,kirbycorp.com,1,company_investor_relation|deal_investor_relation|investor_investment_relation
600154-12,Kirby Ong,9870,Angel (individual),,,1,company_investor_relation|deal_investor_relation|investor_investment_relation
115468-39,Kirin Media Ventures,9873,Venture Capital,www.kmvmgmt.com,kmvmgmt.com,1,company_investor_relation|deal_investor_relation|investor_investment_relation
148977-28,Kirk Ouimet,9874,Angel (individual),,,1,company_investor_relation|deal_investor_relation|investor_investment_relation
592778-71,Kita Denshi Holdings Group,9876,Holding Company,www.kitadenshi.co.jp,kitadenshi.co.jp,1,company_investor_relation|deal_investor_relation|investor_investment_relation
495415-27,Kitikat Metaventures,9877,Angel Group,,,1,company_investor_relation|deal_investor_relation|investor_investment_relation
494641-36,KJN Investment Partners,9879,Venture Capital,,,1,company_investor_relation|deal_investor_relation|investor_investment_relation
58064-95,KLab,9884,Corporation,www.klab.com,klab.com,1,company_investor_relation|deal_investor_relation|investor_investment_relation
98987-50,Kleidoo,9887,Corporation,,,1,company_investor_relation|deal_investor_relation|investor_investment_relation
155692-90,Klein Group (Norway),9888,Venture Capital,www.kleingroup.no,kleingroup.no,1,company_investor_relation|deal_investor_relation|investor_investment_relation
489258-82,Knight War,9894,VC-Backed Company,www.knightwar.io,knightwar.io,1,company_investor_relation|deal_investor_relation|investor_investment_relation
500787-28,Knights of Degen,9895,Corporation,,,1,company_investor_relation|deal_investor_relation|investor_investment_relation
522455-14,Knights Templar Capital,9896,Corporation,,,1,company_investor_relation|deal_investor_relation|investor_investment_relation
277127-83,Knockout Capital,9897,Hedge Fund,www.knockout.capital,knockout.capital,1,company_investor_relation|deal_investor_relation|investor_investment_relation
151461-19,Knollwood Investment Advisory,9898,Venture Capital,www.kwiadvisory.com,kwiadvisory.com,1,company_investor_relation|deal_investor_relation|investor_investment_relation
455018-05,Knox Massey,9899,Angel (individual),,,1,company_investor_relation|deal_investor_relation|investor_investment_relation
552796-12,Kodiak,9902,VC-Backed Company,www.kodiak.finance,kodiak.finance,1,company_investor_relation|deal_investor_relation|investor_investment_relation
531208-54,Koh Onozawa,9903,Angel (individual),,,1,company_investor_relation|deal_investor_relation|investor_investment_relation
58457-44,Kommunernes Pensionsforsikring,9905,Corporation,www.kp.dk,kp.dk,1,company_investor_relation|deal_investor_relation|investor_investment_relation
497572-84,Kon Ventures,9906,Venture Capital,,,1,company_investor_relation|deal_investor_relation|investor_investment_relation
484091-38,Kopman Capital,9910,Venture Capital,,,1,company_investor_relation|deal_investor_relation|investor_investment_relation
277266-25,Kora (Financial Software),9911,VC-Backed Company,korahq.com,korahq.com,1,company_investor_relation|deal_investor_relation|investor_investment_relation
164935-54,Korea Real Estate Investment&Trust,9913,Real Estate,www.koreit.co.kr,koreit.co.kr,1,company_investor_relation|deal_investor_relation|investor_investment_relation
496342-18,Koroush,9914,Angel (individual),,,1,company_investor_relation|deal_investor_relation|investor_investment_relation
109665-46,Kortschak Investments,9915,Venture Capital,www.kortschak.com,kortschak.com,1,company_investor_relation|deal_investor_relation|investor_investment_relation
719858-80,Kota Ozawa,9918,Angel (individual),,,1,company_investor_relation|deal_investor_relation|investor_investment_relation
522833-50,Kotti Capital,9919,Family Office,www.kotti.capital,kotti.capital,1,company_investor_relation|deal_investor_relation|investor_investment_relation
527277-97,Kratik Lodha,9923,Angel (individual),,,1,company_investor_relation|deal_investor_relation|investor_investment_relation
120393-46,Kris Bjornerud,9927,Angel (individual),,,1,company_investor_relation|deal_investor_relation|investor_investment_relation
494726-23,Kristen Harberts,9930,Angel (individual),,,1,company_investor_relation|deal_investor_relation|investor_investment_relation
228969-64,Kronos Bio,9933,Corporation,www.kronosbio.com,kronosbio.com,1,company_investor_relation|deal_investor_relation|investor_investment_relation
60594-58,Kronos Family Office,9934,Family Office,,,1,company_investor_relation|deal_investor_relation|investor_investment_relation
541425-88,Krybharat Krybharat,9938,Angel (individual),,,1,company_investor_relation|deal_investor_relation|investor_investment_relation
490969-00,krypto kries,9939,Venture Capital,,,1,company_investor_relation|deal_investor_relation|investor_investment_relation
533373-22,KryptoPlayboy,9942,Other,,,1,company_investor_relation|deal_investor_relation|investor_investment_relation
686983-42,Kryptosphere Accelerator,9944,Accelerator/Incubator,www.kryptosphereaccelerator.fr,kryptosphereaccelerator.fr,1,company_investor_relation|deal_investor_relation|investor_investment_relation
482321-17,KS Global Advisors,9946,Hedge Fund,www.ksglobaladvisors.com,ksglobaladvisors.com,1,company_investor_relation|deal_investor_relation|investor_investment_relation
495932-59,KTTC Channel,9947,Corporation,,,1,company_investor_relation|deal_investor_relation|investor_investment_relation
467157-34,Kuberan Marimuthu,9948,Angel (individual),,,1,company_investor_relation|deal_investor_relation|investor_investment_relation
462463-12,Kudos Ventures,9950,Venture Capital,www.kudosventures.co.kr,kudosventures.co.kr,1,company_investor_relation|deal_investor_relation|investor_investment_relation
515953-54,Kuniaki Shimizu,9954,Angel (individual),,,1,company_investor_relation|deal_investor_relation|investor_investment_relation
495819-64,Kurt Walecki,9958,Angel (individual),,,1,company_investor_relation|deal_investor_relation|investor_investment_relation
902591-29,Kuvi.ai,9960,VC-Backed Company,www.kuvi.ai,kuvi.ai,1,company_investor_relation|deal_investor_relation|investor_investment_relation
169860-79,KWORKS,9961,Accelerator/Incubator,kworks.ku.edu.tr,kworks.ku.edu.tr,1,company_investor_relation|deal_investor_relation|investor_investment_relation
442395-28,Kyle Beatty,9964,Angel (individual),,,1,company_investor_relation|deal_investor_relation|investor_investment_relation
527539-51,Kyle Rojas,9967,Angel (individual),,,1,company_investor_relation|deal_investor_relation|investor_investment_relation
111341-80,Kyle Wild,9969,Angel (individual),,,1,company_investor_relation|deal_investor_relation|investor_investment_relation
459466-93,Kylin Network,9970,VC-Backed Company,wiki.kylin.network,wiki.kylin.network,1,company_investor_relation|deal_investor_relation|investor_investment_relation
266492-62,Kylin Prime Capital,9971,Asset Manager,kylinprimecapital.com,kylinprimecapital.com,1,company_investor_relation|deal_investor_relation|investor_investment_relation
483928-66,kylin ventures,9972,Venture Capital,,,1,company_investor_relation|deal_investor_relation|investor_investment_relation
159962-05,Kyobo Securities,9973,Corporation,www.iprovest.com,iprovest.com,1,company_investor_relation|deal_investor_relation|investor_investment_relation
230995-27,LAB Ventures,9979,Venture Capital,www.labventures.co,labventures.co,1,company_investor_relation|deal_investor_relation|investor_investment_relation
625923-73,LAI Ho Tin,9983,Angel (individual),,,1,company_investor_relation|deal_investor_relation|investor_investment_relation
509096-08,Lambo Capital,9987,Other,www.lambocapital.com,lambocapital.com,1,company_investor_relation|deal_investor_relation|investor_investment_relation
495931-96,LAMBO Channel,9988,Corporation,,,1,company_investor_relation|deal_investor_relation|investor_investment_relation
762492-07,LAMBOLAND LAMBOLAND,9989,Angel (individual),,,1,company_investor_relation|deal_investor_relation|investor_investment_relation
528352-21,Lancaster University,9991,University,www.lancaster.ac.uk,lancaster.ac.uk,1,company_investor_relation|deal_investor_relation|investor_investment_relation
431325-46,Lance Brimhall,9992,Angel (individual),,,1,company_investor_relation|deal_investor_relation|investor_investment_relation
106329-79,Lance White,9993,Angel (individual),,,1,company_investor_relation|deal_investor_relation|investor_investment_relation
172471-60,LAO Ventures,10000,Venture Capital,www.lao-ventures.com,lao-ventures.com,1,company_investor_relation|deal_investor_relation|investor_investment_relation
597331-81,Laobai Laobai,10001,Angel (individual),,,1,company_investor_relation|deal_investor_relation|investor_investment_relation
59622-13,Laramide Resources,10003,Corporation,www.laramide.com,laramide.com,1,company_investor_relation|deal_investor_relation|investor_investment_relation
469462-96,Larry Ogunjobi,10006,Angel (individual),,,1,company_investor_relation|deal_investor_relation|investor_investment_relation
494724-79,Larry Weddle,10008,Angel (individual),,,1,company_investor_relation|deal_investor_relation|investor_investment_relation
503329-87,Lars Backhaus,10009,Angel (individual),,,1,company_investor_relation|deal_investor_relation|investor_investment_relation
185440-15,LATOKEN,10018,Corporation,www.latoken.com,latoken.com,1,company_investor_relation|deal_investor_relation|investor_investment_relation
115059-07,LAUNCH Accelerator (Berkeley),10022,Accelerator/Incubator,www.uclaunch.com,uclaunch.com,1,company_investor_relation|deal_investor_relation|investor_investment_relation
104324-32,Launch Chapel Hill,10023,Accelerator/Incubator,www.launchchapelhill.com,launchchapelhill.com,1,company_investor_relation|deal_investor_relation|investor_investment_relation
497282-14,Laursen Van Swieten,10027,Venture Capital,www.lvspartners.com,lvspartners.com,1,company_investor_relation|deal_investor_relation|investor_investment_relation
494267-23,Lavender Research,10029,Venture Capital,,,1,company_investor_relation|deal_investor_relation|investor_investment_relation
893818-45,Lax Pichappan,10033,Angel (individual),,,1,company_investor_relation|deal_investor_relation|investor_investment_relation
510861-52,Ld Capital(Singapore),10039,Venture Capital,,,1,company_investor_relation|deal_investor_relation|investor_investment_relation
128456-20,Le Village by CA,10042,Accelerator/Incubator,www.levillagebyca.com,levillagebyca.com,1,company_investor_relation|deal_investor_relation|investor_investment_relation
493877-80,Leading Capital (Tokyo),10047,Real Estate,www.leading-capital.jp,leading-capital.jp,1,company_investor_relation|deal_investor_relation|investor_investment_relation
900560-26,LEAP AHEAD (India),10048,Accelerator/Incubator,www.leapahead1.stpi.in,leapahead1.stpi.in,1,company_investor_relation|deal_investor_relation|investor_investment_relation
52858-63,Learn Capital,10049,Venture Capital,www.learn.vc,learn.vc,1,company_investor_relation|deal_investor_relation|investor_investment_relation
179826-13,Leather District Ventures,10050,Venture Capital,www.leatherdistrict.vc,leatherdistrict.vc,1,company_investor_relation|deal_investor_relation|investor_investment_relation
119900-80,Leave a Nest Capital,10051,Venture Capital,c.lne.st,c.lne.st,1,company_investor_relation|deal_investor_relation|investor_investment_relation
596295-19,Legendary NFT,10057,Angel (individual),,,1,company_investor_relation|deal_investor_relation|investor_investment_relation
510304-69,Leigh Travers,10058,Angel (individual),,,1,company_investor_relation|deal_investor_relation|investor_investment_relation
471173-05,Lemuel Lasher,10061,Angel (individual),,,1,company_investor_relation|deal_investor_relation|investor_investment_relation
235297-99,Leonis Investissement,10069,Angel Group,www.leonis.vc,leonis.vc,1,company_investor_relation|deal_investor_relation|investor_investment_relation
462674-71,Lepricon,10070,Corporation,www.lepricon.io,lepricon.io,1,company_investor_relation|deal_investor_relation|investor_investment_relation
1168431-58,Les Premières Sud,10072,Accelerator/Incubator,,,1,company_investor_relation|deal_investor_relation|investor_investment_relation
491089-78,Lev Ekster,10076,Angel (individual),,,1,company_investor_relation|deal_investor_relation|investor_investment_relation
494723-71,Lewis Tchong,10079,Angel (individual),,,1,company_investor_relation|deal_investor_relation|investor_investment_relation
756200-98,LF Labs (Colorado),10082,Venture Capital,www.lflabs.org,lflabs.org,1,company_investor_relation|deal_investor_relation|investor_investment_relation
52372-09,LG Electronics,10084,Corporation,www.lg.com,lg.com,1,company_investor_relation|deal_investor_relation|investor_investment_relation
591138-19,Lhava,10085,Corporation,www.lhava.io,lhava.io,1,company_investor_relation|deal_investor_relation|investor_investment_relation
494790-85,LI.FI,10086,VC-Backed Company,li.fi,li.fi,1,company_investor_relation|deal_investor_relation|investor_investment_relation
527365-36,Liam Payne,10088,Angel (individual),,,1,company_investor_relation|deal_investor_relation|investor_investment_relation
464335-03,Liam Robertson,10089,Angel (individual),,,1,company_investor_relation|deal_investor_relation|investor_investment_relation
535008-16,LianGuaika,10090,Angel (individual),,,1,company_investor_relation|deal_investor_relation|investor_investment_relation
535012-30,LianGuainda Capital,10091,Venture Capital,,,1,company_investor_relation|deal_investor_relation|investor_investment_relation
63180-10,Liberty Growth,10094,Corporate Venture Capital,,,1,company_investor_relation|deal_investor_relation|investor_investment_relation
754102-99,Lif3.One,10098,Corporation,www.lif3.com,lif3.com,1,company_investor_relation|deal_investor_relation|investor_investment_relation
98343-37,Lifull,10100,Corporation,www.lifull.com,lifull.com,1,company_investor_relation|deal_investor_relation|investor_investment_relation
432974-62,Lighthorse Asset Management Co.,10101,Hedge Fund,www.lighthorse.com.cn,lighthorse.com.cn,1,company_investor_relation|deal_investor_relation|investor_investment_relation
11234-35,Lighthouse Capital Partners,10102,Venture Capital,lcpartners.com,lcpartners.com,1,company_investor_relation|deal_investor_relation|investor_investment_relation
110827-18,Lighthouse Group (Michigan),10103,PE-Backed Company,www.lighthousegroup.net,lighthousegroup.net,1,company_investor_relation|deal_investor_relation|investor_investment_relation
437055-13,LightSpeed,10106,PE-Backed Company,www.lightspeedlegal.com,lightspeedlegal.com,1,company_investor_relation|deal_investor_relation|investor_investment_relation
468981-01,Lightspeed Ventures,10108,Venture Capital,avgwindscreens.co.uk,avgwindscreens.co.uk,1,company_investor_relation|deal_investor_relation|investor_investment_relation
517377-43,LilMoonLambo,10110,Corporation,,,1,company_investor_relation|deal_investor_relation|investor_investment_relation
163292-32,Lim Swee Yong,10111,Angel (individual),,,1,company_investor_relation|deal_investor_relation|investor_investment_relation
438566-50,Lima Ventures,10112,Venture Capital,www.limaventures.com,limaventures.com,1,company_investor_relation|deal_investor_relation|investor_investment_relation
542401-30,Limzero Limzero,10113,Angel (individual),,,1,company_investor_relation|deal_investor_relation|investor_investment_relation
481375-54,Linda Giambrone,10114,Angel (individual),,,1,company_investor_relation|deal_investor_relation|investor_investment_relation
11234-89,Linea Resources,10118,PE/Buyout,www.linearesources.com,linearesources.com,1,company_investor_relation|deal_investor_relation|investor_investment_relation
438927-49,Linear Finance,10119,VC-Backed Company,www.linear.finance,linear.finance,1,company_investor_relation|deal_investor_relation|investor_investment_relation
51333-67,Linekong Interactive Group Company,10120,Corporation,new.linekong.com,new.linekong.com,1,company_investor_relation|deal_investor_relation|investor_investment_relation
438793-48,Lingyun Capital,10122,Venture Capital,,,1,company_investor_relation|deal_investor_relation|investor_investment_relation
498061-36,Linkcube Ventures,10124,Venture Capital,,,1,company_investor_relation|deal_investor_relation|investor_investment_relation
481646-53,Linkinsight,10127,Venture Capital,,,1,company_investor_relation|deal_investor_relation|investor_investment_relation
184655-17,Linklogis,10128,Corporation,www.linklogis.com,linklogis.com,1,company_investor_relation|deal_investor_relation|investor_investment_relation
494863-75,Linum Labs,10130,Corporation,www.linumlabs.com,linumlabs.com,1,company_investor_relation|deal_investor_relation|investor_investment_relation
491224-24,Lion DAO,10131,Venture Capital,,,1,company_investor_relation|deal_investor_relation|investor_investment_relation
442890-01,Lion Rock Family Office,10132,Family Office,www.lionrocckcm.com,lionrocckcm.com,1,company_investor_relation|deal_investor_relation|investor_investment_relation
56929-87,LionRock Capital,10134,PE/Buyout,www.lionrockcapitalhk.com,lionrockcapitalhk.com,1,company_investor_relation|deal_investor_relation|investor_investment_relation
494285-50,Liquid Driver,10136,Corporation,www.liquiddriver.finance,liquiddriver.finance,1,company_investor_relation|deal_investor_relation|investor_investment_relation
718275-07,Lisa Andrews,10141,Angel (individual),,,1,company_investor_relation|deal_investor_relation|investor_investment_relation
61228-63,Lisbon Challenge,10142,Accelerator/Incubator,www.lisbon-challenge.com,lisbon-challenge.com,1,company_investor_relation|deal_investor_relation|investor_investment_relation
10903-33,Live Nation Entertainment,10147,Corporation,www.livenationentertainment.com,livenationentertainment.com,1,company_investor_relation|deal_investor_relation|investor_investment_relation
495932-86,LIVES CHANNEL,10149,Corporation,,,1,company_investor_relation|deal_investor_relation|investor_investment_relation
489284-83,Lixir Finance,10150,Corporation,www.lixir.finance,lixir.finance,1,company_investor_relation|deal_investor_relation|investor_investment_relation
493491-61,Llama,10151,Corporation,www.llama.xyz,llama.xyz,1,company_investor_relation|deal_investor_relation|investor_investment_relation
97302-25,LLYC,10154,Corporation,www.llyc.global,llyc.global,1,company_investor_relation|deal_investor_relation|investor_investment_relation
491664-61,Loaded Gamer,10156,Corporation,,,1,company_investor_relation|deal_investor_relation|investor_investment_relation
60643-72,Local Enterprise,10157,Government,www.localenterprise.ie,localenterprise.ie,1,company_investor_relation|deal_investor_relation|investor_investment_relation
265884-76,LoftyInc Capital Management,10160,Venture Capital,www.loftyinc.vc,loftyinc.vc,1,company_investor_relation|deal_investor_relation|investor_investment_relation
512551-90,Logan Ventures (South Korea),10162,Venture Capital,,,1,company_investor_relation|deal_investor_relation|investor_investment_relation
533137-87,Logos.,10163,Corporation,www.minty.xyz,minty.xyz,1,company_investor_relation|deal_investor_relation|investor_investment_relation
532670-86,Long Vuong,10171,Angel (individual),,,1,company_investor_relation|deal_investor_relation|investor_investment_relation
484769-89,LongBit Labs,10172,Venture Capital,,,1,company_investor_relation|deal_investor_relation|investor_investment_relation
482815-63,Longrun Capital,10173,Venture Capital,www.longruncapital.com,longruncapital.com,1,company_investor_relation|deal_investor_relation|investor_investment_relation
163595-53,LongTec HongTao China Ventures,10174,Venture Capital,,,1,company_investor_relation|deal_investor_relation|investor_investment_relation
483100-75,Longterm Ventures,10175,Venture Capital,www.longterm.ventures,longterm.ventures,1,company_investor_relation|deal_investor_relation|investor_investment_relation
600794-74,Loopify (Retail Platform),10177,VC-Backed Company,www.loopify.com.br,loopify.com.br,1,company_investor_relation|deal_investor_relation|investor_investment_relation
493156-72,Looren Roosendaal,10178,Angel (individual),,,1,company_investor_relation|deal_investor_relation|investor_investment_relation
515059-12,Lorens Huculak,10179,Angel (individual),,,1,company_investor_relation|deal_investor_relation|investor_investment_relation
467156-53,Lotte Ventures,10181,Corporate Venture Capital,www.lotteventures.us,lotteventures.us,1,company_investor_relation|deal_investor_relation|investor_investment_relation
510633-01,Lotte Ventures Japan,10182,Venture Capital,www.lotte-vc.co.jp,lotte-vc.co.jp,1,company_investor_relation|deal_investor_relation|investor_investment_relation
100113-85,Lotus Cannabis Company,10183,Corporation,www.lotuscannabis.ca,lotuscannabis.ca,1,company_investor_relation|deal_investor_relation|investor_investment_relation
495593-11,Lovelace (Crypto),10188,Corporation,www.lovelace.world,lovelace.world,1,company_investor_relation|deal_investor_relation|investor_investment_relation
820906-75,Loxley Fernandes,10189,Angel (individual),,,1,company_investor_relation|deal_investor_relation|investor_investment_relation
164977-21,LS Securities,10192,Investment Bank,ir.ebestsec.co.kr,ir.ebestsec.co.kr,1,company_investor_relation|deal_investor_relation|investor_investment_relation
438707-35,LTO Network,10193,Corporation,www.ltonetwork.com,ltonetwork.com,1,company_investor_relation|deal_investor_relation|investor_investment_relation
170098-21,Luca Ascani,10196,Angel (individual),,,1,company_investor_relation|deal_investor_relation|investor_investment_relation
600158-26,Lucia Zhang,10198,Angel (individual),,,1,company_investor_relation|deal_investor_relation|investor_investment_relation
493052-68,Lucid Realm,10200,Corporation,www.lucidrealmstudio.com,lucidrealmstudio.com,1,company_investor_relation|deal_investor_relation|investor_investment_relation
532833-85,lucis network,10201,Venture Capital,www.lucis.network,lucis.network,1,company_investor_relation|deal_investor_relation|investor_investment_relation
527426-74,Lucrosus Capital,10202,Venture Capital,,,1,company_investor_relation|deal_investor_relation|investor_investment_relation
756590-23,Ludwig Thouvenin,10205,Angel (individual),,,1,company_investor_relation|deal_investor_relation|investor_investment_relation
494983-90,Luigi Conte,10208,Angel (individual),,,1,company_investor_relation|deal_investor_relation|investor_investment_relation
234549-10,Luis Riveroll,10210,Angel (individual),,,1,company_investor_relation|deal_investor_relation|investor_investment_relation
552098-26,Luiz Vieira,10211,Angel (individual),,,1,company_investor_relation|deal_investor_relation|investor_investment_relation
501469-75,Luka Müller,10212,Angel (individual),,,1,company_investor_relation|deal_investor_relation|investor_investment_relation
509527-63,Luke Truitt,10218,Angel (individual),,,1,company_investor_relation|deal_investor_relation|investor_investment_relation
469462-33,Luke Walton,10219,Angel (individual),,,1,company_investor_relation|deal_investor_relation|investor_investment_relation
106672-78,Lumina Capital,10223,PE/Buyout,,,1,company_investor_relation|deal_investor_relation|investor_investment_relation
232803-91,Luxembourg House of Financial Technology,10230,Corporation,www.lhoft.com,lhoft.com,1,company_investor_relation|deal_investor_relation|investor_investment_relation
233363-53,Luxembourg Ministry of the Economy,10231,Government,,,1,company_investor_relation|deal_investor_relation|investor_investment_relation
706735-00,Luxtech Capital,10233,Venture Capital,www.luxcapltd.com,luxcapltd.com,1,company_investor_relation|deal_investor_relation|investor_investment_relation
56155-87,LX Ventures,10234,Accelerator/Incubator,www.lxventures.com,lxventures.com,1,company_investor_relation|deal_investor_relation|investor_investment_relation
500843-89,Lyris Group,10237,PE-Backed Company,www.lyrisgroup.com,lyrisgroup.com,1,company_investor_relation|deal_investor_relation|investor_investment_relation
484597-54,Lysithea Ventures,10238,Venture Capital,,,1,company_investor_relation|deal_investor_relation|investor_investment_relation
101921-50,Lánzame Capital,10240,Angel Group,www.lanzame.es,lanzame.es,1,company_investor_relation|deal_investor_relation|investor_investment_relation
56435-32,M.H. Carnegie & Co.,10242,Asset Manager,www.mhcarnegie.com,mhcarnegie.com,1,company_investor_relation|deal_investor_relation|investor_investment_relation
756885-43,M2M Capital.,10245,Venture Capital,www.m2mcapital.space,m2mcapital.space,1,company_investor_relation|deal_investor_relation|investor_investment_relation
507001-15,M3 Capital,10246,Venture Capital,,,1,company_investor_relation|deal_investor_relation|investor_investment_relation
500951-17,M6 Capital,10248,Corporation,,,1,company_investor_relation|deal_investor_relation|investor_investment_relation
210615-76,Machame,10250,Corporation,,,1,company_investor_relation|deal_investor_relation|investor_investment_relation
52141-33,MAD Ventures,10252,Accelerator/Incubator,www.mad-ventures.com,mad-ventures.com,1,company_investor_relation|deal_investor_relation|investor_investment_relation
458304-04,Maezawa Fund,10254,Venture Capital,www.mzfund.co.jp,mzfund.co.jp,1,company_investor_relation|deal_investor_relation|investor_investment_relation
185024-89,Maffin,10255,Venture Capital,,,1,company_investor_relation|deal_investor_relation|investor_investment_relation
443163-79,Magdalena Kala,10256,Angel (individual),,,1,company_investor_relation|deal_investor_relation|investor_investment_relation
114730-48,Magnolia Resources,10260,Corporation,www.magnoliaresources.com.au,magnoliaresources.com.au,1,company_investor_relation|deal_investor_relation|investor_investment_relation
489284-02,Magnus Hinkel,10261,Angel (individual),,,1,company_investor_relation|deal_investor_relation|investor_investment_relation
496150-30,Maharshi Ganatra,10264,Angel (individual),,,1,company_investor_relation|deal_investor_relation|investor_investment_relation
501300-10,Mai Min,10268,Angel (individual),,,1,company_investor_relation|deal_investor_relation|investor_investment_relation
482824-00,Maitri Capital,10273,Hedge Fund,www.maitri.capital,maitri.capital,1,company_investor_relation|deal_investor_relation|investor_investment_relation
566833-87,Make-it Singapore,10276,Corporation,make-it.capital,make-it.capital,1,company_investor_relation|deal_investor_relation|investor_investment_relation
481358-35,Makers Camp,10278,Venture Capital,makerscamp.com,makerscamp.com,1,company_investor_relation|deal_investor_relation|investor_investment_relation
497204-38,MAKS Group,10281,Corporation,www.maksgroup.co.in,maksgroup.co.in,1,company_investor_relation|deal_investor_relation|investor_investment_relation
517118-41,Malaysian Research Accelerator for Technology & Innovation,10282,Accelerator/Incubator,www.mranti.my,mranti.my,1,company_investor_relation|deal_investor_relation|investor_investment_relation
756592-12,Mallesh Pai,10284,Angel (individual),,,1,company_investor_relation|deal_investor_relation|investor_investment_relation
707682-61,MANA Tech,10286,Accelerator/Incubator,tech.manacommon.com,tech.manacommon.com,1,company_investor_relation|deal_investor_relation|investor_investment_relation
466501-15,Mandalore Partners,10290,Venture Capital,www.mandalorepartners.com,mandalorepartners.com,1,company_investor_relation|deal_investor_relation|investor_investment_relation
481182-04,Mandy Mandy,10291,Angel (individual),,,1,company_investor_relation|deal_investor_relation|investor_investment_relation
184850-38,Mangrove Capital,10292,Venture Capital,www.fymcap.com,fymcap.com,1,company_investor_relation|deal_investor_relation|investor_investment_relation
502758-73,Manifest Crypto,10293,Venture Capital,,,1,company_investor_relation|deal_investor_relation|investor_investment_relation
534980-44,Manilla Technology,10294,Corporation,,,1,company_investor_relation|deal_investor_relation|investor_investment_relation
864809-20,Manit Gupta,10295,Angel (individual),,,1,company_investor_relation|deal_investor_relation|investor_investment_relation
483651-19,Manticore Capital,10298,Venture Capital,www.manticore.vc,manticore.vc,1,company_investor_relation|deal_investor_relation|investor_investment_relation
399209-95,Mantra Capital,10300,Corporation,mantra-group.com,mantra-group.com,1,company_investor_relation|deal_investor_relation|investor_investment_relation
501467-68,Manuel Garcia,10302,Angel (individual),,,1,company_investor_relation|deal_investor_relation|investor_investment_relation
228217-06,Manzi VC,10304,Angel Group,,,1,company_investor_relation|deal_investor_relation|investor_investment_relation
515082-07,Mao DAO,10305,Corporation,www.maonft.com,maonft.com,1,company_investor_relation|deal_investor_relation|investor_investment_relation
111387-61,Marc Brands,10314,Angel (individual),,,1,company_investor_relation|deal_investor_relation|investor_investment_relation
434556-73,Marc Van der Chijs,10319,Angel (individual),,,1,company_investor_relation|deal_investor_relation|investor_investment_relation
490927-51,Marc Woodward,10322,Angel (individual),,,1,company_investor_relation|deal_investor_relation|investor_investment_relation
638793-28,Marcello Mari,10324,Angel (individual),,,1,company_investor_relation|deal_investor_relation|investor_investment_relation
756591-22,Marcin Kazmierczak,10325,Angel (individual),,,1,company_investor_relation|deal_investor_relation|investor_investment_relation
507178-72,Marcio de Souza,10326,Angel (individual),,,1,company_investor_relation|deal_investor_relation|investor_investment_relation
520581-16,Marco Alberti,10327,Angel (individual),,,1,company_investor_relation|deal_investor_relation|investor_investment_relation
472432-87,Marcos del Rio,10330,Angel (individual),,,1,company_investor_relation|deal_investor_relation|investor_investment_relation
416562-67,Marcos Fernández,10331,Angel (individual),,,1,company_investor_relation|deal_investor_relation|investor_investment_relation
489881-17,Marcus Maute,10333,Angel (individual),,,1,company_investor_relation|deal_investor_relation|investor_investment_relation
608805-73,Mariano Mariano,10337,Angel (individual),,,1,company_investor_relation|deal_investor_relation|investor_investment_relation
607133-89,Marin Tvrdic,10339,Angel (individual),,,1,company_investor_relation|deal_investor_relation|investor_investment_relation
484327-27,Marinade Finance,10340,Corporation,www.marinade.finance,marinade.finance,1,company_investor_relation|deal_investor_relation|investor_investment_relation
597542-32,Mario Casiraghi,10341,Angel (individual),,,1,company_investor_relation|deal_investor_relation|investor_investment_relation
124359-22,Mark Cheng,10345,Angel (individual),,,1,company_investor_relation|deal_investor_relation|investor_investment_relation
494725-69,Mark Fransen,10346,Angel (individual),,,1,company_investor_relation|deal_investor_relation|investor_investment_relation
496109-89,Mark Kendell,10349,Angel (individual),,,1,company_investor_relation|deal_investor_relation|investor_investment_relation
484821-91,Mark Yusko,10354,Angel (individual),,,1,company_investor_relation|deal_investor_relation|investor_investment_relation
496588-06,Market Making Pro,10356,Corporation,marketmaking.pro,marketmaking.pro,1,company_investor_relation|deal_investor_relation|investor_investment_relation
42720-40,MarketWatch,10357,Corporation,www.marketwatch.com,marketwatch.com,1,company_investor_relation|deal_investor_relation|investor_investment_relation
491290-84,Markus Ament,10358,Angel (individual),,,1,company_investor_relation|deal_investor_relation|investor_investment_relation
471746-35,Marlon Flohr,10361,Angel (individual),,,1,company_investor_relation|deal_investor_relation|investor_investment_relation
483824-35,Mars Blockchain,10362,Corporation,www.marsblockchain.com,marsblockchain.com,1,company_investor_relation|deal_investor_relation|investor_investment_relation
533034-55,Marta Antunez,10365,Angel (individual),,,1,company_investor_relation|deal_investor_relation|investor_investment_relation
533034-37,Marta Zaragozá,10366,Angel (individual),,,1,company_investor_relation|deal_investor_relation|investor_investment_relation
594089-74,Martin Krung,10370,Angel (individual),,,1,company_investor_relation|deal_investor_relation|investor_investment_relation
639650-35,Martin Rubi,10373,Angel (individual),,,1,company_investor_relation|deal_investor_relation|investor_investment_relation
467634-97,Marty Hu,10375,Angel (individual),,,1,company_investor_relation|deal_investor_relation|investor_investment_relation
462764-35,Marwari Catalysts Ventures,10382,Accelerator/Incubator,www.marwaricatalysts.com,marwaricatalysts.com,1,company_investor_relation|deal_investor_relation|investor_investment_relation
756592-30,Mary Mary,10383,Angel (individual),,,1,company_investor_relation|deal_investor_relation|investor_investment_relation
226495-09,MAS Capital,10384,Venture Capital,www.mascapital.com,mascapital.com,1,company_investor_relation|deal_investor_relation|investor_investment_relation
518132-17,Masha Prusso,10388,Angel (individual),,,1,company_investor_relation|deal_investor_relation|investor_investment_relation
223948-72,Mashup Ventures,10389,Venture Capital,www.mashupventures.co,mashupventures.co,1,company_investor_relation|deal_investor_relation|investor_investment_relation
491821-03,Massa Labs,10392,VC-Backed Company,www.massa.net,massa.net,1,company_investor_relation|deal_investor_relation|investor_investment_relation
468984-52,Massimo Ciociola,10394,Angel (individual),,,1,company_investor_relation|deal_investor_relation|investor_investment_relation
232121-08,MasterNode Ventures,10396,Venture Capital,masternode.ventures,masternode.ventures,1,company_investor_relation|deal_investor_relation|investor_investment_relation
769736-62,Mathieu Baudet,10400,Angel (individual),,,1,company_investor_relation|deal_investor_relation|investor_investment_relation
506743-48,Matrix CIB,10404,Venture Capital,,,1,company_investor_relation|deal_investor_relation|investor_investment_relation
149680-72,Matrix New World Engineering,10405,PE-Backed Company,www.mnwe.com,mnwe.com,1,company_investor_relation|deal_investor_relation|investor_investment_relation
472216-33,Matt Condon,10412,Angel (individual),,,1,company_investor_relation|deal_investor_relation|investor_investment_relation
544666-78,Matt Doval,10414,Angel (individual),,,1,company_investor_relation|deal_investor_relation|investor_investment_relation
162584-65,Matt Finick,10415,Angel (individual),,,1,company_investor_relation|deal_investor_relation|investor_investment_relation
469460-98,Matt James,10418,Angel (individual),,,1,company_investor_relation|deal_investor_relation|investor_investment_relation
416694-25,Matt Symons,10421,Angel (individual),,,1,company_investor_relation|deal_investor_relation|investor_investment_relation
107604-64,Matteo Franceschetti,10423,Angel (individual),,,1,company_investor_relation|deal_investor_relation|investor_investment_relation
591473-98,MatterLabs,10424,Corporation,,,1,company_investor_relation|deal_investor_relation|investor_investment_relation
495748-09,Matters - Product & Startup Studio,10425,Accelerator/Incubator,www.matters.tech,matters.tech,1,company_investor_relation|deal_investor_relation|investor_investment_relation
105862-33,Matthew Coffin,10428,Angel (individual),,,1,company_investor_relation|deal_investor_relation|investor_investment_relation
399020-14,Matthew Cutler,10430,Angel (individual),,,1,company_investor_relation|deal_investor_relation|investor_investment_relation
234710-74,Matthew Dellavedova,10432,Angel (individual),,,1,company_investor_relation|deal_investor_relation|investor_investment_relation
509194-09,Matthew Dibb,10433,Angel (individual),,,1,company_investor_relation|deal_investor_relation|investor_investment_relation
527539-42,Matthew Finestone,10435,Angel (individual),,,1,company_investor_relation|deal_investor_relation|investor_investment_relation
607127-86,Matthew Fisher,10436,Angel (individual),,,1,company_investor_relation|deal_investor_relation|investor_investment_relation
462111-67,Matthew Kalish,10438,Angel (individual),,,1,company_investor_relation|deal_investor_relation|investor_investment_relation
708071-05,Matthew O'Connor,10442,Angel (individual),,,1,company_investor_relation|deal_investor_relation|investor_investment_relation
111720-97,Matthew Stotts,10447,Angel (individual),,,1,company_investor_relation|deal_investor_relation|investor_investment_relation
454650-31,Mauricio Tancredi,10451,Angel (individual),,,1,company_investor_relation|deal_investor_relation|investor_investment_relation
502729-03,Maurício Formigli,10452,Angel (individual),,,1,company_investor_relation|deal_investor_relation|investor_investment_relation
522157-33,Maven Capital Partners,10455,Family Office,www.maven-cap.com,maven-cap.com,1,company_investor_relation|deal_investor_relation|investor_investment_relation
495913-24,Mavis Xu,10457,Angel (individual),,,1,company_investor_relation|deal_investor_relation|investor_investment_relation
490728-34,Max Holding (Iran),10459,Venture Capital,www.maxholding.co,maxholding.co,1,company_investor_relation|deal_investor_relation|investor_investment_relation
463363-39,Max Keiser,10460,Angel (individual),,,1,company_investor_relation|deal_investor_relation|investor_investment_relation
501080-14,Maxim Blagov,10463,Angel (individual),,,1,company_investor_relation|deal_investor_relation|investor_investment_relation
532671-13,Maximilian Marenbach,10466,Angel (individual),,,1,company_investor_relation|deal_investor_relation|investor_investment_relation
483443-83,Maximize Capital,10469,Venture Capital,www.mxmz.capital,mxmz.capital,1,company_investor_relation|deal_investor_relation|investor_investment_relation
490916-53,Maximus Capital Group,10470,Other,www.maximuscapitalgroup.com.au,maximuscapitalgroup.com.au,1,company_investor_relation|deal_investor_relation|investor_investment_relation
123905-35,Maximus Ventures,10472,Corporation,www.maximusventures.com,maximusventures.com,1,company_investor_relation|deal_investor_relation|investor_investment_relation
100160-74,Mayflower Capital,10474,Corporation,www.mayflower-capital.de,mayflower-capital.de,1,company_investor_relation|deal_investor_relation|investor_investment_relation
495423-19,Mazen Kherallah,10476,Angel (individual),,,1,company_investor_relation|deal_investor_relation|investor_investment_relation
222132-52,MBH FintechLab,10477,Accelerator/Incubator,fintechlab.hu,fintechlab.hu,1,company_investor_relation|deal_investor_relation|investor_investment_relation
232075-90,MC Capital,10479,Venture Capital,www.mc-capital.com,mc-capital.com,1,company_investor_relation|deal_investor_relation|investor_investment_relation
566564-23,McArthur Capital,10480,Asset Manager,mcarthurcapital.co,mcarthurcapital.co,1,company_investor_relation|deal_investor_relation|investor_investment_relation
222900-58,McGill Dobson Centre for Entrepreneurship,10482,Accelerator/Incubator,,,1,company_investor_relation|deal_investor_relation|investor_investment_relation
436555-54,McKenny-McFarlane Capital,10484,PE/Buyout,www.mckennymcfarlanecapital.com,mckennymcfarlanecapital.com,1,company_investor_relation|deal_investor_relation|investor_investment_relation
10082-98,McKinsey & Company,10486,VC-Backed Company,www.mckinsey.com,mckinsey.com,1,company_investor_relation|deal_investor_relation|investor_investment_relation
572418-01,MDIM Holdings,10493,Asset Manager,,,1,company_investor_relation|deal_investor_relation|investor_investment_relation
592415-74,MDX Crypto,10495,Corporation,,,1,company_investor_relation|deal_investor_relation|investor_investment_relation
279862-30,Mechanism Angel Fund,10497,Angel Group,www.mechfund.com,mechfund.com,1,company_investor_relation|deal_investor_relation|investor_investment_relation
328250-71,Medalist Partners (New York),10500,Hedge Fund,www.medalistpartners.com,medalistpartners.com,1,company_investor_relation|deal_investor_relation|investor_investment_relation
509207-50,Meet Another You,10502,VC-Backed Company,www.may.social,may.social,1,company_investor_relation|deal_investor_relation|investor_investment_relation
59675-23,Mega Uranium,10504,Infrastructure,www.megauranium.com,megauranium.com,1,company_investor_relation|deal_investor_relation|investor_investment_relation
266049-82,Megazone Cloud,10505,VC-Backed Company,www.megazone.com,megazone.com,1,company_investor_relation|deal_investor_relation|investor_investment_relation
529574-05,Mehmet Korutuurk,10507,Angel (individual),,,1,company_investor_relation|deal_investor_relation|investor_investment_relation
521601-67,Mehmet Türker,10508,Angel (individual),,,1,company_investor_relation|deal_investor_relation|investor_investment_relation
464478-76,MeitY Startup Hub,10510,Accelerator/Incubator,msh.meity.gov.in,msh.meity.gov.in,1,company_investor_relation|deal_investor_relation|investor_investment_relation
483210-37,Melanie Strong,10512,Angel (individual),,,1,company_investor_relation|deal_investor_relation|investor_investment_relation
520914-88,Meldstone Capital,10513,Venture Capital,www.meldstonecapital.com,meldstonecapital.com,1,company_investor_relation|deal_investor_relation|investor_investment_relation
641941-30,Melisa Itmech,10514,Angel (individual),,,1,company_investor_relation|deal_investor_relation|investor_investment_relation
64550-17,Memobox,10516,Corporation,www.memobox.fr,memobox.fr,1,company_investor_relation|deal_investor_relation|investor_investment_relation
437594-23,Meni Rosenfeld,10519,Angel (individual),,,1,company_investor_relation|deal_investor_relation|investor_investment_relation
494642-17,Mentisco,10522,Corporation,,,1,company_investor_relation|deal_investor_relation|investor_investment_relation
601603-57,Meow Capital,10523,Venture Capital,,,1,company_investor_relation|deal_investor_relation|investor_investment_relation
10685-53,Mercedes-Benz Group,10525,Corporation,www.group.mercedes-benz.com,group.mercedes-benz.com,1,company_investor_relation|deal_investor_relation|investor_investment_relation
222307-21,Mercury Technologies,10529,VC-Backed Company,www.mercury.com,mercury.com,1,company_investor_relation|deal_investor_relation|investor_investment_relation
229402-54,Meridian Adhesives Group,10531,PE-Backed Company,www.meridianadhesives.com,meridianadhesives.com,1,company_investor_relation|deal_investor_relation|investor_investment_relation
163805-77,MERIT CRO,10532,VC-Backed Company,www.meritcro.com,meritcro.com,1,company_investor_relation|deal_investor_relation|investor_investment_relation
762491-53,Meta ALCHEMIST,10538,Angel (individual),,,1,company_investor_relation|deal_investor_relation|investor_investment_relation
490812-13,Meta One Capital,10541,Venture Capital,,,1,company_investor_relation|deal_investor_relation|investor_investment_relation
10695-52,Meta Platforms,10542,Corporation,www.meta.com,meta.com,1,company_investor_relation|deal_investor_relation|investor_investment_relation
503039-08,meta seed ventures,10543,Venture Capital,,,1,company_investor_relation|deal_investor_relation|investor_investment_relation
490820-50,Meta Ultra Holdings,10544,Venture Capital,,,1,company_investor_relation|deal_investor_relation|investor_investment_relation
260168-95,Metablocks,10546,Corporation,metablocks.com,metablocks.com,1,company_investor_relation|deal_investor_relation|investor_investment_relation
496525-69,Metachain,10547,VC-Backed Company,www.metachain.one,metachain.one,1,company_investor_relation|deal_investor_relation|investor_investment_relation
492664-15,Metacipher Fund,10548,Venture Capital,metacipher.fund,metacipher.fund,1,company_investor_relation|deal_investor_relation|investor_investment_relation
502676-29,Metaconomy Capital,10550,VC-Backed Company,,,1,company_investor_relation|deal_investor_relation|investor_investment_relation
439471-36,MetaKing Studios,10552,VC-Backed Company,www.metakingstudios.com,metakingstudios.com,1,company_investor_relation|deal_investor_relation|investor_investment_relation
498438-82,Metal VC,10553,Venture Capital,,,1,company_investor_relation|deal_investor_relation|investor_investment_relation
225945-73,Metaline Services,10554,PE-Backed Company,www.metaline.fr,metaline.fr,1,company_investor_relation|deal_investor_relation|investor_investment_relation
1146493-99,MetaMind Labs,10555,Accelerator/Incubator,www.metamindlabs.com,metamindlabs.com,1,company_investor_relation|deal_investor_relation|investor_investment_relation
484194-43,MetaSoccer,10560,VC-Backed Company,www.metasoccer.com,metasoccer.com,1,company_investor_relation|deal_investor_relation|investor_investment_relation
471324-97,Metaversal,10562,Accelerator/Incubator,www.metaversal.gg,metaversal.gg,1,company_investor_relation|deal_investor_relation|investor_investment_relation
562667-68,Metaverse Hub,10563,Corporation,www.metaversehub.co.uk,metaversehub.co.uk,1,company_investor_relation|deal_investor_relation|investor_investment_relation
490902-58,Metaverse Magna,10564,VC-Backed Company,www.mvm.gg,mvm.gg,1,company_investor_relation|deal_investor_relation|investor_investment_relation
522186-67,Metaverse Money,10565,Venture Capital,,,1,company_investor_relation|deal_investor_relation|investor_investment_relation
509226-85,Metaverse Starter,10566,Corporation,www.metaversestarter.io,metaversestarter.io,1,company_investor_relation|deal_investor_relation|investor_investment_relation
572365-36,Metfi,10569,Corporation,,,1,company_investor_relation|deal_investor_relation|investor_investment_relation
437427-10,Method (Gaming),10570,Corporation,www.method.gg,method.gg,1,company_investor_relation|deal_investor_relation|investor_investment_relation
490969-63,method madness,10571,Venture Capital,,,1,company_investor_relation|deal_investor_relation|investor_investment_relation
55451-17,Metrix Capital Group,10574,Lender/Debt Provider,metcapgroup.com,metcapgroup.com,1,company_investor_relation|deal_investor_relation|investor_investment_relation
57750-04,Metropole Television,10575,Holding Company,www.groupem6.fr,groupem6.fr,1,company_investor_relation|deal_investor_relation|investor_investment_relation
234792-73,Metxa,10581,Accelerator/Incubator,metxa.com,metxa.com,1,company_investor_relation|deal_investor_relation|investor_investment_relation
544680-82,Mewny Mewny,10582,Angel (individual),,,1,company_investor_relation|deal_investor_relation|investor_investment_relation
527364-91,MGU Capital,10586,Corporation,,,1,company_investor_relation|deal_investor_relation|investor_investment_relation
519052-15,Michael Borozdin,10591,Angel (individual),,,1,company_investor_relation|deal_investor_relation|investor_investment_relation
462282-85,Michael Dinsdale,10597,Angel (individual),,,1,company_investor_relation|deal_investor_relation|investor_investment_relation
232358-23,Michael Hagen,10605,Angel (individual),,,1,company_investor_relation|deal_investor_relation|investor_investment_relation
465554-08,Michael Kantor,10611,Angel (individual),,,1,company_investor_relation|deal_investor_relation|investor_investment_relation
463352-59,Michael Kosic,10614,Angel (individual),,,1,company_investor_relation|deal_investor_relation|investor_investment_relation
544666-87,Michael Lppolito,10618,Angel (individual),,,1,company_investor_relation|deal_investor_relation|investor_investment_relation
639871-66,Michael Neuder,10621,Angel (individual),,,1,company_investor_relation|deal_investor_relation|investor_investment_relation
527365-18,Michael Ovtiz,10623,Angel (individual),,,1,company_investor_relation|deal_investor_relation|investor_investment_relation
167831-83,Michael Sackler,10627,Angel (individual),,,1,company_investor_relation|deal_investor_relation|investor_investment_relation
528810-49,Michael Shelter,10630,Angel (individual),,,1,company_investor_relation|deal_investor_relation|investor_investment_relation
484572-34,Michael Ugwu,10631,Angel (individual),,,1,company_investor_relation|deal_investor_relation|investor_investment_relation
471449-44,Michal Blaha,10639,Angel (individual),,,1,company_investor_relation|deal_investor_relation|investor_investment_relation
495819-46,Michel Finzi,10641,Angel (individual),,,1,company_investor_relation|deal_investor_relation|investor_investment_relation
123944-14,Michelle Meyer,10643,Angel (individual),,,1,company_investor_relation|deal_investor_relation|investor_investment_relation
469664-38,Michiel Lescrauwaet,10644,Angel (individual),,,1,company_investor_relation|deal_investor_relation|investor_investment_relation
1161397-63,Micro Venture Capital Fund,10646,Venture Capital,microvcfund.com,microvcfund.com,1,company_investor_relation|deal_investor_relation|investor_investment_relation
102454-84,Midana Capital,10648,Venture Capital,www.midanacap.com,midanacap.com,1,company_investor_relation|deal_investor_relation|investor_investment_relation
495553-42,Midas Midas,10649,Angel (individual),,,1,company_investor_relation|deal_investor_relation|investor_investment_relation
483650-56,Midas Ventures,10650,Venture Capital,www.midas-ventures.io,midas-ventures.io,1,company_investor_relation|deal_investor_relation|investor_investment_relation
289980-37,Mighty Jaxx,10651,VC-Backed Company,www.mightyjaxx.com,mightyjaxx.com,1,company_investor_relation|deal_investor_relation|investor_investment_relation
519747-94,Migoi Crypto,10652,Corporation,,,1,company_investor_relation|deal_investor_relation|investor_investment_relation
461923-57,Mihir Nanavati,10655,Angel (individual),,,1,company_investor_relation|deal_investor_relation|investor_investment_relation
106067-17,Mike Jones,10661,Angel (individual),,,1,company_investor_relation|deal_investor_relation|investor_investment_relation
266670-28,Mike Verdu,10663,Angel (individual),,,1,company_investor_relation|deal_investor_relation|investor_investment_relation
184603-33,Mikhail Stepan,10665,Angel (individual),,,1,company_investor_relation|deal_investor_relation|investor_investment_relation
599963-95,Miles Deutscher,10668,Angel (individual),,,1,company_investor_relation|deal_investor_relation|investor_investment_relation
711472-24,Millionfy,10673,Corporation,www.millionfy.io,millionfy.io,1,company_investor_relation|deal_investor_relation|investor_investment_relation
721053-10,Miloslav Vyhnal,10678,Angel (individual),,,1,company_investor_relation|deal_investor_relation|investor_investment_relation
230074-03,Mind AI (Business/Productivity Software),10681,VC-Backed Company,www.wisdomgraph.ai,wisdomgraph.ai,1,company_investor_relation|deal_investor_relation|investor_investment_relation
519750-37,Mindbank Group,10682,Corporation,,,1,company_investor_relation|deal_investor_relation|investor_investment_relation
435868-66,mindlab Technology Ventures,10683,Venture Capital,www.mindlabventures.com,mindlabventures.com,1,company_investor_relation|deal_investor_relation|investor_investment_relation
517661-20,Mindrome Ventures,10684,Venture Capital,,,1,company_investor_relation|deal_investor_relation|investor_investment_relation
56362-96,Minerva Capital,10686,PE/Buyout,www.minervacapital.es,minervacapital.es,1,company_investor_relation|deal_investor_relation|investor_investment_relation
158109-67,Ming Capital,10687,Venture Capital,www.mingcapital.cn,mingcapital.cn,1,company_investor_relation|deal_investor_relation|investor_investment_relation
498280-96,Ministry of Solana,10692,Venture Capital,www.solanaministry.com,solanaministry.com,1,company_investor_relation|deal_investor_relation|investor_investment_relation
463179-25,Mint Venture Partners,10693,Accelerator/Incubator,www.mintventures.bio,mintventures.bio,1,company_investor_relation|deal_investor_relation|investor_investment_relation
489738-61,Mirabo,10695,Corporation,www.mirabo.com.vn,mirabo.com.vn,1,company_investor_relation|deal_investor_relation|investor_investment_relation
222769-63,Mirach Capital Group,10696,Family Office,www.mirachcapitalgroup.com,mirachcapitalgroup.com,1,company_investor_relation|deal_investor_relation|investor_investment_relation
532833-67,Miracle Group Inc.,10697,Corporation,www.miraclegroup.com,miraclegroup.com,1,company_investor_relation|deal_investor_relation|investor_investment_relation
91762-75,Mirror Worlds Technologies,10704,Corporation,,,1,company_investor_relation|deal_investor_relation|investor_investment_relation
228439-72,Misfits Gaming Group,10705,PE-Backed Company,www.misfitsgaming.gg,misfitsgaming.gg,1,company_investor_relation|deal_investor_relation|investor_investment_relation
327160-45,Mission Gate,10708,Venture Capital,missiongate.com,missiongate.com,1,company_investor_relation|deal_investor_relation|investor_investment_relation
435618-64,Mission:Tech,10710,Accelerator/Incubator,www.missiontech.co,missiontech.co,1,company_investor_relation|deal_investor_relation|investor_investment_relation
331881-31,MIT Solve,10713,Accelerator/Incubator,solve.mit.edu,solve.mit.edu,1,company_investor_relation|deal_investor_relation|investor_investment_relation
312011-74,Miten Sampat,10717,Angel (individual),,,1,company_investor_relation|deal_investor_relation|investor_investment_relation
756129-52,MITM Club,10718,Angel Group,,,1,company_investor_relation|deal_investor_relation|investor_investment_relation
641651-23,Mix Media Network,10721,Venture Capital,,,1,company_investor_relation|deal_investor_relation|investor_investment_relation
515215-00,MixDAO,10722,Corporation,,,1,company_investor_relation|deal_investor_relation|investor_investment_relation
551289-52,MJ Asset Investment Group,10723,Venture Capital,,,1,company_investor_relation|deal_investor_relation|investor_investment_relation
631767-25,MJAG,10724,Venture Capital,,,1,company_investor_relation|deal_investor_relation|investor_investment_relation
495932-50,MMG Research,10729,Corporation,,,1,company_investor_relation|deal_investor_relation|investor_investment_relation
503753-05,MMICG,10730,Corporation,www.mmicg.io,mmicg.io,1,company_investor_relation|deal_investor_relation|investor_investment_relation
865065-25,MmonsteR,10731,Venture Capital,www.mmonster.co,mmonster.co,1,company_investor_relation|deal_investor_relation|investor_investment_relation
644427-19,Mo Kumarsi,10733,Angel (individual),,,1,company_investor_relation|deal_investor_relation|investor_investment_relation
234458-38,Mobile Premier League,10736,VC-Backed Company,www.mpl.live,mpl.live,1,company_investor_relation|deal_investor_relation|investor_investment_relation
452881-09,Mobirix,10737,Corporation,www.mobirix.com,mobirix.com,1,company_investor_relation|deal_investor_relation|investor_investment_relation
489739-33,MochiLab,10739,Accelerator/Incubator,www.mochilab.org,mochilab.org,1,company_investor_relation|deal_investor_relation|investor_investment_relation
466633-09,Modefi,10741,VC-Backed Company,www.modefi.io,modefi.io,1,company_investor_relation|deal_investor_relation|investor_investment_relation
181738-18,Modern Capital (Shanghai),10742,Venture Capital,,,1,company_investor_relation|deal_investor_relation|investor_investment_relation
845230-78,Mogmachine Mogmachine,10744,Angel (individual),,,1,company_investor_relation|deal_investor_relation|investor_investment_relation
494177-05,MoHash,10749,VC-Backed Company,www.mohash.co,mohash.co,1,company_investor_relation|deal_investor_relation|investor_investment_relation
496149-76,Mohit Madaan,10750,Angel (individual),,,1,company_investor_relation|deal_investor_relation|investor_investment_relation
532462-15,Molecular (Philippines),10752,Corporation,,,1,company_investor_relation|deal_investor_relation|investor_investment_relation
434277-28,Molecule,10753,VC-Backed Company,www.molecule.xyz,molecule.xyz,1,company_investor_relation|deal_investor_relation|investor_investment_relation
153701-83,Moma Group,10755,PE-Backed Company,moma-group.com,moma-group.com,1,company_investor_relation|deal_investor_relation|investor_investment_relation
436473-91,Momentum Capital,10758,Venture Capital,www.suning.com.cn,suning.com.cn,1,company_investor_relation|deal_investor_relation|investor_investment_relation
231925-87,Momentum Invest,10759,PE/Buyout,www.momentuminvest.fr,momentuminvest.fr,1,company_investor_relation|deal_investor_relation|investor_investment_relation
527073-76,Money King (VC),10765,Venture Capital,,,1,company_investor_relation|deal_investor_relation|investor_investment_relation
463571-02,MoneyLoji,10767,Corporation,www.moneyloji.com,moneyloji.com,1,company_investor_relation|deal_investor_relation|investor_investment_relation
440988-76,Monsas,10768,Corporation,monsas.co.uk,monsas.co.uk,1,company_investor_relation|deal_investor_relation|investor_investment_relation
531372-88,moon holdings,10771,Other,,,1,company_investor_relation|deal_investor_relation|investor_investment_relation
718798-42,Moon Pursuit Capital,10772,Hedge Fund,moonpursuit.com,moonpursuit.com,1,company_investor_relation|deal_investor_relation|investor_investment_relation
490820-86,Moonchase Asset Management,10774,Venture Capital,,,1,company_investor_relation|deal_investor_relation|investor_investment_relation
495933-22,MoonGroup,10776,Corporation,,,1,company_investor_relation|deal_investor_relation|investor_investment_relation
550966-15,Moonshot Labs,10778,Accelerator/Incubator,moonshotlabs.com,moonshotlabs.com,1,company_investor_relation|deal_investor_relation|investor_investment_relation
503059-33,Moritz Hilger,10782,Angel (individual),,,1,company_investor_relation|deal_investor_relation|investor_investment_relation
106346-62,Morris Wheeler,10785,Angel (individual),,,1,company_investor_relation|deal_investor_relation|investor_investment_relation
650335-96,Morse Telecom Technology Development,10786,Venture Capital,www.morse-chat.com,morse-chat.com,1,company_investor_relation|deal_investor_relation|investor_investment_relation
596609-65,Mostock Ventures,10789,Venture Capital,,,1,company_investor_relation|deal_investor_relation|investor_investment_relation
615775-87,MountFund,10796,Venture Capital,www.mountfund.com,mountfund.com,1,company_investor_relation|deal_investor_relation|investor_investment_relation
399532-69,MouseBelt,10797,Accelerator/Incubator,mousebelt.com,mousebelt.com,1,company_investor_relation|deal_investor_relation|investor_investment_relation
326044-27,mov37,10798,Corporation,mov37.com,mov37.com,1,company_investor_relation|deal_investor_relation|investor_investment_relation
265261-06,Move Capital,10800,Growth/Expansion,www.move-capital.com,move-capital.com,1,company_investor_relation|deal_investor_relation|investor_investment_relation
539332-66,Mox Capital,10801,Venture Capital,www.mox.capital,mox.capital,1,company_investor_relation|deal_investor_relation|investor_investment_relation
59608-54,MS&AD Insurance Group Holdings,10806,Holding Company,www.ms-ad-hd.com,ms-ad-hd.com,1,company_investor_relation|deal_investor_relation|investor_investment_relation
222811-57,MultiBank Exchange Group,10813,Corporation,www.mexgroup.com,mexgroup.com,1,company_investor_relation|deal_investor_relation|investor_investment_relation
503266-33,Multichain Ventures,10814,Corporation,www.multichain.ventures,multichain.ventures,1,company_investor_relation|deal_investor_relation|investor_investment_relation
481318-75,MultiFantom venture capital,10815,Venture Capital,,,1,company_investor_relation|deal_investor_relation|investor_investment_relation
504177-04,Multiverse Guild,10819,Corporation,,,1,company_investor_relation|deal_investor_relation|investor_investment_relation
515513-89,Munjinzo Labs,10823,Venture Capital,,,1,company_investor_relation|deal_investor_relation|investor_investment_relation
518131-63,Munya Chanetsa,10824,Angel (individual),,,1,company_investor_relation|deal_investor_relation|investor_investment_relation
459257-23,Murad Mahmudov,10825,Angel (individual),,,1,company_investor_relation|deal_investor_relation|investor_investment_relation
181146-61,Murat Abdrakhmanov,10826,Angel (individual),,,1,company_investor_relation|deal_investor_relation|investor_investment_relation
163504-36,MX Investments,10831,Family Office,,,1,company_investor_relation|deal_investor_relation|investor_investment_relation
495637-93,MX2 Capital,10832,Venture Capital,mx2.capital,mx2.capital,1,company_investor_relation|deal_investor_relation|investor_investment_relation
509639-23,My mate nate,10833,Venture Capital,,,1,company_investor_relation|deal_investor_relation|investor_investment_relation
502914-79,My Oaisis,10834,Other,,,1,company_investor_relation|deal_investor_relation|investor_investment_relation
96941-53,MyDoc,10836,Corporation,www.my-doc.com,my-doc.com,1,company_investor_relation|deal_investor_relation|investor_investment_relation
627515-20,Myles Snider,10837,Angel (individual),,,1,company_investor_relation|deal_investor_relation|investor_investment_relation
497953-90,Myria,10838,VC-Backed Company,www.myria.com,myria.com,1,company_investor_relation|deal_investor_relation|investor_investment_relation
521897-77,MYStartup,10840,Accelerator/Incubator,mystartupaccelerator.org,mystartupaccelerator.org,1,company_investor_relation|deal_investor_relation|investor_investment_relation
234633-25,Mythical Games,10842,VC-Backed Company,mythicalgames.com,mythicalgames.com,1,company_investor_relation|deal_investor_relation|investor_investment_relation
535779-01,Mythos Ventures,10843,Venture Capital,www.mythos.vc,mythos.vc,1,company_investor_relation|deal_investor_relation|investor_investment_relation
495554-59,Nachodan Nachodan,10848,Angel (individual),,,1,company_investor_relation|deal_investor_relation|investor_investment_relation
437741-20,Nader Al-Naji,10850,Angel (individual),,,1,company_investor_relation|deal_investor_relation|investor_investment_relation
232593-22,Nadia Nadia,10853,Angel (individual),,,1,company_investor_relation|deal_investor_relation|investor_investment_relation
235027-27,Nadiya Cherkasova,10856,Angel (individual),,,1,company_investor_relation|deal_investor_relation|investor_investment_relation
518229-28,Naimish Sanghvi,10859,Angel (individual),,,1,company_investor_relation|deal_investor_relation|investor_investment_relation
471707-02,Nairobi Business Angels Network,10860,Angel Group,naiban.co,naiban.co,1,company_investor_relation|deal_investor_relation|investor_investment_relation
277133-50,Naissance Capital,10861,Hedge Fund,www.naissancecapital.com,naissancecapital.com,1,company_investor_relation|deal_investor_relation|investor_investment_relation
233446-78,NameCheap,10864,Corporation,www.namecheap.com,namecheap.com,1,company_investor_relation|deal_investor_relation|investor_investment_relation
608024-44,Nano Sprout Ventures,10865,Venture Capital,,,1,company_investor_relation|deal_investor_relation|investor_investment_relation
166200-58,Nansen Capital Partners,10867,Asset Manager,,,1,company_investor_relation|deal_investor_relation|investor_investment_relation
527731-03,Nanusei Equity Partners,10869,PE/Buyout,,,1,company_investor_relation|deal_investor_relation|investor_investment_relation
454220-02,Naojo Dowaki,10870,Angel (individual),,,1,company_investor_relation|deal_investor_relation|investor_investment_relation
279950-23,NASSCOM DeepTech Club,10875,Accelerator/Incubator,,,1,company_investor_relation|deal_investor_relation|investor_investment_relation
184748-50,Natalia Vodianova,10877,Angel (individual),,,1,company_investor_relation|deal_investor_relation|investor_investment_relation
644430-97,Natasha S,10879,Angel (individual),,,1,company_investor_relation|deal_investor_relation|investor_investment_relation
155656-18,Nate Houk,10880,Angel (individual),,,1,company_investor_relation|deal_investor_relation|investor_investment_relation
597477-07,Nate Zou,10881,Angel (individual),,,1,company_investor_relation|deal_investor_relation|investor_investment_relation
131286-25,Nathan Antar,10882,Angel (individual),,,1,company_investor_relation|deal_investor_relation|investor_investment_relation
863620-48,Nathan Nathan,10884,Angel (individual),,,1,company_investor_relation|deal_investor_relation|investor_investment_relation
59065-48,National Development Fund of Taiwan,10888,Sovereign Wealth Fund,www.df.gov.tw,df.gov.tw,1,company_investor_relation|deal_investor_relation|investor_investment_relation
533414-89,Native Capital,10891,Accelerator/Incubator,www.nativecapital.io,nativecapital.io,1,company_investor_relation|deal_investor_relation|investor_investment_relation
403973-83,Ndubuisi Ekekwe,10899,Angel (individual),,,1,company_investor_relation|deal_investor_relation|investor_investment_relation
55686-34,Near (Los Angeles),10900,Corporation,www.near.com,near.com,1,company_investor_relation|deal_investor_relation|investor_investment_relation
279543-43,Nebula Group,10902,Corporation,www.nebulagroup.ca,nebulagroup.ca,1,company_investor_relation|deal_investor_relation|investor_investment_relation
532939-33,Necto Labs,10905,Venture Capital,www.nectolabs.io,nectolabs.io,1,company_investor_relation|deal_investor_relation|investor_investment_relation
531332-11,Neer Venture Partners,10906,Venture Capital,www.neerventurepartners.com,neerventurepartners.com,1,company_investor_relation|deal_investor_relation|investor_investment_relation
442398-07,Neeraj Singal,10907,Angel (individual),,,1,company_investor_relation|deal_investor_relation|investor_investment_relation
608779-00,Negentropy Capital,10908,Venture Capital,www.negentropy.capital,negentropy.capital,1,company_investor_relation|deal_investor_relation|investor_investment_relation
527074-66,Neil Cunha-Gomez,10912,Angel (individual),,,1,company_investor_relation|deal_investor_relation|investor_investment_relation
267891-49,NEM Ventures,10915,Venture Capital,www.nemventures.io,nemventures.io,1,company_investor_relation|deal_investor_relation|investor_investment_relation
482244-94,Nemil Dalal,10916,Angel (individual),,,1,company_investor_relation|deal_investor_relation|investor_investment_relation
287976-34,Neo Wang,10919,Angel (individual),,,1,company_investor_relation|deal_investor_relation|investor_investment_relation
458228-53,Neofly,10920,Venture Capital,,,1,company_investor_relation|deal_investor_relation|investor_investment_relation
711363-43,Neon Eight Group,10923,Venture Capital,www.n8hl.com,n8hl.com,1,company_investor_relation|deal_investor_relation|investor_investment_relation
499851-01,NEOTEC,10925,Venture Capital,www.neotec.org,neotec.org,1,company_investor_relation|deal_investor_relation|investor_investment_relation
165468-07,Neowiz Holdings,10927,Holding Company,www.nwhcorp.com,nwhcorp.com,1,company_investor_relation|deal_investor_relation|investor_investment_relation
552133-90,NES Venture Capital,10929,Venture Capital,nes-vc.com,nes-vc.com,1,company_investor_relation|deal_investor_relation|investor_investment_relation
310078-45,Net Capital Ventures,10932,Venture Capital,www.netcapitalventures.com,netcapitalventures.com,1,company_investor_relation|deal_investor_relation|investor_investment_relation
527529-43,nether,10934,Venture Capital,,,1,company_investor_relation|deal_investor_relation|investor_investment_relation
171624-34,New Avenue Capital,10938,Family Office,www.newavenuecapital.com,newavenuecapital.com,1,company_investor_relation|deal_investor_relation|investor_investment_relation
53369-20,New Era Capital,10940,Venture Capital,www.new-cap.us,new-cap.us,1,company_investor_relation|deal_investor_relation|investor_investment_relation
60322-69,New Ground Ventures,10941,Venture Capital,www.newground.vc,newground.vc,1,company_investor_relation|deal_investor_relation|investor_investment_relation
96469-03,New Profit,10944,Not-For-Profit Venture Capital,www.newprofit.org,newprofit.org,1,company_investor_relation|deal_investor_relation|investor_investment_relation
52871-41,New World Development,10948,Corporation,www.nwd.com.hk,nwd.com.hk,1,company_investor_relation|deal_investor_relation|investor_investment_relation
51341-23,New York Angels,10949,Angel Group,www.newyorkangels.com,newyorkangels.com,1,company_investor_relation|deal_investor_relation|investor_investment_relation
88189-84,New York University Stern School of Business Endowment,10950,Limited Partner,www.stern.nyu.edu,stern.nyu.edu,1,company_investor_relation|deal_investor_relation|investor_investment_relation
494630-11,NewBuild Venture Capital,10952,Venture Capital,www.newbuild.vc,newbuild.vc,1,company_investor_relation|deal_investor_relation|investor_investment_relation
231073-39,Newby Ventures,10953,Holding Company,www.newby-ventures.com,newby-ventures.com,1,company_investor_relation|deal_investor_relation|investor_investment_relation
14194-54,Newfund Management,10956,Venture Capital,www.newfundcap.com,newfundcap.com,1,company_investor_relation|deal_investor_relation|investor_investment_relation
594335-98,News xcrypto,10962,Corporate Venture Capital,www.newsxcrypto.com,newsxcrypto.com,1,company_investor_relation|deal_investor_relation|investor_investment_relation
169018-30,Next Big Thing,10968,Venture Capital,www.nextbigthing.ag,nextbigthing.ag,1,company_investor_relation|deal_investor_relation|investor_investment_relation
502675-57,Next Block Accelerator,10969,Accelerator/Incubator,,,1,company_investor_relation|deal_investor_relation|investor_investment_relation
231941-26,Next Generation,10972,Asset Manager,nextgeneration.fund,nextgeneration.fund,1,company_investor_relation|deal_investor_relation|investor_investment_relation
534930-22,Nextgem (Crypto),10974,Corporation,,,1,company_investor_relation|deal_investor_relation|investor_investment_relation
537025-96,NextGen Digital Venture,10975,Corporation,www.nextgenv.com,nextgenv.com,1,company_investor_relation|deal_investor_relation|investor_investment_relation
172480-42,NextMedia.Hamburg,10976,Accelerator/Incubator,www.nextmedia-hamburg.de,nextmedia-hamburg.de,1,company_investor_relation|deal_investor_relation|investor_investment_relation
98299-36,NextTech Group,10978,Corporation,www.nexttech.asia,nexttech.asia,1,company_investor_relation|deal_investor_relation|investor_investment_relation
231167-80,Nexus Labs (Educational Software),10980,VC-Backed Company,www.nexuslabs.education,nexuslabs.education,1,company_investor_relation|deal_investor_relation|investor_investment_relation
182193-22,NFT Investment,10983,Asset Manager,,,1,company_investor_relation|deal_investor_relation|investor_investment_relation
501680-98,NFT Scan,10984,Corporation,,,1,company_investor_relation|deal_investor_relation|investor_investment_relation
439040-62,NFTBank AI,10985,VC-Backed Company,www.nftbank.ai,nftbank.ai,1,company_investor_relation|deal_investor_relation|investor_investment_relation
762486-58,NFTBol NFTBol,10986,Angel (individual),,,1,company_investor_relation|deal_investor_relation|investor_investment_relation
502985-89,NFTPad,10987,VC-Backed Company,www.nftpad.fi,nftpad.fi,1,company_investor_relation|deal_investor_relation|investor_investment_relation
309961-45,Nguyen Hoa Binh,10992,Angel (individual),,,1,company_investor_relation|deal_investor_relation|investor_investment_relation
60033-43,NH Investment & Securities,10994,Investment Bank,www.nhsec.com,nhsec.com,1,company_investor_relation|deal_investor_relation|investor_investment_relation
53790-31,NHN Investment,10996,Venture Capital,www.nhninv.com,nhninv.com,1,company_investor_relation|deal_investor_relation|investor_investment_relation
155509-12,Nia Community,10997,Limited Partner,www.niacommunity.org,niacommunity.org,1,company_investor_relation|deal_investor_relation|investor_investment_relation
522426-61,Nicholas Hu,11000,Angel (individual),,,1,company_investor_relation|deal_investor_relation|investor_investment_relation
496186-12,Nicholas Molnar,11001,Angel (individual),,,1,company_investor_relation|deal_investor_relation|investor_investment_relation
544667-41,Nick Hansen,11005,Angel (individual),,,1,company_investor_relation|deal_investor_relation|investor_investment_relation
495553-78,Nicky Fung,11014,Angel (individual),,,1,company_investor_relation|deal_investor_relation|investor_investment_relation
596657-62,Nicolas Gallet,11017,Angel (individual),,,1,company_investor_relation|deal_investor_relation|investor_investment_relation
528965-29,Nicolas Ropiot,11021,Angel (individual),,,1,company_investor_relation|deal_investor_relation|investor_investment_relation
495667-45,Nicolás Arqueros,11023,Angel (individual),,,1,company_investor_relation|deal_investor_relation|investor_investment_relation
625924-54,Niels Jense de Ruiter,11024,Angel (individual),,,1,company_investor_relation|deal_investor_relation|investor_investment_relation
57364-75,Nielsen Innovate,11025,Accelerator/Incubator,www.nif.vc,nif.vc,1,company_investor_relation|deal_investor_relation|investor_investment_relation
110835-91,Nigel Wray,11027,Angel (individual),,,1,company_investor_relation|deal_investor_relation|investor_investment_relation
181458-55,Nikhil Bakshi,11030,Angel (individual),,,1,company_investor_relation|deal_investor_relation|investor_investment_relation
300241-90,Nikhil Mohta,11031,Angel (individual),,,1,company_investor_relation|deal_investor_relation|investor_investment_relation
496046-62,Niko Kovac,11033,Angel (individual),,,1,company_investor_relation|deal_investor_relation|investor_investment_relation
166615-57,Nikolai Belykh,11034,Angel (individual),,,1,company_investor_relation|deal_investor_relation|investor_investment_relation
491089-51,Nikolas Drandakis,11035,Angel (individual),,,1,company_investor_relation|deal_investor_relation|investor_investment_relation
494476-03,Nikolaus Futter,11036,Angel (individual),,,1,company_investor_relation|deal_investor_relation|investor_investment_relation
229968-37,Ningbo Industrial Investment Group,11044,Corporation,www.nbiig.com,nbiig.com,1,company_investor_relation|deal_investor_relation|investor_investment_relation
491224-60,NIOX DAO,11045,Venture Capital,,,1,company_investor_relation|deal_investor_relation|investor_investment_relation
277156-45,Nir Efrat,11047,Angel (individual),,,1,company_investor_relation|deal_investor_relation|investor_investment_relation
83585-80,Nirvana Ventures Advisors,11051,Venture Capital,www.nirvanaventures.in,nirvanaventures.in,1,company_investor_relation|deal_investor_relation|investor_investment_relation
528335-56,Nitin Gaur,11055,Angel (individual),,,1,company_investor_relation|deal_investor_relation|investor_investment_relation
57072-88,NNE,11061,Corporation,www.nne.com,nne.com,1,company_investor_relation|deal_investor_relation|investor_investment_relation
532553-77,Noah Dummett,11063,Angel (individual),,,1,company_investor_relation|deal_investor_relation|investor_investment_relation
491773-78,Nobi,11067,VC-Backed Company,usenobi.com,usenobi.com,1,company_investor_relation|deal_investor_relation|investor_investment_relation
742111-21,NodeMarket,11072,Corporation,www.nodemarket.io,nodemarket.io,1,company_investor_relation|deal_investor_relation|investor_investment_relation
540700-57,Non Classic,11077,Venture Capital,,,1,company_investor_relation|deal_investor_relation|investor_investment_relation
483773-14,Nonce swap,11079,Corporation,www.nonceswap.com,nonceswap.com,1,company_investor_relation|deal_investor_relation|investor_investment_relation
541585-90,Nonco,11080,Corporation,www.nonco.com,nonco.com,1,company_investor_relation|deal_investor_relation|investor_investment_relation
846526-15,Noral Noral,11083,Angel (individual),,,1,company_investor_relation|deal_investor_relation|investor_investment_relation
465941-71,Nordic Startup Ventures,11085,Venture Capital,www.nordicstartupventures.com,nordicstartupventures.com,1,company_investor_relation|deal_investor_relation|investor_investment_relation
510785-29,North Rock Digital,11089,Hedge Fund,northrockdigital.com,northrockdigital.com,1,company_investor_relation|deal_investor_relation|investor_investment_relation
59240-17,Northstar (Private Equity),11094,PE/Buyout,www.nsgroup.com,nsgroup.com,1,company_investor_relation|deal_investor_relation|investor_investment_relation
51311-35,Notion Capital,11098,Venture Capital,www.notioncapital.com,notioncapital.com,1,company_investor_relation|deal_investor_relation|investor_investment_relation
635216-59,Nova Research Laboratories,11099,Corporation,novreslab.com,novreslab.com,1,company_investor_relation|deal_investor_relation|investor_investment_relation
503801-47,Novi Fund,11101,Venture Capital,www.novifund.tech,novifund.tech,1,company_investor_relation|deal_investor_relation|investor_investment_relation
156794-86,Novus Capital Group,11102,Venture Capital,www.novuscapitalgroup.com,novuscapitalgroup.com,1,company_investor_relation|deal_investor_relation|investor_investment_relation
11259-64,Novus Ventures,11103,Venture Capital,,,1,company_investor_relation|deal_investor_relation|investor_investment_relation
147830-32,NSW State Government,11107,Government,,,1,company_investor_relation|deal_investor_relation|investor_investment_relation
227750-77,Nuard Ventures,11109,Venture Capital,nuard.com,nuard.com,1,company_investor_relation|deal_investor_relation|investor_investment_relation
503831-26,NuBlockVentures,11110,Venture Capital,www.nublock.ventures,nublock.ventures,1,company_investor_relation|deal_investor_relation|investor_investment_relation
117450-19,NuCypher,11112,Corporation,www.nucypher.com,nucypher.com,1,company_investor_relation|deal_investor_relation|investor_investment_relation
509459-95,Nuly Ventures,11115,Venture Capital,,,1,company_investor_relation|deal_investor_relation|investor_investment_relation
165452-59,Nuriplex Company,11117,Corporation,nuriflex.co.kr,nuriflex.co.kr,1,company_investor_relation|deal_investor_relation|investor_investment_relation
158191-84,NxGen Communications,11124,Corporation,nxgen.asia,nxgen.asia,1,company_investor_relation|deal_investor_relation|investor_investment_relation
506988-82,Nymblegen,11126,Venture Capital,,,1,company_investor_relation|deal_investor_relation|investor_investment_relation
597247-12,NYX Ventures (Los Altos),11127,Venture Capital,nyxventures.vc,nyxventures.vc,1,company_investor_relation|deal_investor_relation|investor_investment_relation
510163-84,O'Shaughnessy Ventures,11131,Venture Capital,www.osv.llc,osv.llc,1,company_investor_relation|deal_investor_relation|investor_investment_relation
522666-91,oaam,11133,Corporation,www.oaam.consulting,oaam.consulting,1,company_investor_relation|deal_investor_relation|investor_investment_relation
503071-21,Oak Security (Network Management Software),11135,Corporation,www.oaksecurity.io,oaksecurity.io,1,company_investor_relation|deal_investor_relation|investor_investment_relation
756126-55,Oasis Metaverse Ventures,11139,Venture Capital,www.oasismetaverse.ventures,oasismetaverse.ventures,1,company_investor_relation|deal_investor_relation|investor_investment_relation
234061-21,OceanEx (Blockchain),11144,VC-Backed Company,www.oceanex.pro,oceanex.pro,1,company_investor_relation|deal_investor_relation|investor_investment_relation
491509-81,Ocular Crypto,11147,Corporation,,,1,company_investor_relation|deal_investor_relation|investor_investment_relation
157976-47,Odyssey (Luxembourg),11150,Corporation,,,1,company_investor_relation|deal_investor_relation|investor_investment_relation
492968-89,OFR Fund,11155,Venture Capital,,,1,company_investor_relation|deal_investor_relation|investor_investment_relation
459539-02,Ofund,11156,Venture Capital,,,1,company_investor_relation|deal_investor_relation|investor_investment_relation
522666-19,OGRTZ Ventures,11159,Venture Capital,,,1,company_investor_relation|deal_investor_relation|investor_investment_relation
465973-84,Ohad Finkelstein,11160,Angel (individual),,,1,company_investor_relation|deal_investor_relation|investor_investment_relation
464335-39,Ohana Northwest,11161,Venture Capital,,,1,company_investor_relation|deal_investor_relation|investor_investment_relation
520043-50,OIG Group,11162,Corporation,,,1,company_investor_relation|deal_investor_relation|investor_investment_relation
471507-94,OIG Investment,11163,Venture Capital,,,1,company_investor_relation|deal_investor_relation|investor_investment_relation
494165-71,Ok! Acquired,11165,Corporation,www.okacquired.com,okacquired.com,1,company_investor_relation|deal_investor_relation|investor_investment_relation
498349-36,Old Fasion,11171,Venture Capital,,,1,company_investor_relation|deal_investor_relation|investor_investment_relation
438526-54,Oldenburg Vineyards,11172,Corporation,www.oldenburgvineyards.com,oldenburgvineyards.com,1,company_investor_relation|deal_investor_relation|investor_investment_relation
277672-42,Olisipo Way,11174,Venture Capital,www.olisipoway.com,olisipoway.com,1,company_investor_relation|deal_investor_relation|investor_investment_relation
162949-33,Olive Hill Group,11175,Asset Manager,www.olivehill.com,olivehill.com,1,company_investor_relation|deal_investor_relation|investor_investment_relation
481932-73,Oliver Blakey,11176,Angel (individual),,,1,company_investor_relation|deal_investor_relation|investor_investment_relation
173936-89,Omicron Technology Solutions,11183,VC-Backed Company,www.omicrontech.net,omicrontech.net,1,company_investor_relation|deal_investor_relation|investor_investment_relation
60560-65,Omnivore Capital Management,11188,Venture Capital,www.omnivore.vc,omnivore.vc,1,company_investor_relation|deal_investor_relation|investor_investment_relation
343618-48,On-chain Industrial Fund,11189,Venture Capital,,,1,company_investor_relation|deal_investor_relation|investor_investment_relation
495818-83,ONE ECM,11194,Venture Capital,www.oneecm.com,oneecm.com,1,company_investor_relation|deal_investor_relation|investor_investment_relation
491509-36,Onechain Technology,11200,Venture Capital,,,1,company_investor_relation|deal_investor_relation|investor_investment_relation
272162-08,Onestic Innovacion Y Desarrollo,11201,Other,onestic.com,onestic.com,1,company_investor_relation|deal_investor_relation|investor_investment_relation
59914-99,Onfido,11202,Corporation,www.onfido.com,onfido.com,1,company_investor_relation|deal_investor_relation|investor_investment_relation
467586-19,Only1,11203,Venture Capital,www.only1.io,only1.io,1,company_investor_relation|deal_investor_relation|investor_investment_relation
501470-47,Onur Akpolat,11204,Angel (individual),,,1,company_investor_relation|deal_investor_relation|investor_investment_relation
435484-54,OP Games,11206,VC-Backed Company,www.opgames.org,opgames.org,1,company_investor_relation|deal_investor_relation|investor_investment_relation
519957-19,Open Money Group,11212,Venture Capital,,,1,company_investor_relation|deal_investor_relation|investor_investment_relation
518375-98,OpenC,11214,Corporation,,,1,company_investor_relation|deal_investor_relation|investor_investment_relation
431724-43,Openner,11216,Venture Capital,www.openner.vc,openner.vc,1,company_investor_relation|deal_investor_relation|investor_investment_relation
495643-15,OpenSky,11217,VC-Backed Company,www.opensky.finance,opensky.finance,1,company_investor_relation|deal_investor_relation|investor_investment_relation
535506-94,OpenSky Ventures,11218,Venture Capital,www.opensky.vc,opensky.vc,1,company_investor_relation|deal_investor_relation|investor_investment_relation
518132-53,Opeyemi Iredumare,11220,Angel (individual),,,1,company_investor_relation|deal_investor_relation|investor_investment_relation
438614-56,Opportunity@Work,11221,Not-For-Profit Venture Capital,www.opportunityatwork.org,opportunityatwork.org,1,company_investor_relation|deal_investor_relation|investor_investment_relation
268828-66,Optical Network,11222,Corporation,www.optiblu.ro,optiblu.ro,1,company_investor_relation|deal_investor_relation|investor_investment_relation
98944-66,Optimus Financial Services,11223,Corporation,www.optimusfs.com,optimusfs.com,1,company_investor_relation|deal_investor_relation|investor_investment_relation
496748-53,Opw.io,11224,Venture Capital,,,1,company_investor_relation|deal_investor_relation|investor_investment_relation
57087-91,Orange Fab France,11227,Accelerator/Incubator,www.orangefab.com,orangefab.com,1,company_investor_relation|deal_investor_relation|investor_investment_relation
608520-70,Orange Grove,11228,Accelerator/Incubator,www.orangegrove.eu,orangegrove.eu,1,company_investor_relation|deal_investor_relation|investor_investment_relation
535668-67,OrangeX,11229,Corporation,www.orangex.com,orangex.com,1,company_investor_relation|deal_investor_relation|investor_investment_relation
527708-44,OrbCity,11230,Corporation,www.orbcity.io,orbcity.io,1,company_investor_relation|deal_investor_relation|investor_investment_relation
515131-12,Orbiter Finance,11231,VC-Backed Company,www.orbiter.finance,orbiter.finance,1,company_investor_relation|deal_investor_relation|investor_investment_relation
502697-89,Orbs.com,11232,Venture Capital,,,1,company_investor_relation|deal_investor_relation|investor_investment_relation
527538-61,Orchard Street Capital,11234,Real Estate,www.orchardstreetcapital.com,orchardstreetcapital.com,1,company_investor_relation|deal_investor_relation|investor_investment_relation
531315-01,Orchid 3 Investments,11235,Venture Capital,,,1,company_investor_relation|deal_investor_relation|investor_investment_relation
495051-76,Orenda (Business/Productivity Software),11236,Corporation,www.orendapower.com,orendapower.com,1,company_investor_relation|deal_investor_relation|investor_investment_relation
501468-58,Orest Gavryliak,11237,Angel (individual),,,1,company_investor_relation|deal_investor_relation|investor_investment_relation
464517-19,Oriental Silverstone,11238,Venture Capital,www.silvestonecapital.com,silvestonecapital.com,1,company_investor_relation|deal_investor_relation|investor_investment_relation
483745-69,ORIGYN Foundation,11240,PE-Backed Company,www.origyn.com,origyn.com,1,company_investor_relation|deal_investor_relation|investor_investment_relation
472573-09,Orillion,11241,Venture Capital,orillion.co,orillion.co,1,company_investor_relation|deal_investor_relation|investor_investment_relation
52275-88,Orion Capital Managers,11243,Real Estate,www.orioncapitalmanagers.com,orioncapitalmanagers.com,1,company_investor_relation|deal_investor_relation|investor_investment_relation
453568-24,Orion Group HoldCo,11245,PE-Backed Company,www.orionservicesgroup.com,orionservicesgroup.com,1,company_investor_relation|deal_investor_relation|investor_investment_relation
467880-40,Oro Pocket,11247,Venture Capital,oropocket.com,oropocket.com,1,company_investor_relation|deal_investor_relation|investor_investment_relation
60607-27,Orono Investment Group,11248,Corporation,,,1,company_investor_relation|deal_investor_relation|investor_investment_relation
501078-34,Otis Capital,11252,Venture Capital,www.otiscapital.io,otiscapital.io,1,company_investor_relation|deal_investor_relation|investor_investment_relation
490967-92,otterdev,11255,Venture Capital,,,1,company_investor_relation|deal_investor_relation|investor_investment_relation
495563-59,Oversubscribed Ventures,11258,Venture Capital,www.oversubscribedvc.com,oversubscribedvc.com,1,company_investor_relation|deal_investor_relation|investor_investment_relation
399216-88,Owl Capital,11263,Venture Capital,www.owlcapital.com,owlcapital.com,1,company_investor_relation|deal_investor_relation|investor_investment_relation
589690-72,OxSun OxSun,11266,Angel (individual),,,1,company_investor_relation|deal_investor_relation|investor_investment_relation
518132-35,Ozzie Adjaye,11267,Angel (individual),,,1,company_investor_relation|deal_investor_relation|investor_investment_relation
519750-10,PadITech,11273,Corporation,,,1,company_investor_relation|deal_investor_relation|investor_investment_relation
234773-29,Padup Ventures,11274,Accelerator/Incubator,www.padup.in,padup.in,1,company_investor_relation|deal_investor_relation|investor_investment_relation
435831-58,Paipal Ventures,11276,Family Office,www.paipal.vc,paipal.vc,1,company_investor_relation|deal_investor_relation|investor_investment_relation
481616-65,Pajson Global Holding,11277,Corporation,www.pjsglobal.com,pjsglobal.com,1,company_investor_relation|deal_investor_relation|investor_investment_relation
434794-51,Palisades Goldcorp,11279,PE/Buyout,www.palisades.ca,palisades.ca,1,company_investor_relation|deal_investor_relation|investor_investment_relation
439390-99,Palm Tree Crew Investments,11280,Corporate Venture Capital,,,1,company_investor_relation|deal_investor_relation|investor_investment_relation
527767-30,Pan Crypto,11285,Accelerator/Incubator,pancryptolabs.com,pancryptolabs.com,1,company_investor_relation|deal_investor_relation|investor_investment_relation
226561-78,Pan-City Capital,11286,Venture Capital,,,1,company_investor_relation|deal_investor_relation|investor_investment_relation
56326-78,Panamax Capital,11287,Merchant Banking Firm,www.panamaxcapital.com,panamaxcapital.com,1,company_investor_relation|deal_investor_relation|investor_investment_relation
471822-04,Pangolin,11289,Corporation,www.pangolin.exchange,pangolin.exchange,1,company_investor_relation|deal_investor_relation|investor_investment_relation
483256-45,Panthera Peak Capital,11291,Venture Capital,panthera-peak.com,panthera-peak.com,1,company_investor_relation|deal_investor_relation|investor_investment_relation
168504-04,Pantronics Holdings,11292,Corporation,www.pantronicshk.com,pantronicshk.com,1,company_investor_relation|deal_investor_relation|investor_investment_relation
608413-60,Paperjet Ventures,11293,Venture Capital,www.paperjet.vc,paperjet.vc,1,company_investor_relation|deal_investor_relation|investor_investment_relation
149897-53,Parabolic Ventures,11294,Venture Capital,www.parabolicvc.com,parabolicvc.com,1,company_investor_relation|deal_investor_relation|investor_investment_relation
227990-26,Paradigm,11295,VC-Backed Company,www.paradigm.co,paradigm.co,1,company_investor_relation|deal_investor_relation|investor_investment_relation
512151-85,Paragraph,11300,Corporation,paragraph.com,paragraph.com,1,company_investor_relation|deal_investor_relation|investor_investment_relation
483086-98,Parallel (Entertainment Software),11301,VC-Backed Company,www.parallel.life,parallel.life,1,company_investor_relation|deal_investor_relation|investor_investment_relation
467826-49,Parallel (Financial Services),11302,VC-Backed Company,www.parallel.fi,parallel.fi,1,company_investor_relation|deal_investor_relation|investor_investment_relation
168434-83,Parallel Capital Partners,11303,Real Estate,www.parallelcapitalpartners.com,parallelcapitalpartners.com,1,company_investor_relation|deal_investor_relation|investor_investment_relation
532716-31,ParaVentures,11307,Venture Capital,www.paraventures.io,paraventures.io,1,company_investor_relation|deal_investor_relation|investor_investment_relation
57868-21,Pareto Ventures,11308,Venture Capital,www.pareto.vc,pareto.vc,1,company_investor_relation|deal_investor_relation|investor_investment_relation
644430-34,Parker Place,11315,Angel (individual),,,1,company_investor_relation|deal_investor_relation|investor_investment_relation
265109-59,ParkSouth Ventures,11316,PE/Buyout,www.parksouthventures.com,parksouthventures.com,1,company_investor_relation|deal_investor_relation|investor_investment_relation
501480-28,Paros Consulting,11317,Corporation,,,1,company_investor_relation|deal_investor_relation|investor_investment_relation
608778-28,Parrogate,11318,Corporation,www.parrogate.com,parrogate.com,1,company_investor_relation|deal_investor_relation|investor_investment_relation
625924-09,Parth Chaturvedi,11320,Angel (individual),,,1,company_investor_relation|deal_investor_relation|investor_investment_relation
52346-80,Partners for Growth,11322,Lender/Debt Provider,www.pfgrowth.com,pfgrowth.com,1,company_investor_relation|deal_investor_relation|investor_investment_relation
588674-53,Partouche Multiverse,11324,Corporation,,,1,company_investor_relation|deal_investor_relation|investor_investment_relation
234659-44,Path (Network Management Software),11331,Corporation,www.path.net,path.net,1,company_investor_relation|deal_investor_relation|investor_investment_relation
503937-10,Paul Amess,11340,Angel (individual),,,1,company_investor_relation|deal_investor_relation|investor_investment_relation
503936-56,Paul Schmitzer,11348,Angel (individual),,,1,company_investor_relation|deal_investor_relation|investor_investment_relation
148778-47,Paul Thompson,11349,Angel (individual),,,1,company_investor_relation|deal_investor_relation|investor_investment_relation
588942-73,Paula Pettit,11351,Angel (individual),,,1,company_investor_relation|deal_investor_relation|investor_investment_relation
489739-60,Pavel Bains,11353,Angel (individual),,,1,company_investor_relation|deal_investor_relation|investor_investment_relation
756591-04,Pavel Pavlov,11356,Angel (individual),,,1,company_investor_relation|deal_investor_relation|investor_investment_relation
518132-08,Paweł Łaskarzewski,11358,Angel (individual),,,1,company_investor_relation|deal_investor_relation|investor_investment_relation
600901-93,Payson Lee Private Foundation,11364,Venture Capital,,,1,company_investor_relation|deal_investor_relation|investor_investment_relation
343305-55,PE&HR,11365,Venture Capital,www.pehr.jp,pehr.jp,1,company_investor_relation|deal_investor_relation|investor_investment_relation
59181-22,Peak Capital Partners,11366,Real Estate,www.peakcapitalpartners.com,peakcapitalpartners.com,1,company_investor_relation|deal_investor_relation|investor_investment_relation
600247-81,Peden Holdings,11372,Corporation,,,1,company_investor_relation|deal_investor_relation|investor_investment_relation
266428-09,Pedram Amini,11373,Angel (individual),,,1,company_investor_relation|deal_investor_relation|investor_investment_relation
635816-98,Pegatron Venture Capital,11375,Corporate Venture Capital,,,1,company_investor_relation|deal_investor_relation|investor_investment_relation
593450-74,Penrose Ventures,11381,Venture Capital,,,1,company_investor_relation|deal_investor_relation|investor_investment_relation
962064-64,Penteract Capital Partners,11383,Venture Capital,www.penteract.capital,penteract.capital,1,company_investor_relation|deal_investor_relation|investor_investment_relation
519595-75,Penu Investments,11385,PE/Buyout,,,1,company_investor_relation|deal_investor_relation|investor_investment_relation
167161-33,Pepiniere 27,11386,Accelerator/Incubator,www.pepiniere27.fr,pepiniere27.fr,1,company_investor_relation|deal_investor_relation|investor_investment_relation
66119-86,Pepper (Overland Park),11387,VC-Backed Company,www.pepper.me,pepper.me,1,company_investor_relation|deal_investor_relation|investor_investment_relation
518830-75,Pepper Global,11388,Corporation,www.pepper-global.com,pepper-global.com,1,company_investor_relation|deal_investor_relation|investor_investment_relation
471640-96,Pera Labs (Financial Services),11389,Corporation,pera.finance,pera.finance,1,company_investor_relation|deal_investor_relation|investor_investment_relation
866110-06,Perceptron Network,11390,Corporation,www.perceptrons.xyz,perceptrons.xyz,1,company_investor_relation|deal_investor_relation|investor_investment_relation
59060-80,Perion Network,11392,Corporation,www.perion.com,perion.com,1,company_investor_relation|deal_investor_relation|investor_investment_relation
56415-52,Permanens Capital,11395,Hedge Fund,www.permcap.com,permcap.com,1,company_investor_relation|deal_investor_relation|investor_investment_relation
552597-67,Perry Randall,11397,Angel (individual),,,1,company_investor_relation|deal_investor_relation|investor_investment_relation
94090-15,Persistence Partners,11399,Venture Capital,www.persistencepartners.com,persistencepartners.com,1,company_investor_relation|deal_investor_relation|investor_investment_relation
592671-43,Peter Huo,11403,Angel (individual),,,1,company_investor_relation|deal_investor_relation|investor_investment_relation
499895-47,Petri Nevalainen,11408,Angel (individual),,,1,company_investor_relation|deal_investor_relation|investor_investment_relation
170208-82,PFR Ventures,11412,Limited Partner,www.pfrventures.pl,pfrventures.pl,1,company_investor_relation|deal_investor_relation|investor_investment_relation
54517-69,PG Ventures,11414,Venture Capital,,,1,company_investor_relation|deal_investor_relation|investor_investment_relation
222093-91,PGA Fund,11415,Venture Capital,,,1,company_investor_relation|deal_investor_relation|investor_investment_relation
469982-17,Phantom,11417,VC-Backed Company,www.phantom.com,phantom.com,1,company_investor_relation|deal_investor_relation|investor_investment_relation
149897-80,PHD Ventures,11418,Venture Capital,,,1,company_investor_relation|deal_investor_relation|investor_investment_relation
439238-08,Phil Daian,11422,Angel (individual),,,1,company_investor_relation|deal_investor_relation|investor_investment_relation
469282-60,Philip Mansell,11427,Angel (individual),,,1,company_investor_relation|deal_investor_relation|investor_investment_relation
501469-12,Philip Stehlik,11428,Angel (individual),,,1,company_investor_relation|deal_investor_relation|investor_investment_relation
498562-93,Philipp Zentner,11431,Angel (individual),,,1,company_investor_relation|deal_investor_relation|investor_investment_relation
517329-73,Philippe Thegner,11432,Angel (individual),,,1,company_investor_relation|deal_investor_relation|investor_investment_relation
644426-11,Phillip Lord,11433,Angel (individual),,,1,company_investor_relation|deal_investor_relation|investor_investment_relation
62803-72,Phoenix Group Capital Markets,11437,PE/Buyout,,,1,company_investor_relation|deal_investor_relation|investor_investment_relation
529609-24,Pierre Laurent,11445,Angel (individual),,,1,company_investor_relation|deal_investor_relation|investor_investment_relation
468984-79,Pietro Invernizzi,11447,Angel (individual),,,1,company_investor_relation|deal_investor_relation|investor_investment_relation
522044-65,Piha Equities,11448,Venture Capital,,,1,company_investor_relation|deal_investor_relation|investor_investment_relation
498271-69,Pilgrim Crypto Ventures,11449,Venture Capital,,,1,company_investor_relation|deal_investor_relation|investor_investment_relation
482408-20,Pim Witte,11451,Angel (individual),,,1,company_investor_relation|deal_investor_relation|investor_investment_relation
525621-16,Pinewood Capital,11452,Venture Capital,,,1,company_investor_relation|deal_investor_relation|investor_investment_relation
507284-20,Ping Cheng,11453,Angel (individual),,,1,company_investor_relation|deal_investor_relation|investor_investment_relation
11272-42,Pinnacle Ventures,11455,Venture Capital,pinnacleventures.com,pinnacleventures.com,1,company_investor_relation|deal_investor_relation|investor_investment_relation
490811-95,Pinnacle Ventures India,11456,Venture Capital,,,1,company_investor_relation|deal_investor_relation|investor_investment_relation
227148-22,Pioneer Angel,11458,Venture Capital,www.acjsq.cn,acjsq.cn,1,company_investor_relation|deal_investor_relation|investor_investment_relation
791810-11,PioneerCrest Ventures,11460,Venture Capital,www.pioneercrestcap.com,pioneercrestcap.com,1,company_investor_relation|deal_investor_relation|investor_investment_relation
267676-48,Pivot (Stockholm),11466,PE/Buyout,www.pivot.se,pivot.se,1,company_investor_relation|deal_investor_relation|investor_investment_relation
484272-55,PixelVault,11470,Other,,,1,company_investor_relation|deal_investor_relation|investor_investment_relation
491064-85,Planet N Investments,11477,Venture Capital,,,1,company_investor_relation|deal_investor_relation|investor_investment_relation
481714-84,Planet Sandbox,11478,VC-Backed Company,planetsandbox.io,planetsandbox.io,1,company_investor_relation|deal_investor_relation|investor_investment_relation
134178-40,Platanus Ventures,11480,Accelerator/Incubator,platan.us,platan.us,1,company_investor_relation|deal_investor_relation|investor_investment_relation
231441-49,PlaTCOM Ventures,11481,Other,platcomventures.com,platcomventures.com,1,company_investor_relation|deal_investor_relation|investor_investment_relation
494283-16,Platform XIT,11482,Venture Capital,platformxit.com,platformxit.com,1,company_investor_relation|deal_investor_relation|investor_investment_relation
436069-90,Platinum Engineering,11483,Corporation,platinum.fund,platinum.fund,1,company_investor_relation|deal_investor_relation|investor_investment_relation
491731-03,Play The Game Agency,11484,Corporation,www.playthegame.agency,playthegame.agency,1,company_investor_relation|deal_investor_relation|investor_investment_relation
155681-47,PlayGram,11485,Corporation,www.playgram.co.kr,playgram.co.kr,1,company_investor_relation|deal_investor_relation|investor_investment_relation
509361-22,Playground Labs,11486,Corporation,playgroundlabs.io,playgroundlabs.io,1,company_investor_relation|deal_investor_relation|investor_investment_relation
495592-75,PlayNity,11488,VC-Backed Company,www.playnity.io,playnity.io,1,company_investor_relation|deal_investor_relation|investor_investment_relation
521154-28,Pleasure Network,11491,Corporation,,,1,company_investor_relation|deal_investor_relation|investor_investment_relation
439807-42,PlotX,11496,VC-Backed Company,plotx.io,plotx.io,1,company_investor_relation|deal_investor_relation|investor_investment_relation
522104-86,Pluto 11.11,11499,Corporation,,,1,company_investor_relation|deal_investor_relation|investor_investment_relation
483590-44,Plutus Investment Group,11502,Family Office,www.plutus-investment.com,plutus-investment.com,1,company_investor_relation|deal_investor_relation|investor_investment_relation
731609-38,PMT Capital,11503,Venture Capital,,,1,company_investor_relation|deal_investor_relation|investor_investment_relation
495910-81,PNB Holdings,11505,Venture Capital,www.pnbholdings.com,pnbholdings.com,1,company_investor_relation|deal_investor_relation|investor_investment_relation
482209-84,POAP,11506,VC-Backed Company,www.poap.xyz,poap.xyz,1,company_investor_relation|deal_investor_relation|investor_investment_relation
846525-34,Polar Polar,11508,Angel (individual),,,1,company_investor_relation|deal_investor_relation|investor_investment_relation
11274-22,Polaris Partners,11511,Venture Capital,www.polarispartners.com,polarispartners.com,1,company_investor_relation|deal_investor_relation|investor_investment_relation
107570-80,Pole To Win,11512,Corporation,www.ptw.inc,ptw.inc,1,company_investor_relation|deal_investor_relation|investor_investment_relation
502732-90,polkaex,11517,Venture Capital,,,1,company_investor_relation|deal_investor_relation|investor_investment_relation
528804-19,Polkagamefi Launchpad,11518,Venture Capital,,,1,company_investor_relation|deal_investor_relation|investor_investment_relation
528804-01,Polkamonster Ventures,11519,Venture Capital,,,1,company_investor_relation|deal_investor_relation|investor_investment_relation
466844-68,PolkaWar,11520,Corporation,www.polkawar.com,polkawar.com,1,company_investor_relation|deal_investor_relation|investor_investment_relation
501389-65,Pollinate Group Ltd,11521,Corporation,www.pollinategroup.org,pollinategroup.org,1,company_investor_relation|deal_investor_relation|investor_investment_relation
66112-03,Polsky Center for Entrepreneurship and Innovation at the University of Chicago,11522,Accelerator/Incubator,polsky.uchicago.edu,polsky.uchicago.edu,1,company_investor_relation|deal_investor_relation|investor_investment_relation
498272-23,Polycoin Digital Fund,11523,Venture Capital,,,1,company_investor_relation|deal_investor_relation|investor_investment_relation
462964-51,Polyient,11525,Venture Capital,www.polyient.io,polyient.io,1,company_investor_relation|deal_investor_relation|investor_investment_relation
434513-62,Polymath Capital Partners,11526,Venture Capital,www.polymathcp.com,polymathcp.com,1,company_investor_relation|deal_investor_relation|investor_investment_relation
431286-85,PolyX,11531,Corporation,www.polyx.net,polyx.net,1,company_investor_relation|deal_investor_relation|investor_investment_relation
455156-11,Pomp (Business/Productivity Software),11532,Corporation,,,1,company_investor_relation|deal_investor_relation|investor_investment_relation
501466-87,Poolpi Poolpi,11535,Angel (individual),,,1,company_investor_relation|deal_investor_relation|investor_investment_relation
462179-89,Pop Culture Group,11536,Corporation,www.cpop.cn,cpop.cn,1,company_investor_relation|deal_investor_relation|investor_investment_relation
562667-32,Popfield,11538,Corporation,www.popfieldam.com,popfieldam.com,1,company_investor_relation|deal_investor_relation|investor_investment_relation
229840-93,Poramin Insom,11539,Angel (individual),,,1,company_investor_relation|deal_investor_relation|investor_investment_relation
58046-32,Portugal Ventures,11545,Venture Capital,www.portugalventures.pt,portugalventures.pt,1,company_investor_relation|deal_investor_relation|investor_investment_relation
502914-25,Poseidon Games,11546,Other,,,1,company_investor_relation|deal_investor_relation|investor_investment_relation
234691-57,Poseidon Hill Capital,11547,Asset Manager,www.phcapital.hk,phcapital.hk,1,company_investor_relation|deal_investor_relation|investor_investment_relation
489538-54,Position Ventures,11548,Venture Capital,www.positionventures.com,positionventures.com,1,company_investor_relation|deal_investor_relation|investor_investment_relation
294474-61,Possibilian Ventures,11549,Venture Capital,www.possibilian.xyz,possibilian.xyz,1,company_investor_relation|deal_investor_relation|investor_investment_relation
493607-35,Power Cloud,11551,Corporation,www.gxclouds.cn,gxclouds.cn,1,company_investor_relation|deal_investor_relation|investor_investment_relation
97264-27,Pragma Investments,11556,Real Estate,www.pragmainvestments.com,pragmainvestments.com,1,company_investor_relation|deal_investor_relation|investor_investment_relation
484540-75,Pranay Sanghavi,11557,Angel (individual),,,1,company_investor_relation|deal_investor_relation|investor_investment_relation
490252-60,Prashan Agarwal,11558,Angel (individual),,,1,company_investor_relation|deal_investor_relation|investor_investment_relation
496678-24,Prashant Maurya,11559,Angel (individual),,,1,company_investor_relation|deal_investor_relation|investor_investment_relation
489294-01,Prashant Pitti,11561,Angel (individual),,,1,company_investor_relation|deal_investor_relation|investor_investment_relation
179278-93,Pravega Ventures,11567,Venture Capital,www.pravegavc.com,pravegavc.com,1,company_investor_relation|deal_investor_relation|investor_investment_relation
152970-94,Praxis (New York),11568,Accelerator/Incubator,www.praxislabs.org,praxislabs.org,1,company_investor_relation|deal_investor_relation|investor_investment_relation
631424-17,PrecisionEdge Capital,11571,Venture Capital,precisionedgecapital.com,precisionedgecapital.com,1,company_investor_relation|deal_investor_relation|investor_investment_relation
597598-39,Prep4Seed,11574,Accelerator/Incubator,www.irishbics.ie,irishbics.ie,1,company_investor_relation|deal_investor_relation|investor_investment_relation
544787-02,Pres10 Ventures,11575,Angel (individual),www.pres10ventures.com,pres10ventures.com,1,company_investor_relation|deal_investor_relation|investor_investment_relation
519618-79,PrimaInvest Capital Management,11580,Family Office,www.primainvest.ro,primainvest.ro,1,company_investor_relation|deal_investor_relation|investor_investment_relation
149898-07,Primal Capital (Japan),11582,Venture Capital,www.primalcap.com,primalcap.com,1,company_investor_relation|deal_investor_relation|investor_investment_relation
493214-32,Prime Block Capital,11587,Other,www.primeblockcapital.com,primeblockcapital.com,1,company_investor_relation|deal_investor_relation|investor_investment_relation
494136-73,PrimeBlock,11591,Corporation,primeblock.com,primeblock.com,1,company_investor_relation|deal_investor_relation|investor_investment_relation
277361-47,PrimeStreet Group,11592,Corporation,www.primestreetgroup.com,primestreetgroup.com,1,company_investor_relation|deal_investor_relation|investor_investment_relation
491224-78,Primo Consulting,11593,Corporation,,,1,company_investor_relation|deal_investor_relation|investor_investment_relation
494717-05,principal strategic,11596,Venture Capital,,,1,company_investor_relation|deal_investor_relation|investor_investment_relation
108113-14,Professional,11605,Corporation,,,1,company_investor_relation|deal_investor_relation|investor_investment_relation
513165-25,Profitus Fund,11606,Venture Capital,,,1,company_investor_relation|deal_investor_relation|investor_investment_relation
438875-74,Proof Capital,11610,PE/Buyout,www.proofcapital.ca,proofcapital.ca,1,company_investor_relation|deal_investor_relation|investor_investment_relation
156743-20,Propeller Capital,11612,Venture Capital,www.propellerventures.com.au,propellerventures.com.au,1,company_investor_relation|deal_investor_relation|investor_investment_relation
327232-54,Prosegur Tech Ventures,11618,Corporate Venture Capital,,,1,company_investor_relation|deal_investor_relation|investor_investment_relation
322626-07,proteum,11622,Other,proteum.io,proteum.io,1,company_investor_relation|deal_investor_relation|investor_investment_relation
50893-84,Pruksa Holding,11628,Holding Company,www.psh.co.th,psh.co.th,1,company_investor_relation|deal_investor_relation|investor_investment_relation
501461-74,Prycto,11629,VC-Backed Company,www.prycto.com,prycto.com,1,company_investor_relation|deal_investor_relation|investor_investment_relation
507171-61,Psalms Capital,11630,Corporation,www.psalmscapital.com,psalmscapital.com,1,company_investor_relation|deal_investor_relation|investor_investment_relation
531108-10,PSE Trading,11631,Venture Capital,,,1,company_investor_relation|deal_investor_relation|investor_investment_relation
483937-84,PSP Soteria Ventures,11633,Venture Capital,,,1,company_investor_relation|deal_investor_relation|investor_investment_relation
266184-46,PTK Investments,11636,Family Office,www.ptkglobal.com,ptkglobal.com,1,company_investor_relation|deal_investor_relation|investor_investment_relation
433618-84,Public Trust Capital,11637,Venture Capital,www.ptglobal.com.cn,ptglobal.com.cn,1,company_investor_relation|deal_investor_relation|investor_investment_relation
463430-53,Punta Perfecta,11640,Corporation,www.puntaperfecta.com,puntaperfecta.com,1,company_investor_relation|deal_investor_relation|investor_investment_relation
496604-26,Pure Ventures,11641,Venture Capital,pureventuresvc.com,pureventuresvc.com,1,company_investor_relation|deal_investor_relation|investor_investment_relation
608828-41,Puroton,11642,VC-Backed Company,www.puroton.com.cn,puroton.com.cn,1,company_investor_relation|deal_investor_relation|investor_investment_relation
501743-62,Purple (Paris),11643,Venture Capital,www.purple-k.io,purple-k.io,1,company_investor_relation|deal_investor_relation|investor_investment_relation
470505-07,Pyth Network,11649,VC-Backed Company,pyth.network,pyth.network,1,company_investor_relation|deal_investor_relation|investor_investment_relation
443018-62,Qatar FinTech Hub Wave,11653,Accelerator/Incubator,,,1,company_investor_relation|deal_investor_relation|investor_investment_relation
277898-32,QBN Capital,11656,Venture Capital,qbncapital.com,qbncapital.com,1,company_investor_relation|deal_investor_relation|investor_investment_relation
589258-81,qonvolv Ventures,11662,Venture Capital,www.qonvolv.ventures,qonvolv.ventures,1,company_investor_relation|deal_investor_relation|investor_investment_relation
222342-13,QST Capital,11664,Hedge Fund,www.qstcapital.com,qstcapital.com,1,company_investor_relation|deal_investor_relation|investor_investment_relation
433917-73,Qu Ventures Investment Group,11665,Venture Capital,www.quventures.com,quventures.com,1,company_investor_relation|deal_investor_relation|investor_investment_relation
489690-55,Quadhorn Guild,11666,Venture Capital,,,1,company_investor_relation|deal_investor_relation|investor_investment_relation
490967-83,Quadrant Law LLC,11667,Venture Capital,,,1,company_investor_relation|deal_investor_relation|investor_investment_relation
222736-51,Quadrat Capital,11668,Venture Capital,www.quadrat-capital.com,quadrat-capital.com,1,company_investor_relation|deal_investor_relation|investor_investment_relation
11279-53,Quan Funds,11674,Venture Capital,www.quanfunds.com,quanfunds.com,1,company_investor_relation|deal_investor_relation|investor_investment_relation
472217-23,Quantum Fintech Group,11679,Hedge Fund,www.quantumftg.com,quantumftg.com,1,company_investor_relation|deal_investor_relation|investor_investment_relation
491814-91,QUDAX LLC,11686,Venture Capital,,,1,company_investor_relation|deal_investor_relation|investor_investment_relation
51256-90,Queen City Angels,11687,Angel Group,www.qca.com,qca.com,1,company_investor_relation|deal_investor_relation|investor_investment_relation
493657-66,Quentin Vanoekel,11689,Angel (individual),,,1,company_investor_relation|deal_investor_relation|investor_investment_relation
442509-76,QuestBook,11691,VC-Backed Company,www.questbook.app,questbook.app,1,company_investor_relation|deal_investor_relation|investor_investment_relation
510098-59,QuVentures,11703,Venture Capital,,,1,company_investor_relation|deal_investor_relation|investor_investment_relation
459926-83,R-Squared Ventures,11707,Venture Capital,www.r2vc.com,r2vc.com,1,company_investor_relation|deal_investor_relation|investor_investment_relation
597542-50,R1n,11708,Venture Capital,,,1,company_investor_relation|deal_investor_relation|investor_investment_relation
497573-29,R9C Ventures,11709,Venture Capital,,,1,company_investor_relation|deal_investor_relation|investor_investment_relation
491347-27,Rada Capital,11716,Venture Capital,www.radacap.com,radacap.com,1,company_investor_relation|deal_investor_relation|investor_investment_relation
519747-58,RADA Community,11717,Corporation,,,1,company_investor_relation|deal_investor_relation|investor_investment_relation
820777-06,Radar Ventures (Australia),11718,Venture Capital,radarventures.com,radarventures.com,1,company_investor_relation|deal_investor_relation|investor_investment_relation
454649-68,Rafael Sobral,11725,Angel (individual),,,1,company_investor_relation|deal_investor_relation|investor_investment_relation
160467-04,Raffles Capital,11726,Corporation,www.rafflescapital.com.au,rafflescapital.com.au,1,company_investor_relation|deal_investor_relation|investor_investment_relation
462675-52,RageFan,11727,VC-Backed Company,www.rage.fan,rage.fan,1,company_investor_relation|deal_investor_relation|investor_investment_relation
118435-78,Rahul Gupta,11730,Angel (individual),,,1,company_investor_relation|deal_investor_relation|investor_investment_relation
458419-60,Rahul Pagidipati,11731,Angel (individual),,,1,company_investor_relation|deal_investor_relation|investor_investment_relation
650327-32,Raijin Ventures,11732,Venture Capital,www.raijinventures.com,raijinventures.com,1,company_investor_relation|deal_investor_relation|investor_investment_relation
523325-26,Raja Ventures,11742,Venture Capital,rajahub.com.br,rajahub.com.br,1,company_investor_relation|deal_investor_relation|investor_investment_relation
327463-66,Rajesh Chelapurath,11746,Angel (individual),,,1,company_investor_relation|deal_investor_relation|investor_investment_relation
718223-32,Rajesh Puneyani,11748,Angel (individual),,,1,company_investor_relation|deal_investor_relation|investor_investment_relation
463338-19,Rajiv Bhat,11749,Angel (individual),,,1,company_investor_relation|deal_investor_relation|investor_investment_relation
471863-98,Rakesh Sakhamoori,11750,Angel (individual),,,1,company_investor_relation|deal_investor_relation|investor_investment_relation
544720-24,Ralf Glabischnig,11752,Angel (individual),,,1,company_investor_relation|deal_investor_relation|investor_investment_relation
489850-84,Rally (Florida),11754,Accelerator/Incubator,www.rallysea.com,rallysea.com,1,company_investor_relation|deal_investor_relation|investor_investment_relation
496596-61,Rameen Sheth,11756,Angel (individual),,,1,company_investor_relation|deal_investor_relation|investor_investment_relation
529573-15,Randy Chung,11764,Angel (individual),,,1,company_investor_relation|deal_investor_relation|investor_investment_relation
509366-98,ranker dad,11767,VC-Backed Company,,,1,company_investor_relation|deal_investor_relation|investor_investment_relation
489823-21,Rans Ventures,11768,Venture Capital,,,1,company_investor_relation|deal_investor_relation|investor_investment_relation
489353-68,Rarity Sniper,11774,Corporation,www.raritysniper.com,raritysniper.com,1,company_investor_relation|deal_investor_relation|investor_investment_relation
496766-80,Ratanakorn Asset,11775,Real Estate,www.ratanakornasset.com,ratanakornasset.com,1,company_investor_relation|deal_investor_relation|investor_investment_relation
483900-04,Ratio Finance,11777,VC-Backed Company,www.ratio.finance,ratio.finance,1,company_investor_relation|deal_investor_relation|investor_investment_relation
490164-22,Ravi Chiruvolu,11779,Angel (individual),,,1,company_investor_relation|deal_investor_relation|investor_investment_relation
454494-61,Ravish Naresh,11781,Angel (individual),,,1,company_investor_relation|deal_investor_relation|investor_investment_relation
533105-47,Ray Cao,11783,Angel (individual),,,1,company_investor_relation|deal_investor_relation|investor_investment_relation
466562-62,Raymond Wong,11785,Angel (individual),,,1,company_investor_relation|deal_investor_relation|investor_investment_relation
502765-03,Raza Beig,11787,Angel (individual),,,1,company_investor_relation|deal_investor_relation|investor_investment_relation
223486-66,Razor Capital,11788,Venture Capital,razorcap.co,razorcap.co,1,company_investor_relation|deal_investor_relation|investor_investment_relation
472428-64,RazrFi,11789,VC-Backed Company,www.razrfi.ai,razrfi.ai,1,company_investor_relation|deal_investor_relation|investor_investment_relation
496525-60,RBL Labs,11791,Corporation,,,1,company_investor_relation|deal_investor_relation|investor_investment_relation
465355-90,RBL Labs.,11792,VC-Backed Company,www.rbllabs.com,rbllabs.com,1,company_investor_relation|deal_investor_relation|investor_investment_relation
235252-99,RDI Partners,11795,Venture Capital,www.rdipartners.eu,rdipartners.eu,1,company_investor_relation|deal_investor_relation|investor_investment_relation
494180-74,RDK Group,11796,Real Estate,rdk.ae,rdk.ae,1,company_investor_relation|deal_investor_relation|investor_investment_relation
498404-53,Reazon Holdings,11801,Holding Company,www.reazon.jp,reazon.jp,1,company_investor_relation|deal_investor_relation|investor_investment_relation
523199-08,Reda Bouraoui,11806,Angel (individual),,,1,company_investor_relation|deal_investor_relation|investor_investment_relation
459538-39,Redbay Ventures,11807,Venture Capital,,,1,company_investor_relation|deal_investor_relation|investor_investment_relation
530839-18,Redbubble Apex Legends Crypto,11809,Venture Capital,,,1,company_investor_relation|deal_investor_relation|investor_investment_relation
467929-27,RedCave Ventures,11810,Venture Capital,,,1,company_investor_relation|deal_investor_relation|investor_investment_relation
469509-67,Redstart Labs,11815,Corporation,www.redstart.in,redstart.in,1,company_investor_relation|deal_investor_relation|investor_investment_relation
469890-64,RedStone (Baar),11816,VC-Backed Company,www.redstone.finance,redstone.finance,1,company_investor_relation|deal_investor_relation|investor_investment_relation
490139-38,Reed Quinn,11818,Angel (individual),,,1,company_investor_relation|deal_investor_relation|investor_investment_relation
88300-45,REEF Technology,11820,PE-Backed Company,www.reeftechnology.com,reeftechnology.com,1,company_investor_relation|deal_investor_relation|investor_investment_relation
468958-87,Reffo Invest,11822,PE/Buyout,www.reffoinvest.com,reffoinvest.com,1,company_investor_relation|deal_investor_relation|investor_investment_relation
599891-23,Refraction,11827,VC-Backed Company,www.refractionfestival.com,refractionfestival.com,1,company_investor_relation|deal_investor_relation|investor_investment_relation
183359-08,Remagine Ventures,11830,Venture Capital,www.remagineventures.com,remagineventures.com,1,company_investor_relation|deal_investor_relation|investor_investment_relation
721141-75,Renaud Giraud-Sa,11834,Angel (individual),,,1,company_investor_relation|deal_investor_relation|investor_investment_relation
532462-24,Renegade D,11836,Corporation,,,1,company_investor_relation|deal_investor_relation|investor_investment_relation
168720-31,Republic Capital (Millers Point),11839,Venture Capital,www.republic.capital,republic.capital,1,company_investor_relation|deal_investor_relation|investor_investment_relation
222767-56,Republic Finance,11841,Corporation,www.republicfinance.com,republicfinance.com,1,company_investor_relation|deal_investor_relation|investor_investment_relation
162698-77,Reshape Ventures,11844,Venture Capital,www.reshape.co,reshape.co,1,company_investor_relation|deal_investor_relation|investor_investment_relation
545967-28,Resolv (Financial Services),11846,VC-Backed Company,www.resolv.xyz,resolv.xyz,1,company_investor_relation|deal_investor_relation|investor_investment_relation
520635-07,Resonance VC,11847,Venture Capital,www.resonance.vc,resonance.vc,1,company_investor_relation|deal_investor_relation|investor_investment_relation
537552-64,Results.io,11850,Corporation,www.results.io,results.io,1,company_investor_relation|deal_investor_relation|investor_investment_relation
463338-64,Reuben Yap,11852,Angel (individual),,,1,company_investor_relation|deal_investor_relation|investor_investment_relation
106700-05,Revamp,11853,Growth/Expansion,www.revamp.co.jp,revamp.co.jp,1,company_investor_relation|deal_investor_relation|investor_investment_relation
686928-79,Rhino Stake,11864,Corporation,www.rhinostake.com,rhinostake.com,1,company_investor_relation|deal_investor_relation|investor_investment_relation
454650-13,Ricardo Dias,11868,Angel (individual),,,1,company_investor_relation|deal_investor_relation|investor_investment_relation
153087-67,Ricardo Schafer,11870,Angel (individual),,,1,company_investor_relation|deal_investor_relation|investor_investment_relation
596292-40,Rich Cabrera,11872,Angel (individual),,,1,company_investor_relation|deal_investor_relation|investor_investment_relation
454536-01,Richard Chan,11874,Angel (individual),,,1,company_investor_relation|deal_investor_relation|investor_investment_relation
123532-30,Richard Liu,11877,Angel (individual),,,1,company_investor_relation|deal_investor_relation|investor_investment_relation
436034-71,Richard Parsons,11878,Angel (individual),,,1,company_investor_relation|deal_investor_relation|investor_investment_relation
490281-04,Ricki Li,11888,Angel (individual),,,1,company_investor_relation|deal_investor_relation|investor_investment_relation
489777-76,Rio Uruguay Seguros,11895,Other,,,1,company_investor_relation|deal_investor_relation|investor_investment_relation
232316-47,Risco Energy,11897,Corporation,www.riscoenergy.com,riscoenergy.com,1,company_investor_relation|deal_investor_relation|investor_investment_relation
663843-43,RISE (Singapore),11898,Corporation,www.risechain.com,risechain.com,1,company_investor_relation|deal_investor_relation|investor_investment_relation
466963-93,Rise Capital (Canada),11899,Special Purpose Acquisition Company (SPAC),,,1,company_investor_relation|deal_investor_relation|investor_investment_relation
151503-13,RISE Conference,11900,Other,www.riseconf.com,riseconf.com,1,company_investor_relation|deal_investor_relation|investor_investment_relation
303036-22,Rising Stars Ventures,11901,Venture Capital,rapidrisingstars.com,rapidrisingstars.com,1,company_investor_relation|deal_investor_relation|investor_investment_relation
493529-95,Rising Tide Network,11903,Venture Capital,,,1,company_investor_relation|deal_investor_relation|investor_investment_relation
150701-59,Ritesh Malik,11904,Angel (individual),,,1,company_investor_relation|deal_investor_relation|investor_investment_relation
641638-72,RIV Capital (Luxembourg),11905,Asset Manager,www.riv-capital.com,riv-capital.com,1,company_investor_relation|deal_investor_relation|investor_investment_relation
552857-05,Riverside Hedge,11907,Corporation,www.rshedge.ch,rshedge.ch,1,company_investor_relation|deal_investor_relation|investor_investment_relation
528457-06,Riyad AD,11910,Angel (individual),,,1,company_investor_relation|deal_investor_relation|investor_investment_relation
502970-32,Rkkei,11912,Corporation,,,1,company_investor_relation|deal_investor_relation|investor_investment_relation
616483-18,RLR Investments,11913,Real Estate,www.rlrllc.com,rlrllc.com,1,company_investor_relation|deal_investor_relation|investor_investment_relation
491843-71,Roach Capital,11914,Venture Capital,www.roachcap.com,roachcap.com,1,company_investor_relation|deal_investor_relation|investor_investment_relation
148975-75,Robert Chew,11918,Angel (individual),,,1,company_investor_relation|deal_investor_relation|investor_investment_relation
496046-80,Robert Kovac,11920,Angel (individual),,,1,company_investor_relation|deal_investor_relation|investor_investment_relation
406360-00,Robert Marshall,11922,Corporation,marshallservice.com,marshallservice.com,1,company_investor_relation|deal_investor_relation|investor_investment_relation
178878-61,Robert Pardo,11924,Angel (individual),,,1,company_investor_relation|deal_investor_relation|investor_investment_relation
494724-88,Robert Rudman,11926,Angel (individual),,,1,company_investor_relation|deal_investor_relation|investor_investment_relation
502754-77,Robert Witoff,11929,Angel (individual),,,1,company_investor_relation|deal_investor_relation|investor_investment_relation
471514-33,Robin Becker,11931,Angel (individual),,,1,company_investor_relation|deal_investor_relation|investor_investment_relation
466645-51,Robotics Ventures,11935,Venture Capital,www.roboticsventures.de,roboticsventures.de,1,company_investor_relation|deal_investor_relation|investor_investment_relation
94978-27,RocaSalvatella,11937,Corporation,www.rocasalvatella.com,rocasalvatella.com,1,company_investor_relation|deal_investor_relation|investor_investment_relation
268720-57,RockStable Token,11942,Corporation,www.rockstable.io,rockstable.io,1,company_investor_relation|deal_investor_relation|investor_investment_relation
608725-63,Rocky Holding,11944,Asset Manager,www.rockyholding.ch,rockyholding.ch,1,company_investor_relation|deal_investor_relation|investor_investment_relation
234548-92,Rodrigo de la Peña,11948,Angel (individual),,,1,company_investor_relation|deal_investor_relation|investor_investment_relation
519533-29,Roland Rudd,11959,Angel (individual),,,1,company_investor_relation|deal_investor_relation|investor_investment_relation
846558-64,Roman Ustymenko,11961,Angel (individual),,,1,company_investor_relation|deal_investor_relation|investor_investment_relation
453533-41,Ron Stolero,11964,Angel (individual),,,1,company_investor_relation|deal_investor_relation|investor_investment_relation
465310-99,Ronald Yu,11965,Angel (individual),,,1,company_investor_relation|deal_investor_relation|investor_investment_relation
484093-18,Ronny Roehrig,11967,Angel (individual),,,1,company_investor_relation|deal_investor_relation|investor_investment_relation
490297-33,Ronny Shibley,11968,Angel (individual),,,1,company_investor_relation|deal_investor_relation|investor_investment_relation
1168807-96,Rootstock.,11971,Corporation,,,1,company_investor_relation|deal_investor_relation|investor_investment_relation
471503-98,Ross Lipson,11975,Angel (individual),,,1,company_investor_relation|deal_investor_relation|investor_investment_relation
512166-70,Round Ventures,11978,Venture Capital,roundvc.com,roundvc.com,1,company_investor_relation|deal_investor_relation|investor_investment_relation
340961-41,Rovida Advisors (UK),11979,Corporation,,,1,company_investor_relation|deal_investor_relation|investor_investment_relation
287974-90,Roy Li,11983,Angel (individual),,,1,company_investor_relation|deal_investor_relation|investor_investment_relation
230874-94,Royesh Lotus Venture Capital,11984,Venture Capital,www.royeshvcfund.ir,royeshvcfund.ir,1,company_investor_relation|deal_investor_relation|investor_investment_relation
438856-93,Rsquared,11986,Venture Capital,rsquaredvc.com,rsquaredvc.com,1,company_investor_relation|deal_investor_relation|investor_investment_relation
483736-69,Rubic,11989,Venture Capital,,,1,company_investor_relation|deal_investor_relation|investor_investment_relation
530783-65,Rubylight Ventures,11990,Venture Capital,,,1,company_investor_relation|deal_investor_relation|investor_investment_relation
490157-02,Rudy Gobert-Bourgarel,11991,Angel (individual),,,1,company_investor_relation|deal_investor_relation|investor_investment_relation
552597-49,Rueben Brama,11992,Angel (individual),,,1,company_investor_relation|deal_investor_relation|investor_investment_relation
542241-10,Rug Radio,11994,Corporation,www.rug.fm,rug.fm,1,company_investor_relation|deal_investor_relation|investor_investment_relation
86502-61,Runway Startup Postdoc,11997,Accelerator/Incubator,,,1,company_investor_relation|deal_investor_relation|investor_investment_relation
115410-61,Ryan Bethencourt,12007,Angel (individual),,,1,company_investor_relation|deal_investor_relation|investor_investment_relation
846533-62,Ryan Harrington,12010,Angel (individual),,,1,company_investor_relation|deal_investor_relation|investor_investment_relation
434778-76,Ryan Harwood,12011,Angel (individual),,,1,company_investor_relation|deal_investor_relation|investor_investment_relation
503018-83,Ryan Rodenbaugh,12016,Angel (individual),,,1,company_investor_relation|deal_investor_relation|investor_investment_relation
484582-06,Ryan Wallace,12021,Angel (individual),,,1,company_investor_relation|deal_investor_relation|investor_investment_relation
153602-11,S.M. Entertainment Company,12024,PE-Backed Company,www.smentertainment.com,smentertainment.com,1,company_investor_relation|deal_investor_relation|investor_investment_relation
483906-70,s6k Finance,12025,VC-Backed Company,www.s6k.finance,s6k.finance,1,company_investor_relation|deal_investor_relation|investor_investment_relation
265480-48,SAAM Development,12027,Corporation,saam.co.th,saam.co.th,1,company_investor_relation|deal_investor_relation|investor_investment_relation
572404-51,SABAH.HUB,12030,Accelerator/Incubator,www.sabahhub.com,sabahhub.com,1,company_investor_relation|deal_investor_relation|investor_investment_relation
459490-87,Sabrina Hahn,12031,Angel (individual),www.sabrinahahn.com,sabrinahahn.com,1,company_investor_relation|deal_investor_relation|investor_investment_relation
129227-68,Sabvest,12032,PE/Buyout,www.sabvestcapital.com,sabvestcapital.com,1,company_investor_relation|deal_investor_relation|investor_investment_relation
51662-71,Sacramento Angels,12034,Angel Group,www.sacangels.com,sacangels.com,1,company_investor_relation|deal_investor_relation|investor_investment_relation
132652-99,Sadita Holding,12037,Holding Company,www.sadita.net,sadita.net,1,company_investor_relation|deal_investor_relation|investor_investment_relation
181458-37,Sahil Jain,12045,Angel (individual),,,1,company_investor_relation|deal_investor_relation|investor_investment_relation
503053-84,Saigontradecoin,12048,Corporation,www.saigontradecoin.com,saigontradecoin.com,1,company_investor_relation|deal_investor_relation|investor_investment_relation
503432-29,Saint International,12050,Venture Capital,,,1,company_investor_relation|deal_investor_relation|investor_investment_relation
150605-56,Saison Ventures,12051,Corporate Venture Capital,,,1,company_investor_relation|deal_investor_relation|investor_investment_relation
111720-70,Sajid Rahman,12052,Angel (individual),sajidrahman.com,sajidrahman.com,1,company_investor_relation|deal_investor_relation|investor_investment_relation
543770-47,Sakura United Platform,12053,Corporation,www.sakura-sup.com,sakura-sup.com,1,company_investor_relation|deal_investor_relation|investor_investment_relation
106291-36,Salil Deshpande,12056,Angel (individual),,,1,company_investor_relation|deal_investor_relation|investor_investment_relation
106232-95,Sam Liu,12066,Angel (individual),www.paleobreadrecipe.com,paleobreadrecipe.com,1,company_investor_relation|deal_investor_relation|investor_investment_relation
496525-51,Sam Ong,12068,Angel (individual),,,1,company_investor_relation|deal_investor_relation|investor_investment_relation
537674-41,Sam Yap,12071,Angel (individual),,,1,company_investor_relation|deal_investor_relation|investor_investment_relation
515285-02,Sameer Patel,12075,Angel (individual),,,1,company_investor_relation|deal_investor_relation|investor_investment_relation
496525-15,Sami Chlagou,12076,Angel (individual),,,1,company_investor_relation|deal_investor_relation|investor_investment_relation
484890-13,Sami Rusani,12078,Angel (individual),,,1,company_investor_relation|deal_investor_relation|investor_investment_relation
56147-32,Samos Investments,12082,Venture Capital,samos.vc,samos.vc,1,company_investor_relation|deal_investor_relation|investor_investment_relation
338653-09,San Francisco Venture Capital Fund,12092,Venture Capital,www.sanfran.fund,sanfran.fund,1,company_investor_relation|deal_investor_relation|investor_investment_relation
510684-13,Sanabil 500 MENA Seed Accelerator,12093,Accelerator/Incubator,,,1,company_investor_relation|deal_investor_relation|investor_investment_relation
534892-42,Sandbox (Dubai),12097,Accelerator/Incubator,sandboxaccelerator.com,sandboxaccelerator.com,1,company_investor_relation|deal_investor_relation|investor_investment_relation
601665-31,Sandstorm,12102,Hedge Fund,www.sandstorminnov.com,sandstorminnov.com,1,company_investor_relation|deal_investor_relation|investor_investment_relation
431326-54,Sandy Thomas,12103,Angel (individual),,,1,company_investor_relation|deal_investor_relation|investor_investment_relation
535960-45,Saneel Srini,12105,Angel (individual),,,1,company_investor_relation|deal_investor_relation|investor_investment_relation
718223-05,Sanjay Manchanda,12107,Angel (individual),,,1,company_investor_relation|deal_investor_relation|investor_investment_relation
229614-31,Sankonline,12109,Corporate Venture Capital,www.sankonline.com,sankonline.com,1,company_investor_relation|deal_investor_relation|investor_investment_relation
11303-92,Santa Barbara Technology Ventures.,12110,Venture Capital,www.sbtechventures.com,sbtechventures.com,1,company_investor_relation|deal_investor_relation|investor_investment_relation
110827-63,Santiago Fernandez,12111,Angel (individual),,,1,company_investor_relation|deal_investor_relation|investor_investment_relation
482476-69,Santigo Santos,12113,Angel (individual),,,1,company_investor_relation|deal_investor_relation|investor_investment_relation
119810-17,Sapien Ventures,12115,Corporate Venture Capital,www.sapienventures.vc,sapienventures.vc,1,company_investor_relation|deal_investor_relation|investor_investment_relation
544720-78,Saqr Ereiqat,12116,Angel (individual),,,1,company_investor_relation|deal_investor_relation|investor_investment_relation
494726-41,Sarah Lynn,12119,Angel (individual),,,1,company_investor_relation|deal_investor_relation|investor_investment_relation
495933-13,SARAI CAPITAL,12120,Venture Capital,,,1,company_investor_relation|deal_investor_relation|investor_investment_relation
42713-56,Sarona Asset Management,12121,Growth/Expansion,www.saronafund.com,saronafund.com,1,company_investor_relation|deal_investor_relation|investor_investment_relation
471173-41,Sascha Wagner,12124,Angel (individual),,,1,company_investor_relation|deal_investor_relation|investor_investment_relation
434538-91,Satoshi Capital Advisors,12127,Asset Manager,www.satoshi.capital,satoshi.capital,1,company_investor_relation|deal_investor_relation|investor_investment_relation
530505-73,Satoshiseed Capital,12129,Venture Capital,,,1,company_investor_relation|deal_investor_relation|investor_investment_relation
89319-52,Saudi Telecom Company,12131,Corporation,www.stc.com.sa,stc.com.sa,1,company_investor_relation|deal_investor_relation|investor_investment_relation
55121-14,Savannah Fund,12133,Venture Capital,www.savannah.vc,savannah.vc,1,company_investor_relation|deal_investor_relation|investor_investment_relation
439365-88,Savneet Singh,12134,Angel (individual),,,1,company_investor_relation|deal_investor_relation|investor_investment_relation
454941-10,Savva Kerdemeledics,12135,Angel (individual),,,1,company_investor_relation|deal_investor_relation|investor_investment_relation
616470-04,Sawa (Corporation),12137,Corporation,,,1,company_investor_relation|deal_investor_relation|investor_investment_relation
510663-88,Sawada Investment,12138,Venture Capital,sawada-investment.co.jp,sawada-investment.co.jp,1,company_investor_relation|deal_investor_relation|investor_investment_relation
608885-11,Sawit Trisirisatayawong,12139,Angel (individual),,,1,company_investor_relation|deal_investor_relation|investor_investment_relation
54627-94,SBI Securities,12142,Corporation,www.sbisec.co.jp,sbisec.co.jp,1,company_investor_relation|deal_investor_relation|investor_investment_relation
125143-57,Scalable Capital,12144,VC-Backed Company,www.scalable.capital,scalable.capital,1,company_investor_relation|deal_investor_relation|investor_investment_relation
499894-75,Scaleout (VC Firm),12146,Venture Capital,,,1,company_investor_relation|deal_investor_relation|investor_investment_relation
552110-77,ScalingX,12147,Venture Capital,scalingx.xyz,scalingx.xyz,1,company_investor_relation|deal_investor_relation|investor_investment_relation
544857-04,Scanate,12148,Venture Capital,www.scanate.co,scanate.co,1,company_investor_relation|deal_investor_relation|investor_investment_relation
438793-12,Science Bank Capital,12153,Venture Capital,,,1,company_investor_relation|deal_investor_relation|investor_investment_relation
111341-98,Scott Dudelson,12157,Angel (individual),,,1,company_investor_relation|deal_investor_relation|investor_investment_relation
494726-14,Scott Harberts,12158,Angel (individual),,,1,company_investor_relation|deal_investor_relation|investor_investment_relation
483060-07,Scott Littlewood,12159,Angel (individual),,,1,company_investor_relation|deal_investor_relation|investor_investment_relation
133006-33,Scott Paul,12160,Angel (individual),,,1,company_investor_relation|deal_investor_relation|investor_investment_relation
482465-35,Scott Scott,12161,Angel (individual),,,1,company_investor_relation|deal_investor_relation|investor_investment_relation
180833-86,Scottish EDGE,12166,Other,www.scottishedge.com,scottishedge.com,1,company_investor_relation|deal_investor_relation|investor_investment_relation
592906-24,Scrypted,12168,Corporation,www.scryptedinc.com,scryptedinc.com,1,company_investor_relation|deal_investor_relation|investor_investment_relation
156179-17,SDM Jazz & Ballet Academie,12170,Corporation,www.sdm.hk,sdm.hk,1,company_investor_relation|deal_investor_relation|investor_investment_relation
506758-06,Seagate Ventures,12173,Venture Capital,seagateventures.com,seagateventures.com,1,company_investor_relation|deal_investor_relation|investor_investment_relation
436005-55,SEAL(investor),12174,Venture Capital,www.seal.international,seal.international,1,company_investor_relation|deal_investor_relation|investor_investment_relation
453484-00,Sean Hoge,12179,Angel (individual),,,1,company_investor_relation|deal_investor_relation|investor_investment_relation
913151-62,Sean Hu,12180,Angel (individual),,,1,company_investor_relation|deal_investor_relation|investor_investment_relation
607127-14,Sean Sean,12182,Angel (individual),,,1,company_investor_relation|deal_investor_relation|investor_investment_relation
515566-90,Season Studio,12183,Corporation,,,1,company_investor_relation|deal_investor_relation|investor_investment_relation
501467-23,Sebastian Bürgel,12186,Angel (individual),,,1,company_investor_relation|deal_investor_relation|investor_investment_relation
489945-88,Secbit Labs,12189,Corporation,www.secbit.io,secbit.io,1,company_investor_relation|deal_investor_relation|investor_investment_relation
495010-27,SecretSwap,12190,Corporation,www.secretswap.net,secretswap.net,1,company_investor_relation|deal_investor_relation|investor_investment_relation
470015-20,Securities Commission Malaysia,12194,Government,www.sc.com.my,sc.com.my,1,company_investor_relation|deal_investor_relation|investor_investment_relation
484401-79,Seed9,12197,Angel Group,seed9.io,seed9.io,1,company_investor_relation|deal_investor_relation|investor_investment_relation
643726-54,SEEDPHRASE.,12200,Angel (individual),,,1,company_investor_relation|deal_investor_relation|investor_investment_relation
901157-77,Seedstars,12201,Accelerator/Incubator,www.seedstars.com,seedstars.com,1,company_investor_relation|deal_investor_relation|investor_investment_relation
229661-29,SeedSyndicates,12203,Venture Capital,seedsyndicates.com,seedsyndicates.com,1,company_investor_relation|deal_investor_relation|investor_investment_relation
42438-07,Sega,12206,Corporation,www.sega.co.jp,sega.co.jp,1,company_investor_relation|deal_investor_relation|investor_investment_relation
59614-57,Sega Sammy Holdings,12207,Holding Company,www.segasammy.co.jp,segasammy.co.jp,1,company_investor_relation|deal_investor_relation|investor_investment_relation
489313-00,Seikatsu Ventures,12209,Venture Capital,www.seikatsuventures.io,seikatsuventures.io,1,company_investor_relation|deal_investor_relation|investor_investment_relation
495932-41,Self Improvement Official,12212,Corporation,,,1,company_investor_relation|deal_investor_relation|investor_investment_relation
433981-36,Sell Capital,12213,Venture Capital,,,1,company_investor_relation|deal_investor_relation|investor_investment_relation
1152925-57,Sella Direct Ventures,12214,Corporate Venture Capital,www.sella.ventures,sella.ventures,1,company_investor_relation|deal_investor_relation|investor_investment_relation
300252-52,Semexe,12216,VC-Backed Company,www.semexe.com,semexe.com,1,company_investor_relation|deal_investor_relation|investor_investment_relation
591209-65,Send.,12220,Accelerator/Incubator,www.send.foundation,send.foundation,1,company_investor_relation|deal_investor_relation|investor_investment_relation
520038-01,SendingMe,12221,VC-Backed Company,www.sending.me,sending.me,1,company_investor_relation|deal_investor_relation|investor_investment_relation
638939-17,Sensei Capital Partners,12222,Corporation,,,1,company_investor_relation|deal_investor_relation|investor_investment_relation
489258-64,Senspark Ventures,12223,Venture Capital,www.senspark.com,senspark.com,1,company_investor_relation|deal_investor_relation|investor_investment_relation
161565-13,Sente Ventures,12224,Venture Capital,www.sente.vc,sente.vc,1,company_investor_relation|deal_investor_relation|investor_investment_relation
532651-96,Sentinel Group Holdings (Chesterfield),12226,Venture Capital,www.sntnl.com,sntnl.com,1,company_investor_relation|deal_investor_relation|investor_investment_relation
464393-08,Seoul Biohub,12227,Accelerator/Incubator,www.seoulbiohub.kr,seoulbiohub.kr,1,company_investor_relation|deal_investor_relation|investor_investment_relation
268609-60,Sepio Capital,12229,Family Office,www.sepiocap.com,sepiocap.com,1,company_investor_relation|deal_investor_relation|investor_investment_relation
223408-18,Serena Williams,12234,Angel (individual),,,1,company_investor_relation|deal_investor_relation|investor_investment_relation
100276-12,Serengeti Asset Management,12235,Asset Manager,www.serengeti-am.com,serengeti-am.com,1,company_investor_relation|deal_investor_relation|investor_investment_relation
111340-36,Serge Ibaka,12236,Angel (individual),,,1,company_investor_relation|deal_investor_relation|investor_investment_relation
520522-48,Sergey Koptev,12237,Angel (individual),,,1,company_investor_relation|deal_investor_relation|investor_investment_relation
490164-49,Sergey Kosenko,12238,Angel (individual),,,1,company_investor_relation|deal_investor_relation|investor_investment_relation
597722-14,Sergito Sergito,12240,Angel (individual),,,1,company_investor_relation|deal_investor_relation|investor_investment_relation
180416-89,Seristine Holdings,12242,Holding Company,www.seristine.com,seristine.com,1,company_investor_relation|deal_investor_relation|investor_investment_relation
63050-68,Service Master Ventures,12243,Venture Capital,,,1,company_investor_relation|deal_investor_relation|investor_investment_relation
106042-60,Seth Goldstein,12245,Angel (individual),sethgoldstein.com,sethgoldstein.com,1,company_investor_relation|deal_investor_relation|investor_investment_relation
121737-16,Seth Weinstein,12246,Angel (individual),,,1,company_investor_relation|deal_investor_relation|investor_investment_relation
459399-52,Seung Yoon Lee,12247,Angel (individual),,,1,company_investor_relation|deal_investor_relation|investor_investment_relation
596638-09,Seven Seas Capital,12249,Hedge Fund,www.sevenseas.capital,sevenseas.capital,1,company_investor_relation|deal_investor_relation|investor_investment_relation
441904-51,Sgtc,12255,Corporation,southgatech.edu,southgatech.edu,1,company_investor_relation|deal_investor_relation|investor_investment_relation
544682-35,Sha Hafizi,12257,Angel (individual),,,1,company_investor_relation|deal_investor_relation|investor_investment_relation
431393-05,Sha Zhou,12258,Angel (individual),,,1,company_investor_relation|deal_investor_relation|investor_investment_relation
462344-23,Shaan Puri,12259,Angel (individual),,,1,company_investor_relation|deal_investor_relation|investor_investment_relation
228612-97,Shabir Momin,12260,Angel (individual),,,1,company_investor_relation|deal_investor_relation|investor_investment_relation
25197-58,Shad Run Investments,12261,Venture Capital,,,1,company_investor_relation|deal_investor_relation|investor_investment_relation
644425-12,Shalini Wood,12265,Angel (individual),,,1,company_investor_relation|deal_investor_relation|investor_investment_relation
640286-20,Shane Molidor,12267,Angel (individual),,,1,company_investor_relation|deal_investor_relation|investor_investment_relation
437314-78,SharesPro,12270,Corporation,sharespro.com,sharespro.com,1,company_investor_relation|deal_investor_relation|investor_investment_relation
231550-30,Sharp Eye Capital,12274,Venture Capital,,,1,company_investor_relation|deal_investor_relation|investor_investment_relation
501498-28,Sharp House,12275,Corporation,,,1,company_investor_relation|deal_investor_relation|investor_investment_relation
458721-64,Shastra VC,12276,Venture Capital,shastra.vc,shastra.vc,1,company_investor_relation|deal_investor_relation|investor_investment_relation
465121-72,Shaun Neff,12277,Angel (individual),,,1,company_investor_relation|deal_investor_relation|investor_investment_relation
453423-70,Shaun Sheikh,12278,Angel (individual),,,1,company_investor_relation|deal_investor_relation|investor_investment_relation
130646-71,Shaw and Partners Financial Services,12279,Asset Manager,www.shawandpartners.com.au,shawandpartners.com.au,1,company_investor_relation|deal_investor_relation|investor_investment_relation
221446-36,Shawn Merani,12282,Angel (individual),,,1,company_investor_relation|deal_investor_relation|investor_investment_relation
502764-85,Sheikha Hend Al Qassemi,12285,Angel (individual),,,1,company_investor_relation|deal_investor_relation|investor_investment_relation
769736-44,Shek,12286,Angel (individual),,,1,company_investor_relation|deal_investor_relation|investor_investment_relation
264672-82,Shenzhen Quantum Capital,12290,Corporate Venture Capital,www.quantumcrosscap.com,quantumcrosscap.com,1,company_investor_relation|deal_investor_relation|investor_investment_relation
493606-90,Shenzhen ST Cloud technology,12291,Corporation,www.yunos.io,yunos.io,1,company_investor_relation|deal_investor_relation|investor_investment_relation
493607-62,Shenzhen Xingxing Xinhang Technology,12292,Corporation,www.xjxh.pro,xjxh.pro,1,company_investor_relation|deal_investor_relation|investor_investment_relation
164425-78,Shenzhoufu,12293,Corporation,www.shenzhoufu.com,shenzhoufu.com,1,company_investor_relation|deal_investor_relation|investor_investment_relation
517064-14,Sherman Capital Management,12296,Venture Capital,www.sherman.capital,sherman.capital,1,company_investor_relation|deal_investor_relation|investor_investment_relation
51044-86,Sherpalo Ventures,12297,Venture Capital,www.sherpalo.com,sherpalo.com,1,company_investor_relation|deal_investor_relation|investor_investment_relation
515240-38,Shibata Supermercados,12299,Corporation,www.shibata.com.br,shibata.com.br,1,company_investor_relation|deal_investor_relation|investor_investment_relation
706355-83,Shimon Newman,12302,Angel (individual),,,1,company_investor_relation|deal_investor_relation|investor_investment_relation
168977-17,Shinhan Asset Management,12303,Asset Manager,www.shinhanfund.com,shinhanfund.com,1,company_investor_relation|deal_investor_relation|investor_investment_relation
483191-02,Shisan Investments,12307,Venture Capital,,,1,company_investor_relation|deal_investor_relation|investor_investment_relation
518229-82,Shishir Miglani,12308,Angel (individual),,,1,company_investor_relation|deal_investor_relation|investor_investment_relation
230685-76,Showroom Startups,12312,Accelerator/Incubator,,,1,company_investor_relation|deal_investor_relation|investor_investment_relation
493828-21,Shrapnel,12313,VC-Backed Company,www.shrapnel.com,shrapnel.com,1,company_investor_relation|deal_investor_relation|investor_investment_relation
185514-04,Shuimu Fund,12318,Growth/Expansion,,,1,company_investor_relation|deal_investor_relation|investor_investment_relation
437025-16,Shunsuke Oyu,12321,Angel (individual),,,1,company_investor_relation|deal_investor_relation|investor_investment_relation
438793-75,Shunxin Capital,12322,Venture Capital,,,1,company_investor_relation|deal_investor_relation|investor_investment_relation
433980-64,Shuyin Captial,12325,Venture Capital,,,1,company_investor_relation|deal_investor_relation|investor_investment_relation
461840-32,Siddramesh Nara,12332,Angel (individual),,,1,company_investor_relation|deal_investor_relation|investor_investment_relation
41221-27,Siemens Medical Solutions Diagnostics,12334,Corporation,www.dpcweb.com,dpcweb.com,1,company_investor_relation|deal_investor_relation|investor_investment_relation
465680-26,Sienna Network,12335,VC-Backed Company,www.sienna.network,sienna.network,1,company_investor_relation|deal_investor_relation|investor_investment_relation
265715-65,Sierra Blockchain,12336,Corporation,,,1,company_investor_relation|deal_investor_relation|investor_investment_relation
11184-76,Sigma Capital,12340,PE/Buyout,,,1,company_investor_relation|deal_investor_relation|investor_investment_relation
638688-52,Sign VC,12341,Venture Capital,,,1,company_investor_relation|deal_investor_relation|investor_investment_relation
550407-16,Signal Hills,12342,Venture Capital,,,1,company_investor_relation|deal_investor_relation|investor_investment_relation
503752-69,Signal Share Group,12343,Venture Capital,,,1,company_investor_relation|deal_investor_relation|investor_investment_relation
228116-26,Signals.VC,12344,Venture Capital,www.signals.vc,signals.vc,1,company_investor_relation|deal_investor_relation|investor_investment_relation
462443-32,Silence Laboratories,12346,Corporation,www.silencelaboratories.com,silencelaboratories.com,1,company_investor_relation|deal_investor_relation|investor_investment_relation
10249-48,SilkRoad Equity,12350,PE/Buyout,www.silkroadequity.com,silkroadequity.com,1,company_investor_relation|deal_investor_relation|investor_investment_relation
10278-19,Silver Lake,12353,PE/Buyout,www.silverlake.com,silverlake.com,1,company_investor_relation|deal_investor_relation|investor_investment_relation
515973-52,Silver Oak Capital,12354,Growth/Expansion,www.yinxiangziben.com,yinxiangziben.com,1,company_investor_relation|deal_investor_relation|investor_investment_relation
495029-71,SilverCircle,12356,Venture Capital,www.silvercircle.vc,silvercircle.vc,1,company_investor_relation|deal_investor_relation|investor_investment_relation
461974-87,Simon Chan,12361,Angel (individual),,,1,company_investor_relation|deal_investor_relation|investor_investment_relation
537591-88,Simon Sherwin,12365,Angel (individual),,,1,company_investor_relation|deal_investor_relation|investor_investment_relation
122496-40,Sinar Mas,12373,Holding Company,www.sinarmas.com,sinarmas.com,1,company_investor_relation|deal_investor_relation|investor_investment_relation
139365-19,Singapore Angel Network,12374,Venture Capital,www.sgan.sg,sgan.sg,1,company_investor_relation|deal_investor_relation|investor_investment_relation
481483-18,Singapore DASH Foundation,12375,Venture Capital,,,1,company_investor_relation|deal_investor_relation|investor_investment_relation
495715-51,Singapore WeiMi Foundation,12377,Corporation,,,1,company_investor_relation|deal_investor_relation|investor_investment_relation
54880-12,Sinovation Ventures,12378,Venture Capital,www.sinovationventures.com,sinovationventures.com,1,company_investor_relation|deal_investor_relation|investor_investment_relation
493443-82,Sirius Labs,12380,Venture Capital,www.srs.vc,srs.vc,1,company_investor_relation|deal_investor_relation|investor_investment_relation
154843-21,Sisu Game Ventures,12384,Venture Capital,sisu.vc,sisu.vc,1,company_investor_relation|deal_investor_relation|investor_investment_relation
517482-91,Sitikantha Panigrahy,12385,Angel (individual),,,1,company_investor_relation|deal_investor_relation|investor_investment_relation
470865-61,Sixth Man Capital,12388,Venture Capital,www.sixthmancapital.com,sixthmancapital.com,1,company_investor_relation|deal_investor_relation|investor_investment_relation
59704-57,Sixty Six Capital,12389,Other,www.sixtysixcapital.com,sixtysixcapital.com,1,company_investor_relation|deal_investor_relation|investor_investment_relation
431671-42,SJ Investment Partners,12390,Venture Capital,www.sjinvest.co.kr,sjinvest.co.kr,1,company_investor_relation|deal_investor_relation|investor_investment_relation
493262-65,SJ Park,12391,Angel (individual),,,1,company_investor_relation|deal_investor_relation|investor_investment_relation
438015-43,Sjoerd Rietberg,12392,Angel (individual),,,1,company_investor_relation|deal_investor_relation|investor_investment_relation
700952-05,SJS Partners,12393,Family Office,sjs.partners,sjs.partners,1,company_investor_relation|deal_investor_relation|investor_investment_relation
539794-18,Sjuul Berden,12394,Angel (individual),,,1,company_investor_relation|deal_investor_relation|investor_investment_relation
12095-56,SK Capital Partners,12396,PE/Buyout,www.skcapitalpartners.com,skcapitalpartners.com,1,company_investor_relation|deal_investor_relation|investor_investment_relation
436958-20,SkaleUp Ventures,12399,Venture Capital,www.skaleupventures.com,skaleupventures.com,1,company_investor_relation|deal_investor_relation|investor_investment_relation
496077-31,SKH Group,12401,Holding Company,www.skhgroup.co.in,skhgroup.co.in,1,company_investor_relation|deal_investor_relation|investor_investment_relation
1162785-61,Sky Venture Labs,12410,Corporation,www.skyventurelabs.com,skyventurelabs.com,1,company_investor_relation|deal_investor_relation|investor_investment_relation
117199-99,Skybound Entertainment,12412,VC-Backed Company,www.skybound.com,skybound.com,1,company_investor_relation|deal_investor_relation|investor_investment_relation
431677-27,Skyline Capital,12415,Family Office,skylinecap.com,skylinecap.com,1,company_investor_relation|deal_investor_relation|investor_investment_relation
484770-34,Skylink Capital,12416,Venture Capital,,,1,company_investor_relation|deal_investor_relation|investor_investment_relation
93675-52,Skynet (Systems and Information Management),12417,Corporation,www.nebulous.tech,nebulous.tech,1,company_investor_relation|deal_investor_relation|investor_investment_relation
105826-96,Skystar Capital,12418,Venture Capital,www.skystar.vc,skystar.vc,1,company_investor_relation|deal_investor_relation|investor_investment_relation
470932-66,SkyVision Ventures,12420,Growth/Expansion,www.skyvisionventures.com,skyvisionventures.com,1,company_investor_relation|deal_investor_relation|investor_investment_relation
93657-43,Slingshot Labs,12423,Accelerator/Incubator,slingshotlabs.com,slingshotlabs.com,1,company_investor_relation|deal_investor_relation|investor_investment_relation
499899-16,Slow Mist,12425,Corporation,www.slowmist.com,slowmist.com,1,company_investor_relation|deal_investor_relation|investor_investment_relation
534621-07,SM Capital (San Marino),12426,Venture Capital,www.smcapital.sm,smcapital.sm,1,company_investor_relation|deal_investor_relation|investor_investment_relation
512284-87,Smart Innovation Norway,12432,Accelerator/Incubator,www.smartinnovationnorway.com,smartinnovationnorway.com,1,company_investor_relation|deal_investor_relation|investor_investment_relation
443088-82,Smart Study Ventures,12433,Corporate Venture Capital,,,1,company_investor_relation|deal_investor_relation|investor_investment_relation
515553-49,Smart-Chain,12434,Infrastructure,www.smart-chain.fr,smart-chain.fr,1,company_investor_relation|deal_investor_relation|investor_investment_relation
150415-75,SmartHub Boutique,12435,Venture Capital,www.smarthub.vc,smarthub.vc,1,company_investor_relation|deal_investor_relation|investor_investment_relation
228195-28,Smartup Ventures,12438,Venture Capital,smartup.ir,smartup.ir,1,company_investor_relation|deal_investor_relation|investor_investment_relation
453480-58,Smile Research,12439,Corporation,www.smileresearch.io,smileresearch.io,1,company_investor_relation|deal_investor_relation|investor_investment_relation
233117-74,Smith and Crown,12440,Corporation,www.smithandcrown.com,smithandcrown.com,1,company_investor_relation|deal_investor_relation|investor_investment_relation
229791-88,Smith Family Circle,12441,Family Office,www.smithfamilycircle.com,smithfamilycircle.com,1,company_investor_relation|deal_investor_relation|investor_investment_relation
519748-84,SnapFingers Research,12443,Corporation,,,1,company_investor_relation|deal_investor_relation|investor_investment_relation
493383-25,Snowball Growth Partners,12445,PE/Buyout,www.snowballgrowthpartners.com,snowballgrowthpartners.com,1,company_investor_relation|deal_investor_relation|investor_investment_relation
863618-68,Soban Saqib,12447,Angel (individual),,,1,company_investor_relation|deal_investor_relation|investor_investment_relation
483725-89,Social Cre8tive,12450,Corporation,,,1,company_investor_relation|deal_investor_relation|investor_investment_relation
108299-26,Social Discovery Group,12451,Venture Capital,www.socialdiscoverygroup.com,socialdiscoverygroup.com,1,company_investor_relation|deal_investor_relation|investor_investment_relation
324817-12,Socialnest,12453,Accelerator/Incubator,www.socialnest.org,socialnest.org,1,company_investor_relation|deal_investor_relation|investor_investment_relation
102963-34,SociosInversores.com,12455,Corporation,www.sociosinversores.com,sociosinversores.com,1,company_investor_relation|deal_investor_relation|investor_investment_relation
11304-46,Société Régionale d'Investissement de Wallonie,12456,Growth/Expansion,www.sriw.be,sriw.be,1,company_investor_relation|deal_investor_relation|investor_investment_relation
279512-02,Sofie Grant,12458,Angel (individual),,,1,company_investor_relation|deal_investor_relation|investor_investment_relation
170903-17,Softbank Group Capital Apac,12459,Corporation,,,1,company_investor_relation|deal_investor_relation|investor_investment_relation
521522-29,Softech Capital,12461,Corporation,,,1,company_investor_relation|deal_investor_relation|investor_investment_relation
528391-00,Sohail Shaikh,12464,Angel (individual),,,1,company_investor_relation|deal_investor_relation|investor_investment_relation
571398-76,Sohoteck,12465,Venture Capital,,,1,company_investor_relation|deal_investor_relation|investor_investment_relation
496342-00,Sol Legend,12466,Angel (individual),,,1,company_investor_relation|deal_investor_relation|investor_investment_relation
51759-55,Solar Group,12470,Corporation,www.solar.eu,solar.eu,1,company_investor_relation|deal_investor_relation|investor_investment_relation
503008-66,Solid Group (NFT services),12473,Corporation,www.solidgrp.io,solidgrp.io,1,company_investor_relation|deal_investor_relation|investor_investment_relation
167172-49,Solid Group (Norway),12474,Corporation,www.solidgroup.no,solidgroup.no,1,company_investor_relation|deal_investor_relation|investor_investment_relation
606917-71,Solidus AI Tech,12476,VC-Backed Company,www.aitech.io,aitech.io,1,company_investor_relation|deal_investor_relation|investor_investment_relation
159277-33,Solize Holdings,12477,Corporation,www.solize.com,solize.com,1,company_investor_relation|deal_investor_relation|investor_investment_relation
607815-46,SolusLabs,12478,Accelerator/Incubator,www.soluslabs.xyz,soluslabs.xyz,1,company_investor_relation|deal_investor_relation|investor_investment_relation
503424-37,SOMESING (Social/Platform Software),12479,Corporation,www.somesing.io,somesing.io,1,company_investor_relation|deal_investor_relation|investor_investment_relation
509462-11,Songngu Media,12484,Corporation,www.songngumedia.com/index.php,songngumedia.com,1,company_investor_relation|deal_investor_relation|investor_investment_relation
452944-27,Sonic Capital,12485,Venture Capital,www.sonic.capital,sonic.capital,1,company_investor_relation|deal_investor_relation|investor_investment_relation
493507-99,Sonic SVM,12486,VC-Backed Company,www.sonicsvm.org,sonicsvm.org,1,company_investor_relation|deal_investor_relation|investor_investment_relation
225795-52,SonicStrategy,12487,Corporation,www.spetz.app,spetz.app,1,company_investor_relation|deal_investor_relation|investor_investment_relation
277573-15,Sony Financial Ventures,12490,Corporate Venture Capital,,,1,company_investor_relation|deal_investor_relation|investor_investment_relation
167237-47,Sony Group,12491,Corporation,www.sony.com,sony.com,1,company_investor_relation|deal_investor_relation|investor_investment_relation
92326-87,SOOP (Seongnam),12492,Corporation,corp.sooplive.co.kr,corp.sooplive.co.kr,1,company_investor_relation|deal_investor_relation|investor_investment_relation
492958-09,Sophon,12493,Corporation,farm.sophon.xyz,farm.sophon.xyz,1,company_investor_relation|deal_investor_relation|investor_investment_relation
58922-02,Sorenson Impact Foundation,12494,Impact Investing,www.sorensonimpactfoundation.org,sorensonimpactfoundation.org,1,company_investor_relation|deal_investor_relation|investor_investment_relation
467577-28,Soumyasanto Sen,12496,Angel (individual),,,1,company_investor_relation|deal_investor_relation|investor_investment_relation
503008-30,SourceHat,12497,Corporation,www.sourcehat.com,sourcehat.com,1,company_investor_relation|deal_investor_relation|investor_investment_relation
41357-26,Southern California Gas,12499,Corporation,www.socalgas.com,socalgas.com,1,company_investor_relation|deal_investor_relation|investor_investment_relation
519747-40,Space Crypto Ventures,12509,Venture Capital,,,1,company_investor_relation|deal_investor_relation|investor_investment_relation
509463-01,Space Fintech Venture,12510,Venture Capital,,,1,company_investor_relation|deal_investor_relation|investor_investment_relation
234182-89,SpaceFund,12512,Venture Capital,www.spacefund.com,spacefund.com,1,company_investor_relation|deal_investor_relation|investor_investment_relation
943071-13,Spaceman Gaming,12513,Corporation,www.spacemangaming.com,spacemangaming.com,1,company_investor_relation|deal_investor_relation|investor_investment_relation
484074-37,Spark Capital (Australia),12516,Corporation,www.sparkcapital.com.au,sparkcapital.com.au,1,company_investor_relation|deal_investor_relation|investor_investment_relation
606915-73,SpartaDex,12520,Corporation,,,1,company_investor_relation|deal_investor_relation|investor_investment_relation
222154-30,Spartan Accelerator,12521,Accelerator/Incubator,,,1,company_investor_relation|deal_investor_relation|investor_investment_relation
483791-23,Spearhead (VC),12525,Accelerator/Incubator,spearhead.co,spearhead.co,1,company_investor_relation|deal_investor_relation|investor_investment_relation
111537-19,Spec Holding,12526,Corporation,www.synspec.nl,synspec.nl,1,company_investor_relation|deal_investor_relation|investor_investment_relation
42138-73,Spectral Capital,12527,Corporation,www.spectralcapital.com,spectralcapital.com,1,company_investor_relation|deal_investor_relation|investor_investment_relation
704770-57,SPEILLLP,12528,Venture Capital,,,1,company_investor_relation|deal_investor_relation|investor_investment_relation
527075-11,Spencer Farrar,12530,Angel (individual),,,1,company_investor_relation|deal_investor_relation|investor_investment_relation
501413-14,Spencer Gordon-Sand,12531,Angel (individual),,,1,company_investor_relation|deal_investor_relation|investor_investment_relation
503681-68,Spicy Gems,12533,Corporation,,,1,company_investor_relation|deal_investor_relation|investor_investment_relation
502778-17,Spin Ventures (London),12534,Venture Capital,spin.vc,spin.vc,1,company_investor_relation|deal_investor_relation|investor_investment_relation
459259-12,Spinnvest,12535,Venture Capital,www.spinnvest.it,spinnvest.it,1,company_investor_relation|deal_investor_relation|investor_investment_relation
718964-92,Spitzhorli Invest,12537,Venture Capital,spitzhorli-invest.com,spitzhorli-invest.com,1,company_investor_relation|deal_investor_relation|investor_investment_relation
342003-61,SPJIMR Start-Up Incubation Centre,12538,Accelerator/Incubator,www.spjimr.org/spjimr-spic,spjimr.org,1,company_investor_relation|deal_investor_relation|investor_investment_relation
470110-06,Spores (Financial Software),12540,VC-Backed Company,spores.app,spores.app,1,company_investor_relation|deal_investor_relation|investor_investment_relation
1240749-55,SportsTech Belgium Accelerator,12542,Accelerator/Incubator,www.sportstechbelgium.be,sportstechbelgium.be,1,company_investor_relation|deal_investor_relation|investor_investment_relation
483168-52,Sportzchain,12543,VC-Backed Company,www.sportzchain.com,sportzchain.com,1,company_investor_relation|deal_investor_relation|investor_investment_relation
535333-87,Sprint VC,12546,Venture Capital,sprintvc.com,sprintvc.com,1,company_investor_relation|deal_investor_relation|investor_investment_relation
512824-96,squareblock capital,12550,Venture Capital,,,1,company_investor_relation|deal_investor_relation|investor_investment_relation
845840-35,SSSSSSSSS CAPITAL,12552,Venture Capital,ssssssssscapital.com,ssssssssscapital.com,1,company_investor_relation|deal_investor_relation|investor_investment_relation
504122-86,StaaS Fund Group,12553,Venture Capital,www.staas.fund,staas.fund,1,company_investor_relation|deal_investor_relation|investor_investment_relation
527421-52,Stacy Baskin,12554,Angel (individual),,,1,company_investor_relation|deal_investor_relation|investor_investment_relation
51126-40,Stage One Capital,12555,Venture Capital,www.stage1capital.com,stage1capital.com,1,company_investor_relation|deal_investor_relation|investor_investment_relation
593520-13,StakedFlip,12558,VC-Backed Company,stakedflip.fi,stakedflip.fi,1,company_investor_relation|deal_investor_relation|investor_investment_relation
279806-14,Stanford LaunchPad,12568,Accelerator/Incubator,www.launchpad.stanford.edu,launchpad.stanford.edu,1,company_investor_relation|deal_investor_relation|investor_investment_relation
439423-84,Stanislav Kulechov,12569,Angel (individual),,,1,company_investor_relation|deal_investor_relation|investor_investment_relation
607124-89,Stanley Wu,12571,Angel (individual),,,1,company_investor_relation|deal_investor_relation|investor_investment_relation
100634-41,Star Capital,12572,Venture Capital,www.starcapitalfund.com,starcapitalfund.com,1,company_investor_relation|deal_investor_relation|investor_investment_relation
343078-93,Star Chain Capital (Xing Lian),12573,Venture Capital,www.starchaincapital.com,starchaincapital.com,1,company_investor_relation|deal_investor_relation|investor_investment_relation
435449-53,Star Joint Venture,12574,Venture Capital,,,1,company_investor_relation|deal_investor_relation|investor_investment_relation
460255-51,Star Rise Venture,12575,Venture Capital,,,1,company_investor_relation|deal_investor_relation|investor_investment_relation
154655-02,star team group,12576,Corporation,,,1,company_investor_relation|deal_investor_relation|investor_investment_relation
896092-66,"STARBASE Co., Ltd.",12579,Corporation,www.starbase.jp,starbase.jp,1,company_investor_relation|deal_investor_relation|investor_investment_relation
507096-55,Starbloom Ventures,12580,Venture Capital,,,1,company_investor_relation|deal_investor_relation|investor_investment_relation
512324-11,Stargate,12581,VC-Backed Company,www.stargate.finance,stargate.finance,1,company_investor_relation|deal_investor_relation|investor_investment_relation
529706-80,StarSeed (Angel Group),12583,Angel Group,www.starseed.org.uk,starseed.org.uk,1,company_investor_relation|deal_investor_relation|investor_investment_relation
221716-36,Start it @K&H,12584,Accelerator/Incubator,startitkh.hu,startitkh.hu,1,company_investor_relation|deal_investor_relation|investor_investment_relation
530779-24,Start VC,12589,Venture Capital,,,1,company_investor_relation|deal_investor_relation|investor_investment_relation
93671-65,Start-Up Brasil,12590,Accelerator/Incubator,www.startupbrasil.org.br,startupbrasil.org.br,1,company_investor_relation|deal_investor_relation|investor_investment_relation
530130-52,Startale,12594,VC-Backed Company,www.startale.com,startale.com,1,company_investor_relation|deal_investor_relation|investor_investment_relation
483736-60,Starter vc,12595,Venture Capital,,,1,company_investor_relation|deal_investor_relation|investor_investment_relation
159403-51,StartersHub,12596,Venture Capital,www.startershub.com,startershub.com,1,company_investor_relation|deal_investor_relation|investor_investment_relation
53747-92,Startmate,12600,Accelerator/Incubator,www.startmate.com,startmate.com,1,company_investor_relation|deal_investor_relation|investor_investment_relation
156571-48,Startup Alcobendas,12602,Accelerator/Incubator,startup.alcobendas.org,startup.alcobendas.org,1,company_investor_relation|deal_investor_relation|investor_investment_relation
489687-94,Startup Factory (Cairo),12605,Accelerator/Incubator,startup-factory.co,startup-factory.co,1,company_investor_relation|deal_investor_relation|investor_investment_relation
753159-07,Startup Five Investment,12606,Corporation,,,1,company_investor_relation|deal_investor_relation|investor_investment_relation
588875-68,Startup Haryana,12608,Accelerator/Incubator,www.startupharyana.gov.in,startupharyana.gov.in,1,company_investor_relation|deal_investor_relation|investor_investment_relation
166303-18,Startup Haven,12609,Accelerator/Incubator,startuphaven.com,startuphaven.com,1,company_investor_relation|deal_investor_relation|investor_investment_relation
229237-66,Startup Karnataka,12610,Accelerator/Incubator,www.missionstartupkarnataka.org,missionstartupkarnataka.org,1,company_investor_relation|deal_investor_relation|investor_investment_relation
895925-71,Startup Leiria,12611,Accelerator/Incubator,startupleiria.com,startupleiria.com,1,company_investor_relation|deal_investor_relation|investor_investment_relation
515972-71,Startup Research,12613,Venture Capital,www.startupresearch.co.kr,startupresearch.co.kr,1,company_investor_relation|deal_investor_relation|investor_investment_relation
500625-28,Startup Réseau,12614,Accelerator/Incubator,www.startupreseau.com,startupreseau.com,1,company_investor_relation|deal_investor_relation|investor_investment_relation
229638-88,Startup-O,12615,Accelerator/Incubator,www.startup-o.com,startup-o.com,1,company_investor_relation|deal_investor_relation|investor_investment_relation
481509-46,StartupGym Studio,12618,Accelerator/Incubator,www.startupgym.it,startupgym.it,1,company_investor_relation|deal_investor_relation|investor_investment_relation
489313-27,StartupStudio,12620,Accelerator/Incubator,www.startupstudio.online,startupstudio.online,1,company_investor_relation|deal_investor_relation|investor_investment_relation
63218-44,Stats Perform,12623,PE-Backed Company,www.statsperform.com,statsperform.com,1,company_investor_relation|deal_investor_relation|investor_investment_relation
607123-99,Steak Capital,12626,Corporation,,,1,company_investor_relation|deal_investor_relation|investor_investment_relation
482464-45,Stefen Delev,12631,Angel (individual),,,1,company_investor_relation|deal_investor_relation|investor_investment_relation
502840-27,Stella MIC Investment,12633,Venture Capital,www.stella-mic.com,stella-mic.com,1,company_investor_relation|deal_investor_relation|investor_investment_relation
960441-76,Step VC,12637,Venture Capital,www.stepvc.net,stepvc.net,1,company_investor_relation|deal_investor_relation|investor_investment_relation
893818-09,Stephen Burnazian,12639,Angel (individual),,,1,company_investor_relation|deal_investor_relation|investor_investment_relation
502909-84,Stephen Kane,12641,Angel (individual),,,1,company_investor_relation|deal_investor_relation|investor_investment_relation
443169-46,Stephen Pagliuca,12645,Angel (individual),,,1,company_investor_relation|deal_investor_relation|investor_investment_relation
501466-33,Stephen Young,12647,Angel (individual),,,1,company_investor_relation|deal_investor_relation|investor_investment_relation
10877-86,StepStone Group,12648,Asset Manager,www.stepstonegroup.com,stepstonegroup.com,1,company_investor_relation|deal_investor_relation|investor_investment_relation
460111-15,Sterling Witzke,12649,Angel (individual),,,1,company_investor_relation|deal_investor_relation|investor_investment_relation
494459-65,Steve Guo,12652,Angel (individual),,,1,company_investor_relation|deal_investor_relation|investor_investment_relation
454883-05,Steven Amato,12660,Angel (individual),,,1,company_investor_relation|deal_investor_relation|investor_investment_relation
484119-28,Steven Becker,12661,Angel (individual),,,1,company_investor_relation|deal_investor_relation|investor_investment_relation
544682-17,Steven Doge,12664,Angel (individual),,,1,company_investor_relation|deal_investor_relation|investor_investment_relation
483060-79,Steven Enamakel,12665,Angel (individual),,,1,company_investor_relation|deal_investor_relation|investor_investment_relation
496078-30,Steven Fingerhood,12666,Angel (individual),,,1,company_investor_relation|deal_investor_relation|investor_investment_relation
590387-41,Steven Goldfeder,12667,Angel (individual),,,1,company_investor_relation|deal_investor_relation|investor_investment_relation
466874-56,Steven Nerayoff,12670,Angel (individual),,,1,company_investor_relation|deal_investor_relation|investor_investment_relation
266710-60,Strategic Incubation Partners,12683,Venture Capital,sip-vc.com,sip-vc.com,1,company_investor_relation|deal_investor_relation|investor_investment_relation
106333-30,Strauss Zelnick,12684,Angel (individual),,,1,company_investor_relation|deal_investor_relation|investor_investment_relation
472105-72,Stream Hill Angels,12685,Venture Capital,,,1,company_investor_relation|deal_investor_relation|investor_investment_relation
55182-97,Strong Ventures,12688,Venture Capital,strongvc.com,strongvc.com,1,company_investor_relation|deal_investor_relation|investor_investment_relation
507178-54,STRT Fund,12689,Venture Capital,www.strtfund.com,strtfund.com,1,company_investor_relation|deal_investor_relation|investor_investment_relation
468963-91,Successful Ventures,12699,Angel Group,www.successfulventures.com,successfulventures.com,1,company_investor_relation|deal_investor_relation|investor_investment_relation
739612-99,Sudarshan Kadam,12700,Angel (individual),,,1,company_investor_relation|deal_investor_relation|investor_investment_relation
436281-49,Sukna Ventures,12703,Venture Capital,suknaventures.com,suknaventures.com,1,company_investor_relation|deal_investor_relation|investor_investment_relation
496149-04,Sumit Ghosh,12707,Angel (individual),,,1,company_investor_relation|deal_investor_relation|investor_investment_relation
597430-27,Sumit Kapoor,12708,Angel (individual),,,1,company_investor_relation|deal_investor_relation|investor_investment_relation
820410-04,Summer Ventures(Hong Kong),12709,Venture Capital,www.summereverest.info,summereverest.info,1,company_investor_relation|deal_investor_relation|investor_investment_relation
522455-32,Sun Artland Ltd,12711,Corporation,,,1,company_investor_relation|deal_investor_relation|investor_investment_relation
433054-81,Sun Zeyu,12713,Angel (individual),,,1,company_investor_relation|deal_investor_relation|investor_investment_relation
718295-32,Sundeep K.S.,12715,Angel (individual),,,1,company_investor_relation|deal_investor_relation|investor_investment_relation
607125-43,Sundeep Sundeep,12716,Angel (individual),,,1,company_investor_relation|deal_investor_relation|investor_investment_relation
638427-16,Sunfund Fortuna Global Opportunities,12717,Venture Capital,,,1,company_investor_relation|deal_investor_relation|investor_investment_relation
438489-01,Sung Capital Partners,12718,Family Office,www.sungcapital.partners,sungcapital.partners,1,company_investor_relation|deal_investor_relation|investor_investment_relation
482515-66,Sunil Shetty,12719,Angel (individual),,,1,company_investor_relation|deal_investor_relation|investor_investment_relation
893576-26,Sunivations Ventures,12720,Venture Capital,,,1,company_investor_relation|deal_investor_relation|investor_investment_relation
121787-56,Sunny Dhillon,12722,Angel (individual),,,1,company_investor_relation|deal_investor_relation|investor_investment_relation
469460-35,Sunny Jaisinghani,12724,Angel (individual),,,1,company_investor_relation|deal_investor_relation|investor_investment_relation
265938-49,Sunway iLabs,12728,Accelerator/Incubator,innovationlabs.sunway.edu.my,innovationlabs.sunway.edu.my,1,company_investor_relation|deal_investor_relation|investor_investment_relation
462371-77,Super Studios,12731,VC-Backed Company,www.superstudios.io,superstudios.io,1,company_investor_relation|deal_investor_relation|investor_investment_relation
489947-95,SuperLauncher DAO,12732,Venture Capital,superlauncher.io,superlauncher.io,1,company_investor_relation|deal_investor_relation|investor_investment_relation
185396-95,Supernova (Cayman),12734,Corporation,,,1,company_investor_relation|deal_investor_relation|investor_investment_relation
170267-68,Supernova Hub,12735,Accelerator/Incubator,supernova-hub.it,supernova-hub.it,1,company_investor_relation|deal_investor_relation|investor_investment_relation
439305-13,Supertree,12739,VC-Backed Company,www.supertree.co,supertree.co,1,company_investor_relation|deal_investor_relation|investor_investment_relation
163517-32,Supremacy Global Holdings,12740,Corporation,,,1,company_investor_relation|deal_investor_relation|investor_investment_relation
507069-91,Sura Systems,12742,Corporation,www.surasystems.com,surasystems.com,1,company_investor_relation|deal_investor_relation|investor_investment_relation
493891-30,Sustainability Exchange Group,12747,Other,,,1,company_investor_relation|deal_investor_relation|investor_investment_relation
463031-02,Sustany GP,12748,Venture Capital,www.sustany.co,sustany.co,1,company_investor_relation|deal_investor_relation|investor_investment_relation
268334-65,Svärd von Heijne,12754,Accelerator/Incubator,www.svh.vc,svh.vc,1,company_investor_relation|deal_investor_relation|investor_investment_relation
153028-90,Sweet Capital,12759,Venture Capital,www.sweetcapital.com,sweetcapital.com,1,company_investor_relation|deal_investor_relation|investor_investment_relation
470606-59,Sweet Farm,12760,Impact Investing,www.sweetfarm.org,sweetfarm.org,1,company_investor_relation|deal_investor_relation|investor_investment_relation
494478-28,SWGI Investment,12761,Angel (individual),,,1,company_investor_relation|deal_investor_relation|investor_investment_relation
436728-52,Swipe (London),12763,VC-Backed Company,www.swipe.io,swipe.io,1,company_investor_relation|deal_investor_relation|investor_investment_relation
516190-96,SwissBorg Community AG,12766,Corporation,,,1,company_investor_relation|deal_investor_relation|investor_investment_relation
720593-29,Sycamore Gap Management,12771,Venture Capital,www.sycamoregap.xyz,sycamoregap.xyz,1,company_investor_relation|deal_investor_relation|investor_investment_relation
119472-94,Symvan Capital,12777,Venture Capital,www.symvancapital.com,symvancapital.com,1,company_investor_relation|deal_investor_relation|investor_investment_relation
482240-89,Synthesis Capital,12785,Venture Capital,www.synthesis.capital,synthesis.capital,1,company_investor_relation|deal_investor_relation|investor_investment_relation
466629-04,Sébastien Aubry,12787,Angel (individual),,,1,company_investor_relation|deal_investor_relation|investor_investment_relation
118135-36,T-Hub,12792,Accelerator/Incubator,t-hub.co,t-hub.co,1,company_investor_relation|deal_investor_relation|investor_investment_relation
510079-60,T2 Latam,12797,Corporation,www.t2latam.com,t2latam.com,1,company_investor_relation|deal_investor_relation|investor_investment_relation
497607-58,Tacans,12801,VC-Backed Company,www.tacans.com,tacans.com,1,company_investor_relation|deal_investor_relation|investor_investment_relation
266994-55,Tackle Capital,12802,Venture Capital,,,1,company_investor_relation|deal_investor_relation|investor_investment_relation
501083-83,TADR Ventures,12803,Venture Capital,,,1,company_investor_relation|deal_investor_relation|investor_investment_relation
484780-78,Tag Capital,12804,Venture Capital,,,1,company_investor_relation|deal_investor_relation|investor_investment_relation
607122-19,Tagus labs,12806,Corporation,www.taguslabs.xyz,taguslabs.xyz,1,company_investor_relation|deal_investor_relation|investor_investment_relation
490352-05,Tai Ping Shan Capital,12807,Angel (individual),,,1,company_investor_relation|deal_investor_relation|investor_investment_relation
1168808-41,Taiko.,12809,Corporation,,,1,company_investor_relation|deal_investor_relation|investor_investment_relation
92605-60,Taisys Technologies,12810,Corporation,www.taisys.com,taisys.com,1,company_investor_relation|deal_investor_relation|investor_investment_relation
149103-64,Taiwan Startup Stadium,12811,Accelerator/Incubator,www.startupstadium.tw,startupstadium.tw,1,company_investor_relation|deal_investor_relation|investor_investment_relation
706353-22,Tamar Sharon,12813,Angel (individual),,,1,company_investor_relation|deal_investor_relation|investor_investment_relation
641944-00,Tamerlan Bayramli,12814,Angel (individual),,,1,company_investor_relation|deal_investor_relation|investor_investment_relation
532836-91,Tamil Nadu Technology Hub,12815,Accelerator/Incubator,itnthub.tn.gov.in,itnthub.tn.gov.in,1,company_investor_relation|deal_investor_relation|investor_investment_relation
459926-29,Tammy Camp,12816,Angel (individual),,,1,company_investor_relation|deal_investor_relation|investor_investment_relation
88740-28,Tampa Bay Wave,12817,Accelerator/Incubator,www.tampabaywave.org,tampabaywave.org,1,company_investor_relation|deal_investor_relation|investor_investment_relation
436204-27,Tan Kim Seng,12818,Angel (individual),,,1,company_investor_relation|deal_investor_relation|investor_investment_relation
287969-14,Tan Lin,12819,Angel (individual),,,1,company_investor_relation|deal_investor_relation|investor_investment_relation
471583-09,Tangentia Venture,12823,Venture Capital,www.tangentiaventures.com,tangentiaventures.com,1,company_investor_relation|deal_investor_relation|investor_investment_relation
496149-85,Tanmay Maheshwari,12825,Angel (individual),,,1,company_investor_relation|deal_investor_relation|investor_investment_relation
60503-86,Tap4Fun,12828,VC-Backed Company,www.tap4fun.com,tap4fun.com,1,company_investor_relation|deal_investor_relation|investor_investment_relation
268198-21,Tar Heel Capital Pathfinder,12830,Venture Capital,www.thcpathfinder.com,thcpathfinder.com,1,company_investor_relation|deal_investor_relation|investor_investment_relation
343724-86,Tariq Krim,12833,Angel (individual),,,1,company_investor_relation|deal_investor_relation|investor_investment_relation
501468-85,Tarun Gupta,12834,Angel (individual),,,1,company_investor_relation|deal_investor_relation|investor_investment_relation
268020-37,Tarvenn Ventures & Advisors,12836,Venture Capital,www.tarvenn.com,tarvenn.com,1,company_investor_relation|deal_investor_relation|investor_investment_relation
607127-50,Tasso Lago,12838,Angel (individual),,,1,company_investor_relation|deal_investor_relation|investor_investment_relation
431592-04,Tatum,12842,VC-Backed Company,www.tatum.io,tatum.io,1,company_investor_relation|deal_investor_relation|investor_investment_relation
469644-85,Tavis Digital,12846,Asset Manager,,,1,company_investor_relation|deal_investor_relation|investor_investment_relation
360650-44,Taylor Made (Animal Husbandry),12848,Corporation,www.taylormadefarm.com,taylormadefarm.com,1,company_investor_relation|deal_investor_relation|investor_investment_relation
541344-61,TealLink Capital,12854,Corporation,,,1,company_investor_relation|deal_investor_relation|investor_investment_relation
56275-39,Team Launch,12855,Accelerator/Incubator,www.teamlaunch.com,teamlaunch.com,1,company_investor_relation|deal_investor_relation|investor_investment_relation
469998-73,Tech Garden Ventures,12857,Venture Capital,techgarden.vc,techgarden.vc,1,company_investor_relation|deal_investor_relation|investor_investment_relation
58630-24,Tech in Asia,12858,PE-Backed Company,www.techinasia.com,techinasia.com,1,company_investor_relation|deal_investor_relation|investor_investment_relation
459605-98,TECHFUND,12861,VC-Backed Company,techfund.jp,techfund.jp,1,company_investor_relation|deal_investor_relation|investor_investment_relation
92648-08,TechHub,12862,Accelerator/Incubator,www.techhub.com,techhub.com,1,company_investor_relation|deal_investor_relation|investor_investment_relation
267156-37,Techmind,12863,Corporate Venture Capital,www.techmind.vc,techmind.vc,1,company_investor_relation|deal_investor_relation|investor_investment_relation
489636-64,Technicorum Holdings,12864,Corporation,www.technicorum.net,technicorum.net,1,company_investor_relation|deal_investor_relation|investor_investment_relation
110603-98,Technoport,12865,Accelerator/Incubator,www.technoport.lu,technoport.lu,1,company_investor_relation|deal_investor_relation|investor_investment_relation
178940-62,Tecnológico de Monterrey,12870,University,tec.mx/en,tec.mx,1,company_investor_relation|deal_investor_relation|investor_investment_relation
472297-87,Ted Huang,12872,Angel (individual),,,1,company_investor_relation|deal_investor_relation|investor_investment_relation
469644-40,Teepee Capital,12876,Venture Capital,www.teepee.capital,teepee.capital,1,company_investor_relation|deal_investor_relation|investor_investment_relation
532874-98,Teh Moonwalker,12878,Angel (individual),,,1,company_investor_relation|deal_investor_relation|investor_investment_relation
471349-27,Tekedia Capital,12879,Venture Capital,capital.tekedia.com,capital.tekedia.com,1,company_investor_relation|deal_investor_relation|investor_investment_relation
186643-45,Telcoin,12881,VC-Backed Company,www.telco.in,telco.in,1,company_investor_relation|deal_investor_relation|investor_investment_relation
66148-48,Telegram Messenger,12883,VC-Backed Company,www.telegram.org,telegram.org,1,company_investor_relation|deal_investor_relation|investor_investment_relation
507259-54,TempleDAO,12885,Corporation,www.templedao.link,templedao.link,1,company_investor_relation|deal_investor_relation|investor_investment_relation
215270-47,Tequila Rapido,12896,Corporation,tequilarapido.com,tequilarapido.com,1,company_investor_relation|deal_investor_relation|investor_investment_relation
493229-98,Terra Bites,12899,Venture Capital,,,1,company_investor_relation|deal_investor_relation|investor_investment_relation
25321-78,Terra Capital Partners,12900,Real Estate,www.tcp-us.com,tcp-us.com,1,company_investor_relation|deal_investor_relation|investor_investment_relation
496078-39,Terry McDonell,12905,Angel (individual),,,1,company_investor_relation|deal_investor_relation|investor_investment_relation
226071-91,Terry McEwen,12906,Angel (individual),,,1,company_investor_relation|deal_investor_relation|investor_investment_relation
503892-55,Teshuva Capital,12907,Venture Capital,www.teshuva-capital.nl,teshuva-capital.nl,1,company_investor_relation|deal_investor_relation|investor_investment_relation
11188-81,Tesi,12908,Limited Partner,www.tesi.fi/en,tesi.fi,1,company_investor_relation|deal_investor_relation|investor_investment_relation
230746-60,Texas Health Catalyst,12912,Accelerator/Incubator,dellmed.utexas.edu,dellmed.utexas.edu,1,company_investor_relation|deal_investor_relation|investor_investment_relation
54388-09,Texas Venture Labs,12913,University,blogs.mccombs.utexas.edu/texasventurelabs,blogs.mccombs.utexas.edu,1,company_investor_relation|deal_investor_relation|investor_investment_relation
112313-71,Thakral Corporation,12917,Real Estate,www.thakralcorp.com,thakralcorp.com,1,company_investor_relation|deal_investor_relation|investor_investment_relation
606922-48,That Martini Guy,12919,Angel (individual),,,1,company_investor_relation|deal_investor_relation|investor_investment_relation
634909-69,The Binary Holdings,12927,VC-Backed Company,thebinaryholdings.com,thebinaryholdings.com,1,company_investor_relation|deal_investor_relation|investor_investment_relation
606930-31,The Birb Nest,12928,Corporation,www.thebirbnest.com,thebirbnest.com,1,company_investor_relation|deal_investor_relation|investor_investment_relation
267779-89,The Blockchain Academy,12929,Corporation,www.theblockchainacademy.com,theblockchainacademy.com,1,company_investor_relation|deal_investor_relation|investor_investment_relation
520045-75,The Blockmint,12930,Venture Capital,,,1,company_investor_relation|deal_investor_relation|investor_investment_relation
41910-13,The Capital Group Companies,12931,Asset Manager,www.capitalgroup.com,capitalgroup.com,1,company_investor_relation|deal_investor_relation|investor_investment_relation
438008-32,The Chainsmokers,12933,Angel Group,thechainsmokers.com,thechainsmokers.com,1,company_investor_relation|deal_investor_relation|investor_investment_relation
484091-92,The Codes Funds,12935,Venture Capital,,,1,company_investor_relation|deal_investor_relation|investor_investment_relation
471167-47,The Continent Venture Partners,12936,Venture Capital,www.tcvp.co,tcvp.co,1,company_investor_relation|deal_investor_relation|investor_investment_relation
512106-40,The Crypto Dog,12938,Angel (individual),,,1,company_investor_relation|deal_investor_relation|investor_investment_relation
470109-88,The Delta,12939,Venture Capital,www.thedelta.io,thedelta.io,1,company_investor_relation|deal_investor_relation|investor_investment_relation
497868-85,The Diversity Fund,12940,Other,www.diversityfund.net,diversityfund.net,1,company_investor_relation|deal_investor_relation|investor_investment_relation
893817-64,The DIY Fund,12941,Venture Capital,diyfund.com,diyfund.com,1,company_investor_relation|deal_investor_relation|investor_investment_relation
590825-62,The entrepreneur forum,12943,Accelerator/Incubator,www.theeforum.org,theeforum.org,1,company_investor_relation|deal_investor_relation|investor_investment_relation
650344-60,The European Blockchain Association,12944,Corporation,europeanblockchainassociation.org,europeanblockchainassociation.org,1,company_investor_relation|deal_investor_relation|investor_investment_relation
229240-81,The Farm (Atlanta),12945,Accelerator/Incubator,thefarmatl.com/overview,thefarmatl.com,1,company_investor_relation|deal_investor_relation|investor_investment_relation
501298-21,The Generalist,12950,Venture Capital,www.generalist.com,generalist.com,1,company_investor_relation|deal_investor_relation|investor_investment_relation
846525-88,The Honey Jar,12954,Corporation,www.0xhoneyjar.xyz,0xhoneyjar.xyz,1,company_investor_relation|deal_investor_relation|investor_investment_relation
12692-35,The Innovation Group,12957,PE-Backed Company,www.innovation.group,innovation.group,1,company_investor_relation|deal_investor_relation|investor_investment_relation
452783-26,The Invention Lab,12958,Venture Capital,www.theilab.kr,theilab.kr,1,company_investor_relation|deal_investor_relation|investor_investment_relation
769846-42,The Majira Project,12965,Accelerator/Incubator,www.majiraproject.org,majiraproject.org,1,company_investor_relation|deal_investor_relation|investor_investment_relation
279628-48,The Marathon Fund (Washington),12967,Venture Capital,www.themarathonfund.com,themarathonfund.com,1,company_investor_relation|deal_investor_relation|investor_investment_relation
452848-69,The Moon Venture,12971,Angel Group,themoonventure.com,themoonventure.com,1,company_investor_relation|deal_investor_relation|investor_investment_relation
494726-59,The Mortgage Academy,12972,Corporation,,,1,company_investor_relation|deal_investor_relation|investor_investment_relation
679532-59,The Next Lab,12973,Accelerator/Incubator,www.thenextlab.kr,thenextlab.kr,1,company_investor_relation|deal_investor_relation|investor_investment_relation
490970-53,The nksmart Brother Capital,12974,Venture Capital,,,1,company_investor_relation|deal_investor_relation|investor_investment_relation
277181-47,The People's Trust,12975,Accelerator/Incubator,www.thepeoplestrust.org,thepeoplestrust.org,1,company_investor_relation|deal_investor_relation|investor_investment_relation
436444-93,The Pioneer's Vault,12976,Corporation,,,1,company_investor_relation|deal_investor_relation|investor_investment_relation
552580-84,The Ronin Ventures,12984,Venture Capital,www.theroninventures.com,theroninventures.com,1,company_investor_relation|deal_investor_relation|investor_investment_relation
96916-78,The Sandbox Group,12985,PE-Backed Company,www.sandbox.com,sandbox.com,1,company_investor_relation|deal_investor_relation|investor_investment_relation
338528-17,The Sandbox Ngee Ann Polytechnic,12986,Accelerator/Incubator,,,1,company_investor_relation|deal_investor_relation|investor_investment_relation
454263-49,The Seed Project (Angel Group),12989,Angel Group,www.theseedproject.co,theseedproject.co,1,company_investor_relation|deal_investor_relation|investor_investment_relation
503521-66,The Tide Group,12992,Corporation,www.tide-china.com,tide-china.com,1,company_investor_relation|deal_investor_relation|investor_investment_relation
59266-81,The University of Edinburgh,12993,University,www.ed.ac.uk,ed.ac.uk,1,company_investor_relation|deal_investor_relation|investor_investment_relation
42043-51,The9,12997,Corporation,www.the9.com,the9.com,1,company_investor_relation|deal_investor_relation|investor_investment_relation
471654-55,Theia Ventures,13000,Venture Capital,www.theia-ventures.com,theia-ventures.com,1,company_investor_relation|deal_investor_relation|investor_investment_relation
812114-74,Theo(Financial Software),13001,VC-Backed Company,theo.xyz,theo.xyz,1,company_investor_relation|deal_investor_relation|investor_investment_relation
491441-05,Theodore Agranat,13002,Angel (individual),,,1,company_investor_relation|deal_investor_relation|investor_investment_relation
484597-45,There Exists Ventures,13004,Venture Capital,,,1,company_investor_relation|deal_investor_relation|investor_investment_relation
495819-28,Theronline,13005,Corporation,,,1,company_investor_relation|deal_investor_relation|investor_investment_relation
168802-84,Thibault Launay,13007,Angel (individual),,,1,company_investor_relation|deal_investor_relation|investor_investment_relation
721141-48,Thierry MERQUIOL,13010,Angel (individual),,,1,company_investor_relation|deal_investor_relation|investor_investment_relation
674516-89,"Third Wave Co., Ltd",13014,Corporation,,,1,company_investor_relation|deal_investor_relation|investor_investment_relation
484727-68,thirdweb,13015,VC-Backed Company,www.thirdweb.com,thirdweb.com,1,company_investor_relation|deal_investor_relation|investor_investment_relation
495819-19,Thomas Ruggieri,13027,Angel (individual),,,1,company_investor_relation|deal_investor_relation|investor_investment_relation
495410-68,Thomas Silbersky,13028,Angel (individual),,,1,company_investor_relation|deal_investor_relation|investor_investment_relation
529246-81,thomasg.eth thomasg.eth,13030,Angel (individual),www.thomasg.eth,thomasg.eth,1,company_investor_relation|deal_investor_relation|investor_investment_relation
491860-63,Thor Chan,13031,Angel (individual),,,1,company_investor_relation|deal_investor_relation|investor_investment_relation
462107-71,Thorchain,13032,VC-Backed Company,www.thorchain.org,thorchain.org,1,company_investor_relation|deal_investor_relation|investor_investment_relation
482434-03,Thorstarter,13033,VC-Backed Company,www.thorswap.finance,thorswap.finance,1,company_investor_relation|deal_investor_relation|investor_investment_relation
109914-85,Three Bridges Ventures,13037,Venture Capital,www.tbv.vc,tbv.vc,1,company_investor_relation|deal_investor_relation|investor_investment_relation
698058-82,Thunderbolt (Investor),13042,Venture Capital,,,1,company_investor_relation|deal_investor_relation|investor_investment_relation
454649-77,Tiago Rocha,13045,Angel (individual),,,1,company_investor_relation|deal_investor_relation|investor_investment_relation
98274-61,Tian Ge Interactive,13046,Corporation,www.tiange.com,tiange.com,1,company_investor_relation|deal_investor_relation|investor_investment_relation
592642-09,Tian Zeng,13048,Angel (individual),,,1,company_investor_relation|deal_investor_relation|investor_investment_relation
438793-84,Tianlian Capital,13049,Venture Capital,,,1,company_investor_relation|deal_investor_relation|investor_investment_relation
489607-84,Tianwei Liu,13051,Angel (individual),,,1,company_investor_relation|deal_investor_relation|investor_investment_relation
638427-70,TigerBCDAO,13056,Corporation,,,1,company_investor_relation|deal_investor_relation|investor_investment_relation
538117-75,Tillman Schulz,13059,Angel (individual),,,1,company_investor_relation|deal_investor_relation|investor_investment_relation
484821-46,Tim Kang,13061,Angel (individual),,,1,company_investor_relation|deal_investor_relation|investor_investment_relation
343464-94,Tim Reed,13062,Angel (individual),,,1,company_investor_relation|deal_investor_relation|investor_investment_relation
442395-10,Tim Wagner,13064,Angel (individual),,,1,company_investor_relation|deal_investor_relation|investor_investment_relation
442716-94,Tim Westergren,13066,Angel (individual),,,1,company_investor_relation|deal_investor_relation|investor_investment_relation
301049-20,Timeless Capital,13069,Special Purpose Acquisition Company (SPAC),,,1,company_investor_relation|deal_investor_relation|investor_investment_relation
496519-48,TimeShuffle,13070,VC-Backed Company,www.timeshuffle.io,timeshuffle.io,1,company_investor_relation|deal_investor_relation|investor_investment_relation
529860-07,Timisoara Startups,13074,Accelerator/Incubator,www.timisoarastartups.com,timisoarastartups.com,1,company_investor_relation|deal_investor_relation|investor_investment_relation
110090-98,Timothy McSweeney,13079,Angel (individual),,,1,company_investor_relation|deal_investor_relation|investor_investment_relation
107165-71,Timothy Ogilvie,13080,Angel (individual),,,1,company_investor_relation|deal_investor_relation|investor_investment_relation
436722-22,Tinvestment,13081,Venture Capital,tinvestment.co.kr,tinvestment.co.kr,1,company_investor_relation|deal_investor_relation|investor_investment_relation
501661-09,Titan Capital Group Holdings,13086,Venture Capital,,,1,company_investor_relation|deal_investor_relation|investor_investment_relation
41694-13,Titan Equity Partners,13087,PE/Buyout,www.titanequity.com,titanequity.com,1,company_investor_relation|deal_investor_relation|investor_investment_relation
739934-11,Titan Lab (Investor),13088,Corporation,,,1,company_investor_relation|deal_investor_relation|investor_investment_relation
519677-02,Titania Investment Group,13090,Venture Capital,,,1,company_investor_relation|deal_investor_relation|investor_investment_relation
528189-04,TK Capital,13092,Family Office,www.tkcapitalpartners.com,tkcapitalpartners.com,1,company_investor_relation|deal_investor_relation|investor_investment_relation
221468-41,TLF Ventures,13093,Venture Capital,www.tlfventures.com,tlfventures.com,1,company_investor_relation|deal_investor_relation|investor_investment_relation
10044-28,TM Capital,13094,Investment Bank,www.tmcapital.com,tmcapital.com,1,company_investor_relation|deal_investor_relation|investor_investment_relation
496030-96,TNC Group,13098,Corporation,www.tncitgroup.com,tncitgroup.com,1,company_investor_relation|deal_investor_relation|investor_investment_relation
435680-20,TNP On The Road,13101,Venture Capital,www.tnp-hansoku.com,tnp-hansoku.com,1,company_investor_relation|deal_investor_relation|investor_investment_relation
720604-18,Tobechi Taiwo,13104,Angel (individual),,,1,company_investor_relation|deal_investor_relation|investor_investment_relation
110884-96,Toda Kogyo,13106,Corporation,www.todakogyo.co.jp,todakogyo.co.jp,1,company_investor_relation|deal_investor_relation|investor_investment_relation
149548-69,Tofino Capital,13110,Venture Capital,www.tofinocap.com,tofinocap.com,1,company_investor_relation|deal_investor_relation|investor_investment_relation
484322-23,Tokenstack Fund,13116,Venture Capital,,,1,company_investor_relation|deal_investor_relation|investor_investment_relation
164279-80,Tokyo Founders Fund,13121,Angel Group,www.tokyofoundersfund.com,tokyofoundersfund.com,1,company_investor_relation|deal_investor_relation|investor_investment_relation
231608-08,Tokyo Metropolitan Government Accelerator,13123,Accelerator/Incubator,,,1,company_investor_relation|deal_investor_relation|investor_investment_relation
232121-17,Tokyo University of Science Investment Management,13124,Venture Capital,tusim.co.jp,tusim.co.jp,1,company_investor_relation|deal_investor_relation|investor_investment_relation
467887-06,Tom Schmidt,13128,Angel (individual),,,1,company_investor_relation|deal_investor_relation|investor_investment_relation
510611-14,Tom Serres,13129,Angel (individual),,,1,company_investor_relation|deal_investor_relation|investor_investment_relation
627503-32,Tom Shaughnessy,13130,Angel (individual),,,1,company_investor_relation|deal_investor_relation|investor_investment_relation
279511-93,Tomas Lööw,13131,Angel (individual),,,1,company_investor_relation|deal_investor_relation|investor_investment_relation
537592-24,Tomas Martunas,13132,Angel (individual),,,1,company_investor_relation|deal_investor_relation|investor_investment_relation
464391-64,Tomas Míka,13133,Angel (individual),,,1,company_investor_relation|deal_investor_relation|investor_investment_relation
482463-73,Tomer Ben-David,13134,Angel (individual),,,1,company_investor_relation|deal_investor_relation|investor_investment_relation
590664-88,Tommy Tran,13137,Angel (individual),,,1,company_investor_relation|deal_investor_relation|investor_investment_relation
535583-17,Tomoyuki KizakiSee,13139,Angel (individual),,,1,company_investor_relation|deal_investor_relation|investor_investment_relation
517527-91,TonStarter,13142,VC-Backed Company,tonstarter.com,tonstarter.com,1,company_investor_relation|deal_investor_relation|investor_investment_relation
820968-49,TONX (Hong Kong),13143,Venture Capital,,,1,company_investor_relation|deal_investor_relation|investor_investment_relation
109280-44,Tony Jamous,13145,Angel (individual),,,1,company_investor_relation|deal_investor_relation|investor_investment_relation
471664-81,Tony Jiang,13146,Angel (individual),,,1,company_investor_relation|deal_investor_relation|investor_investment_relation
532462-33,Toorik,13148,Corporation,,,1,company_investor_relation|deal_investor_relation|investor_investment_relation
531287-74,Top (Other Commercial Services),13149,Corporation,www.top-bv.net,top-bv.net,1,company_investor_relation|deal_investor_relation|investor_investment_relation
493030-45,Topfund,13151,Hedge Fund,www.topfund.nl,topfund.nl,1,company_investor_relation|deal_investor_relation|investor_investment_relation
41245-30,TopGolf Callaway Brands,13152,Holding Company,www.topgolfcallawaybrands.com,topgolfcallawaybrands.com,1,company_investor_relation|deal_investor_relation|investor_investment_relation
493607-17,Toploong,13153,Corporation,www.toploong.com,toploong.com,1,company_investor_relation|deal_investor_relation|investor_investment_relation
642433-51,Topology Ventures,13155,Venture Capital,www.topology.vc,topology.vc,1,company_investor_relation|deal_investor_relation|investor_investment_relation
42734-62,Tora Trading,13158,Corporation,www.tora.com,tora.com,1,company_investor_relation|deal_investor_relation|investor_investment_relation
1168809-31,Torab Torabi,13159,Angel (individual),,,1,company_investor_relation|deal_investor_relation|investor_investment_relation
481422-34,Torsten Wendl,13161,Angel (individual),,,1,company_investor_relation|deal_investor_relation|investor_investment_relation
483735-79,TosDis vc,13162,Venture Capital,,,1,company_investor_relation|deal_investor_relation|investor_investment_relation
151479-46,Totally Confidential,13166,Angel (individual),,,1,company_investor_relation|deal_investor_relation|investor_investment_relation
228475-00,Town Hall Ventures,13168,Venture Capital,www.townhallventures.com,townhallventures.com,1,company_investor_relation|deal_investor_relation|investor_investment_relation
571667-32,TradeCoinVN,13173,Corporation,www.tradecoinvn.com,tradecoinvn.com,1,company_investor_relation|deal_investor_relation|investor_investment_relation
615834-19,Trademayne Trademayne,13174,Angel (individual),tradermayne.com,tradermayne.com,1,company_investor_relation|deal_investor_relation|investor_investment_relation
606921-94,Trader XO,13176,Corporation,,,1,company_investor_relation|deal_investor_relation|investor_investment_relation
592373-08,Trading_axe,13179,Angel (individual),,,1,company_investor_relation|deal_investor_relation|investor_investment_relation
51402-79,Transakt,13182,Corporation,www.transaktltd.com,transaktltd.com,1,company_investor_relation|deal_investor_relation|investor_investment_relation
537185-26,Transparent Collective,13183,Accelerator/Incubator,www.transparentcollective.com,transparentcollective.com,1,company_investor_relation|deal_investor_relation|investor_investment_relation
490138-57,Travis Chambers,13185,Angel (individual),,,1,company_investor_relation|deal_investor_relation|investor_investment_relation
530788-96,Tree-Graph Blockchain Research Institute,13187,Corporation,www.tree-graph.org.cn,tree-graph.org.cn,1,company_investor_relation|deal_investor_relation|investor_investment_relation
572010-31,Treefrog Accelerator,13188,Accelerator/Incubator,www.treefrog.biz,treefrog.biz,1,company_investor_relation|deal_investor_relation|investor_investment_relation
515853-46,Trendex,13189,Corporation,www.trendex.vip,trendex.vip,1,company_investor_relation|deal_investor_relation|investor_investment_relation
571138-57,Trendigm,13190,Corporation,trendigm.com,trendigm.com,1,company_investor_relation|deal_investor_relation|investor_investment_relation
494866-27,Trinity Block Capital,13201,Venture Capital,www.trinity-b.capital,trinity-b.capital,1,company_investor_relation|deal_investor_relation|investor_investment_relation
538275-52,Trinity Lab,13202,Corporation,www.trinitylab.org,trinitylab.org,1,company_investor_relation|deal_investor_relation|investor_investment_relation
11320-48,Trinity Venture Capital,13203,Venture Capital,,,1,company_investor_relation|deal_investor_relation|investor_investment_relation
494661-61,Trisolaris,13206,VC-Backed Company,www.trisolaris.io,trisolaris.io,1,company_investor_relation|deal_investor_relation|investor_investment_relation
156681-82,Triumph Capital China,13210,Venture Capital,www.triumphcapital.com.cn,triumphcapital.com.cn,1,company_investor_relation|deal_investor_relation|investor_investment_relation
844662-25,Triumph Games,13211,Corporation,www.triumphgames.io,triumphgames.io,1,company_investor_relation|deal_investor_relation|investor_investment_relation
51577-30,Triventures,13213,Venture Capital,www.triventures.vc,triventures.vc,1,company_investor_relation|deal_investor_relation|investor_investment_relation
481205-98,Trodl,13214,Corporation,www.trodl.com,trodl.com,1,company_investor_relation|deal_investor_relation|investor_investment_relation
231148-90,Tropical Racing,13217,VC-Backed Company,www.tropicalracing.com,tropicalracing.com,1,company_investor_relation|deal_investor_relation|investor_investment_relation
268425-19,True Altitude,13221,Accelerator/Incubator,www.truealtitude.com,truealtitude.com,1,company_investor_relation|deal_investor_relation|investor_investment_relation
506668-51,True Culture Fund,13223,Venture Capital,,,1,company_investor_relation|deal_investor_relation|investor_investment_relation
89235-73,True Influence,13224,PE-Backed Company,www.trueinfluence.com,trueinfluence.com,1,company_investor_relation|deal_investor_relation|investor_investment_relation
536924-35,TrueBlock Capital,13225,Venture Capital,www.trueblock.capital,trueblock.capital,1,company_investor_relation|deal_investor_relation|investor_investment_relation
466619-95,Trusted Volumes,13232,Corporation,,,1,company_investor_relation|deal_investor_relation|investor_investment_relation
495920-08,TrustFi,13233,Venture Capital,www.trustfi.org,trustfi.org,1,company_investor_relation|deal_investor_relation|investor_investment_relation
621351-64,TTI Ventures,13238,Accelerator/Incubator,ttiventures.com,ttiventures.com,1,company_investor_relation|deal_investor_relation|investor_investment_relation
436002-13,Tue Lumbye,13239,Angel (individual),,,1,company_investor_relation|deal_investor_relation|investor_investment_relation
433504-18,Turbine Capital,13243,Venture Capital,www.turbinecapital.com,turbinecapital.com,1,company_investor_relation|deal_investor_relation|investor_investment_relation
433934-29,Turbostart,13244,Accelerator/Incubator,www.turbostart.co,turbostart.co,1,company_investor_relation|deal_investor_relation|investor_investment_relation
233752-24,Turquaz Angels,13247,Angel Group,www.turquazangels.com,turquazangels.com,1,company_investor_relation|deal_investor_relation|investor_investment_relation
494725-33,Tyler Mickelsen,13255,Angel (individual),,,1,company_investor_relation|deal_investor_relation|investor_investment_relation
752721-67,Type3 Capital,13259,Venture Capital,www.type3.capital,type3.capital,1,company_investor_relation|deal_investor_relation|investor_investment_relation
186052-42,Tyregate Capital,13261,Venture Capital,www.tyregatecapital.com,tyregatecapital.com,1,company_investor_relation|deal_investor_relation|investor_investment_relation
494724-61,Tyson Bigelow,13263,Angel (individual),,,1,company_investor_relation|deal_investor_relation|investor_investment_relation
596108-08,TZ APAC,13264,Corporation,www.tzapac.com,tzapac.com,1,company_investor_relation|deal_investor_relation|investor_investment_relation
719000-29,Télécom SudParis,13265,Corporation,telecom-sudparis.eu,telecom-sudparis.eu,1,company_investor_relation|deal_investor_relation|investor_investment_relation
512211-97,Ugochukwu Aronu,13270,Angel (individual),,,1,company_investor_relation|deal_investor_relation|investor_investment_relation
234897-22,Ugur Koyoglu,13271,Angel (individual),,,1,company_investor_relation|deal_investor_relation|investor_investment_relation
437358-79,Ukrainian Startup Fund,13272,Government,www.usf.com.ua,usf.com.ua,1,company_investor_relation|deal_investor_relation|investor_investment_relation
519052-42,Ulises Nunez,13274,Angel (individual),,,1,company_investor_relation|deal_investor_relation|investor_investment_relation
107379-64,Ultimovacs,13276,Corporation,www.ultimovacs.com,ultimovacs.com,1,company_investor_relation|deal_investor_relation|investor_investment_relation
597542-86,Umar Irene,13279,Angel (individual),,,1,company_investor_relation|deal_investor_relation|investor_investment_relation
497770-75,Unagii,13281,Venture Capital,,,1,company_investor_relation|deal_investor_relation|investor_investment_relation
608483-17,Undefined Capital,13283,Venture Capital,www.undefined-capital.com,undefined-capital.com,1,company_investor_relation|deal_investor_relation|investor_investment_relation
182106-19,UNICEF Venture Fund,13290,Venture Capital,www.unicefventurefund.org,unicefventurefund.org,1,company_investor_relation|deal_investor_relation|investor_investment_relation
537026-23,Unicode Digital,13291,Corporation,www.unicodedigital.com,unicodedigital.com,1,company_investor_relation|deal_investor_relation|investor_investment_relation
436648-33,Unicorn Growth Capital,13292,Venture Capital,www.unicorngrowthcap.com,unicorngrowthcap.com,1,company_investor_relation|deal_investor_relation|investor_investment_relation
601603-39,Unidentified DAO,13294,Venture Capital,,,1,company_investor_relation|deal_investor_relation|investor_investment_relation
483735-34,Unidex vc,13295,Venture Capital,,,1,company_investor_relation|deal_investor_relation|investor_investment_relation
152252-83,Unidos Financial Services,13296,PE-Backed Company,www.unidosfinancial.com,unidosfinancial.com,1,company_investor_relation|deal_investor_relation|investor_investment_relation
483854-23,UniFarms,13298,Accelerator/Incubator,,,1,company_investor_relation|deal_investor_relation|investor_investment_relation
265554-82,Unitec (Accelerator/Incubator),13303,Accelerator/Incubator,www.unitec.fr,unitec.fr,1,company_investor_relation|deal_investor_relation|investor_investment_relation
230038-57,Unity Capital,13309,Lender/Debt Provider,www.unitycapitalllc.com,unitycapitalllc.com,1,company_investor_relation|deal_investor_relation|investor_investment_relation
57662-20,Unity Ventures,13311,Venture Capital,www.unityventures.com,unityventures.com,1,company_investor_relation|deal_investor_relation|investor_investment_relation
118911-07,University of Cambridge,13313,University,www.cam.ac.uk,cam.ac.uk,1,company_investor_relation|deal_investor_relation|investor_investment_relation
489220-66,Unizen,13314,PE-Backed Company,www.unizen.io,unizen.io,1,company_investor_relation|deal_investor_relation|investor_investment_relation
437830-21,Unknown Ventures (Texas),13315,Accelerator/Incubator,www.unknown.vc,unknown.vc,1,company_investor_relation|deal_investor_relation|investor_investment_relation
490935-61,UNOPND,13318,Accelerator/Incubator,www.unopnd.com,unopnd.com,1,company_investor_relation|deal_investor_relation|investor_investment_relation
343764-91,UP2B Accelerator,13321,Accelerator/Incubator,www.up2b.io,up2b.io,1,company_investor_relation|deal_investor_relation|investor_investment_relation
170577-01,Upfront (Enterprise Systems),13323,VC-Backed Company,www.upfronthealthcare.com,upfronthealthcare.com,1,company_investor_relation|deal_investor_relation|investor_investment_relation
59912-56,Uplift (Educational Software),13325,Corporation,www.uplift.io,uplift.io,1,company_investor_relation|deal_investor_relation|investor_investment_relation
498220-75,Upload Ventures (Sao Paulo),13326,Venture Capital,www.upload.ventures,upload.ventures,1,company_investor_relation|deal_investor_relation|investor_investment_relation
224394-94,UpTop (Real Estate Services (B2C)),13330,VC-Backed Company,www.liveuptop.com,liveuptop.com,1,company_investor_relation|deal_investor_relation|investor_investment_relation
222356-89,Urs Keller,13333,Angel (individual),,,1,company_investor_relation|deal_investor_relation|investor_investment_relation
484843-69,Utopian Capital,13337,Venture Capital,,,1,company_investor_relation|deal_investor_relation|investor_investment_relation
230377-33,Utsav Somani,13338,Angel (individual),www.utsavsomani.com,utsavsomani.com,1,company_investor_relation|deal_investor_relation|investor_investment_relation
538276-24,Uvecon Pro,13341,Accelerator/Incubator,uvecon.vc,uvecon.vc,1,company_investor_relation|deal_investor_relation|investor_investment_relation
110337-76,UW CoMotion,13342,Accelerator/Incubator,comotion.uw.edu,comotion.uw.edu,1,company_investor_relation|deal_investor_relation|investor_investment_relation
436698-46,Uxsino,13343,PE-Backed Company,www.uxsino.com,uxsino.com,1,company_investor_relation|deal_investor_relation|investor_investment_relation
550856-71,V-Unicorn Ventures,13344,Venture Capital,,,1,company_investor_relation|deal_investor_relation|investor_investment_relation
327310-66,Valdy Investments,13348,Special Purpose Acquisition Company (SPAC),,,1,company_investor_relation|deal_investor_relation|investor_investment_relation
482141-26,Valon Capital,13353,Venture Capital,www.valoncap.com,valoncap.com,1,company_investor_relation|deal_investor_relation|investor_investment_relation
530744-95,Vandelay Investments,13356,Venture Capital,www.vandelay.com,vandelay.com,1,company_investor_relation|deal_investor_relation|investor_investment_relation
52970-68,Vangoo Capital Partners,13357,Venture Capital,www.vangoocapital.com,vangoocapital.com,1,company_investor_relation|deal_investor_relation|investor_investment_relation
588736-00,Vanora Ventures,13358,Accelerator/Incubator,www.vanoraventures.com,vanoraventures.com,1,company_investor_relation|deal_investor_relation|investor_investment_relation
741183-04,Vantage (United Kingdom),13359,Accelerator/Incubator,www.joinvantage.co.uk,joinvantage.co.uk,1,company_investor_relation|deal_investor_relation|investor_investment_relation
537009-22,Vantagepoint (Investor),13360,Corporation,,,1,company_investor_relation|deal_investor_relation|investor_investment_relation
436788-01,VarCapital,13362,Venture Capital,www.varcapital.com.cn,varcapital.com.cn,1,company_investor_relation|deal_investor_relation|investor_investment_relation
98455-96,Variant,13363,Real Estate,,,1,company_investor_relation|deal_investor_relation|investor_investment_relation
436883-95,VCshare,13374,Venture Capital,www.vcshare.cn,vcshare.cn,1,company_investor_relation|deal_investor_relation|investor_investment_relation
503681-86,Vdroid,13375,Corporation,www.vdroid.co,vdroid.co,1,company_investor_relation|deal_investor_relation|investor_investment_relation
64551-79,Vector (Media and Information Services),13376,Corporation,www.vectorinc.co.jp,vectorinc.co.jp,1,company_investor_relation|deal_investor_relation|investor_investment_relation
10151-56,Vector Capital (California),13377,PE/Buyout,www.vectorcapital.com,vectorcapital.com,1,company_investor_relation|deal_investor_relation|investor_investment_relation
63689-14,Vectr Ventures,13378,Venture Capital,vectr.co,vectr.co,1,company_investor_relation|deal_investor_relation|investor_investment_relation
607732-66,Veil Capital,13379,Hedge Fund,www.veil.capital,veil.capital,1,company_investor_relation|deal_investor_relation|investor_investment_relation
467931-52,Velas (Switzerland),13381,PE-Backed Company,www.velas.com,velas.com,1,company_investor_relation|deal_investor_relation|investor_investment_relation
482006-80,Veligera Capital,13382,Growth/Expansion,veligera.com,veligera.com,1,company_investor_relation|deal_investor_relation|investor_investment_relation
439259-86,Velora,13386,VC-Backed Company,www.velora.xyz,velora.xyz,1,company_investor_relation|deal_investor_relation|investor_investment_relation
502914-52,Velvix,13387,Corporation,www.velvix.com,velvix.com,1,company_investor_relation|deal_investor_relation|investor_investment_relation
731873-98,Ventshare Capital,13391,Accelerator/Incubator,www.ventshare.eu,ventshare.eu,1,company_investor_relation|deal_investor_relation|investor_investment_relation
222269-59,Ventura Capital,13392,Venture Capital,www.ventura.ae,ventura.ae,1,company_investor_relation|deal_investor_relation|investor_investment_relation
229944-70,Venture One,13394,Venture Capital,www.venture.one,venture.one,1,company_investor_relation|deal_investor_relation|investor_investment_relation
125410-33,VentureClub,13395,Venture Capital,www.ventureclub.co,ventureclub.co,1,company_investor_relation|deal_investor_relation|investor_investment_relation
327463-48,Venu Palaparthi,13397,Angel (individual),,,1,company_investor_relation|deal_investor_relation|investor_investment_relation
471436-84,Vera (Financial Services),13399,Corporation,vera.financial,vera.financial,1,company_investor_relation|deal_investor_relation|investor_investment_relation
10169-56,Verizon Enterprise Solutions,13402,Corporation,,,1,company_investor_relation|deal_investor_relation|investor_investment_relation
131136-67,Vestian,13411,Corporation,www.vestian.com,vestian.com,1,company_investor_relation|deal_investor_relation|investor_investment_relation
483652-00,Vezures,13415,Venture Capital,www.vezures.com,vezures.com,1,company_investor_relation|deal_investor_relation|investor_investment_relation
489452-50,vfortune,13417,Venture Capital,,,1,company_investor_relation|deal_investor_relation|investor_investment_relation
60856-66,Via Renewables,13419,Corporation,www.viarenewables.com,viarenewables.com,1,company_investor_relation|deal_investor_relation|investor_investment_relation
442605-43,Vibhu Norby,13421,Angel (individual),,,1,company_investor_relation|deal_investor_relation|investor_investment_relation
118617-04,VIC.,13425,Corporation,,,1,company_investor_relation|deal_investor_relation|investor_investment_relation
55325-26,Viceroy Ventures,13427,Venture Capital,www.viceven.com,viceven.com,1,company_investor_relation|deal_investor_relation|investor_investment_relation
597332-17,Victor Zhu,13432,Angel (individual),,,1,company_investor_relation|deal_investor_relation|investor_investment_relation
495819-82,Victoria Mc Kune,13433,Angel (individual),,,1,company_investor_relation|deal_investor_relation|investor_investment_relation
233535-88,Viki Fund,13439,Venture Capital,www.vikifund.com,vikifund.com,1,company_investor_relation|deal_investor_relation|investor_investment_relation
343617-85,Viking Capital Blockchain,13440,Venture Capital,,,1,company_investor_relation|deal_investor_relation|investor_investment_relation
467661-70,Vinners,13450,Angel Group,www.vinners.org,vinners.org,1,company_investor_relation|deal_investor_relation|investor_investment_relation
519492-79,Vinor Zukhubaia,13453,Angel (individual),,,1,company_investor_relation|deal_investor_relation|investor_investment_relation
515285-38,Vipin Patel,13456,Angel (individual),,,1,company_investor_relation|deal_investor_relation|investor_investment_relation
50925-70,Virginia Venture Partners,13459,Venture Capital,,,1,company_investor_relation|deal_investor_relation|investor_investment_relation
41641-21,Visa,13462,Corporation,www.visa.com,visa.com,1,company_investor_relation|deal_investor_relation|investor_investment_relation
497422-00,Visa Accelerator,13463,Accelerator/Incubator,www.visa.com.sg,visa.com.sg,1,company_investor_relation|deal_investor_relation|investor_investment_relation
434537-47,Visa Innovation Program,13465,Accelerator/Incubator,www.visainnovationprogram.com,visainnovationprogram.com,1,company_investor_relation|deal_investor_relation|investor_investment_relation
465365-62,Vishal Uttam,13467,Angel (individual),,,1,company_investor_relation|deal_investor_relation|investor_investment_relation
186268-69,Vision Ventures (Saudi Arabia),13470,Corporate Venture Capital,visionvc.co,visionvc.co,1,company_investor_relation|deal_investor_relation|investor_investment_relation
498109-24,Vista Lab,13472,Venture Capital,,,1,company_investor_relation|deal_investor_relation|investor_investment_relation
437860-54,Vitalbridge Capital,13473,Venture Capital,www.vitalbridge.com,vitalbridge.com,1,company_investor_relation|deal_investor_relation|investor_investment_relation
996462-73,Vitality Ventures.,13474,Corporation,www.vitalitycrypto.com,vitalitycrypto.com,1,company_investor_relation|deal_investor_relation|investor_investment_relation
343369-45,VIVA Investment Partners,13477,Venture Capital,www.vivapartners.net,vivapartners.net,1,company_investor_relation|deal_investor_relation|investor_investment_relation
229058-29,Viva Technology,13478,Accelerator/Incubator,vivatech.com,vivatech.com,1,company_investor_relation|deal_investor_relation|investor_investment_relation
181458-19,Vivek Kapoor,13479,Angel (individual),,,1,company_investor_relation|deal_investor_relation|investor_investment_relation
470596-42,Vivek Seth,13482,Angel (individual),,,1,company_investor_relation|deal_investor_relation|investor_investment_relation
721053-37,Vladislav Fedoš,13485,Angel (individual),,,1,company_investor_relation|deal_investor_relation|investor_investment_relation
509372-56,Vladislav Martynov,13486,Angel (individual),,,1,company_investor_relation|deal_investor_relation|investor_investment_relation
606924-10,Vocado Toast,13488,Venture Capital,,,1,company_investor_relation|deal_investor_relation|investor_investment_relation
41939-92,Vodafone Group,13489,Corporation,www.vodafone.com,vodafone.com,1,company_investor_relation|deal_investor_relation|investor_investment_relation
503664-04,Vol 1 Ventures,13490,Venture Capital,vol1ventures.com,vol1ventures.com,1,company_investor_relation|deal_investor_relation|investor_investment_relation
277295-05,Volkswagen Future Mobility Incubator,13491,Accelerator/Incubator,,,1,company_investor_relation|deal_investor_relation|investor_investment_relation
756781-30,Vonrosen,13495,Family Office,www.vonrosen.com,vonrosen.com,1,company_investor_relation|deal_investor_relation|investor_investment_relation
470964-43,Vorto Gaming,13496,VC-Backed Company,www.vortogaming.github.io/github-pages-marketingsite,vortogaming.github.io,1,company_investor_relation|deal_investor_relation|investor_investment_relation
522691-93,VP (Korea),13497,Other,www.service.vp.co.kr,service.vp.co.kr,1,company_investor_relation|deal_investor_relation|investor_investment_relation
608161-87,vvv (),13499,Corporation,www.app.vvv.net,app.vvv.net,1,company_investor_relation|deal_investor_relation|investor_investment_relation
501745-96,Vwynn capital,13500,Venture Capital,,,1,company_investor_relation|deal_investor_relation|investor_investment_relation
226258-39,W Ventures,13503,Venture Capital,www.wventures.de,wventures.de,1,company_investor_relation|deal_investor_relation|investor_investment_relation
527426-56,W.I.I Capital,13504,Venture Capital,,,1,company_investor_relation|deal_investor_relation|investor_investment_relation
234398-62,W2 Labs,13505,Accelerator/Incubator,www.w2labs.com,w2labs.com,1,company_investor_relation|deal_investor_relation|investor_investment_relation
608350-15,W3 Studios,13506,Accelerator/Incubator,www.w3studio.us,w3studio.us,1,company_investor_relation|deal_investor_relation|investor_investment_relation
434195-83,WA4STEAM,13507,Angel Group,www.wa4steam.com,wa4steam.com,1,company_investor_relation|deal_investor_relation|investor_investment_relation
229668-40,Wachsman,13508,Corporation,www.wachsman.com,wachsman.com,1,company_investor_relation|deal_investor_relation|investor_investment_relation
481582-09,Waggle Network,13509,Corporation,www.waggle.network,waggle.network,1,company_investor_relation|deal_investor_relation|investor_investment_relation
762490-36,Wale Swoosh,13514,Angel (individual),,,1,company_investor_relation|deal_investor_relation|investor_investment_relation
644424-40,Walid Benothman,13516,Angel (individual),,,1,company_investor_relation|deal_investor_relation|investor_investment_relation
53149-06,Walton Family Foundation,13517,Not-For-Profit Venture Capital,www.waltonfamilyfoundation.org,waltonfamilyfoundation.org,1,company_investor_relation|deal_investor_relation|investor_investment_relation
221770-09,Wanchain,13518,Corporation,www.wanchain.org,wanchain.org,1,company_investor_relation|deal_investor_relation|investor_investment_relation
433801-81,Wandarin,13519,Corporation,,,1,company_investor_relation|deal_investor_relation|investor_investment_relation
65912-50,Wanna Biz,13523,Venture Capital,www.wannabiz.com.ua,wannabiz.com.ua,1,company_investor_relation|deal_investor_relation|investor_investment_relation
10074-61,Warburg Pincus,13525,PE/Buyout,www.warburgpincus.com,warburgpincus.com,1,company_investor_relation|deal_investor_relation|investor_investment_relation
518133-07,Warisan Investment Partners,13526,Angel Group,www.warisaninvestmentpartners.com,warisaninvestmentpartners.com,1,company_investor_relation|deal_investor_relation|investor_investment_relation
153925-21,Warpspeed Ventures,13528,Accelerator/Incubator,,,1,company_investor_relation|deal_investor_relation|investor_investment_relation
596294-20,Wassie Lawyer,13532,Angel (individual),,,1,company_investor_relation|deal_investor_relation|investor_investment_relation
503330-32,Wassim Merheby,13533,Angel (individual),,,1,company_investor_relation|deal_investor_relation|investor_investment_relation
472245-76,Wavia Consulting,13539,Impact Investing,www.wavia.global,wavia.global,1,company_investor_relation|deal_investor_relation|investor_investment_relation
438397-39,WAX (Financial Software),13540,VC-Backed Company,www.wax.io,wax.io,1,company_investor_relation|deal_investor_relation|investor_investment_relation
482475-52,WaYi,13541,Corporation,,,1,company_investor_relation|deal_investor_relation|investor_investment_relation
227341-18,Wayra UK,13543,Corporate Venture Capital,www.wayra.uk,wayra.uk,1,company_investor_relation|deal_investor_relation|investor_investment_relation
466873-21,Weak Simp Capital,13545,Venture Capital,weaksimpcap.com,weaksimpcap.com,1,company_investor_relation|deal_investor_relation|investor_investment_relation
494624-98,Wealth Legacy Freedom,13546,Corporation,ww1.wealthlegacyfreedom.com,ww1.wealthlegacyfreedom.com,1,company_investor_relation|deal_investor_relation|investor_investment_relation
756127-63,Web 3 Whales,13547,Venture Capital,,,1,company_investor_relation|deal_investor_relation|investor_investment_relation
509117-68,Web3 Investco,13549,PE/Buyout,www.web3investco.ch,web3investco.ch,1,company_investor_relation|deal_investor_relation|investor_investment_relation
552772-09,Web3 Media Venture,13550,Venture Capital,,,1,company_investor_relation|deal_investor_relation|investor_investment_relation
500024-62,Web4 Venture,13551,Venture Capital,,,1,company_investor_relation|deal_investor_relation|investor_investment_relation
63868-06,Webedia,13552,VC-Backed Company,www.webedia-group.com,webedia-group.com,1,company_investor_relation|deal_investor_relation|investor_investment_relation
98368-75,Wecash,13554,VC-Backed Company,www.wecashgroup.com,wecashgroup.com,1,company_investor_relation|deal_investor_relation|investor_investment_relation
115026-85,Wei Guo,13557,Angel (individual),,,1,company_investor_relation|deal_investor_relation|investor_investment_relation
515567-26,Weirdo Ghost Gang,13560,Corporation,www.weirdoghost.com,weirdoghost.com,1,company_investor_relation|deal_investor_relation|investor_investment_relation
103233-07,WeLikeStartup,13562,Accelerator/Incubator,www.welikestartup.com,welikestartup.com,1,company_investor_relation|deal_investor_relation|investor_investment_relation
592669-81,Wes Cowan,13573,Angel (individual),,,1,company_investor_relation|deal_investor_relation|investor_investment_relation
150971-14,WET center,13583,Accelerator/Incubator,wetcenter.org,wetcenter.org,1,company_investor_relation|deal_investor_relation|investor_investment_relation
223017-22,WhaleShark,13587,Accelerator/Incubator,,,1,company_investor_relation|deal_investor_relation|investor_investment_relation
507388-96,Whisk Ventures,13588,Corporate Venture Capital,www.whisk.vc,whisk.vc,1,company_investor_relation|deal_investor_relation|investor_investment_relation
433421-56,White Matrix,13589,Venture Capital,whitematrix.io,whitematrix.io,1,company_investor_relation|deal_investor_relation|investor_investment_relation
731604-61,Whitecove Capital,13590,Venture Capital,,,1,company_investor_relation|deal_investor_relation|investor_investment_relation
268163-65,Whitestones Ventures,13591,Venture Capital,,,1,company_investor_relation|deal_investor_relation|investor_investment_relation
865712-08,Whitewater Labs,13592,Accelerator/Incubator,whitewater.capital,whitewater.capital,1,company_investor_relation|deal_investor_relation|investor_investment_relation
515823-67,Widjaja Family,13594,Family Office,,,1,company_investor_relation|deal_investor_relation|investor_investment_relation
509460-22,Wildcat Venture,13597,Venture Capital,www.wildcatventure.io,wildcatventure.io,1,company_investor_relation|deal_investor_relation|investor_investment_relation
268707-52,Will Ventures,13601,Venture Capital,willventures.com,willventures.com,1,company_investor_relation|deal_investor_relation|investor_investment_relation
544668-22,Will Wolf,13603,Angel (individual),,,1,company_investor_relation|deal_investor_relation|investor_investment_relation
123532-48,WILLA (Paris),13604,Accelerator/Incubator,www.hellowilla.co,hellowilla.co,1,company_investor_relation|deal_investor_relation|investor_investment_relation
52099-12,William Jessup University Endowment,13614,Corporation,,,1,company_investor_relation|deal_investor_relation|investor_investment_relation
529609-15,William Piquard,13615,Angel (individual),,,1,company_investor_relation|deal_investor_relation|investor_investment_relation
481869-10,William Ready,13616,Angel (individual),,,1,company_investor_relation|deal_investor_relation|investor_investment_relation
98861-23,Win Capital Group,13621,Corporation,www.wincapitalgroup.com,wincapitalgroup.com,1,company_investor_relation|deal_investor_relation|investor_investment_relation
506949-40,Winacore Capital,13622,Venture Capital,www.winacore.com,winacore.com,1,company_investor_relation|deal_investor_relation|investor_investment_relation
501679-90,Windvane,13625,Accelerator/Incubator,,,1,company_investor_relation|deal_investor_relation|investor_investment_relation
59904-73,Wings Capital Partners,13626,PE-Backed Company,www.wingscap.com,wingscap.com,1,company_investor_relation|deal_investor_relation|investor_investment_relation
489146-59,Winning Together Fund,13628,Venture Capital,www.winningtogether.fund,winningtogether.fund,1,company_investor_relation|deal_investor_relation|investor_investment_relation
52340-95,Winnington Capital,13629,Hedge Fund,www.winnington.net,winnington.net,1,company_investor_relation|deal_investor_relation|investor_investment_relation
359134-03,Winston International,13630,Corporation,www.winstonele.com,winstonele.com,1,company_investor_relation|deal_investor_relation|investor_investment_relation
124663-69,Winter Capital Partners,13631,Venture Capital,www.wintercapital.com,wintercapital.com,1,company_investor_relation|deal_investor_relation|investor_investment_relation
531302-68,Winternitz,13632,Venture Capital,www.winternitz.cz,winternitz.cz,1,company_investor_relation|deal_investor_relation|investor_investment_relation
268028-56,WinZO,13634,Venture Capital,www.winzogames.com,winzogames.com,1,company_investor_relation|deal_investor_relation|investor_investment_relation
52972-39,Wisconsin Investment Partners,13636,Angel Group,wisinvpartners.com,wisinvpartners.com,1,company_investor_relation|deal_investor_relation|investor_investment_relation
99042-49,Wisekey International Holding,13639,Corporation,www.wisekey.com,wisekey.com,1,company_investor_relation|deal_investor_relation|investor_investment_relation
501080-86,Witek Radomski,13643,Angel (individual),,,1,company_investor_relation|deal_investor_relation|investor_investment_relation
279469-27,WolfFun,13648,VC-Backed Company,www.wolffungame.com,wolffungame.com,1,company_investor_relation|deal_investor_relation|investor_investment_relation
494716-42,WOLOT Foundation,13650,Growth/Expansion,www.wolot.io,wolot.io,1,company_investor_relation|deal_investor_relation|investor_investment_relation
416672-92,Woodside Holdings,13653,Asset Manager,www.wh-im.com,wh-im.com,1,company_investor_relation|deal_investor_relation|investor_investment_relation
484390-00,Woodson Game,13654,Venture Capital,,,1,company_investor_relation|deal_investor_relation|investor_investment_relation
109448-11,Woori Technology Investment Company,13655,Venture Capital,www.wooricapital.co.kr,wooricapital.co.kr,1,company_investor_relation|deal_investor_relation|investor_investment_relation
470440-90,Woorton,13656,Corporation,www.woorton.com,woorton.com,1,company_investor_relation|deal_investor_relation|investor_investment_relation
497434-51,WTIA Group,13660,Corporation,www.wtia.io,wtia.io,1,company_investor_relation|deal_investor_relation|investor_investment_relation
277320-16,WTMC,13661,Corporation,www.wtmc.com,wtmc.com,1,company_investor_relation|deal_investor_relation|investor_investment_relation
265369-42,Wuqiong Venture Capital,13666,Venture Capital,www.wuqiongvc.com,wuqiongvc.com,1,company_investor_relation|deal_investor_relation|investor_investment_relation
496026-46,WWM Ventures,13667,Accelerator/Incubator,www.wwmventures.com,wwmventures.com,1,company_investor_relation|deal_investor_relation|investor_investment_relation
222000-13,Wylab,13668,Accelerator/Incubator,www.wylab.net,wylab.net,1,company_investor_relation|deal_investor_relation|investor_investment_relation
340928-11,Wyre Capital Management,13669,Asset Manager,www.wyre.capital,wyre.capital,1,company_investor_relation|deal_investor_relation|investor_investment_relation
43104-88,X (Social/Platform Software),13670,PE-Backed Company,www.x.com,x.com,1,company_investor_relation|deal_investor_relation|investor_investment_relation
1162645-66,X Wave Labs,13671,Accelerator/Incubator,www.xwavelabs.io,xwavelabs.io,1,company_investor_relation|deal_investor_relation|investor_investment_relation
462869-74,X-Europe,13672,Accelerator/Incubator,www.xeurope.eu,xeurope.eu,1,company_investor_relation|deal_investor_relation|investor_investment_relation
495522-73,X1K Ventures,13673,Venture Capital,,,1,company_investor_relation|deal_investor_relation|investor_investment_relation
61059-70,X5 Music Group,13675,Corporation,www.x5musicgroup.com,x5musicgroup.com,1,company_investor_relation|deal_investor_relation|investor_investment_relation
619109-74,Xade,13676,Corporation,xade.finance,xade.finance,1,company_investor_relation|deal_investor_relation|investor_investment_relation
510221-08,Xalts,13677,Corporation,www.xalts.io,xalts.io,1,company_investor_relation|deal_investor_relation|investor_investment_relation
489077-11,Xavier Venture Group,13683,Venture Capital,,,1,company_investor_relation|deal_investor_relation|investor_investment_relation
539256-79,XBorg,13685,Corporation,www.xborg.com,xborg.com,1,company_investor_relation|deal_investor_relation|investor_investment_relation
433801-63,XBTING,13686,Corporation,xbting.com,xbting.com,1,company_investor_relation|deal_investor_relation|investor_investment_relation
434538-73,Xbting Fund,13687,Venture Capital,,,1,company_investor_relation|deal_investor_relation|investor_investment_relation
222576-76,XBTO Ventures,13688,Corporate Venture Capital,,,1,company_investor_relation|deal_investor_relation|investor_investment_relation
467713-90,XCarnival,13689,VC-Backed Company,www.xcarnival.fi,xcarnival.fi,1,company_investor_relation|deal_investor_relation|investor_investment_relation
502615-36,XE04,13690,Venture Capital,,,1,company_investor_relation|deal_investor_relation|investor_investment_relation
762490-99,Xeer Xeer,13691,Angel (individual),,,1,company_investor_relation|deal_investor_relation|investor_investment_relation
517011-67,Xeta Capital,13693,Corporation,www.xetablack.com,xetablack.com,1,company_investor_relation|deal_investor_relation|investor_investment_relation
633160-36,XFounders,13694,Accelerator/Incubator,www.x-founders.com,x-founders.com,1,company_investor_relation|deal_investor_relation|investor_investment_relation
53775-82,Xfund,13695,Venture Capital,www.xfund.com,xfund.com,1,company_investor_relation|deal_investor_relation|investor_investment_relation
481728-34,Xi'an New Area Financial Holdings Capital Asset Management,13696,Government,,,1,company_investor_relation|deal_investor_relation|investor_investment_relation
436615-48,Xiahu Chu Foundation,13697,Venture Capital,,,1,company_investor_relation|deal_investor_relation|investor_investment_relation
266151-07,XiangJi Tech,13698,VC-Backed Company,www.mlogcn.com,mlogcn.com,1,company_investor_relation|deal_investor_relation|investor_investment_relation
51401-80,Xiaomi Technology,13702,Corporation,www.mi.com,mi.com,1,company_investor_relation|deal_investor_relation|investor_investment_relation
106594-66,Xiaoping Xu,13703,Angel (individual),,,1,company_investor_relation|deal_investor_relation|investor_investment_relation
464059-27,Xiaoyin Zhang,13704,Angel (individual),,,1,company_investor_relation|deal_investor_relation|investor_investment_relation
707131-99,Xin,13706,Family Office,,,1,company_investor_relation|deal_investor_relation|investor_investment_relation
520889-32,Xin Enterprise,13707,Venture Capital,www.xinfamily.vip,xinfamily.vip,1,company_investor_relation|deal_investor_relation|investor_investment_relation
552105-55,Xlimit,13710,Accelerator/Incubator,xlimit.globalbrains.com,xlimit.globalbrains.com,1,company_investor_relation|deal_investor_relation|investor_investment_relation
497371-87,Xoogler Ventures,13714,Venture Capital,,,1,company_investor_relation|deal_investor_relation|investor_investment_relation
161793-64,Xoogler.co,13715,Accelerator/Incubator,www.xoogler.co,xoogler.co,1,company_investor_relation|deal_investor_relation|investor_investment_relation
484163-38,XP.Network,13716,VC-Backed Company,www.xp.network,xp.network,1,company_investor_relation|deal_investor_relation|investor_investment_relation
502913-35,XSGames,13718,Venture Capital,,,1,company_investor_relation|deal_investor_relation|investor_investment_relation
497966-14,Y&Archer,13724,Accelerator/Incubator,www.ynarcher.com,ynarcher.com,1,company_investor_relation|deal_investor_relation|investor_investment_relation
894683-17,Y2 Ventures,13725,VC-Backed Company,,,1,company_investor_relation|deal_investor_relation|investor_investment_relation
232422-22,Yair Goldfinger,13726,Angel (individual),,,1,company_investor_relation|deal_investor_relation|investor_investment_relation
229205-17,Yak Access,13727,Corporation,www.yakaccess.com,yakaccess.com,1,company_investor_relation|deal_investor_relation|investor_investment_relation
466935-94,Yan Boey,13730,Angel (individual),,,1,company_investor_relation|deal_investor_relation|investor_investment_relation
462737-53,Yasin Qureshi,13736,Angel (individual),,,1,company_investor_relation|deal_investor_relation|investor_investment_relation
708063-58,Yasovardhan Chinni,13737,Angel (individual),,,1,company_investor_relation|deal_investor_relation|investor_investment_relation
111140-74,Ye Cheng,13740,Angel (individual),,,1,company_investor_relation|deal_investor_relation|investor_investment_relation
535396-15,Yeeha Games,13743,VC-Backed Company,www.yeehagames.com,yeehagames.com,1,company_investor_relation|deal_investor_relation|investor_investment_relation
57801-07,Yellow Brick Road Holdings,13747,Corporation,www.ybr.com.au,ybr.com.au,1,company_investor_relation|deal_investor_relation|investor_investment_relation
500651-56,Yellow Road,13748,Corporation,yellow-road.web.app,yellow-road.web.app,1,company_investor_relation|deal_investor_relation|investor_investment_relation
463472-92,Yemu Yemu,13749,Angel (individual),,,1,company_investor_relation|deal_investor_relation|investor_investment_relation
718223-59,Yeshu Agarwal,13750,Angel (individual),,,1,company_investor_relation|deal_investor_relation|investor_investment_relation
481758-31,YFund,13752,Other,www.yfund.co.kr,yfund.co.kr,1,company_investor_relation|deal_investor_relation|investor_investment_relation
416549-89,YG Investment,13753,Corporate Venture Capital,www.yg-investment.com,yg-investment.com,1,company_investor_relation|deal_investor_relation|investor_investment_relation
607951-81,Ygg,13754,Holding Company,www.yggaxis.com,yggaxis.com,1,company_investor_relation|deal_investor_relation|investor_investment_relation
503834-14,Yield Master,13755,Corporation,,,1,company_investor_relation|deal_investor_relation|investor_investment_relation
594357-49,Yields and More,13756,Venture Capital,,,1,company_investor_relation|deal_investor_relation|investor_investment_relation
509358-97,YM Capital,13765,Venture Capital,,,1,company_investor_relation|deal_investor_relation|investor_investment_relation
608024-08,YNK Capital,13767,Venture Capital,www.ynk.capital,ynk.capital,1,company_investor_relation|deal_investor_relation|investor_investment_relation
454286-08,Yobi Partners,13768,Angel Group,yobipartners.com,yobipartners.com,1,company_investor_relation|deal_investor_relation|investor_investment_relation
498536-83,Yooshi,13771,Venture Capital,,,1,company_investor_relation|deal_investor_relation|investor_investment_relation
127652-14,Yoozoo,13772,Corporation,www.yoozoo.com,yoozoo.com,1,company_investor_relation|deal_investor_relation|investor_investment_relation
160140-25,Yorkville Equity Partners,13773,Growth/Expansion,www.yorkvillepartners.com,yorkvillepartners.com,1,company_investor_relation|deal_investor_relation|investor_investment_relation
496588-69,Yosu,13775,Hedge Fund,www.yosu.co.jp,yosu.co.jp,1,company_investor_relation|deal_investor_relation|investor_investment_relation
500651-47,YouClout,13776,Venture Capital,www.youclout.com,youclout.com,1,company_investor_relation|deal_investor_relation|investor_investment_relation
465200-29,YOUR MEAL,13777,Corporation,www.your-meal.co.jp,your-meal.co.jp,1,company_investor_relation|deal_investor_relation|investor_investment_relation
525585-52,Yousu Investment,13779,Corporate Venture Capital,,,1,company_investor_relation|deal_investor_relation|investor_investment_relation
223092-91,YT Venture Partners,13783,Venture Capital,www.ytgo.vc,ytgo.vc,1,company_investor_relation|deal_investor_relation|investor_investment_relation
438794-02,Yuan Chain Capital,13785,Venture Capital,,,1,company_investor_relation|deal_investor_relation|investor_investment_relation
465693-40,Yuanjie Zhang,13786,Angel (individual),,,1,company_investor_relation|deal_investor_relation|investor_investment_relation
287972-02,Yuanyuan Li,13787,Angel (individual),,,1,company_investor_relation|deal_investor_relation|investor_investment_relation
343498-42,Yuhu Technology,13788,VC-Backed Company,www.yuhu.tech,yuhu.tech,1,company_investor_relation|deal_investor_relation|investor_investment_relation
265339-54,Yunmu Capital,13792,Venture Capital,www.yunmucap.com,yunmucap.com,1,company_investor_relation|deal_investor_relation|investor_investment_relation
287956-09,YunZhou Capital,13793,Corporation,www.yzcapital.cn,yzcapital.cn,1,company_investor_relation|deal_investor_relation|investor_investment_relation
725013-37,Yusho Liu,13794,Angel (individual),,,1,company_investor_relation|deal_investor_relation|investor_investment_relation
531190-18,Yuto No.1,13796,Venture Capital,,,1,company_investor_relation|deal_investor_relation|investor_investment_relation
434010-07,Yves Guillemot,13798,Angel (individual),,,1,company_investor_relation|deal_investor_relation|investor_investment_relation
472108-69,Z&Y Capital,13802,Venture Capital,www.zycapitalvc.com,zycapitalvc.com,1,company_investor_relation|deal_investor_relation|investor_investment_relation
537592-42,Zach Bruch,13807,Angel (individual),,,1,company_investor_relation|deal_investor_relation|investor_investment_relation
459434-98,Zach Segal,13808,Angel (individual),,,1,company_investor_relation|deal_investor_relation|investor_investment_relation
462134-71,Zachary Zeldin,13816,Angel (individual),,,1,company_investor_relation|deal_investor_relation|investor_investment_relation
1165049-20,Zachnic Investments,13817,Corporation,,,1,company_investor_relation|deal_investor_relation|investor_investment_relation
597723-85,Zack Voell,13818,Angel (individual),,,1,company_investor_relation|deal_investor_relation|investor_investment_relation
607145-41,Zagabond Azuki,13819,Angel (individual),,,1,company_investor_relation|deal_investor_relation|investor_investment_relation
470581-84,Zain Allarakhia,13821,Angel (individual),,,1,company_investor_relation|deal_investor_relation|investor_investment_relation
438711-40,Zain Ventures,13822,Asset Manager,www.zain-ventures.com,zain-ventures.com,1,company_investor_relation|deal_investor_relation|investor_investment_relation
493759-63,ZAKA VC,13823,Venture Capital,www.zaka.vc,zaka.vc,1,company_investor_relation|deal_investor_relation|investor_investment_relation
343292-86,Zambezi Prize,13825,Corporation,www.zambezi.mit.edu,zambezi.mit.edu,1,company_investor_relation|deal_investor_relation|investor_investment_relation
616005-46,Zanyar Sherwani,13827,Angel (individual),,,1,company_investor_relation|deal_investor_relation|investor_investment_relation
756124-21,Zapfile,13828,Corporation,www.zapfilethai.com,zapfilethai.com,1,company_investor_relation|deal_investor_relation|investor_investment_relation
496565-29,ZB Nexus,13830,Venture Capital,,,1,company_investor_relation|deal_investor_relation|investor_investment_relation
11647-27,ZEISS International,13837,Corporation,www.zeiss.com,zeiss.com,1,company_investor_relation|deal_investor_relation|investor_investment_relation
607126-87,Zen Dragon,13840,Angel (individual),,,1,company_investor_relation|deal_investor_relation|investor_investment_relation
756592-93,Zen Llama,13841,Angel (individual),,,1,company_investor_relation|deal_investor_relation|investor_investment_relation
166670-20,Zenith Group,13843,Venture Capital,www.zenithvc.se,zenithvc.se,1,company_investor_relation|deal_investor_relation|investor_investment_relation
459538-93,Zenith Ventures (China),13844,Venture Capital,,,1,company_investor_relation|deal_investor_relation|investor_investment_relation
503439-31,Zentech Capital,13845,Venture Capital,,,1,company_investor_relation|deal_investor_relation|investor_investment_relation
525357-55,Zephyr Capital (Consulting Services (B2B)),13847,Corporation,www.zephyrcapital.com.sg,zephyrcapital.com.sg,1,company_investor_relation|deal_investor_relation|investor_investment_relation
62544-07,Zero2IPO Venture Capital,13851,Corporate Venture Capital,www.vc.zero2ipo.com.cn,vc.zero2ipo.com.cn,1,company_investor_relation|deal_investor_relation|investor_investment_relation
467896-51,Zero2Launch,13852,Corporation,zero2launch.teachable.com,zero2launch.teachable.com,1,company_investor_relation|deal_investor_relation|investor_investment_relation
503330-41,Zeyar Htet,13854,Angel (individual),,,1,company_investor_relation|deal_investor_relation|investor_investment_relation
134721-46,Zhengduozhe Technology,13858,PE-Backed Company,www.pharmacline.com,pharmacline.com,1,company_investor_relation|deal_investor_relation|investor_investment_relation
435663-28,Zhenhua Capital,13859,Other,,,1,company_investor_relation|deal_investor_relation|investor_investment_relation
227784-61,Zhenzhuo Asset Management,13860,Asset Manager,www.cachet-group.com,cachet-group.com,1,company_investor_relation|deal_investor_relation|investor_investment_relation
510436-18,Zhu Huaiyang,13863,Angel (individual),,,1,company_investor_relation|deal_investor_relation|investor_investment_relation
60537-52,ZIGExN,13864,Corporation,www.zigexn.co.jp,zigexn.co.jp,1,company_investor_relation|deal_investor_relation|investor_investment_relation
938645-20,ZIGLabs,13865,Venture Capital,www.ziglabs.vc,ziglabs.vc,1,company_investor_relation|deal_investor_relation|investor_investment_relation
503377-84,ZigZag Labs,13866,Corporation,www.zigzaglabs.io,zigzaglabs.io,1,company_investor_relation|deal_investor_relation|investor_investment_relation
228973-60,Zipper Fund,13871,Venture Capital,www.zipper.fund,zipper.fund,1,company_investor_relation|deal_investor_relation|investor_investment_relation
527642-29,Zircon Global Technologies,13872,Corporation,www.zirconglobaltechnologies.com,zirconglobaltechnologies.com,1,company_investor_relation|deal_investor_relation|investor_investment_relation
491510-08,Zitga,13873,Corporation,zitga.com.vn,zitga.com.vn,1,company_investor_relation|deal_investor_relation|investor_investment_relation
627514-84,ZLOY ZLOY,13876,Angel (individual),,,1,company_investor_relation|deal_investor_relation|investor_investment_relation
606919-51,Zoran Kole,13879,Angel (individual),,,1,company_investor_relation|deal_investor_relation|investor_investment_relation
517758-22,Zoth,13880,Corporation,zoth.io,zoth.io,1,company_investor_relation|deal_investor_relation|investor_investment_relation
42213-25,Zynga,13881,Corporation,www.zynga.com,zynga.com,1,company_investor_relation|deal_investor_relation|investor_investment_relation
495643-69,Órbita accelerator,13882,Accelerator/Incubator,www.programaorbita.com,programaorbita.com,1,company_investor_relation|deal_investor_relation|investor_investment_relation
112193-38,AtomRedMetZoloto,13883,Corporation,www.armz.ru,armz.ru,1,company_investor_relation|deal_investor_relation
11126-89,Blue Chip Venture,13885,Venture Capital,bcvc.com,bcvc.com,1,company_investor_relation|deal_investor_relation
59691-25,Capricorn Business Acquisitions,13886,Special Purpose Acquisition Company (SPAC),,,1,company_investor_relation|deal_investor_relation
135851-50,CNNC Overseas Uranium Holdings,13888,Corporation,,,1,company_investor_relation|deal_investor_relation
506880-28,GreenMerc,13893,VC-Backed Company,www.greenmerc.com,greenmerc.com,1,company_investor_relation|deal_investor_relation
518945-86,JobsOhio Ventures,13894,Venture Capital,www.jobsohioventures.com,jobsohioventures.com,1,company_investor_relation|deal_investor_relation
571961-89,Six Senses Holdings Corporation,13897,Corporation,,,1,company_investor_relation|deal_investor_relation
537832-81,Slipstream Capital,13898,Venture Capital,www.slipstreamcapital.com.au,slipstreamcapital.com.au,1,company_investor_relation|deal_investor_relation
459170-92,Snowy Owl Gold,13899,Holding Company,www.snowyowlgold.com,snowyowlgold.com,1,company_investor_relation|deal_investor_relation
95589-55,Thundermark Capital,13902,Venture Capital,www.thundermark.com,thundermark.com,1,company_investor_relation|deal_investor_relation
437821-75,Viking Maccabee Ventures,13903,Venture Capital,,,1,company_investor_relation|deal_investor_relation
234136-81,Akatsuki Entertainment Technology Fund,13905,Venture Capital,www.aktsk-ent.com,aktsk-ent.com,1,fund_investment_relation
114369-58,Antai Ventures,13906,Venture Capital,www.antaiventures.com,antaiventures.com,1,fund_investment_relation
54379-45,Detroit Development Fund,13913,Corporation,www.detroitdevelopmentfund.com,detroitdevelopmentfund.com,1,fund_investment_relation
10193-50,KDDI,13917,Corporation,www.kddi.com,kddi.com,1,fund_investment_relation
227787-40,Lever VC,13918,Impact Investing,www.levervc.com,levervc.com,1,fund_investment_relation
61772-41,Local Initiatives Support Corporation,13920,Impact Investing,www.lisc.org,lisc.org,1,fund_investment_relation
223060-60,Morgan Stanley Private Equity Asia,13924,PE/Buyout,,,1,fund_investment_relation
41975-92,ORIX (Tokyo),13926,Corporation,www.orix.co.jp,orix.co.jp,1,fund_investment_relation
11292-22,Saints Capital,13927,Secondary Buyer,www.saintscapital.com,saintscapital.com,1,fund_investment_relation
59615-02,Sony Financial Group,13929,Holding Company,www.sonyfg.co.jp,sonyfg.co.jp,1,fund_investment_relation
53147-89,W.K. Kellogg Foundation,13933,Impact Investing,www.wkkf.org,wkkf.org,1,fund_investment_relation
897024-07,Albaraka Garaj,13935,Accelerator/Incubator,www.albarakagaraj.com,albarakagaraj.com,1,company_investor_relation
265606-93,Berkley Center for Entrepreneurship,13937,Accelerator/Incubator,www.nyusternberkleycenter.com,nyusternberkleycenter.com,1,company_investor_relation
458078-41,Bonfida,13938,VC-Backed Company,www.bonfida.org,bonfida.org,1,company_investor_relation
493404-49,Brandon Millman,13939,Angel (individual),,,1,company_investor_relation
169641-82,Calibrate Ventures,13940,Venture Capital,www.calibratevc.com,calibratevc.com,1,company_investor_relation
519011-11,Chimera Global (California),13941,Venture Capital,,,1,company_investor_relation
495931-87,Cmoon Channel,13943,Corporation,,,1,company_investor_relation
623810-17,Common Prefix,13944,Corporation,commonprefix.com,commonprefix.com,1,company_investor_relation
95915-98,Credissimo,13945,Corporation,www.credissimo.bg,credissimo.bg,1,company_investor_relation
465492-88,Gelos Ventures,13948,Venture Capital,gelos.finance,gelos.finance,1,company_investor_relation
432551-89,Gorun Solar,13949,Corporation,www.gorunsolar.solarbe.com,gorunsolar.solarbe.com,1,company_investor_relation
154301-95,Hacker Unit,13950,Accelerator/Incubator,www.hackerunit.com,hackerunit.com,1,company_investor_relation
539252-56,Initiative for Cryptocurrencies & Contracts,13952,Corporation,www.initc3.org,initc3.org,1,company_investor_relation
226303-21,Kilmahew Ventures,13955,Venture Capital,www.kilmahew.com,kilmahew.com,1,company_investor_relation
490232-98,mei ventures,13956,Venture Capital,www.meiventures.com,meiventures.com,1,company_investor_relation
157220-11,Nueces Investments Ltd.,13958,Other,,,1,company_investor_relation
231940-90,Petros Bozatzis,13960,Angel (individual),,,1,company_investor_relation
493404-31,Phillip Liu,13961,Angel (individual),,,1,company_investor_relation
436231-99,Secured and Collateralized Lending,13965,Corporation,,,1,company_investor_relation
470443-87,TX Ventures,13967,Venture Capital,tx.ventures,tx.ventures,1,company_investor_relation
179904-43,Wave Ventures,13968,Venture Capital,www.wave.ventures,wave.ventures,1,company_investor_relation
234614-53,White Company,13969,Corporation,thewhitecompanyus.com,thewhitecompanyus.com,1,company_investor_relation
58987-27,Zero2IPO Fund of Funds,13970,Limited Partner,fof.zero2ipo.com.cn,fof.zero2ipo.com.cn,1,company_investor_relation
