company_id,company_name,normalized_domain,company_type,include_rule_B,rule_B_token_ticker,rule_B_token_name,rule_B_token_url,confidence,needs_manual_review
1000487-44,Tenbin Labs,tenbinlabs.xyz,protocol_or_network,yes,"[""TGLD""]","[""Tenbin Gold""]","[""https://www.coingecko.com/en/coins/tenbin-gold""]",high,no
100102-51,DigiByte,digibyte.org,protocol_or_network,yes,"[""DGB""]","[""DigiByte""]","[""https://coinmarketcap.com/currencies/digibyte/""]",high,no
100358-56,Uphold Worldwide,uphold.com,exchange_or_broker,yes,"[""UPT""]","[""Universal Protocol Token""]","[""https://uphold.com/en-eu/prices/crypto/upt-price""]",low,no
100369-36,Liquid (Japan),liquid.com,exchange_or_broker,yes,"[""QASH""]","[""QASH""]","[""https://coinmarketcap.com/currencies/qash/""]",medium,no
102181-24,Bluwhale,bluwhale.com,protocol_or_network,yes,"[""BLUAI"", ""BLUP""]","[""Bluwhale AI Token"", ""Bluwhale Points Token""]","[""https://bluwhale.gitbook.io/bluwhaleai/tokens/usdbluai"", ""https://bluwhale.gitbook.io/bluwhaleai/tokens/usdblup""]",high,no
103164-04,Wealth Migrate,gloprop.com,investment_or_holdings,yes,"[""WRE""]","[""WEALTHE Coin""]","[""https://wealthe.io/""]",high,no
103725-10,Zikto,zikto.com,traditional_business,yes,"[""ISR""]","[""Insureum""]","[""https://coinmarketcap.com/currencies/insureum/""]",medium,no
104088-70,Leondrino,leondrino.com,dapp_or_product,yes,"[""XLEO""]","[""XLEO""]","[""https://xleo.leondrino.com/en/home/""]",high,no
104223-52,Aurovine,aurovine.com,dapp_or_product,yes,"[""ADC""]","[""AudioCoin""]","[""https://coinmarketcap.com/currencies/audiocoin/""]",medium,no
104892-40,BigchainDB,bigchaindb.com,infrastructure_or_data,yes,"[""OCEAN""]","[""Ocean Protocol""]","[""https://coinmarketcap.com/currencies/ocean-protocol/""]",low,no
107666-29,Gemini Space Station,gemini.com,exchange_or_broker,yes,"[""GUSD""]","[""Gemini Dollar""]","[""https://www.gemini.com/dollar""]",high,no
107771-14,NeuCoin,neucoin.org,protocol_or_network,yes,"[""NEU""]","[""NeuCoin""]","[""https://coinmarketcap.com/currencies/neucoin/""]",high,no
1078347-43,Fightcoin,fightcoin.org,dapp_or_product,yes,"[""FIGHTHARD""]","[""FightCoin""]","[""https://coinmooner.com/coins/fightcoin-fighthard""]",high,no
1078694-02,MonkeyLegauge,monkeylegauge.com,gaming_or_nft,yes,"[""LINEUP""]","[""LINEUP""]","[""https://www.unkjd.com/coin""]",medium,no
1080743-77,IDRX (Financial Software),idrx.co,protocol_or_network,yes,"[""IDRX""]","[""IDRX""]","[""https://www.coingecko.com/en/coins/idrx""]",high,no
108224-02,Chiliz,chiliz.com,protocol_or_network,yes,"[""CHZ""]","[""Chiliz""]","[""https://docs.chiliz.com/learn/about-chiliz-chain""]",high,no
1082866-87,Consensus,,protocol_or_network,yes,"[""SEN""]","[""Consensus""]","[""https://cryptoslate.com/coins/consensus/""]",high,no
1083527-74,True Foundation,true.foundation,protocol_or_network,yes,"[""TRUE""]","[""TRUE""]","[""https://true.foundation/whitepaper.pdf""]",high,no
1084938-67,Lov.cash,lovcash.co.za,dapp_or_product,yes,"[""CZAR""]","[""CZAR""]","[""https://www.lovcash.co.za/terms-conditions""]",high,no
109574-74,CryptoCorum,,protocol_or_network,yes,"[""XWBC""]","[""LXCCoin""]","[""https://www.globenewswire.com/news-release/2015/03/02/939356/0/en/strategabiz-announces-execution-of-conditional-agreement-to-purchase-cryptocorum-the-originator-of-the-cryptocurrency-lxccoin.html""]",low,yes
109679-77,Tech Bureau,techbureau.jp,exchange_or_broker,yes,"[""CMS""]","[""COMSA""]","[""https://coinmarketcap.com/currencies/comsa-xem/""]",high,no
109754-56,Benja,benja.co,media_or_education,yes,"[""BENJA""]","[""benjaCoin""]","[""https://www.benjacoin.com/""]",high,no
109909-81,ShapeShift,shapeshift.com,wallet_or_custody,yes,"[""FOX""]","[""ShapeShift FOX Token""]","[""https://shapeshift.com/dao/fox-token""]",high,no
111335-86,BnkToTheFuture,bnktothefuture.com,investment_or_holdings,yes,"[""BFT""]","[""BnkToTheFuture Token""]","[""https://bf-token.bnktothefuture.com/pdf/whitepaper.pdf""]",high,no
112042-27,BurstIQ,burstiq.com,infrastructure_or_data,yes,"[""BIQ""]","[""BiQ""]","[""https://www.burstiq.com/wp-content/uploads/2017/08/BurstIQ-Token-Memo_19Jul2017reduced.pdf""]",medium,yes
112811-59,Corn,usecorn.com,protocol_or_network,yes,"[""CORN"", ""BTCN""]","[""CORN"", ""Bitcorn""]","[""https://coinmarketcap.com/currencies/use-corn/corn/"", ""https://www.coingecko.com/en/coins/bitcorn-2""]",high,no
1131635-80,Zucoins,zucoins.com,protocol_or_network,yes,"[""ZUCOINS""]","[""Zucoins""]","[""https://zucoins.com/what-are-zucoins/""]",medium,yes
113200-75,Bit2Me,bit2me.com,exchange_or_broker,yes,"[""B2M""]","[""Bit2Me Token""]","[""https://bit2me.com/suite/launchpad/project/b2m""]",high,no
1132228-45,Block Street,blockstreet.money,protocol_or_network,yes,"[""BSB""]","[""Block Street""]","[""https://coinmarketcap.com/currencies/block-street/""]",high,no
113365-63,DecBC,blockchainzoo.com,protocol_or_network,yes,"[""ZBC""]","[""ZBC""]","[""https://coincodex.com/crypto/zbc-token/""]",high,no
113691-97,GNY (United States ),gny.io,protocol_or_network,yes,"[""GNY""]","[""GNY""]","[""https://gny.io/gny-token/""]",high,no
113724-37,Rp Expert Network,rpexps.com,infrastructure_or_data,yes,"[""PHB"", ""CCD""]","[""Phoenix Global"", ""Computation Credits""]","[""https://token-econ-update.phoenix.global/"", ""https://pnode-litepaper.phoenix.global/""]",medium,yes
113735-08,Injii,coin.injii.com,media_or_education,yes,"[""IAC""]","[""injii Access Coin""]","[""https://coin.injii.com/about-us""]",high,no
113767-21,ShoCard,shocard.com,security_or_compliance,yes,"[""SHO""]","[""ShoCoin""]","[""https://coinpaprika.com/storage/cdn/whitepapers/448345.pdf""]",low,yes
113826-43,Education Ecosystem,educationecosystem.com,media_or_education,yes,"[""LEDU""]","[""Education Ecosystem""]","[""https://coinmarketcap.com/currencies/education-ecosystem/""]",high,no
113857-03,MangoCoinz,mangocoinz.com,dapp_or_product,yes,"[""MCZ""]","[""MangoCoinz""]","[""https://coinmarketcap.com/currencies/mangocoinz/""]",high,no
113867-56,Jampick,jampick.co.kr,gaming_or_nft,yes,"[""CFXT""]","[""Chainflix""]","[""https://coinmarketcap.com/currencies/chainflix/""]",high,no
113934-79,Factom,factom.com,protocol_or_network,yes,"[""FCT""]","[""Factom""]","[""https://coinmarketcap.com/currencies/factom/""]",high,no
113958-73,BitoEX,bitoex.com,wallet_or_custody,yes,"[""BITO""]","[""Bito Coin""]","[""https://www.bitopro.com/ns/en-US/bito_coin""]",high,no
114430-60,Rivetz,rivetz.com,security_or_compliance,yes,"[""RVT""]","[""Rivetz""]","[""https://coinmarketcap.com/currencies/rivetz/""]",high,no
1146503-44,Fanable (Financial Services),fanable.io,dapp_or_product,yes,"[""COLLECT""]","[""Collect on Fanable""]","[""https://collectfoundation.xyz/collect""]",high,yes
1146513-61,Azos Finance,azos.finance,protocol_or_network,yes,"[""AZUSD"", ""AZOS"", ""SEED""]","[""AZUSD"", ""AZOS"", ""SEED""]","[""https://docs.azos.finance/docs/contracts/core_contracts/"", ""https://claim.azos.finance/""]",high,no
11526-49,BitTorrent,bittorrent.com,protocol_or_network,yes,"[""BTT""]","[""BitTorrent Token""]","[""https://www.bittorrent.com/token/btt/""]",high,no
1152698-05,DeVita,devita.io,dapp_or_product,yes,"[""LIFE""]","[""DEVITA""]","[""https://coinmarketcap.com/currencies/devita-global/""]",medium,yes
1153077-94,Xbo,xbo.com,exchange_or_broker,yes,"[""XBO""]","[""XBO Token""]","[""https://www.xbo.com/en/xbo-token""]",high,no
1153113-40,Noice (Financial Services),noice.so,protocol_or_network,yes,"[""NOICE""]","[""NOICE""]","[""https://docs.noice.so/tokenomics""]",high,no
1153593-91,Alien (Systems and Information Management),alien.international,protocol_or_network,yes,"[""ACU"", ""AVL""]","[""ACU Token"", ""Availability Token""]","[""https://alien.international/""]",high,no
1153683-19,Avici,avici.money,wallet_or_custody,yes,"[""AVICI""]","[""Avici""]","[""https://coinmarketcap.com/currencies/avici/""]",medium,yes
1153718-83,TBook,tbook.com,protocol_or_network,yes,"[""BOOK""]","[""BOOK""]","[""https://docs.tbook.com/tbook/tokenomics/tokenomics""]",high,no
1153760-32,StraitsX,straitsx.com,infrastructure_or_data,yes,"[""XSGD"", ""XUSD"", ""XIDR""]","[""StraitsX SGD"", ""StraitsX USD"", ""StraitsX IDR""]","[""https://www.straitsx.com/xsgd"", ""https://www.straitsx.com/xusd"", ""https://www.straitsx.com/xidr""]",high,no
1154174-86,Pieverse,pieverse.io,infrastructure_or_data,yes,"[""PIEVERSE""]","[""PIEVERSE""]","[""https://www.pieverse.io/whitepaper""]",high,no
115519-15,Atlas 3T,atlas3t.com,infrastructure_or_data,yes,"[""KAT""]","[""KAT""]","[""https://catalystnet.org/""]",medium,no
1156317-40,Entry (Business/Productivity Software),entry.network,protocol_or_network,yes,"[""ENT""]","[""ENTRY""]","[""https://entry-3.gitbook.io/entry-white-paper/10.-token-design-and-economics""]",high,no
1156342-69,GAEA,aigaea.net,protocol_or_network,yes,"[""GAEA""]","[""GAEA""]","[""https://app.aigaea.net/engine/?view=whitepaper""]",high,no
1157176-18,Metatech (Financial Services),metatech.network,protocol_or_network,yes,"[""MTT""]","[""MetaTechCoin""]","[""https://metatech.network/""]",high,no
1157676-49,Gold Coin AI,goldcoinai.com,dapp_or_product,yes,"[""GCAI""]","[""GCAI Stablecoin""]","[""https://www.goldcoinai.com/what-makes-gcai-different""]",high,no
1158034-24,Avon,avon.xyz,protocol_or_network,yes,"[""USDmY""]","[""USDm Yield""]","[""https://mega.etherscan.io/token/0x2ea493384f42d7ea78564f3ef4c86986eab4a890""]",high,no
1158521-23,Standard Money,standardmoney.com,protocol_or_network,yes,"[""USDsd"", ""sUSDsd""]","[""USDsd"", ""sUSDsd""]","[""https://docs.standardmoney.com/how-usdsd-works/overview"", ""https://docs.standardmoney.com/protocol-revenue/susdsd-rewards""]",high,no
1158599-89,DGrid AI,dgrid.ai,protocol_or_network,yes,"[""DGAI""]","[""DGAI""]","[""https://docs.dgrid.ai/What-is-%24DGAI""]",high,no
1158625-72,Timpi,timpi.io,protocol_or_network,yes,"[""NTMPI""]","[""Neutaro""]","[""https://www.bitmart.com/en-US/crypto/NTMPI""]",high,no
1159324-84,Pharaoh,pharaoh.exchange,exchange_or_broker,yes,"[""PHAR"", ""xPHAR""]","[""PHAR Token"", ""xPHAR Token""]","[""https://docs.pharaoh.exchange/pages/contract-addresses"", ""https://docs.pharaoh.exchange/pages/tokenomics-and-emissions""]",high,no
1159576-66,Flayer,flayer.io,protocol_or_network,yes,"[""FLAY""]","[""Flayer""]","[""https://migrate.flayer.io/""]",high,no
1162492-84,Blockchain Sports,bcsports.io,protocol_or_network,yes,"[""ATLA""]","[""ATLA Coin""]","[""https://blockchain-sports.gitbook.io/atleta-network/atleta-l1/usdatla""]",high,no
1162603-18,Unibase,unibase.com,infrastructure_or_data,yes,"[""UB""]","[""Unibase""]","[""https://coinmarketcap.com/currencies/unibase/""]",high,no
1165021-12,Hippocrat,datahippo.xyz,protocol_or_network,yes,"[""HP""]","[""Hippo Protocol""]","[""https://whitepaper.hippoprotocol.ai/6.-hp-coin-usdhp""]",high,no
1166563-18,Workquest,workquest.co,protocol_or_network,yes,"[""WQT"", ""WUSD""]","[""WorkQuest Token"", ""WorkUSD""]","[""https://workquest.co/""]",high,no
1166635-54,Final DeFi,final-de.fi,protocol_or_network,yes,"[""PHI""]","[""PHI""]","[""https://final-de.fi/whitepaper.html""]",medium,yes
1167799-69,DeepNode,deepnode.ai,infrastructure_or_data,yes,"[""DN""]","[""DeepNode""]","[""https://deepnode.gitbook.io/docs/about-us/general-faqs/tokenomics-and-utility""]",high,no
1167835-60,Hetu,hetu.org,protocol_or_network,yes,"[""HETU""]","[""HETU""]","[""https://docs.hetu.org/chain/components-desc""]",high,no
1168886-53,Pye,pye.fi,protocol_or_network,yes,"[""PT"", ""RT"", ""pSOL"", ""ySOL""]","[""Principal Token"", ""Reward Token"", ""pSOL"", ""ySOL""]","[""https://docs.pye.fi/"", ""https://messari.io/project/pye-finance/fundraising""]",medium,no
117058-42,investFeed,investfeed.com,dapp_or_product,yes,"[""IFT""]","[""InvestFeed""]","[""https://coinmarketcap.com/currencies/investfeed/""]",medium,no
117086-41,IQ.wiki,iq.wiki,dapp_or_product,yes,"[""IQ""]","[""IQ""]","[""https://iq.wiki/wiki/iq""]",high,no
1173323-26,PG Labs,pglab.io,service_provider,yes,"[""PNT""]","[""PNT""]","[""https://docs.pheasant.network/ecosystem/pnt""]",high,no
117348-13,UTU,utu.io,protocol_or_network,yes,"[""UTU""]","[""UTU Coin""]","[""https://coinmarketcap.com/currencies/utu-protocol/""]",high,no
117450-19,NuCypher,nucypher.com,protocol_or_network,yes,"[""T""]","[""Threshold Network""]","[""https://docs.threshold.network/t-token""]",high,no
117545-50,Qredo,qredo.com,protocol_or_network,yes,"[""QRDO""]","[""QRDO""]","[""https://www.qredo.com/blog/introducing-qredo-token""]",high,no
117558-37,Vanbex Labs,etherparty.com,dapp_or_product,yes,"[""FUEL""]","[""FUEL""]","[""https://coinmarketcap.com/currencies/etherparty/""]",medium,no
118093-15,ConsenSys,consensys.io,infrastructure_or_data,yes,"[""LINEA""]","[""Linea""]","[""https://coinmarketcap.com/currencies/linea/""]",high,no
118309-42,Rentberry,rentberry.com,dapp_or_product,yes,"[""BERRY""]","[""Rentberry""]","[""https://www.coingecko.com/en/coins/rentberry""]",medium,yes
118322-02,Cryptyk,cryptyk.io,security_or_compliance,yes,"[""CTK""]","[""Cryptyk""]","[""https://coinmarketcap.com/currencies/cryptyk-token/""]",medium,yes
118372-15,Hearti,hearti.io,dapp_or_product,yes,"[""SURE""]","[""SURETY Token""]","[""https://etherscan.io/token/0x95382ac82e886a367bac9e1e23beabe569bcfed8""]",high,no
118818-37,Digital Asset,digitalasset.com,infrastructure_or_data,yes,"[""CC""]","[""Canton Coin""]","[""https://www.canton.network/blog/canton-coin-rewarding-utility""]",medium,no
1188779-86,qLabs,qlabs.tech,protocol_or_network,yes,"[""qONE""]","[""qONE""]","[""https://qlabs.tech/""]",high,no
1191335-77,Lumera Health,lumerahealth.ai,dapp_or_product,yes,"[""LUR""]","[""Lumera Health""]","[""https://lumerahealth.ai/""]",high,no
120207-79,Credits (Financial Software),credits.vision,protocol_or_network,yes,"[""CS""]","[""Credits""]","[""https://coinmarketcap.com/currencies/credits/""]",high,no
120366-01,Crowdz,crowdz.io,dapp_or_product,yes,"[""CRZ""]","[""Crowdz Token""]","[""https://crowdz.io/whitepaper/avalon-marketplace-a-blockchain-based-receivables-marketplace""]",high,no
121558-06,Seeds,seedsgives.com,protocol_or_network,yes,"[""SEEDS""]","[""SEEDS""]","[""https://www.seedsgives.com/faq""]",high,no
121763-98,Picnic (Financial-Software),swarm.co,protocol_or_network,yes,"[""PICNIC"", ""BASKET""]","[""Picnic Network token"", ""Picnic Fund Token""]","[""https://docs.picnic.network/picnic-network-tokenomics/picnic-tokenomics"", ""https://docs.picnic.network/picnic-network-tokenomics/picnic-networks-two-token-system""]",medium,yes
1230614-65,Magma (Financial Services),magmafinance.io,protocol_or_network,yes,"[""MAGMA""]","[""MAGMA""]","[""https://coinmarketcap.com/currencies/magma-finance/""]",high,no
1230638-59,X1 Labs,x1.xyz,protocol_or_network,yes,"[""XNT""]","[""XNT""]","[""https://x1labs.io/""]",high,no
1231695-46,Strata,strata.money,protocol_or_network,yes,"[""srUSDe"", ""jrUSDe""]","[""Strata Senior USDe"", ""Strata Junior USDe""]","[""https://docs.strata.markets/""]",high,no
1231739-65,Conduct (Financial Software),conductprotocol.xyz,protocol_or_network,yes,"[""CNDT""]","[""CNDT""]","[""https://conductprotocol.xyz/""]",high,no
1232056-81,Deepbook,deepbookai.io,protocol_or_network,yes,"[""DEEP""]","[""DEEP""]","[""https://www.deepbook.tech/deep-token""]",high,no
1232694-10,Vrem,vrem.io,protocol_or_network,yes,"[""VREM""]","[""VREM""]","[""https://vrem.io/whitepaper/en/""]",high,no
1233053-83,Valley Arcade Games,arcade.valley.games,gaming_or_nft,yes,"[""VALLEY""]","[""VALLEY""]","[""https://support.lfg.inc/hc/en-us/articles/29150451767707-Valley-Arcade-Games-Frequently-Asked-Questions""]",medium,no
1240038-73,ZenChain,zenchain.io,protocol_or_network,yes,"[""ZTC""]","[""ZTC""]","[""https://coinmarketcap.com/currencies/zenchain/""]",high,no
1240755-13,TeraHash,terahash.xyz,protocol_or_network,yes,"[""THS"", ""HASH""]","[""THS"", ""HASH""]","[""https://terahash.xyz/whitepaper.pdf""]",medium,no
1240969-60,Besteam Game,besteam.io,gaming_or_nft,yes,"[""BTEM""]","[""BTEM""]","[""https://www.digithon.it/startups/1452/besteam""]",medium,yes
1241096-86,Safeforge,safeforge.finance,protocol_or_network,yes,"[""SAFF""]","[""Safeforge Token""]","[""https://medium.com/%40jkuan456/safeforge-beta-and-governance-token-rewards-19c58c8906f3""]",medium,yes
1241683-93,Konnex (Business/Productivity Software),konnex.world,protocol_or_network,yes,"[""KNX""]","[""Konnex""]","[""https://konnexworld.com/""]",high,no
1241901-37,Beatcoin,beatswap.net,protocol_or_network,yes,"[""BTX""]","[""BeatSwap""]","[""https://www.coingecko.com/en/coins/beatswap""]",high,no
1242057-52,Matrix (Financial software),matrixlabs.app,protocol_or_network,yes,"[""MTX""]","[""MTX Governance Token""]","[""https://www.matrixlabs.app/whitepaper""]",high,no
1242085-15,FunctionSPACE,functionspace.dev,protocol_or_network,yes,"[""FS""]","[""FS token""]","[""https://www.functionspace.dev/docs/faq""]",high,no
1242114-04,Cadenverse,cadenverse.com,gaming_or_nft,yes,"[""CDV"", ""MSC""]","[""Cadenverse Platform Token"", ""Music Coin""]","[""https://whitepaper.cadenverse.com/tokenomics/tokens""]",high,no
1242174-61,DAR Open Network,dalarnia.com,protocol_or_network,yes,"[""D""]","[""$D""]","[""https://dalarnia.com/token""]",high,no
1242267-04,Saturn (Other Financial Services),usdat.xyz,protocol_or_network,yes,"[""USDAT"", ""SUSDAT""]","[""Saturn Dollar"", ""Saturn sUSDat""]","[""https://www.coingecko.com/en/coins/saturn-dollar"", ""https://www.coingecko.com/en/coins/saturn-susdat""]",high,no
1257780-88,Alien (Financial Software),alien.org,protocol_or_network,yes,"[""ALIEN""]","[""Aliencoin""]","[""https://alien.org/blog/bootstrapping-fair-launch""]",high,no
126109-09,Storj,storj.io,infrastructure_or_data,yes,"[""STORJ""]","[""STORJ""]","[""https://support.storj.io/hc/en-us/articles/360026611072-What-is-the-STORJ-token""]",high,no
126127-90,Chainlink Labs,chainlinklabs.com,infrastructure_or_data,yes,"[""LINK""]","[""LINK""]","[""https://docs.chain.link/getting-started/conceptual-overview""]",high,no
127599-49,Tari Coin,,protocol_or_network,yes,"[""XTM"", ""XTR""]","[""Minotari"", ""Tari""]","[""https://www.tari.com/tokenomics""]",high,no
131241-61,Brave Software,brave.com,dapp_or_product,yes,"[""BAT""]","[""Basic Attention Token""]","[""https://basicattentiontoken.org/""]",high,no
132325-57,Infinit (Financial Software),home.payproapp.com,dapp_or_product,yes,"[""PIP"", ""zPIP""]","[""PIP"", ""zPIP""]","[""https://medium.com/@paypro/token-economics-ebeaf9b68fa9""]",high,no
134218-63,OriginTrail,origintrail.io,protocol_or_network,yes,"[""TRAC""]","[""OriginTrail""]","[""https://origintrail.io/technology/trac-token""]",high,no
135398-26,Penta (Other Financial Services),pentanetwork.org,protocol_or_network,yes,"[""PNT""]","[""Penta""]","[""https://coinmarketcap.com/currencies/penta/""]",high,no
136806-04,Votem,votem.com,protocol_or_network,yes,"[""VAST""]","[""VAST Token""]","[""https://www.prnewswire.com/news-releases/votem-announces-the-vast-token-providing-secure-end-to-end-voting-300601819.html""]",medium,yes
143598-07,Quantoz,quantoz.com,dapp_or_product,yes,"[""EURQ"", ""USDQ"", ""EURD"", ""PLNQ"", ""GBPQ""]","[""EURQ Electronic Money Token"", ""USDQ Electronic Money Token"", ""EURD Electronic Money Token"", ""PLNQ Electronic Money Token"", ""GBPQ Electronic Money Token""]","[""https://www.quantoz.com/products/eurq-usdq"", ""https://www.quantoz.com/"", ""https://www.quantoz.com/blog/quantoz-payments-becomes-europes-leading-stablecoin-issuer-with-five-licensed-tokens-adding-polish-zloty-and-british-pound""]",high,no
148294-72,Electric Coin Co.,electriccoin.co,protocol_or_network,yes,"[""ZEC""]","[""Zcash""]","[""https://z.cash/""]",high,no
149409-73,OSL Group,group.osl.com,exchange_or_broker,yes,"[""USDGO""]","[""USDGO""]","[""https://www.osl.com/hk-en/press-release/osl-group-officially-launches-regulated-enterprise-stablecoin-usdgo""]",medium,no
150534-73,Gameflip,gameflip.com,gaming_or_nft,yes,"[""FLP""]","[""FLIP Token""]","[""https://gameflip.com/en/flp""]",high,no
151471-36,Rootstock (Financial Software),rootstock.io,protocol_or_network,yes,"[""RBTC"", ""RIF""]","[""rBTC"", ""RIF""]","[""https://rootstock.io/"", ""https://rif.technology/""]",high,no
151982-20,ChromaWay,chromaway.com,protocol_or_network,yes,"[""CHR""]","[""Chroma""]","[""https://chromaway.com/chromia""]",high,no
152716-42,Zebi Data India,zebi.io,protocol_or_network,yes,"[""ZCO""]","[""Zebi Coin""]","[""https://etherscan.io/address/0x2008e3057bd734e10ad13c9eae45ff132abc1722""]",medium,yes
152986-78,Augur (Financial Software),augur.net,protocol_or_network,yes,"[""REP""]","[""REP""]","[""https://augur.net/learn/fork/""]",high,no
153235-18,Equibit,equibitgroup.com,protocol_or_network,yes,"[""EQB""]","[""Equibit""]","[""https://www.icoholder.com/en/equibit""]",high,no
153442-27,The Naga Group,naga.com,exchange_or_broker,yes,"[""NGC""]","[""NAGA Coin""]","[""https://coinmarketcap.com/currencies/naga/""]",high,no
153818-83,Civic Technologies,civic.com,security_or_compliance,yes,"[""CVC""]","[""Civic token""]","[""https://coinmarketcap.com/currencies/civic/""]",medium,no
154367-92,Airfox,airfox.com,dapp_or_product,yes,"[""AIR""]","[""AirToken""]","[""https://coinmarketcap.com/currencies/airtoken/""]",medium,yes
154434-34,JoyStream,joystream.org,dapp_or_product,yes,"[""JOY""]","[""JOY native asset""]","[""https://handbook.joystream.org/usdjoy""]",high,no
155159-20,Ignite (Software Development Applications),ignite.com,infrastructure_or_data,yes,"[""ATOM""]","[""Cosmos Hub""]","[""https://docs.cosmos.network/hub/latest""]",medium,no
155920-69,Atlant,atlant.io,protocol_or_network,yes,"[""ATL""]","[""ATLANT""]","[""https://coinmarketcap.com/currencies/atlant/""]",high,no
156266-38,Nitro Network,nitro.network,protocol_or_network,yes,"[""NCASH"", ""NOS""]","[""NCash"", ""NOS""]","[""https://docs.nitro.network/ncash-nitro-token/introduction"", ""https://docs.nitro.network/ncash-nitro-token/token-economics-principle""]",high,no
156660-49,Numerai,numer.ai,dapp_or_product,yes,"[""NMR""]","[""Numeraire""]","[""https://numer.ai/nmr""]",high,no
157834-63,Parity Technologies,parity.io,infrastructure_or_data,yes,"[""DOT""]","[""Polkadot""]","[""https://coinmarketcap.com/currencies/polkadot-new/""]",high,no
158244-49,Tierion,tierion.com,protocol_or_network,yes,"[""TNT""]","[""Tierion Network Token""]","[""https://tokensale.tierion.com/index.html""]",medium,yes
158845-33,Savedroid,savedroid.de,dapp_or_product,yes,"[""SVD""]","[""SVD""]","[""https://ico.savedroid.com/""]",medium,no
158980-69,HyperSpace (Social/Platform Software),site.hyperspace.app,dapp_or_product,yes,"[""AMP""]","[""AMP""]","[""https://coinmarketcap.com/currencies/synereo/""]",medium,no
159031-90,Intelligent Decentralized Networks Initiatives,tau.net,protocol_or_network,yes,"[""AGRS""]","[""Agoras""]","[""https://tau.net/agoras/""]",high,no
159379-30,BLOCKv,blockv.io,protocol_or_network,yes,"[""VEE""]","[""BLOCKv""]","[""https://coinmarketcap.com/currencies/blockv/""]",high,no
160267-87,Wings,wings.ai,protocol_or_network,yes,"[""WINGS""]","[""Wings""]","[""https://coinmarketcap.com/currencies/wings/""]",high,no
160729-84,Swirlds,swirlds.com,protocol_or_network,yes,"[""HBAR""]","[""HBAR""]","[""https://docs.hedera.com/hedera/faqs/hbar""]",high,no
161620-12,Decentral Life,decentral-life.com,service_provider,yes,"[""WDLF""]","[""WDLF Token""]","[""https://token.wdlf.ai/""]",medium,no
162147-25,Silver VR Technologies,theta.tv,protocol_or_network,yes,"[""THETA"", ""TFUEL""]","[""Theta Token"", ""Theta Fuel""]","[""https://docs.thetatoken.org/docs/what-is-theta-network""]",high,no
162690-76,TradeFin,tradefin.com,protocol_or_network,yes,"[""TPT""]","[""TradeFin Payment Token""]","[""https://medium.com/@Tradefin/introducing-tradefin-decentralized-network-to-power-global-business-to-business-payments-and-33a2de2045eb""]",low,yes
162717-85,Stratis.,xertra.com,protocol_or_network,yes,"[""STRAX""]","[""STRAX""]","[""https://coinmarketcap.com/currencies/stratis/""]",high,no
162768-43,Blocko,blocko.io,infrastructure_or_data,yes,"[""AERGO""]","[""AERGO""]","[""https://coinmarketcap.com/currencies/aergo/""]",high,no
163419-40,FIC,ficnetwork.com,protocol_or_network,yes,"[""EFIC""]","[""FIC Network""]","[""https://cryptoslate.com/coins/fic-network/""]",medium,no
163877-59,Ledgys,ledgys.io,infrastructure_or_data,yes,"[""LSS""]","[""Ledgys Smart Services""]","[""https://ledgys.neocities.org/""]",low,yes
164077-57,Secret Network,scrt.network,protocol_or_network,yes,"[""SCRT""]","[""SCRT""]","[""https://docs.scrt.network/secret-network-documentation/overview-ecosystem-and-technology/secret-network-overview/scrt-and-sscrt""]",high,no
164311-93,XR Web,xrweb.network,protocol_or_network,yes,"[""XR""]","[""XR Token""]","[""https://xrweb.network/""]",high,no
164863-81,Zetrix AI,zetrix.com,protocol_or_network,yes,"[""ZETRIX""]","[""Zetrix""]","[""https://docs.zetrix.com/en/tokenomics/native-token""]",high,no
165012-94,FISCO (Other Financial Services),fisco.co.jp,service_provider,yes,"[""FSCC""]","[""FISCO Coin""]","[""https://fiscocoin.jp/faq_en.html""]",high,no
166054-15,Wemark,wemark.com,traditional_business,yes,"[""WMK""]","[""Wemark Token""]","[""https://coinmarketcap.com/currencies/wemark-token/""]",low,yes
166203-64,Uquid,uquid.com,traditional_business,yes,"[""UQC""]","[""Uquid Coin""]","[""https://www.coingecko.com/en/coins/uquid-coin""]",low,yes
166300-66,Bloq,bloq.com,infrastructure_or_data,yes,"[""VSP"", ""MET"", ""LMR""]","[""Vesper"", ""Metronome"", ""Lumerin""]","[""https://docs.vesper.finance/faq"", ""https://docs.metronome.io/metronome-synth/the-metronome-token-usdmet"", ""https://www.lumerin.io/tokenomics""]",high,no
166303-63,Patientory,patientory.com,traditional_business,yes,"[""PTOY""]","[""Patientory""]","[""https://www.coingecko.com/en/coins/patientory""]",low,yes
166333-87,Decent (Network Management Software),decentcybersecurity.eu,traditional_business,yes,"[""DCT""]","[""DECENT""]","[""https://coinmarketcap.com/currencies/decent/""]",low,yes
166465-72,Codemojo,codemojo.io,service_provider,yes,"[""ALLOY""]","[""ALLOY""]","[""https://alloy.rewards.network/""]",medium,no
166645-36,Firstblood Technologies,firstblood.io,gaming_or_nft,yes,"[""DAWN""]","[""Dawn""]","[""https://www.dawn.org/token-info""]",high,no
167135-32,Paxos,paxos.com,traditional_business,yes,"[""USDG"", ""PYUSD"", ""USDP"", ""PAXG"", ""BUSD""]","[""Global Dollar"", ""PayPal USD"", ""Pax Dollar"", ""Pax Gold"", ""Binance USD""]","[""https://www.paxos.com/usdg-transparency"", ""https://www.paxos.com/pyusd-transparency"", ""https://www.paxos.com/regulation-and-transparency/"", ""https://www.paxos.com/pax-gold"", ""https://www.paxos.com/busd""]",low,yes
167300-47,XY Labs,xylabs.com,protocol_or_network,yes,"[""XYO"", ""XL1""]","[""XYO Token"", ""XL1 Token""]","[""https://docs.xyo.network/xyo-layer-one/dual-token-model/xyo-token/"", ""https://docs.xyo.network/xyo-layer-one/dual-token-model/xl1-token""]",high,no
167883-40,CEEK,ceek.com,dapp_or_product,yes,"[""CEEK""]","[""CEEK""]","[""https://ceek.io/""]",high,no
167914-72,Kadena,kadena.io,protocol_or_network,yes,"[""KDA""]","[""KDA""]","[""https://www.kadena.io/home""]",high,no
168336-73,Gluwa,gluwa.com,traditional_business,yes,"[""CTC""]","[""Creditcoin""]","[""https://coinmarketcap.com/currencies/creditcoin/""]",low,yes
168415-03,eGreen,egreen.com,traditional_business,yes,"[""EGRN""]","[""EGRN Coin""]","[""https://www.egreen.com/coins""]",low,yes
168586-84,Aion,aion.theoan.com,traditional_business,yes,"[""AION""]","[""Aion""]","[""https://coinmarketcap.com/currencies/aion/""]",low,yes
168943-15,Steem,steem.com,traditional_business,yes,"[""STEEM"", ""SBD""]","[""Steem"", ""Steem Dollars""]","[""https://coinmarketcap.com/currencies/steem/"", ""https://coinmarketcap.com/currencies/steem-dollars/""]",low,yes
169820-56,Neufund,neufund.ltd,dapp_or_product,yes,"[""NEU""]","[""Neumark""]","[""https://coinmarketcap.com/currencies/neumark/""]",medium,yes
169943-59,Swarm,swarm.com,protocol_or_network,yes,"[""SMT""]","[""SMT""]","[""https://docs.swarm.com/token/smt""]",high,no
170290-36,Grain Foundation,grain.io,traditional_business,yes,"[""GRAIN""]","[""Grain""]","[""https://icoholder.com/en/grain-io-18458""]",low,yes
171198-91,Leverj,leverj.io,exchange_or_broker,yes,"[""LEV"", ""L2""]","[""Lever Token"", ""Leverj Gluon""]","[""https://coinmarketcap.com/currencies/leverj/"", ""https://coinmarketcap.com/currencies/leverj-gluon/""]",high,no
171347-95,Heat (Financial Software),heatledger.com,protocol_or_network,yes,"[""HEAT""]","[""HEAT""]","[""http://heatledger.com/HEATWhitepaper.pdf""]",high,no
171367-03,Cashaa,cashaa.com,exchange_or_broker,yes,"[""CAS""]","[""CAS Token""]","[""https://cashaa.com/cas-token""]",high,no
171475-66,Decred,decred.org,protocol_or_network,yes,"[""DCR""]","[""DCR""]","[""https://docs.decred.org/""]",high,no
171514-81,Coras,coras.io,dapp_or_product,yes,"[""FID""]","[""Fida""]","[""https://fidaapp.io/""]",medium,no
171542-80,Dragonchain,dragonchain.com,protocol_or_network,yes,"[""DRGN""]","[""Dragonchain""]","[""https://dragonchain.com/open-source-money/""]",high,no
171562-06,Eximchain,eximchain.com,protocol_or_network,yes,"[""EXC""]","[""EXC""]","[""https://www.coinmarketcap.com/currencies/eximchain/""]",high,no
171841-42,Chrono.tech,chrono.tech,dapp_or_product,yes,"[""TIME"", ""SECOND"", ""AUDT""]","[""TIME Token"", ""SECOND Token"", ""AUDT""]","[""https://chrono.tech/how-to-buy-time"", ""https://chrono.tech/product/timefarm"", ""https://chrono.tech/product/audt""]",high,no
172008-64,Humaniq,humaniq.com,wallet_or_custody,yes,"[""HMQ""]","[""Humaniq""]","[""https://coinmarketcap.com/currencies/humaniq/""]",high,no
172078-03,Gatechain,gatechain.com,protocol_or_network,yes,"[""GT""]","[""GateToken""]","[""https://www.gate.com/gt""]",high,no
172365-31,Blocknet,blocknet.org,protocol_or_network,yes,"[""BLOCK""]","[""BLOCK""]","[""https://docs.blocknet.org/blockchain/introduction/""]",high,no
172380-34,BitClave,bitclave.com,dapp_or_product,yes,"[""CAT""]","[""BitClave""]","[""https://coinmarketcap.com/currencies/bitclave/""]",medium,no
172444-15,Qtum,qtum.org,protocol_or_network,yes,"[""QTUM""]","[""Qtum""]","[""https://coinmarketcap.com/currencies/qtum/""]",high,no
173522-17,Waves,waves.tech,protocol_or_network,yes,"[""WAVES""]","[""Waves""]","[""https://docs.waves.tech/en/blockchain/token/waves""]",high,no
173625-85,Riddle&Code,riddleandcode.com,infrastructure_or_data,yes,"[""RDDL"", ""PLMNT""]","[""RDDL Network Token"", ""Planetmint service token""]","[""https://docs.rddl.io/rddl-network/basics/tokens""]",medium,no
175296-16,Skrumble,skrumble.com,protocol_or_network,yes,"[""SKM""]","[""Skrumble Network""]","[""https://coinmarketcap.com/currencies/skrumble-network/""]",medium,yes
175984-39,BOScoin,boscoin.io,protocol_or_network,yes,"[""BOS""]","[""BOScoin""]","[""https://coinmarketcap.com/currencies/boscoin/""]",medium,no
176780-89,bitHolla,bitholla.com,infrastructure_or_data,yes,"[""XHT""]","[""XHT""]","[""https://www.hollaex.com/hollaex-token-staking""]",high,no
177092-29,Crypti,crypti.me,protocol_or_network,yes,"[""XCR""]","[""XCR""]","[""https://www.crypti.me/faq""]",high,no
177447-25,Lisk,lisk.com,protocol_or_network,yes,"[""LSK""]","[""LSK""]","[""https://lisk.com/token/""]",high,no
177844-24,Bluzelle,bluzelle.com,protocol_or_network,yes,"[""BLZ""]","[""BLZ Token""]","[""https://www.bluzelle.com/token""]",high,no
178256-53,Peerplays,peerplays.com,protocol_or_network,yes,"[""PPY""]","[""PPY""]","[""https://community.peerplays.com/technology/intro-to-peerplays-tokens""]",high,no
178260-13,Emercoin,emercoin.com,protocol_or_network,yes,"[""EMC""]","[""EMC""]","[""https://emercoin.com/en/documentation/introduction/the-emc-currency""]",high,no
178464-97,nem,nemproject.github.io,protocol_or_network,yes,"[""XEM""]","[""XEM""]","[""https://www.coinbase.com/price/nem""]",medium,no
178832-71,Dabba,dabba.com,protocol_or_network,yes,"[""DBT""]","[""Dabba Token""]","[""https://www.coingecko.com/en/coins/dabba-token""]",high,no
178858-99,Great Coin,,dapp_or_product,yes,"[""G-Coin""]","[""G-Coin""]","[""https://www.sec.gov/Archives/edgar/data/1656978/000101968715003979/coin_part2.htm""]",low,yes
179152-66,Metallicus,metallicus.com,protocol_or_network,yes,"[""MTL"", ""XPR"", ""METAL"", ""LOAN"", ""XMD""]","[""Metal DAO"", ""XPR Network"", ""Metal Blockchain"", ""Loan Protocol"", ""Metal Dollar""]","[""https://cdn.metallicus.com/Metal_DAO_Whitepaper_v1.0.pdf"", ""https://xprnetwork.org/"", ""https://metalblockchain.org/"", ""https://www.metallicus.com/products"", ""https://www.metallicus.com/metal-dollar""]",high,no
179301-61,Rewards.com,rewards.com,dapp_or_product,yes,"[""RWRD""]","[""Rewards Token""]","[""http://rewardstoken.io""]",high,no
179554-78,Blockfreight,blockfreight.com,protocol_or_network,yes,"[""BFT""]","[""Blockfreight Token""]","[""https://tokenscan.io/asset/BLOCKFREIGHT""]",medium,yes
179716-06,nChain,nchain.com,infrastructure_or_data,yes,"[""BSV""]","[""Bitcoin SV""]","[""https://bsvblockchain.org/""]",low,no
180173-71,NeuroMesh,neuromesh.co,protocol_or_network,yes,"[""NEURO""]","[""NeuroMesh""]","[""https://whitepaper.neuro-mesh.io/""]",medium,yes
180227-53,Bancor,bancor.network,protocol_or_network,yes,"[""BNT""]","[""Bancor""]","[""https://coinmarketcap.com/currencies/bancor/""]",high,no
180285-85,Tezos,tezos.com,protocol_or_network,yes,"[""XTZ""]","[""tez""]","[""https://docs.tezos.com/architecture/tokens""]",high,no
180607-87,FundYourselfNow,crowdsale.fundyourselfnow.com,dapp_or_product,yes,"[""KAT""]","[""Katalyse""]","[""https://etherscan.io/token/0x88FCFBc22C6d3dBaa25aF478C578978339BDe77a""]",high,no
180667-00,LaneAxis,laneaxis.com,infrastructure_or_data,yes,"[""AXIS""]","[""AXIS Token""]","[""https://axistoken.io/""]",high,no
180762-76,DOVU,dovu.earth,dapp_or_product,yes,"[""DOVU""]","[""DOVU""]","[""https://coinmarketcap.com/currencies/dovu-earth/""]",high,no
180925-39,Salt Lending,saltlending.com,wallet_or_custody,yes,"[""SALT""]","[""SALT""]","[""https://saltlending.com/salt-token-terms-and-conditions/""]",high,no
181215-28,Livepeer,livepeer.org,protocol_or_network,yes,"[""LPT""]","[""Livepeer Token""]","[""https://www.livepeer.org/lpt""]",high,no
181762-48,BitCAD,bitcad.io,protocol_or_network,yes,"[""BCD""]","[""BitCAD""]","[""https://etherscan.io/token/0x660b612ec57754d949ac1a09d0c2937a010dee05""]",high,no
181843-48,Raiden Network,raiden.network,protocol_or_network,yes,"[""RDN""]","[""Raiden Network Token""]","[""https://raiden.network/token.html""]",high,no
182703-43,RChain,rchain.coop,protocol_or_network,yes,"[""REV""]","[""RChain""]","[""https://coinmarketcap.com/currencies/rchain/""]",high,no
182850-22,Smart Valor,smartvalor.com,exchange_or_broker,yes,"[""VALOR""]","[""Valor Token""]","[""https://smartvalor.com/en/faq/about-valor-token""]",high,no
182967-13,Vezt,vezt.co,dapp_or_product,yes,"[""VZT""]","[""Vezt""]","[""https://coinmarketcap.com/currencies/vezt/""]",high,no
183101-50,FunFair Technologies,funfair.io,gaming_or_nft,yes,"[""FUN""]","[""FUNToken""]","[""https://coinmarketcap.com/currencies/funtoken/""]",high,no
183309-13,0x,0x.org,protocol_or_network,yes,"[""ZRX""]","[""ZRX""]","[""https://0x.org/post/0x-101-intro-to-0x-protocol""]",high,no
183456-37,ArabianChain,arabianchain.org,protocol_or_network,yes,"[""DUBX""]","[""DUBXCOIN""]","[""https://coinmarketcap.com/currencies/dubxcoin/""]",high,no
183518-74,BANKEX,bankex.com,protocol_or_network,yes,"[""BKX""]","[""BKX""]","[""https://coinmarketcap.com/currencies/bankex/""]",high,no
183520-09,Encrypgen,encrypgen.com,dapp_or_product,yes,"[""DNA""]","[""Encrypgen DNA""]","[""https://coinmarketcap.com/currencies/encrypgen/""]",high,no
183563-47,KICKICO,kickecosystem.com,dapp_or_product,yes,"[""KICK""]","[""KickToken""]","[""https://kickecosystem.com/static/KICKECOSYSTEM_WP4.pdf""]",high,no
183674-26,Aventus (Financial Software),aventus.io,protocol_or_network,yes,"[""AVT""]","[""Aventus""]","[""https://gatewaydocs.aventus.io/docs/category/avt-token""]",high,no
183850-57,Laos Network,laosnetwork.io,protocol_or_network,yes,"[""LAOS""]","[""Laos Network""]","[""https://coinmarketcap.com/currencies/laos-network/""]",high,no
184053-34,TokenStars,tokenstars.com,dapp_or_product,yes,"[""ACE""]","[""ACE""]","[""https://tokenstars.com/en/ace""]",high,no
184077-64,Powerledger,powerledger.io,protocol_or_network,yes,"[""POWR""]","[""Powerledger""]","[""https://powerledger.io/media/powerledgers-powr-token-now-available-on-raydium-and-jupiter/""]",high,no
184117-51,Zeptagram,zeptagram.com,dapp_or_product,yes,"[""ZPTC""]","[""Zeptacoin""]","[""https://bitmart.zendesk.com/hc/en-us/articles/4407618710555-Zeptagram-ZPTC""]",high,no
184119-67,Mimo,mimo.capital,protocol_or_network,yes,"[""PAR"", ""MIMO""]","[""PAR"", ""MIMO Governance Token""]","[""https://par.mimo.capital/assets/pdf/Mimo%20-%20White%20Paper.pdf"", ""https://www.globenewswire.com/news-release/2021/06/18/2249490/0/en/mimo-and-par-tokens-listed-on-bittrex-global-to-enable-euro-stablecoin-trading.html""]",medium,yes
184240-09,Wysker,wysker.com,dapp_or_product,yes,"[""WYS""]","[""WYS Token""]","[""https://www.coingecko.com/en/coins/wys-token""]",high,no
184392-64,Bodhi (Media and Information Services (B2B)),bodhi.network,protocol_or_network,yes,"[""NBOT""]","[""Naka Bodhi Token""]","[""https://coinmarketcap.com/currencies/naka-bodhi-token/""]",medium,yes
185065-75,BitBounce,bitbounce.com,dapp_or_product,yes,"[""CREDO""]","[""CREDO""]","[""https://www.coinbase.com/price/credo""]",medium,no
185243-95,Pundi X,pundix.com,protocol_or_network,yes,"[""PUNDIX""]","[""PUNDIX""]","[""https://docs.pundix.com/getting-started/what-is-pundix""]",high,no
185259-61,Onchain,onchain.com,infrastructure_or_data,yes,"[""ONT"", ""ONG""]","[""Ontology"", ""Ontology Gas""]","[""https://coinmarketcap.com/currencies/ontology/"", ""https://coinmarketcap.com/currencies/ontology-gas/""]",medium,no
185378-50,Paymon (Financial Software),paymon.org,exchange_or_broker,yes,"[""PMNT""]","[""Paymon""]","[""https://coinmarketcap.com/currencies/paymon/""]",high,no
185406-58,Archethic,archethic.net,protocol_or_network,yes,"[""UCO""]","[""UCO token""]","[""https://wiki.archethic.net/learn/uco/""]",high,no
185701-51,Loopring,loopring.org,protocol_or_network,yes,"[""LRC""]","[""Loopring""]","[""https://coinmarketcap.com/currencies/loopring/""]",high,no
185763-25,Binance,binance.com,exchange_or_broker,yes,"[""BNB""]","[""BNB""]","[""https://www.binance.com/en/academy/articles/what-is-bnb""]",high,no
185981-32,Kyber Network,kyber.network,protocol_or_network,yes,"[""KNC""]","[""Kyber Network Crystal""]","[""https://kyber.network/about/knc""]",high,no
186207-40,Substratum,substratum.net,infrastructure_or_data,yes,"[""SUB""]","[""Substratum""]","[""https://www.coinbase.com/price/substratum""]",medium,no
186367-33,Aragon (Business/Productivity Software),aragon.org,protocol_or_network,yes,"[""ANT""]","[""Aragon Network Token""]","[""https://legacy-docs.aragon.org/the-ant-token/about-the-token""]",high,no
186511-78,Monetha,monetha.io,dapp_or_product,yes,"[""MTH""]","[""MTH Token""]","[""https://www.monetha.io/mth/""]",high,no
186630-04,REGA Risk Sharing,rega.life,protocol_or_network,yes,"[""RST""]","[""REGA Risk Sharing Token""]","[""https://cryptoslate.com/coins/rega-risk-sharing/""]",medium,no
186643-45,Telcoin,telco.in,protocol_or_network,yes,"[""TEL""]","[""Telcoin""]","[""https://www.telcoin.org/documentation/telcoin-platform/telcoin-tel-token""]",high,no
186721-39,RCN,ripiocredit.network,protocol_or_network,yes,"[""RCN""]","[""RCN""]","[""https://coinmarketcap.com/currencies/ripio-credit-network/""]",high,no
186798-07,Etherisc,etherisc.com,protocol_or_network,yes,"[""DIP""]","[""DIP Token""]","[""https://etherisc.com/token""]",high,no
187537-78,Synthetix,synthetix.io,protocol_or_network,yes,"[""SNX""]","[""Synthetix Network Token""]","[""https://docs.synthetix.io/staking""]",high,no
187922-98,Universa,universablockchain.com,protocol_or_network,yes,"[""UTNP"", ""UTN""]","[""UTNP"", ""UTN""]","[""https://coinmarketcap.com/currencies/universa/"", ""https://universablockchain.com/files/whitepaper.pdf?v=1.8""]",high,no
188022-70,NuID,nuid.io,security_or_compliance,yes,"[""KII""]","[""KII""]","[""https://coincodex.com/crypto/nuid/""]",medium,no
221506-75,Evan.Network,evan.network,protocol_or_network,yes,"[""EVE""]","[""EVE""]","[""https://evannetwork.github.io/docs/how_it_works/blockchain.html""]",high,no
221758-03,Orchid (Network Management Software),orchid.com,protocol_or_network,yes,"[""OXT""]","[""OXT""]","[""https://www.orchid.com/oxt/""]",high,no
221770-09,Wanchain,wanchain.org,protocol_or_network,yes,"[""WAN"", ""xWAN""]","[""WAN coin"", ""xWAN""]","[""https://docs.wanchain.org/cross-chain-infrastructure/wan-coin"", ""https://docs.wanchain.org/cross-chain-infrastructure/wan-coin/xwan""]",high,no
222110-11,Chia Network,chia.net,protocol_or_network,yes,"[""XCH""]","[""Chia""]","[""https://www.chia.net/buy-xch/""]",high,no
222177-07,Wanglu Tech,wanglutech.com,protocol_or_network,yes,"[""WAN"", ""xWAN""]","[""WAN coin"", ""xWAN""]","[""https://docs.wanchain.org/cross-chain-infrastructure/wan-coin"", ""https://docs.wanchain.org/cross-chain-infrastructure/wan-coin/xwan""]",high,no
222217-39,Zilliqa,zilliqa.com,protocol_or_network,yes,"[""ZIL"", ""gZIL""]","[""ZIL"", ""Governance ZIL""]","[""https://roadmap.zilliqa.com/about-zilliqa"", ""https://blog.zilliqa.com/gzil-holders-to-manage-community-fund-and-supercharge-zilliqas-ecosystem/""]",high,no
222320-44,Quantstamp,quantstamp.com,security_or_compliance,yes,"[""QSP""]","[""Quantstamp""]","[""https://quantstamp.com/blog/introducing-the-quantstamp-security-assurance-protocol""]",high,no
222356-80,SMSCHAIN,smschain.org,protocol_or_network,yes,"[""SMSTO""]","[""Short-Message-Tokens""]","[""https://icoholder.com/en/smschain-3471""]",high,no
222513-67,Theta Network,thetatoken.org,protocol_or_network,yes,"[""THETA"", ""TFUEL""]","[""Theta Token"", ""Theta Fuel""]","[""https://coinmarketcap.com/currencies/theta-network"", ""https://coinmarketcap.com/currencies/theta-fuel""]",high,no
222647-14,BlockCAT Technologies,blockcat.io,dapp_or_product,yes,"[""CAT""]","[""BlockCAT""]","[""https://coinmarketcap.com/currencies/blockcat/""]",high,no
222779-62,Atonomi,atonomi.io,security_or_compliance,yes,"[""ATMI""]","[""Atonomi""]","[""https://coinmarketcap.com/currencies/atonomi/""]",high,no
223456-69,Ocean Protocol,oceanprotocol.com,protocol_or_network,yes,"[""OCEAN""]","[""OCEAN""]","[""https://docs.oceanprotocol.com/discover/ocean-token""]",high,no
223497-19,dYdX Labs,dydx.xyz,protocol_or_network,yes,"[""DYDX""]","[""DYDX""]","[""https://docs.dydx.community/dydx/start-here/dydx-token""]",high,no
223553-17,Hydrogen,hydrogenplatform.com,service_provider,yes,"[""HYDRO""]","[""Hydro""]","[""https://www.coinbase.com/en-gb/price/hydro""]",high,no
223674-58,VeChain,vechain.org,protocol_or_network,yes,"[""VET"", ""VTHO""]","[""VET"", ""VTHO""]","[""https://docs.vechain.org/introduction-to-vechain/dual-token-economic-model/vechain-vet"", ""https://docs.vechain.org/introduction-to-vechain/dual-token-economic-model/vethor-vtho""]",high,no
223675-57,Neo Team,neo.org,protocol_or_network,yes,"[""NEO"", ""GAS""]","[""NEO"", ""GAS""]","[""https://developers.neo.org/docs/n3/foundation/Native%20tokens""]",high,no
223743-07,ArcBlock,arcblock.io,protocol_or_network,yes,"[""ABT""]","[""ABT""]","[""https://www.arcblock.io/content/collections/en/token""]",high,no
223867-45,AlfaToken,alfatoken.com,protocol_or_network,yes,"[""ALFA"", ""ALFA-G""]","[""Alfa Utility Token"", ""Alfa-G Gold Token""]","[""https://alfatoken.io/the-alfa-utility-token/"", ""https://alfatoken.io/the-alfa-g-token/""]",high,no
223950-43,BitMED,bitmed.io,service_provider,yes,"[""BXM""]","[""BXM""]","[""https://github.com/InsighterInc/whitepaper""]",medium,yes
224012-89,Origin Protocol,originprotocol.com,protocol_or_network,yes,"[""OGN"", ""OUSD"", ""OETH"", ""superOETHb"", ""OS""]","[""Origin Token"", ""Origin Dollar"", ""Origin Ether"", ""Super OETH"", ""Origin Sonic""]","[""https://docs.originprotocol.com/ogn/introduction-to-ogn"", ""https://docs.originprotocol.com/yield-bearing-tokens/origin-dollar-ousd"", ""https://docs.originprotocol.com/yield-bearing-tokens/oeth"", ""https://docs.originprotocol.com/yield-bearing-tokens/super-oeth-superoethb"", ""https://docs.originprotocol.com/protocol/os""]",high,no
224235-19,Iron Fish,ironfish.network,protocol_or_network,yes,"[""IRON""]","[""Iron Fish""]","[""https://ironfish.network/learn/tokenomics""]",high,no
224244-55,Blockchain Foundry,blockchainfoundry.com,service_provider,yes,"[""SYS""]","[""Syscoin""]","[""https://syscoin.org/""]",low,no
224405-20,Zenome (Medical Records Systems),zenome.io,protocol_or_network,yes,"[""ZNA""]","[""Zenome""]","[""https://cryptoslate.com/coins/zenome/""]",high,no
224491-60,Aave,aave.com,protocol_or_network,yes,"[""AAVE"", ""GHO""]","[""Aave"", ""GHO""]","[""https://www.aave.com/"", ""https://aave.com/gho""]",high,no
225255-07,Lino,lino.network,protocol_or_network,yes,"[""LINO""]","[""LINO""]","[""https://docs.lino.network/overview/intro.html""]",high,no
225570-07,DFINITY,dfinity.org,protocol_or_network,yes,"[""ICP""]","[""ICP""]","[""https://learn.internetcomputer.org/hc/en-us/articles/34090810571284-Tokenomics""]",high,no
225665-47,Keep Network,keep.network,protocol_or_network,yes,"[""KEEP"", ""T""]","[""KEEP"", ""T""]","[""https://staking.keep.network/keep-tokens/staking-with-keep"", ""https://docs.threshold.network/t-token""]",high,no
225708-58,fetch.ai,fetch.ai,protocol_or_network,yes,"[""FET""]","[""fetch.ai""]","[""https://network.fetch.ai/docs/guides/network/intro-fet-token""]",high,no
225800-29,Centrifuge,centrifuge.io,protocol_or_network,yes,"[""CFG""]","[""Centrifuge""]","[""https://docs.centrifuge.io/getting-started/token-summary/""]",high,no
225900-91,Algorand Technologies,algorandtechnologies.com,service_provider,yes,"[""ALGO""]","[""Algorand""]","[""https://algorand.co/faqs""]",low,no
225991-90,Oneiro,oneiro.io,protocol_or_network,yes,"[""NDAU""]","[""ndau""]","[""https://ndau.io/ndau-token/""]",high,no
226161-64,IHT Coin,ihtcoin.com,protocol_or_network,yes,"[""IHT""]","[""IHT Real Estate Protocol""]","[""https://coinmarketcap.com/currencies/iht-real-estate-protocol/""]",high,no
226249-84,Ren (Financial Software),renproject.io,protocol_or_network,yes,"[""REN""]","[""REN""]","[""https://docs.renproject.io/darknodes/faq/ren-token""]",high,no
226250-65,Devery,devery.io,protocol_or_network,yes,"[""EVE""]","[""EVE Token""]","[""https://devery.io/evetoken""]",high,no
226295-83,Intimate.io,intimate.io,dapp_or_product,yes,"[""ITM""]","[""Intimate""]","[""https://intimate.io/whitepaper.pdf""]",medium,no
226338-04,Cryptape,cryptape.com,protocol_or_network,yes,"[""CKB""]","[""CKB""]","[""https://www.nervos.org/""]",high,no
226536-85,Geon Network,geon.network,dapp_or_product,yes,"[""GEON""]","[""GEON""]","[""https://icoholder.com/en/geon-network-25169""]",low,yes
226598-05,Partisia,partisia.com,protocol_or_network,yes,"[""MPC""]","[""MPC""]","[""https://partisiablockchain.com/explore/mpc-token/""]",high,no
226767-70,Loom Network,loomx.io,protocol_or_network,yes,"[""LOOM""]","[""LOOM""]","[""https://loomx.io/""]",high,no
226792-36,Paytomat,paytomat.com,protocol_or_network,yes,"[""PTI""]","[""PTI""]","[""https://paytomat.com/tokensale/""]",high,no
226905-76,Dapper Labs,dapperlabs.com,protocol_or_network,yes,"[""FLOW""]","[""FLOW Coin""]","[""https://flow.com/flow-tokenomics/technical-overview""]",high,no
226909-09,Verasity,verasity.io,dapp_or_product,yes,"[""VRA""]","[""Verasity""]","[""https://coinmarketcap.com/currencies/verasity/""]",high,no
226923-94,Solve.Care Foundation,tuumio.com,protocol_or_network,yes,"[""SOLVE""]","[""SOLVE""]","[""https://docs.tuumio.com/tuumio-wallet-user-manual/solve-tokens""]",high,no
226974-88,LuxWorld,lux.world,gaming_or_nft,yes,"[""LUX""]","[""LuxWorld token""]","[""https://whitepaper.lux.world/the-company/tokenomics""]",high,no
227026-54,Sögur,sogur.com,protocol_or_network,yes,"[""SGR""]","[""SGR""]","[""https://www.sogur.com/whitepaper/""]",high,no
227053-72,Ambrosus Technologies,ambrosus.io,protocol_or_network,yes,"[""AMB""]","[""AMB""]","[""https://staking.ambrosus.io/""]",high,no
227294-47,aelf,aelf.com,protocol_or_network,yes,"[""ELF""]","[""ELF""]","[""https://docs.aelf.com/about-aelf/elf-token/""]",high,no
227324-80,Carbon (Financial Software),carbon.money,protocol_or_network,yes,"[""CUSD""]","[""Carbon USD""]","[""https://www.carbon.money/""]",medium,yes
227327-68,Streamr (Software Development Applications),streamr.network,protocol_or_network,yes,"[""DATA"", ""XDATA""]","[""DATA"", ""XDATA""]","[""https://streamr.network/data-token/"", ""https://streamr.network/token-migration/""]",high,no
227377-18,MintHealth,minthealth.io,dapp_or_product,yes,"[""VIDA"", ""MHST""]","[""VIDA"", ""MHST""]","[""https://www.prnewswire.com/news-releases/minthealth-empowering-patients-to-take-control-of-their-health-and-data-via-blockchain-technology-300543631.html"", ""https://stoscope.com/sto/minthealth""]",medium,yes
227394-10,Ampleforth,ampleforth.org,protocol_or_network,yes,"[""AMPL"", ""FORTH"", ""WAMPL"", ""SPOT""]","[""AMPL"", ""FORTH"", ""WAMPL"", ""SPOT""]","[""https://docs.ampleforth.org/learn/about-the-ampleforth-protocol"", ""https://docs.ampleforth.org/learn/about-forth-governance"", ""https://docs.ampleforth.org/learn/about-wrapped-ampl"", ""https://docs.ampleforth.org/learn/about-spot""]",high,no
227404-36,ThunderCore,thundercore.com,protocol_or_network,yes,"[""TT""]","[""Thunder Token""]","[""https://www.thundercore.com/buy-tt.html""]",high,no
227469-97,Constellation (Software Development Applications),constellationnetwork.io,protocol_or_network,yes,"[""DAG""]","[""DAG""]","[""https://constellationnetwork.io/dag-token/""]",high,no
227479-78,Stably,stably.io,infrastructure_or_data,yes,"[""USDS"", ""ZUSD"", ""CUSD""]","[""Stably USD"", ""ZEN USD"", ""CUSD""]","[""https://stably.io/usds/"", ""https://stably.io/zusd/"", ""https://stably.io/cusd/""]",high,no
227528-20,Centre Consortium,centre.io,protocol_or_network,yes,"[""USDC""]","[""USD Coin""]","[""https://www.circle.com/usdc""]",high,no
227633-95,MyDFS,mydfs.net,gaming_or_nft,yes,"[""MYDFS""]","[""MyDFS""]","[""https://etherscan.io/token/0xd184b10ee51be2c6bf45214b048f311a15296cae""]",high,no
227642-23,Minter,minter.network,protocol_or_network,yes,"[""BIP"", ""BIPx"", ""HUB""]","[""BIP"", ""BIPx"", ""HUB""]","[""https://www.minter.network/earn/bip"", ""https://www.minter.network/earn/bipx"", ""https://www.minter.network/hub""]",high,no
227681-56,CarBlock,carblock.io,protocol_or_network,yes,"[""CAR""]","[""CarBlock""]","[""https://coinmarketcap.com/currencies/carblock/""]",high,no
227819-35,Cred (Financial Software),mycred.io,dapp_or_product,yes,"[""LBA""]","[""Cred""]","[""https://etherscan.io/token/0xfe5f141bf94fe84bc28ded0ab966c16b17490657""]",medium,no
227820-52,Solana,solana.com,protocol_or_network,yes,"[""SOL""]","[""Solana""]","[""https://solana.com/""]",high,no
227956-51,Figure Technology Solutions,figure.com,dapp_or_product,yes,"[""HASH""]","[""Provenance Blockchain""]","[""https://provenance.io/whitepaper-tokenomics""]",high,no
228152-62,Ventureum,ventureum.io,protocol_or_network,yes,"[""VTX""]","[""Ventureum Network Token""]","[""https://medium.com/ventureum/the-reputation-system-of-ventureum-design-and-implementation-a30c5b488d84""]",medium,no
228161-62,Paradex,paradex.io,protocol_or_network,yes,"[""DIME"", ""XUSD""]","[""DIME"", ""XUSD""]","[""https://www.paradex.foundation/blog/introducing-dime-the-native-token-of-the-paradex-network"", ""https://www.paradex.foundation/""]",high,no
228316-78,Cardstack,cardstack.com,protocol_or_network,yes,"[""CARD""]","[""Cardstack Token""]","[""https://resources.cardstack.com/assets/media/cardstack-token-mechanism-v1.0.pdf""]",high,no
228400-57,Spacemesh,spacemesh.io,protocol_or_network,yes,"[""SMH""]","[""Smesh""]","[""https://docs.spacemesh.io/docs/learn/coin""]",high,no
228437-47,Digix,digix.global,protocol_or_network,yes,"[""DGX"", ""DGD""]","[""Digix Gold Token"", ""DigixDAO""]","[""https://medium.com/digix/digix-announces-dgx-token-listing-on-switcheo-network-the-leading-decentralised-exchange-87523665ee61"", ""https://coinmarketcap.com/currencies/digixdao/""]",high,no
228438-55,Hedera,hedera.com,protocol_or_network,yes,"[""HBAR""]","[""HBAR""]","[""https://hedera.com/learning/what-is-hedera-hashgraph/""]",high,no
228447-28,Mattereum,mattereum.com,protocol_or_network,yes,"[""MATR"", ""MATRA""]","[""Mattereum Discount Token""]","[""https://mattereum.de/tokens/"", ""https://mattereum.de/usa-token/""]",medium,no
228473-74,Kleros,kleros.io,protocol_or_network,yes,"[""PNK""]","[""Pinakion""]","[""https://docs.kleros.io/pnk-token""]",high,no
228558-70,Fr8 Network,fr8.network,protocol_or_network,yes,"[""FR8""]","[""Fr8 Network""]","[""https://cryptoslate.com/coins/fr8-network/""]",high,no
228560-14,Project PAI,projectpai.com,protocol_or_network,yes,"[""PAI""]","[""PAI Coin""]","[""https://github.com/projectpai/paicoin""]",high,no
228618-37,Rocket Pool,rocketpool.net,protocol_or_network,yes,"[""RPL"", ""rETH""]","[""Rocket Pool"", ""Rocket Pool ETH""]","[""https://docs.rocketpool.net/protocol/"", ""https://docs.rocketpool.net/liquid-staking/overview""]",high,no
228790-63,Compound (California),compound.finance,protocol_or_network,yes,"[""COMP""]","[""Compound""]","[""https://docs.compound.finance/v2/governance""]",high,no
228791-71,Orbs,orbs.com,protocol_or_network,yes,"[""ORBS""]","[""Orbs Token""]","[""https://www.orbs.com/orbs-token-integrity/""]",high,no
228896-56,DeepBrain Chain,deepbrainchain.org,protocol_or_network,yes,"[""DBC""]","[""DeepBrain Chain""]","[""https://www.deepbrainchain.org/learnDBC""]",high,no
228916-18,Bianjie.AI,bianjie.ai,infrastructure_or_data,yes,"[""IRIS""]","[""IRIS""]","[""https://www.irisnet.org/docs/concepts/general-concepts.html""]",high,no
228917-17,FNTC Sports,fntcsports.com,gaming_or_nft,yes,"[""FNTC""]","[""Fantasy Sports Coin""]","[""https://www.prnewswire.com/news-releases/fntc-sports-is-bringing-a-new-playbook-to-fantasy-sports-with-a-unique-cryptocurrency-token-300648276.html""]",high,no
228931-39,Truvera,dock.io,security_or_compliance,yes,"[""DOCK""]","[""Dock Token""]","[""https://docs.truvera.io/open-source-community/blockchain-archives/dock-token/dock-token-migration""]",medium,yes
228939-04,MedX (Enterprise Systems (Healthcare)),medxprotocol.com,protocol_or_network,yes,"[""MEDX""]","[""MEDX""]","[""https://medium.com/medxprotocol/the-medx-token-7bf752b6ae20""]",high,no
228939-31,Weaver Care,weavr.care,dapp_or_product,yes,"[""MED""]","[""MediBloc""]","[""https://medibloc.com/""]",high,no
228939-94,Medicalchain,medicalchain.com,protocol_or_network,yes,"[""MTN""]","[""Medicalchain""]","[""https://coinmarketcap.com/currencies/medical-chain/""]",medium,no
228947-05,Proof Work,proof.work,protocol_or_network,yes,"[""PRF""]","[""PROOF""]","[""https://proof.work/""]",high,no
228948-58,HLTH (Media and Information Services),dna.hlth.network,protocol_or_network,yes,"[""OMX""]","[""Shivom""]","[""https://shivom.io/files/Shivom-Executive-Summary.pdf""]",medium,yes
229009-06,C4Coin,c4coin.org,protocol_or_network,yes,"[""C4COIN"", ""CO2KN""]","[""C4Coin"", ""CO2KN""]","[""https://www.prweb.com/releases/C4Coin_and_Carbon_Credit_Capital_Announce_Token_Generation_Event/prweb15752539.htm""]",medium,yes
229015-63,SKALE,skale.space,protocol_or_network,yes,"[""SKL""]","[""SKL Token""]","[""https://docs.skale.space/get-started/skl-token/skl-token""]",high,no
229016-26,StarkWare,starkware.co,protocol_or_network,yes,"[""STRK""]","[""STRK""]","[""https://docs.starknet.io/learn/protocol/strk""]",medium,yes
229137-76,Finhaven,finhaven.com,protocol_or_network,yes,"[""FHN""]","[""FHN Native Currency""]","[""https://www.finhaven.com/finhaven-chain-3/""]",medium,yes
229168-81,Item Banc,itembanc.nl,protocol_or_network,yes,"[""ITEM""]","[""ITEM""]","[""https://itembanc.nl/wp-content/uploads/2018/09/Item-Banc-V24.pdf""]",medium,yes
229172-95,Lamden,lamden.io,protocol_or_network,yes,"[""TAU""]","[""Lamden""]","[""https://coinmarketcap.com/currencies/lamden/""]",high,no
229204-27,Emergent Technology Holdings,emergenttechnology.com,protocol_or_network,yes,"[""GC"", ""QOS""]","[""GCoin"", ""QOS""]","[""https://support.gcoin.com/en/articles/3207384-what-is-a-g-coin-token"", ""https://gcoin.com/technology/qos-blockchain/""]",high,no
229317-04,DAOstack,daostack.notion.site,protocol_or_network,yes,"[""GEN""]","[""GEN""]","[""https://coinmarketcap.com/currencies/daostack/""]",high,no
229320-01,Gnosis,gnosis.io,protocol_or_network,yes,"[""GNO""]","[""GNO""]","[""https://docs.gnosischain.com/about/tokens/gno""]",high,no
229440-34,Sentz Global,sentz.com,protocol_or_network,yes,"[""MOB"", ""eUSD""]","[""MobileCoin"", ""Electronic Dollars""]","[""https://www.sentz.com/learn/how-to-buy-mob"", ""https://www.sentz.com/learn/electronic-dollars-eusd""]",high,no
229462-75,Tron Dao,tron.network,protocol_or_network,yes,"[""TRX""]","[""TRX""]","[""https://developers.tron.network/docs/trx""]",high,no
229626-91,DiscoveryIoT,discoveryiot.com,protocol_or_network,yes,"[""DIS""]","[""DiscoveryIoT""]","[""https://discoveryiot.com/token-sale/""]",high,no
229658-68,AgUnity,agunity.com,dapp_or_product,yes,"[""AGRIUT""]","[""AgriUT""]","[""https://www.agriut.org/""]",medium,yes
229767-49,GX Chain,rei.network,protocol_or_network,yes,"[""REI"", ""GXC""]","[""REI Network"", ""GXChain""]","[""https://docs.rei.network/rei-network/introduction-to-usdrei"", ""https://coinmarketcap.com/currencies/rei-network/""]",medium,yes
229864-96,Archblock,archblock.com,protocol_or_network,yes,"[""TRU""]","[""TrueFi""]","[""https://www.coinmarketcap.com/currencies/truefi-token/""]",medium,yes
229870-45,Beefledger,beefledgersa.com,protocol_or_network,yes,"[""BEEF""]","[""BEEF""]","[""https://beefledger.gitbook.io/beefhub/03.-beefledger-tokenomics/what-is-usdbeef-the-asset""]",high,no
229908-97,Enzyme Finance,enzyme.finance,protocol_or_network,yes,"[""MLN""]","[""Enzyme""]","[""https://coinmarketcap.com/currencies/enzyme/""]",high,no
229915-54,Coral Health,mycoralhealth.com,dapp_or_product,yes,"[""CHT""]","[""Coral Health Token""]","[""http://www.mycoralhealth.com/tokens""]",high,no
229950-82,Uppsala Security,uppsalasecurity.com,security_or_compliance,yes,"[""UPP""]","[""Sentinel Protocol""]","[""https://crypto.com/en/price/sentinel-protocol""]",high,no
229954-87,ShareRing,sharering.network,protocol_or_network,yes,"[""SHR""]","[""ShareToken""]","[""https://sharering.network/2026/02/06/sharering-tokenomics/""]",high,no
229961-26,Set Labs,tokensets.com,protocol_or_network,yes,"[""INDEX""]","[""INDEX""]","[""https://indexcoop.com/blog/index-governance-token""]",medium,no
229973-59,Codex (Financial Software),codexprotocol.com,protocol_or_network,yes,"[""CODX""]","[""Codex Protocol""]","[""https://www.coinmarketcap.com/currencies/codexprotocol/""]",low,yes
229983-49,Sonic,soniclabs.com,protocol_or_network,yes,"[""S""]","[""S""]","[""https://docs.soniclabs.com/sonic/s-token""]",high,no
230030-29,Nebulas,nebulas.io,protocol_or_network,yes,"[""NAS"", ""NAX""]","[""NAS"", ""NAX""]","[""https://www.nebulas.io/"", ""https://nextdao.io/""]",high,no
230054-68,Ankr,ankr.com,infrastructure_or_data,yes,"[""ANKR""]","[""ANKR""]","[""https://coinmarketcap.com/currencies/ankr/""]",high,no
230134-06,Bezant (Business/Productivity Software),bezant.io,protocol_or_network,yes,"[""BZNT""]","[""BZNT""]","[""https://coinmarketcap.com/currencies/bezant/""]",high,no
230140-36,Carry Tech,carryprotocol.io,protocol_or_network,yes,"[""CRE""]","[""CRE""]","[""https://coinmarketcap.com/currencies/carry/""]",low,yes
230140-81,IoTeX,iotex.io,protocol_or_network,yes,"[""IOTX""]","[""IOTX""]","[""https://docs.iotex.io/blockchain/learn-iotex/the-iotx-token""]",high,no
230140-90,QuarkChain,quarkchain.io,protocol_or_network,yes,"[""QKC""]","[""QuarkChain""]","[""https://coinmarketcap.com/currencies/quarkchain/""]",high,no
230376-34,Celo Foundation,celo.org,protocol_or_network,yes,"[""CELO""]","[""CELO""]","[""https://docs.celo.org/home/protocol/celo-token""]",high,no
230460-31,Crypto N Kafe,cryptokafe.io,protocol_or_network,yes,"[""CNK""]","[""Crypto N' Kafe""]","[""https://icomarks.ai/ico/crypto-n-kafe""]",medium,no
230508-10,Internet of Services Foundations,iost.io,protocol_or_network,yes,"[""IOST""]","[""IOST""]","[""https://docs.iost.io/tokenomics/overview""]",high,no
230684-86,Oasis Labs,oasislabs.com,protocol_or_network,yes,"[""ROSE""]","[""ROSE""]","[""https://docs.oasis.io/general/manage-tokens/""]",high,no
230704-12,Immutable,immutable.com,protocol_or_network,yes,"[""IMX""]","[""IMX Token""]","[""https://support.immutable.com/docs/faqs/imx-token/""]",high,no
230721-22,Crypto.com,crypto.com,service_provider,yes,"[""CRO""]","[""Cronos""]","[""https://crypto.com/crypto/learn/what-is-cro-everything-you-need-to-know/""]",high,no
230762-80,TTC Foundation,ma.ro,protocol_or_network,yes,"[""MARO"", ""ACN""]","[""Maro"", ""Acorn Protocol""]","[""https://www.coindesk.com/price/maro"", ""https://coinmarketcap.com/currencies/acorn-protocol/""]",medium,yes
230777-74,DIRT Protocol,dirtprotocol.com,protocol_or_network,yes,"[""DIRT""]","[""DIRT""]","[""https://icodrops.com/dirt-protocol/""]",medium,yes
230991-22,eHarvestHub,ehhico.com,dapp_or_product,yes,"[""EHH""]","[""eHarvestHub""]","[""https://medium.com/@eHarvestHub/the-current-and-future-state-of-eharvesthub-f076663444f5""]",medium,yes
231082-48,Novo Protocol,novoprotocol.com,protocol_or_network,yes,"[""NOVO""]","[""NOVO""]","[""https://www.novoprotocol.com/static/media/novo_whitepaper.e2cf3136.pdf""]",high,no
231085-36,MediaLink (Media and Information Services),medialink.one,protocol_or_network,yes,"[""MVPT""]","[""MVPT""]","[""https://www.aicoin.com/en/currencies/mvpt2""]",medium,yes
231098-50,Nervos,nervos.org,protocol_or_network,yes,"[""CKB""]","[""CKByte""]","[""https://www.nervos.org/knowledge-base/tokenomics_of_nervos_network""]",high,no
231156-01,Poi Network,poi.app,protocol_or_network,yes,"[""POI""]","[""POI""]","[""https://medium.com/poi-network/poi-a-new-era-for-the-impact-economy-8a25c4849b4""]",medium,no
231242-68,Tari Labs,tarilabs.com,protocol_or_network,yes,"[""XTM"", ""XTR""]","[""MinoTari (Tari L1)"", ""Tari""]","[""https://coinmarketcap.com/currencies/tari/"", ""https://www.tari.com/tokenomics""]",high,no
231272-83,Unlock Protocol,unlock-protocol.com,protocol_or_network,yes,"[""UP""]","[""UP Token""]","[""https://docs.unlock-protocol.com/governance/unlock-dao-tokens""]",medium,no
231297-49,Safeguard Token,safeguardtoken.com,protocol_or_network,yes,"[""SGT""]","[""Safeguard Token""]","[""https://safeguardtoken.com/assets/whitepaper/Whitepaper_Safeguard_Token_v1.4.2.pdf""]",medium,no
231303-25,Flexa( Media and Information Services (B2B)),flexa.co,dapp_or_product,yes,"[""AMP""]","[""Amp""]","[""https://support.flexa.co/en/articles/4421070-what-happens-to-my-flexacoin-tokens-after-i-migrate-to-amp""]",high,no
231322-24,Ontology,ont.io,protocol_or_network,yes,"[""ONT"", ""ONG""]","[""Ontology"", ""Ontology Gas""]","[""https://ont.io/""]",high,no
231324-49,Taraxa,taraxa.io,protocol_or_network,yes,"[""TARA""]","[""Taraxa""]","[""https://taraxa.io/token/""]",high,no
231343-75,RigoBlock,rigoblock.com,protocol_or_network,yes,"[""GRG""]","[""GRG""]","[""https://rigoblock.com/grg""]",high,no
231434-74,DREP,drep.org,protocol_or_network,yes,"[""DREP""]","[""DREP""]","[""https://drep.org/""]",medium,yes
231446-71,lifeID,lifeid.io,protocol_or_network,yes,"[""ID""]","[""ID Token""]","[""https://lifeid.io/faq.pdf""]",high,no
231490-63,Arweave,arweave.org,protocol_or_network,yes,"[""AR""]","[""AR""]","[""https://docs.arweave.org/developers/wallets/wallet-faq""]",high,no
231588-82,Energy Web,energyweb.org,protocol_or_network,yes,"[""EWT""]","[""Energy Web Token""]","[""https://coinmarketcap.com/currencies/energy-web-token/""]",high,no
231594-49,nCent,ncent.io,protocol_or_network,yes,"[""NCNT""]","[""NCNT""]","[""https://icodrops.com/ncent/""]",high,no
231657-31,Ultrain Technology,ultrain.info,protocol_or_network,yes,"[""UGAS""]","[""Ultrain""]","[""https://coinmarketcap.com/currencies/ugas/""]",medium,yes
231701-59,Handshake ( Business/Productivity Software),handshake.org,protocol_or_network,yes,"[""HNS""]","[""Handshake Coin""]","[""https://www.coingecko.com/en/coins/handshake""]",high,no
231788-98,DxChain,dxchain.com,protocol_or_network,yes,"[""DX""]","[""DxChain""]","[""https://coinmarketcap.com/currencies/dxchain-token/""]",high,no
231789-52,HitChain,hitchain.io,protocol_or_network,yes,"[""HIT""]","[""HitChain""]","[""https://coinmarketcap.com/currencies/hitchain/""]",high,no
231901-48,Dexon,dexon.org,protocol_or_network,yes,"[""DXN""]","[""DEXON""]","[""https://coinmarketcap.com/currencies/dexon/""]",high,no
231922-81,Civil (New York),civil.co,media_or_education,yes,"[""CVL""]","[""Civil""]","[""https://blockspot.io/coin/civil/""]",medium,no
231982-39,District0x,district0x.io,protocol_or_network,yes,"[""DNT""]","[""district0x""]","[""https://coinmarketcap.com/currencies/district0x/""]",high,no
231982-48,Wit/Oracle,witnet.io,protocol_or_network,yes,"[""WIT""]","[""Witnet Coin""]","[""https://docs.witnet.io/intro/about/wit-coin""]",high,no
231982-57,Decentraland,decentraland.org,gaming_or_nft,yes,"[""MANA""]","[""MANA""]","[""https://docs.decentraland.org/docs/""]",high,no
231982-66,Polkadot,polkadot.com,protocol_or_network,yes,"[""DOT""]","[""DOT""]","[""https://wiki.polkadot.com/learn/learn-DOT/""]",high,no
232014-97,GIANT Protocol,giantprotocol.org,protocol_or_network,yes,"[""GIANT""]","[""GIANT""]","[""https://www.giantprotocol.org/about/""]",medium,yes
232083-55,Atlas Protocol,atlasp.io,protocol_or_network,yes,"[""ATP""]","[""Atlas Protocol""]","[""https://coinmarketcap.com/currencies/atlas-protocol/""]",high,no
232140-43,MOAC,moac.io,protocol_or_network,yes,"[""MOAC""]","[""MOAC""]","[""https://coinmarketcap.com/currencies/moac/""]",high,no
232141-06,Jingtum,jingtum.com,protocol_or_network,yes,"[""SWTC""]","[""SWTC""]","[""https://coinmarketcap.com/currencies/jingtum-tech/""]",high,no
232164-10,Bamboo (Financial Software),getbamboo.io,exchange_or_broker,yes,"[""BAM""]","[""BAM""]","[""https://www.getbamboo.io/blog/introducing-bam-rewards/""]",high,no
232165-90,CertiK,certik.com,security_or_compliance,yes,"[""CTK""]","[""CTK""]","[""https://www.certik.com/resources/blog/certiKturnsthree""]",high,no
232166-89,LastRoots,lastroots.com,exchange_or_broker,yes,"[""RYO""]","[""c0ban""]","[""https://c0bantrade.jp/""]",high,no
232170-76,Switcheo,switcheo.com,exchange_or_broker,yes,"[""SWTH""]","[""SWTH""]","[""https://blog.switcheo.com/the-switcheo-token/""]",high,no
232171-03,Trinity ( Financial Software),trinity.tech,protocol_or_network,yes,"[""TNC""]","[""TNC""]","[""https://coinmarketcap.com/currencies/trinity-network-credit/""]",high,no
232171-21,Ruffchain,ruffchain.com,protocol_or_network,yes,"[""RUFF""]","[""Ruff""]","[""https://coinmarketcap.com/currencies/ruff/""]",high,no
232171-39,Fortuna (Financial Software),,protocol_or_network,yes,"[""FOTA""]","[""FOTA""]","[""https://www.coincarp.com/currencies/fota/project-info/""]",low,yes
232172-29,IRISnet,irisnet.org,gaming_or_nft,yes,"[""IRIS""]","[""IRIS""]","[""https://coinmarketcap.com/currencies/irisnet/""]",medium,no
232172-74,Open Platform,openfuture.io,protocol_or_network,yes,"[""OPEN""]","[""OPEN Token""]","[""https://www.openfuture.io/about.html""]",high,no
232173-01,Combo Network,combonetwork.io,protocol_or_network,yes,"[""COMBO""]","[""COMBO""]","[""https://docs.combonetwork.io/introduction/overview/token.html""]",high,no
232173-19,Compendia,compendia.org,protocol_or_network,yes,"[""BIND""]","[""BIND""]","[""https://docs.compendia.org/guide/token-swap.html""]",medium,no
232173-64,Multiverse Labs,multiverse.ai,gaming_or_nft,yes,"[""AI""]","[""Multiverse""]","[""https://coinmarketcap.com/currencies/multiverse/""]",medium,no
232173-73,NKN,nkn.org,protocol_or_network,yes,"[""NKN""]","[""NKN""]","[""https://coinmarketcap.com/currencies/nkn/""]",high,no
232174-54,Blockcloud,block-cloud.io,protocol_or_network,yes,"[""BLOC""]","[""Blockcloud""]","[""https://coinmarketcap.com/currencies/blockcloud/""]",medium,no
232174-72,Lambda (Systems and Information Management),lambda.im,infrastructure_or_data,yes,"[""LAMBDA""]","[""Lambda""]","[""https://docs.lambda.im/token-distribution/token-info""]",medium,no
232174-81,MultiVAC,mtv.ac,protocol_or_network,yes,"[""MTV"", ""WMTV""]","[""MTV"", ""Wrapped MTV""]","[""https://mtv.ac/"", ""https://docs.mtv.ac/""]",high,no
232175-17,Moonlight (Business/Productivity Software),moonlight.io,dapp_or_product,yes,"[""LX""]","[""Lux""]","[""https://medium.com/moonlight-io/introducing-the-lux-token-acb5e06b72d4""]",medium,no
232175-53,Neo Name Service,neons.name,protocol_or_network,yes,"[""NNC""]","[""NEO Name Credit""]","[""https://bitmart.zendesk.com/hc/en-us/articles/360021753753-NEO-Name-Credit-NNC""]",high,no
232176-70,Dapix,dapix.io,protocol_or_network,yes,"[""FIO""]","[""FIO Token""]","[""https://fio.net/token/overview""]",high,no
232194-70,Data (Business/Productivity Software),data.eco,infrastructure_or_data,yes,"[""DTA""]","[""Data""]","[""https://etherscan.io/token/0x69b148395ce0015c13e36bffbad63f49ef874e03""]",low,yes
232197-58,Uulala,uulala.io,dapp_or_product,yes,"[""UULA""]","[""Uulala""]","[""https://cryptoslate.com/coins/uulala/""]",medium,no
232244-38,MusicLife,musiclife.io,dapp_or_product,yes,"[""MITC"", ""MSCT""]","[""MitCoin"", ""MusicToken""]","[""https://www.musiclife.io/""]",high,no
232292-44,Terraform Labs,terra.money,protocol_or_network,yes,"[""LUNA""]","[""Luna""]","[""https://docs.terra.money/learn/protocol""]",high,no
232304-68,Shyft Network,shyft.network,protocol_or_network,yes,"[""SHFT""]","[""SHFT Token""]","[""https://www.shyft.network/newsroom/shyft-network-token-distribution-and-economics-update""]",high,no
232320-34,Soma Protocol,soma.co,protocol_or_network,yes,"[""SCT""]","[""Soma Community Token""]","[""https://coinmarketcap.com/currencies/soma/""]",low,yes
232355-26,Fractal ID,web.fractal.id,protocol_or_network,yes,"[""FCL""]","[""Fractal Protocol Token""]","[""https://web.fractal.id/fractal-ids-2022-strategy-and-roadmap-update/""]",high,no
232391-26,Polymath,polymath.network,protocol_or_network,yes,"[""POLYX""]","[""POLYX""]","[""https://polymesh.network/polyx""]",high,no
232591-60,Intellectual Property Coin Group,ipcoingroup.com,protocol_or_network,yes,"[""IPC""]","[""IP Coins""]","[""https://www.cioreview.com/intellectual-property-coin-group-2018""]",low,yes
232612-12,Züs,zus.network,protocol_or_network,yes,"[""ZCN"", ""WZCN""]","[""ZCN"", ""Wrapped ZCN""]","[""https://zus.network/buy-zcn/"", ""https://docs-old.zus.network/concepts/architecture/token-bridge-protocol""]",high,no
232624-27,Reown,reown.com,protocol_or_network,yes,"[""WCT""]","[""WalletConnect Token""]","[""https://docs.walletconnect.network/token-dynamics""]",high,no
232659-01,Cosmochain,cosmochain.io,dapp_or_product,yes,"[""COSM""]","[""Cosmo Coin""]","[""https://www.coindesk.com/price/cosm""]",high,no
232659-73,ICON (Financial Software),icon.community,protocol_or_network,yes,"[""SODA""]","[""SODA""]","[""https://www.sodax.com/holders/soda-token""]",high,no
232664-77,Kambria,kambria.io,protocol_or_network,yes,"[""KAT""]","[""KAT""]","[""https://kambria.io/docs/kat/overview-of-kat-tokenomics/""]",high,no
232664-95,Viction,viction.xyz,protocol_or_network,yes,"[""VIC"", ""TOMOE""]","[""VIC"", ""TOMOE""]","[""https://docs.viction.xyz/faq/general/vic-economic"", ""https://docs.viction.xyz/archive/tomoe""]",high,no
232665-40,IoT Chain,iotchain.io,protocol_or_network,yes,"[""ITC""]","[""ITC""]","[""https://coinmarketcap.com/currencies/iot-chain/""]",medium,yes
232811-20,Herosphere,herosphere.gg,gaming_or_nft,yes,"[""PLAY""]","[""HEROcoin""]","[""https://coinmarketcap.com/currencies/herocoin/""]",high,no
232919-74,Nodle,nodle.com,protocol_or_network,yes,"[""NODL""]","[""Nodle Cash""]","[""https://www.nodle.com/token""]",high,no
232965-10,Contentos,contentos.io,protocol_or_network,yes,"[""COS""]","[""COS""]","[""https://coinmarketcap.com/currencies/contentos/""]",high,no
233044-12,BitMovio,bitmov.io,dapp_or_product,yes,"[""MVBIT""]","[""MoviBits Token""]","[""https://airdrops.io/bitmovio/""]",medium,yes
233044-93,Concordium,concordium.com,protocol_or_network,yes,"[""CCD""]","[""CCD""]","[""https://www.concordium.com/ccd-token""]",high,no
233048-80,TOP AI Network,topnetwork.org,protocol_or_network,yes,"[""TOP""]","[""TOP""]","[""https://www.topnetwork.org/ecosystem""]",high,no
233143-30,Muzika,muzika.network,dapp_or_product,yes,"[""MZK""]","[""Muzika""]","[""https://coinmarketcap.com/currencies/muzika/""]",medium,no
233250-04,Coti,coti.io,protocol_or_network,yes,"[""COTI"", ""gCOTI""]","[""COTI"", ""COTI Governance Token""]","[""https://docs.coti.io/coti-documentation/networks/mainnet"", ""https://docs.coti.io/coti-documentation/networks/mainnet/contracts-addresses""]",high,no
233260-84,Vaeon Trading,vaeon.io,protocol_or_network,yes,"[""VAEO""]","[""VAEON""]","[""https://vaeon.io/files/vaeon_onepager.pdf""]",high,no
233349-49,LoyalCoin,loyalcoin.io,dapp_or_product,yes,"[""LYL""]","[""LoyalCoin""]","[""https://coinmarketcap.com/currencies/loyalcoin/""]",high,no
233359-12,Cartesi,cartesi.io,protocol_or_network,yes,"[""CTSI""]","[""Cartesi""]","[""https://www.cartesi.io/ctsi-token/""]",high,no
233512-57,Sila (Financial Software),silamoney.com,infrastructure_or_data,yes,"[""SILAUSD""]","[""SilaUSD""]","[""https://www.silamoney.com/ach/what-is-a-stablecoin""]",high,no
233518-60,Arianee,arianee.org,protocol_or_network,yes,"[""ARIA20""]","[""ARIA20""]","[""https://www.arianee.org/aria-20""]",high,no
233523-46,BitMinutes,bitminutes.com,dapp_or_product,yes,"[""BMT""]","[""BitMinutes""]","[""https://coinmarketcap.com/currencies/bitminutes/""]",high,no
233674-48,Gladius.io,gladius.io,infrastructure_or_data,yes,"[""GLA""]","[""Gladius Token""]","[""https://etherscan.io/token/0x71d01db8d6a2fbea7f8d434599c237980c234e4c""]",medium,yes
233779-51,Bloom HoldCo,bloom.co,protocol_or_network,yes,"[""BLT""]","[""Bloom Token""]","[""https://coinmarketcap.com/currencies/bloomtoken/blt/eur/""]",medium,yes
233846-92,O1Labs,o1labs.org,protocol_or_network,yes,"[""MINA""]","[""Mina""]","[""https://coinmarketcap.com/currencies/mina/""]",high,no
233871-94,Magic Cube Interactive,magiccube.io,gaming_or_nft,yes,"[""MCC""]","[""Magic Cube Coin""]","[""https://coinmarketcap.com/currencies/magic-cube-coin/""]",medium,no
233990-38,Tap (Financial Software),withtap.com,exchange_or_broker,yes,"[""XTP""]","[""Tap""]","[""https://coinmarketcap.com/currencies/tap/""]",high,no
234046-72,HMS (Financial Software),hms.io,protocol_or_network,yes,"[""HMC""]","[""HMC""]","[""https://hms.io/Whitepaper_20180111.pdf""]",high,no
234059-32,Matrix.,matrix.io,protocol_or_network,yes,"[""MAN""]","[""Matrix AI Network""]","[""https://www.matrix.io/index.php/masternode/""]",high,no
234059-50,Blockchain Terminal,bct.io,infrastructure_or_data,yes,"[""BCT""]","[""BCT""]","[""https://www.bct.io/bct-credit-terms""]",high,no
234089-92,WeBloc,webloc.io,protocol_or_network,yes,"[""WOK""]","[""WOK Token""]","[""https://coinmarketcap.com/currencies/webloc/""]",medium,yes
234090-01,LogisticsX,logisticsx.io,protocol_or_network,yes,"[""PNP""]","[""LogisticsX Token""]","[""https://logisticsx.io/""]",high,no
234106-03,Commercio.network,commercio.network,protocol_or_network,yes,"[""COM"", ""CCC""]","[""Commercio Token"", ""Commercio Cash Credit""]","[""https://docs.commercio.network/""]",high,no
234116-02,Hub (Business/Productivity Software),hubtoken.org,protocol_or_network,yes,"[""HUB"", ""HIT""]","[""Hub Token"", ""Hub Incentive Token""]","[""https://www.hubtoken.org/"", ""https://www.hubtoken.org/images/hub-dual-token-model.pdf""]",high,no
234128-71,Mandala Exchange,mandala.exchange,exchange_or_broker,yes,"[""MDX""]","[""Mandala Exchange Token""]","[""https://support.mandala.exchange/hc/en-us/articles/360055597913-Purchase-MDX-token""]",high,no
234128-89,Neblio,nebl.io,protocol_or_network,yes,"[""NEBL""]","[""Neblio""]","[""https://coinmarketcap.com/currencies/neblio/""]",high,no
234129-52,Elastos Foundation,elastos.org,protocol_or_network,yes,"[""ELA""]","[""Elastos""]","[""https://coinmarketcap.com/currencies/elastos/""]",high,no
234129-61,Ravencoin,ravencoin.org,protocol_or_network,yes,"[""RVN""]","[""Ravencoin""]","[""https://ravencoin.org/""]",high,no
234131-32,Tael,wabi.io,dapp_or_product,yes,"[""WABI""]","[""Tael""]","[""https://coinmarketcap.com/currencies/wabi/""]",medium,yes
234141-13,Beam (Tel Aviv),beam.mw,protocol_or_network,yes,"[""BEAM"", ""BEAMX""]","[""Beam"", ""BeamX""]","[""https://www.beam.mw/"", ""https://www.beam.mw/docs/ecosystem/overview/beamx-tokenomics""]",high,no
234219-34,POA Networks,poa.network,protocol_or_network,yes,"[""POA"", ""POA20""]","[""POA"", ""POA20""]","[""https://www.poa.network/master-1/for-users/about-poa-token"", ""https://www.poa.network/poa20-swap""]",high,no
234220-33,Scry.Info,scry.info,protocol_or_network,yes,"[""DDD""]","[""Scry.info""]","[""https://coinmarketcap.com/currencies/scryinfo/""]",high,no
234230-14,Celer,celer.network,protocol_or_network,yes,"[""CELR""]","[""Celer Network""]","[""https://im-docs.celer.network/developer/architecture-walkthrough/celr-token-utility""]",high,no
234230-86,IOTW,iotw.io,protocol_or_network,yes,"[""IOTW""]","[""IOTW""]","[""https://coinmarketcap.com/currencies/iotw/""]",medium,no
234331-66,Aergo,aergo.io,protocol_or_network,yes,"[""AERGO""]","[""AERGO""]","[""https://www.coingecko.com/en/coins/aergo""]",high,no
234332-38,Origo Network,origo.network,protocol_or_network,yes,"[""OGO""]","[""Origo""]","[""https://coinmarketcap.com/currencies/origo/""]",high,no
234332-83,Cortex Labs (Financial Software),cortexlabs.ai,protocol_or_network,yes,"[""CTXC""]","[""Cortex""]","[""https://www.cortexlabs.ai/wallet""]",high,no
234333-19,U Network,u.network,protocol_or_network,yes,"[""UUU""]","[""U Network""]","[""https://coinmarketcap.com/currencies/u-network/""]",high,no
234451-45,Bitkub Capital Group Holdings,bitkubcapital.com,service_provider,yes,"[""KUB"", ""gKUB""]","[""KUB Coin"", ""gKUB""]","[""https://support.bitkub.com/en/support/solutions/articles/151000034686-what-is-bitkub-coin-/1000"", ""https://docs.kubchain.com/governance/kub-vote""]",high,no
234492-31,Emurgo,emurgo.io,service_provider,yes,"[""ADA""]","[""Cardano""]","[""https://cardano.org/""]",medium,no
234559-90,KuCoin,kucoin.com,exchange_or_broker,yes,"[""KCS""]","[""KuCoin Token""]","[""https://www.kucoin.com/kcs""]",high,no
234633-25,Mythical Games,mythicalgames.com,gaming_or_nft,yes,"[""MYTH""]","[""Mythos""]","[""https://mythos.foundation/""]",high,no
234655-84,Liquidity Network,liquidity.network,protocol_or_network,yes,"[""LQD""]","[""Liquidity Network""]","[""https://coinmarketcap.com/currencies/liquidity-network/""]",high,no
234665-02,Marconi Protocol,marconi.org,protocol_or_network,yes,"[""MRC""]","[""Marconi token""]","[""https://icomarks.ai/ico/marconi""]",medium,yes
234675-28,Dispatch Labs,dispatchlabs.io,protocol_or_network,yes,"[""DIVVY""]","[""Divvy""]","[""https://medium.com/dispatchlabs/the-dispatch-mobile-wallet-is-here-your-giddiness-is-understandable-801538a658d5""]",high,no
234677-71,Plasma Finance,plasma.finance,dapp_or_product,yes,"[""PPAY"", ""gPPAY""]","[""PPAY"", ""gPPAY""]","[""https://docs.plasma.finance/plasma-governance/ppay-tokenomics"", ""https://docs.plasma.finance/plasma-governance/gppay-govenance-token""]",high,no
234740-26,Nebula Network,nebula.network,infrastructure_or_data,yes,"[""NEB""]","[""Nebula""]","[""https://nebula.network/index.html""]",medium,no
234779-95,Sonm,sonm.com,infrastructure_or_data,yes,"[""SNM""]","[""SONM [ERC20]""]","[""https://coinmarketcap.com/currencies/sonm/""]",high,no
234840-70,OKX,okx.com,exchange_or_broker,yes,"[""OKB""]","[""OKB""]","[""https://www.okx.com/en-gb/learn/what-is-okb-the-utility-token-of-okx""]",high,no
234876-61,Jibrel,jibrel.network,protocol_or_network,yes,"[""JNT"", ""SLICE""]","[""Jibrel Network Token"", ""SLICE""]","[""https://coinmarketcap.com/currencies/jibrel-network/"", ""https://docs.tranche.finance/tranchefinance/slice-token/slice-paper""]",medium,yes
234909-28,300cubits,300cubits.tech,protocol_or_network,yes,"[""TEU""]","[""TEU""]","[""https://cryptoslate.com/coins/300cubits/""]",high,no
235003-06,Intelligent Trading Foundation,intelligenttrading.org,dapp_or_product,yes,"[""ITT""]","[""Intelligent Trading Foundation""]","[""https://coinmarketcap.com/currencies/intelligent-trading-foundation/""]",medium,no
235003-33,BmyBit,bmybit.com,dapp_or_product,yes,"[""BMYC""]","[""BmyCoin""]","[""https://cryptoslate.com/coins/bmycoin/""]",medium,yes
235014-22,SingularityNET,singularitynet.io,protocol_or_network,yes,"[""ASI""]","[""ASI""]","[""https://dev.singularitynet.io/docs/products/DecentralizedAIPlatform/CoreConcepts/asi-token/""]",high,no
235020-70,Babb,getbabb.com,wallet_or_custody,yes,"[""BAX""]","[""BAX""]","[""https://getbabb.com/crypto/""]",high,no
235083-16,Agrello,agrello.io,service_provider,yes,"[""DLT""]","[""DLT""]","[""https://agrello.gitbook.io/guides/account-and-billing/dlt/what-is-agrello-delta-token-dlt""]",medium,yes
235143-46,ViewChain Foundation,viewchain.org,protocol_or_network,yes,"[""VIEW""]","[""ViewChain Token""]","[""https://viewchain.org/ViewChain.pdf""]",high,no
235143-55,DACC,dacc.co,protocol_or_network,yes,"[""DACC""]","[""DACC""]","[""https://coinmarketcap.com/currencies/dacc/""]",high,no
235143-82,Newton (Singapore),newtonproject.org,protocol_or_network,yes,"[""AB""]","[""AB""]","[""https://www.coingecko.com/en/coins/newton-project""]",high,no
235203-76,Doc.com,doc.group,dapp_or_product,yes,"[""DOCT""]","[""DocCoin""]","[""https://www.doc.com/blockchain""]",high,no
235246-06,IPT Chain,iptchain.net,protocol_or_network,yes,"[""IPT""]","[""IPT""]","[""https://www.criptolog.com/coin/iptchain/""]",high,no
235296-01,Alphaslot,alphaslot.io,gaming_or_nft,yes,"[""SLOT""]","[""SLOT""]","[""https://coinmarketcap.com/currencies/alphaslot/""]",high,no
235298-89,Conflux Network,confluxnetwork.org,protocol_or_network,yes,"[""CFX""]","[""Conflux""]","[""https://doc.confluxnetwork.org/docs/general/conflux-basics/glossary""]",high,no
236816-92,Contentbox,contentbox.one,protocol_or_network,yes,"[""BOX""]","[""ContentBox Token""]","[""https://etherscan.io/token/0x63f584fa56e60e4d0fe8802b27c7e6e3b33e007f""]",high,no
236826-28,Global Social Chain,gsc.social,protocol_or_network,yes,"[""GSC""]","[""Global Social Chain""]","[""https://coinmarketcap.com/currencies/global-social-chain/""]",medium,yes
236905-75,BHEX,hbtc.com,exchange_or_broker,yes,"[""HBC""]","[""HBTC Captain Token""]","[""https://coinmarketcap.com/currencies/hbtc-token/""]",medium,yes
236916-28,COVA Unity,covalent.ai,protocol_or_network,yes,"[""CXT""]","[""Covalent X Token""]","[""https://www.covalenthq.com/docs/cxt/tokenomics""]",high,no
236929-33,Game.com,game.com,protocol_or_network,yes,"[""G""]","[""$G Token""]","[""https://whitepaper.game.com/tokenomics/usdg-token""]",medium,yes
243635-77,Sygnum Bank,sygnum.com,wallet_or_custody,yes,"[""DCHF""]","[""Digital CHF""]","[""https://www.sygnum.com/digital-asset-banking/digital-swiss-franc-dchf/""]",high,no
251496-73,WishFinance,wishfinance.com,dapp_or_product,yes,"[""WISH""]","[""Wish Finance""]","[""https://coinmarketcap.com/currencies/wish-finance-2/""]",high,no
251500-78,Insolar Technologies,insolar.io,protocol_or_network,yes,"[""XNS""]","[""Insolar Coin""]","[""https://www.coindesk.com/price/xns""]",low,yes
251512-48,Unbanked,unbanked.com,wallet_or_custody,yes,"[""UNBNK"", ""TERN""]","[""Unbanked"", ""Ternio""]","[""https://coinmarketcap.com/currencies/unbanked/"", ""https://www.coingecko.com/en/coins/ternio""]",high,no
263948-86,Braintrust,usebraintrust.com,traditional_business,yes,"[""BTRST""]","[""Braintrust Token""]","[""https://www.usebraintrust.com/token""]",low,yes
264033-73,Freelancing Do,freldo.com,service_provider,yes,"[""FRECNX""]","[""FreldoCoinX""]","[""https://coinmarketcap.com/currencies/freldo/""]",low,yes
264053-71,EcoStart (Environmental Services),eco-start.com,protocol_or_network,yes,"[""TER"", ""TECO""]","[""EcoStart"", ""TerraEcoCoin""]","[""https://www.coincarp.com/currencies/ecostart/"", ""https://www.coindesk.com/price/teco""]",low,yes
264190-60,HashKey Digital Asset Group,hashkey.com,traditional_business,yes,"[""HSK""]","[""HashKey Platform Token""]","[""https://coinmarketcap.com/currencies/hashkey-platform-token/""]",low,yes
264278-17,Anquan,anquancapital.com,traditional_business,yes,"[""ZIL""]","[""Zilliqa""]","[""https://coinmarketcap.com/currencies/zilliqa/""]",low,yes
264293-92,Flame (Entertainment Software),flamestore.xyz,gaming_or_nft,yes,"[""RYU""]","[""Ryu Coin""]","[""https://ryucoin.com/""]",low,yes
264317-14,Beyond Protocol,beyond.link,protocol_or_network,yes,"[""BP""]","[""BP""]","[""https://coinmarketcap.com/currencies/beyond-protocol/""]",high,no
264372-40,Anatha,anatha.io,protocol_or_network,yes,"[""ANATHA"", ""wANATHA""]","[""ANATHA"", ""Wrapped ANATHA""]","[""https://www.prnewswire.com/news-releases/anatha-announces-its-accessible-equitable-public-token-sale-accepting-fiat-and-crypto-301312589.html"", ""https://project-anatha.gitbook.io/anatha-wallet-documentation/how-to-redeem-wanatha-for-anatha""]",high,no
264394-99,ARK Ecosystem,ark.io,traditional_business,yes,"[""ARK""]","[""ARK""]","[""https://coinmarketcap.com/currencies/ark/""]",low,yes
264414-07,Scroll Network,scroll.network,protocol_or_network,yes,"[""SCR""]","[""Scroll""]","[""https://coinmarketcap.com/currencies/scroll/""]",high,no
264631-51,Monerium,monerium.com,traditional_business,yes,"[""EURe""]","[""Monerium EUR emoney""]","[""https://www.coingecko.com/en/coins/monerium-eur-money""]",low,yes
264737-17,Oath Protocol,oaths.io,traditional_business,yes,"[""OATH""]","[""OATH Protocol""]","[""https://coinmarketcap.com/currencies/oath-protocol/""]",low,yes
264891-61,Airbloc,airbloc.org,traditional_business,yes,"[""ABL""]","[""Airbloc""]","[""https://coinmarketcap.com/currencies/airbloc/""]",low,yes
264933-01,WaltonChain,waltonchain.org,traditional_business,yes,"[""WTC""]","[""Waltonchain""]","[""https://coinmarketcap.com/currencies/waltonchain/""]",low,yes
264961-27,Zen,zenprotocol.com,traditional_business,yes,"[""ZP""]","[""Zen Protocol""]","[""https://docs.zenprotocol.com/apps/wallet/wallet-structure/my-wallet/send-execute""]",low,yes
264974-95,NeuroChain (Financial Software),neurochaintech.io,traditional_business,yes,"[""NCC""]","[""NeuroChain""]","[""https://neurochaintech.medium.com/neurochain-token-strategy-d4eb92f47a7""]",low,yes
265025-71,StreetWire,streetwire.net,traditional_business,yes,"[""WIRE""]","[""WIRE Token""]","[""https://www.prnewswire.com/news-releases/streetwire-blockchain-network-to-revolutionize-real-estate-transactions-300632453.html""]",low,yes
265096-27,Quant,quant.network,traditional_business,yes,"[""QNT""]","[""Quant""]","[""https://www.coingecko.com/en/coins/quant-network""]",low,yes
265169-71,The Graph,thegraph.com,protocol_or_network,yes,"[""GRT""]","[""The Graph""]","[""https://thegraph.com/blog/the-graph-grt-token-economics""]",high,no
265185-19,4ARTechnologies,4art-technologies.com,gaming_or_nft,yes,"[""4ART""]","[""4ART Coin""]","[""https://www.4art-technologies.com/4art-coin/4art-coin-the-payment-token-for-the-art-world/""]",high,no
265186-00,Vega Protocol,vega.xyz,protocol_or_network,yes,"[""VEGA""]","[""VEGA""]","[""https://coinmarketcap.com/currencies/vegaprotocol/""]",high,no
265199-95,Autonomys,autonomys.xyz,protocol_or_network,yes,"[""AI3""]","[""AI3""]","[""https://subspace.foundation/tokenomics""]",high,no
265220-02,Unibright,unibright.io,infrastructure_or_data,yes,"[""UBT""]","[""Universal Business Token""]","[""https://unibright.io/""]",high,no
265221-01,Vlux,vlux.io,protocol_or_network,yes,"[""VLX""]","[""VLUX""]","[""https://cryptoslate.com/coins/vlux/""]",medium,no
265258-90,FOAM,foam.space,protocol_or_network,yes,"[""FOAM""]","[""FOAM""]","[""https://coinmarketcap.com/currencies/foam/""]",high,no
265271-59,Nexus Mutual,nexusmutual.io,protocol_or_network,yes,"[""NXM""]","[""NXM""]","[""https://docs.nexusmutual.io/protocol/nxm-token/""]",high,no
265272-04,Althea (Internet Service Providers),althea.net,protocol_or_network,yes,"[""ALTHEA""]","[""ALTHEA""]","[""https://www.coingecko.com/en/coins/althea""]",medium,no
265301-47,Apla (Financial Software),apla.io,protocol_or_network,yes,"[""APL""]","[""APL""]","[""https://apla.readthedocs.io/en/latest/reference/platform-parameters.html""]",high,no
265313-98,Eleven01,eleven01.io,protocol_or_network,yes,"[""1101""]","[""Eleven01 Native Token""]","[""https://www.eleven01.io/""]",high,no
265395-79,Jointer,jointer.io,investment_or_holdings,yes,"[""JNTR""]","[""JNTR""]","[""https://jointerinc.github.io/docs/jointer-syndication-economy/jntr/""]",high,no
265536-64,Band,bandprotocol.com,protocol_or_network,yes,"[""BAND""]","[""Band Token""]","[""https://www.bandprotocol.com/""]",high,no
265544-47,Neutrino,neutrino.nu,unclear,yes,"[""NSBT"", ""XTN""]","[""Neutrino System Base Token"", ""Neutrino Index""]","[""https://coinmarketcap.com/currencies/neutrino-system-base-token/"", ""https://coinmarketcap.com/currencies/neutrino-usd/""]",low,yes
265588-39,Lition (Financial Software),lition.io,unclear,yes,"[""LIT""]","[""Lition""]","[""https://coinmarketcap.com/currencies/lition/""]",low,yes
265589-83,Prove AI,proveai.com,unclear,yes,"[""CSPR""]","[""Casper Network""]","[""https://www.coingecko.com/en/coins/casper-network""]",low,yes
265762-45,Uniswap Labs,app.uniswap.org,protocol_or_network,yes,"[""UNI""]","[""UNI""]","[""https://blog.uniswap.org/uni""]",high,no
265767-49,IP Exchange,ip.sx,protocol_or_network,yes,"[""IPSX""]","[""IPSX""]","[""https://coinmarketcap.com/currencies/ip-exchange/""]",high,no
265821-13,Harmony One,harmony.one,protocol_or_network,yes,"[""ONE""]","[""Harmony""]","[""https://docs.harmony.one/home/general/technology/tokenomics""]",high,no
265841-02,ProximaX,proximax.ltd,protocol_or_network,yes,"[""XPX""]","[""XPX""]","[""https://www.proximax.ltd/en/resources""]",high,no
265842-82,Fluence Network,fluence.network,infrastructure_or_data,yes,"[""FLT""]","[""FLT""]","[""https://www.coingecko.com/en/coins/fluence""]",high,no
265924-81,StrongBlock,strongblock.com,protocol_or_network,yes,"[""STRNGR"", ""STRONG""]","[""Stronger"", ""Strong""]","[""https://coinmarketcap.com/currencies/stronger/"", ""https://coinmarketcap.com/currencies/strong/""]",high,no
265978-99,Veridium Labs,veridium.io,protocol_or_network,yes,"[""TGR""]","[""TGR""]","[""https://www.veridium.io/veridium-team.html""]",medium,yes
266019-85,Atayen,atayen.us,service_provider,yes,"[""SATT""]","[""SaTT""]","[""https://satt-token.com/""]",high,no
266080-24,Pocket (Software Development Applications),pocket.network,protocol_or_network,yes,"[""POKT""]","[""Pocket Network""]","[""https://docs.pocket.network/growing-with-usdpokt/usdpokt-the-heart-of-the-pocket-network""]",high,no
266165-83,Fractal Wealth,app.auto.finance,protocol_or_network,yes,"[""AUTO""]","[""Auto Finance""]","[""https://www.coingecko.com/en/coins/tokemak""]",high,no
266175-82,metaMe,metame.com,dapp_or_product,yes,"[""KOIN""]","[""metaKoin""]","[""https://metame.com/wp-content/uploads/2020/03/metame-white-paper-v1.4xx.pdf""]",medium,yes
266208-04,Firmo.Network,firmo.network,protocol_or_network,yes,"[""FRM""]","[""Firmo""]","[""https://cryptoslate.com/coins/firmo/""]",medium,yes
266211-64,ODIN Protocol,odinprotocol.io,protocol_or_network,yes,"[""ODIN"", ""GEO""]","[""ODIN"", ""GeoDB""]","[""https://coinmarketcap.com/currencies/odin-protocol/"", ""https://coinmarketcap.com/currencies/geodb/""]",high,no
266230-72,Plair,plair.life,gaming_or_nft,yes,"[""PLA""]","[""Plair""]","[""https://coinmarketcap.com/currencies/plair/""]",high,no
266311-18,InfoCorp Technologies,infocorp.io,protocol_or_network,yes,"[""SENC""]","[""Sentinel Chain""]","[""https://coinmarketcap.com/currencies/sentinel-chain/""]",high,no
266328-37,MyChronomy,mychronomy.com,dapp_or_product,yes,"[""MYC""]","[""MYC""]","[""https://www.mychronomy.com/""]",high,no
266384-80,UMA (Financial Software),uma.xyz,protocol_or_network,yes,"[""UMA""]","[""UMA""]","[""https://docs.uma.xyz/faqs""]",high,no
266442-76,xx network,xx.network,protocol_or_network,yes,"[""XX""]","[""xx coin""]","[""https://xx.network/the-xx-coin/""]",high,no
266465-53,Core State Holdings,corestateholdings.com,service_provider,yes,"[""PCT""]","[""PerksCoin""]","[""https://ptpwallet.com/cryptocurrency-list/what-is-perkscoin-pct/""]",high,no
266489-11,Stasis,stasis.net,protocol_or_network,yes,"[""EURS""]","[""EURS""]","[""https://stasis.net/eurs-info""]",high,no
266508-46,Drife,drife.io,dapp_or_product,yes,"[""DRF""]","[""DRF""]","[""https://www.drife.io/drf""]",high,no
266539-15,Offchain Labs,offchainlabs.com,protocol_or_network,yes,"[""ARB""]","[""Arbitrum""]","[""https://www.coingecko.com/en/coins/arbitrum""]",high,no
266576-77,Scorum,scorum.com,media_or_education,yes,"[""SCR"", ""SP""]","[""Scorum Coin"", ""Scorum Power""]","[""https://scorum.gitbook.io/scorum-network-2.0-whitepaper/scorum-products-overview/native-tokens""]",medium,no
266684-86,GoChain,gochain.io,protocol_or_network,yes,"[""GO""]","[""GO""]","[""https://gochain.io/go""]",high,no
266704-93,Horizen Labs,horizenlabs.io,protocol_or_network,yes,"[""VFY""]","[""zkVerify""]","[""https://zkverify.io/token""]",medium,yes
267150-34,2key Network,2key.network,protocol_or_network,yes,"[""2KEY""]","[""2KEY""]","[""https://coinmarketcap.com/currencies/2key-network/""]",high,no
267280-93,Hashgard,hashgard.io,protocol_or_network,yes,"[""GARD"", ""GGT""]","[""Hashgard"", ""GARD Governance Token""]","[""https://coinmarketcap.com/currencies/hashgard/"", ""https://coinmarketcap.com/currencies/gard-governance-token/""]",high,no
267281-47,Celes Chain,celesos.com,protocol_or_network,yes,"[""CLES""]","[""Celes""]","[""https://docs.celeschain.xyz/introducing/tokenomics""]",high,no
267281-65,SportX (blockchain),sportx.one,protocol_or_network,yes,"[""SX""]","[""SX""]","[""https://coinmarketcap.com/currencies/sportx/""]",high,no
267282-01,BonusCloud,bonuscloud.io,infrastructure_or_data,yes,"[""BXC""]","[""BonusCloud""]","[""https://coinmarketcap.com/currencies/bonuscloud/""]",high,no
267282-46,GoWithMi,gowithmi.com,protocol_or_network,yes,"[""GMAT""]","[""GoWithMi""]","[""https://coinmarketcap.com/currencies/gowithmi/""]",medium,yes
267333-13,Wecan (Other Commercial Services),wecangroup.ch,infrastructure_or_data,yes,"[""WECAN""]","[""WECAN Token""]","[""https://wecangroup.ch/wecan-token""]",high,no
267338-26,Blocksquare,blocksquare.io,protocol_or_network,yes,"[""BST""]","[""Blocksquare Token""]","[""https://docs.blocksquare.io/bst-token/token-overview""]",high,no
267460-30,X World Games,xwg.games,gaming_or_nft,yes,"[""XWG""]","[""X World Games""]","[""https://docs.xwg.games/getting-started/xwg-token""]",high,no
267522-40,Ava Labs,avalabs.org,protocol_or_network,yes,"[""AVAX""]","[""Avalanche""]","[""https://build.avax.network/docs/primary-network/avax-token""]",high,no
267600-79,Nym,nym.com,protocol_or_network,yes,"[""NYM""]","[""Nym""]","[""https://nym.com/token""]",high,no
267691-60,Bitpanda,bitpanda.com,exchange_or_broker,yes,"[""VSN"", ""PAN""]","[""Vision"", ""Pantos""]","[""https://www.bitpanda.com/en/web3/vision-token"", ""https://blog.bitpanda.com/en/pantos-io-by-bitpanda-the-first-multi-blockchain-token-system""]",high,no
267734-17,Propy,propy.com,dapp_or_product,yes,"[""PRO""]","[""Propy""]","[""https://propy.com/browse/how-to-buy-propy-tokens-pro/""]",high,no
267798-52,Zeus Exchange,zeus.exchange,exchange_or_broker,yes,"[""ZUS""]","[""ZUS""]","[""https://zeus-exchange.gitbook.io/white-paper-zeus-exchange/tokenomics""]",medium,yes
267877-45,True Chain,truechain.pro,protocol_or_network,yes,"[""TRUE""]","[""TRUE""]","[""https://coinmarketcap.com/currencies/truechain/""]",medium,yes
267882-76,Agoric,agoric.com,protocol_or_network,yes,"[""BLD"", ""IST""]","[""Agoric"", ""IST""]","[""https://agoric.com/blog/getting-started/bld/"", ""https://agoric.com/blog/technology/a-deep-dive-into-agoric-javascript-smart-contracts""]",high,no
267915-97,Cow Moon Wealth Software,landing.common.xyz,protocol_or_network,yes,"[""COMMON""]","[""COMMON""]","[""https://www.common.foundation/blog/introducing-the-common-token""]",high,no
267935-50,iExec,iex.ec,protocol_or_network,yes,"[""RLC""]","[""iExec RLC""]","[""https://www.iex.ec/rlc-token""]",high,no
267937-39,PureStake,purestake.com,infrastructure_or_data,yes,"[""GLMR"", ""MOVR""]","[""Glimmer"", ""Moonriver""]","[""https://moonbeam.foundation/glimmer-token-tokenomics/"", ""https://moonbeam.foundation/moonriver-token-tokenomics/""]",high,no
267965-20,Planetarium Labs,planetariumlabs.com,gaming_or_nft,yes,"[""NCG"", ""WNCG""]","[""Nine Chronicles Gold"", ""Wrapped NCG""]","[""https://gold.nine-chronicles.com/"", ""https://docs.nine-chronicles.com/introduction/tokenomics/swap-ncg-to-wncg""]",high,no
268061-86,Mefy Care,mefy.care,traditional_business,yes,"[""MEFY""]","[""MeFy""]","[""https://icomarks.ai/ico/mefy""]",low,yes
268069-24,Upland,upland.me,gaming_or_nft,yes,"[""UPX"", ""SPARKLET""]","[""UPX"", ""SPARKLET""]","[""https://guides.upland.me/getting-started/tokens/upx"", ""https://guides.upland.me/getting-started/tokens/sparklet""]",high,no
268093-72,Market Protocol,marketprotocol.io,protocol_or_network,yes,"[""MKT""]","[""MARKET Protocol""]","[""https://coincodex.com/ico/market-protocol/""]",medium,yes
268117-03,FiNANCiE,corp.financie.jp,protocol_or_network,yes,"[""FNCT""]","[""FNCT""]","[""https://fnct.xyz/""]",high,no
268173-10,BlockCerts Blockchain,blockcerts.com,protocol_or_network,yes,"[""BCERTS""]","[""BCERTS""]","[""https://blockcerts.com/faq/""]",high,no
268194-34,Aeternity,aeternity.com,protocol_or_network,yes,"[""AE""]","[""AE""]","[""https://www.coingecko.com/en/coins/aeternity""]",high,no
268200-19,Homelend (Financial Software),homelend.io,dapp_or_product,yes,"[""HMD""]","[""Homelend""]","[""https://cryptoslate.com/coins/homelend/""]",low,yes
268257-61,Kava,kava.io,protocol_or_network,yes,"[""KAVA"", ""HARD"", ""SWP"", ""USDX""]","[""KAVA"", ""HARD"", ""SWP"", ""USDX""]","[""https://docs.kava.io/docs/faq/basics/"", ""https://www.businesswire.com/news/home/20210831005132/en/Kava-Labs-Introduces-Kava-Swap""]",high,no
268344-82,EarnDLT,earndlt.com,protocol_or_network,yes,"[""QET""]","[""Quantified Emissions Token""]","[""https://earndlt.com/environmental-tokens-qet""]",high,no
268368-40,3Box Labs,3boxlabs.com,infrastructure_or_data,yes,"[""RECALL""]","[""Recall""]","[""https://blog.recall.network/recall-tokenomics""]",medium,no
268576-03,Cere,cere.network,protocol_or_network,yes,"[""CERE""]","[""Cere""]","[""https://coinmarketcap.com/currencies/cere-network/""]",high,no
268777-45,NEAR,near.org,protocol_or_network,yes,"[""NEAR""]","[""NEAR""]","[""https://docs.near.org/protocol/network/tokens""]",high,no
277139-89,UBU (Financial Software),projectubu.com,protocol_or_network,yes,"[""UBX""]","[""UBX""]","[""https://www.bbrief.co.za/2017/09/25/crypto-token-project-ubu-announces-initial-offering/""]",medium,no
277224-67,Pledgecamp,pledgecamp.com,dapp_or_product,yes,"[""PLG""]","[""Pledge Coin""]","[""https://coinmarketcap.com/currencies/pledge-coin/""]",high,no
277289-02,GRE foundation,gref.io,protocol_or_network,yes,"[""RISK""]","[""Risk Exchange""]","[""https://gref.io/""]",high,no
277325-47,BlockState,blockstate.com,security_or_compliance,yes,"[""BKN""]","[""BKN""]","[""https://coincodex.com/crypto/blockstate/""]",high,no
277337-80,Dapp (Financial Software),dappt.io,dapp_or_product,yes,"[""DAPPT""]","[""Dapp Token""]","[""https://coinmarketcap.com/currencies/dapp-token/""]",medium,yes
277363-00,Genomes.io,genomes.io,dapp_or_product,yes,"[""GENOME""]","[""GENOME""]","[""https://coinmarketcap.com/currencies/genomesdao/""]",high,no
277403-14,qiibee,qiibee.com,protocol_or_network,yes,"[""QBX""]","[""QBX""]","[""https://qbx.qiibeefoundation.org/qbx""]",high,no
277413-22,Vendible,vendiblelabs.com,protocol_or_network,yes,"[""VEND""]","[""VEND""]","[""https://vendiblelabs.com/ible""]",medium,no
277563-16,PDX blockchain,pdx.ltd,protocol_or_network,yes,"[""PDX""]","[""PDX Coin""]","[""https://www.pdxcoin.io/""]",high,no
277618-51,Aryze,aryze.io,protocol_or_network,yes,"[""RYZE""]","[""Ryze""]","[""https://www.coingecko.com/en/coins/ryze""]",high,no
277688-08,Haven ( Financial Software),havenprotocol.org,protocol_or_network,yes,"[""XHV""]","[""XHV""]","[""https://havenprotocol.org/""]",high,no
277695-10,Crysto Blockchain,crysto.io,protocol_or_network,yes,"[""CSO""]","[""CRYSTO""]","[""https://www.coincarp.com/currencies/crysto/""]",medium,no
277698-52,Poseidon Network,poseidon.network,protocol_or_network,yes,"[""QQQ""]","[""QQQ""]","[""https://www.poseidon.network/token/""]",high,no
277738-75,FTX,ftx.com,exchange_or_broker,yes,"[""FTT""]","[""FTX Token""]","[""https://coinmarketcap.com/currencies/ftx-token/""]",high,no
277777-63,TrustaBit,trustabit.io,dapp_or_product,yes,"[""TAB""]","[""TAB""]","[""https://resources.cryptocompare.com/asset-management/6167/1698773993874.pdf""]",medium,no
277828-57,Everest (Financial Software),everest.org,dapp_or_product,yes,"[""ID""]","[""Everest""]","[""https://coinmarketcap.com/currencies/everest/""]",high,no
277915-15,Bepro (Software Development Applications),bepro.network,protocol_or_network,yes,"[""BEPRO""]","[""Bepro""]","[""https://www.coingecko.com/en/coins/bepro-network""]",high,no
278508-97,PayRue,payrue.chat,wallet_or_custody,yes,"[""PROPEL""]","[""Propel""]","[""https://www.payrue.chat/propel-faq.html""]",high,no
279389-08,Ferrum Network,ferrum.network,protocol_or_network,yes,"[""FRM""]","[""Ferrum Network""]","[""https://coinmarketcap.com/currencies/ferrum-network/""]",high,no
279415-81,Expercoin,expercoin.com,protocol_or_network,yes,"[""EXPR""]","[""Expercoin""]","[""https://expercoin.com/""]",high,no
279418-78,Beowulf,beowulfchain.com,protocol_or_network,yes,"[""BWF""]","[""BWF""]","[""https://coinmarketcap.com/currencies/beowulf/""]",high,no
279421-75,Electrify (Energy Traders and Brokers),electrify.asia,dapp_or_product,yes,"[""ELEC""]","[""Electrify.Asia""]","[""https://www.coindesk.com/price/elec""]",medium,no
279429-22,Gitcoin,gitcoin.co,protocol_or_network,yes,"[""GTC""]","[""Gitcoin""]","[""https://www.coingecko.com/en/coins/gitcoin""]",high,no
279430-57,Attrace,attrace.com,protocol_or_network,yes,"[""ATTR""]","[""ATTR""]","[""https://attrace.com/about/attrace-token/""]",high,no
279491-59,FRENCH-ICO.COM,french-ico.com,service_provider,yes,"[""FICO""]","[""French ICO Coin""]","[""https://coinmarketcap.com/currencies/french-ico-coin/""]",low,no
279570-16,Magnachain,magnachain.co,protocol_or_network,yes,"[""MGC""]","[""Magnachain""]","[""https://blockspot.io/coin/magnachain/""]",medium,yes
279638-92,Orvium Labs,orvium.io,dapp_or_product,yes,"[""ORV""]","[""ORV""]","[""https://docs.orvium.io/Orvium-WP.pdf""]",high,no
279666-73,Trias-lab Foundation,trias.one,protocol_or_network,yes,"[""TRIAS""]","[""Trias""]","[""https://www.coingecko.com/en/coins/trias-token""]",high,no
279668-98,Saito,saito.tech,protocol_or_network,yes,"[""SAITO""]","[""SAITO""]","[""https://saito.tech/saito-ido-guide/""]",high,no
279669-52,Marlin,marlin.org,protocol_or_network,yes,"[""POND"", ""MPond""]","[""POND"", ""MPond""]","[""https://blog.marlin.org/introducing-the-marlin-network-tokens""]",high,no
279670-78,MultiversX,multiversx.com,protocol_or_network,yes,"[""EGLD""]","[""eGold""]","[""https://multiversx.com/egld""]",high,no
279672-13,Standard Tokenization Protocol,awenetwork.ai,protocol_or_network,yes,"[""AWE""]","[""AWE""]","[""https://www.coingecko.com/en/coins/awe-network""]",high,no
279675-01,Atlas Network,atlas.world,protocol_or_network,yes,"[""ATLS""]","[""Atlas Token""]","[""https://etherscan.io/token/0xd36e9f8f194a47b10af16c7656a68eba1dfe88e4""]",high,no
279704-26,CoinFLEX,coinflex.com,exchange_or_broker,yes,"[""FLEX""]","[""FLEX""]","[""https://coinflex.com/documents/FLEX-Coin-Whitepaper.pdf""]",high,no
279755-38,NewStar Blockchain,,protocol_or_network,yes,"[""NST""]","[""NewStar Token""]","[""https://www.coincarp.com/currencies/newstar/""]",medium,no
279784-63,Ground X,groundx.xyz,protocol_or_network,yes,"[""KLAY""]","[""KLAY""]","[""https://docs.klaytn.foundation/docs/learn/klaytn-native-coin-klay/""]",high,no
279814-78,illow,illow.io,traditional_business,yes,"[""WIB""]","[""Wibson""]","[""https://coinmarketcap.com/currencies/wibson/""]",high,no
279943-03,Smartshare Beijing,smartshare.vip,protocol_or_network,yes,"[""SSP""]","[""Smartshare""]","[""https://coinmarketcap.com/currencies/smartshare/""]",high,no
279955-72,Newly Network,newly.network,dapp_or_product,yes,"[""MYNT""]","[""MYNT""]","[""https://www.prnewswire.com/news-releases/fintech-startup-paymynt-financial-announces-patent-pending-universal-payment-rewards-system-301163249.html""]",high,no
279984-88,DappRadar,dappradar.com,dapp_or_product,yes,"[""RADAR""]","[""RADAR""]","[""https://docs.dappradar.com/radar-token/radar-tokenomics""]",high,no
289980-46,Limestone Network,limestone.network,dapp_or_product,yes,"[""LIMEX""]","[""LIMEX""]","[""https://cryptoslate.com/coins/limestone-network/""]",high,no
291353-32,Energo Labs,energolabs.com,dapp_or_product,yes,"[""TSL""]","[""Energo""]","[""https://coinmarketcap.com/currencies/energo/""]",high,no
294489-64,Questbets,questbets.com,dapp_or_product,yes,"[""QST"", ""QCT""]","[""Quest"", ""Quest Casino Token""]","[""https://www.questbets.co/""]",high,no
294496-30,Morpher,morpher.com,protocol_or_network,yes,"[""MPH""]","[""Morpher Token""]","[""https://support.morpher.com/en/article/about-morpher-tokens-mph-pdf0cg/""]",high,no
294743-80,Trixta,trixta.ai,protocol_or_network,yes,"[""TRIX""]","[""TRIX""]","[""https://trixta.org/tokenomics/""]",low,yes
294745-96,Alkemi ( Other Financial Services),alkemi.network,protocol_or_network,yes,"[""ALK""]","[""Alkemi Network DAO Token""]","[""https://docs.alkemi.network/alkemi-network/tokenomics""]",high,no
298029-34,Kinesis,kinesis.money,exchange_or_broker,yes,"[""KAU"", ""KAG"", ""KVT"", ""C1USD"", ""C1GBP"", ""C1EUR"", ""C1AUD"", ""C1CAD"", ""C1CHF"", ""C1SGD"", ""C1AED""]","[""Kinesis Gold"", ""Kinesis Silver"", ""Kinesis Velocity Token"", ""Currency One USD"", ""Currency One GBP"", ""Currency One EUR"", ""Currency One AUD"", ""Currency One CAD"", ""Currency One CHF"", ""Currency One SGD"", ""Currency One AED""]","[""https://kinesis.money/gold/"", ""https://kinesis.money/silver/"", ""https://kinesis.money/company-news/kvt-now-upgraded-to-stellar/"", ""https://kinesis.money/c1usd/"", ""https://currency.one/""]",high,no
298419-31,KWHCoin,kwhcoin.com,protocol_or_network,yes,"[""KWH""]","[""KWHCoin""]","[""https://coinmarketcap.com/currencies/kwhcoin/""]",high,no
300240-37,Mobie Network,mobienetwork.com,dapp_or_product,yes,"[""MBX""]","[""MobieCoin""]","[""https://coinmarketcap.com/currencies/mobiepay/""]",medium,yes
300281-77,Captain Bitcoin,captainbitcoin.io,dapp_or_product,yes,"[""CAPT""]","[""CAPTAIN""]","[""https://medium.com/capt-bitcoin/captain-bitcoin-executive-summary-2e46bd4a3fad""]",high,no
300285-55,XEND Finance,xend.finance,protocol_or_network,yes,"[""RWA""]","[""RWA""]","[""https://coinmarketcap.com/currencies/xend-finance/""]",high,no
300285-82,Matter Labs,matter-labs.io,protocol_or_network,yes,"[""ZK""]","[""ZKsync""]","[""https://docs.zknation.io/zk-token/zk-token""]",high,no
300756-70,Microtick,microtick.com,protocol_or_network,yes,"[""TICK""]","[""Microtick""]","[""https://coinmarketcap.com/currencies/microtick/""]",high,no
301357-54,VeriBlock,veriblock.org,protocol_or_network,yes,"[""VBK""]","[""VBK""]","[""https://www.veriblock.org/get/""]",high,no
303319-18,IBEx (Financial Software),wait.ib.exchange,exchange_or_broker,yes,"[""IBX""]","[""IBX Token""]","[""https://ibex.fi/token""]",high,no
304310-53,The Force Protocol,theforceprotocol.com,protocol_or_network,yes,"[""FOR""]","[""FOR""]","[""https://coinmarketcap.com/currencies/the-force-protocol/""]",high,no
311017-87,TE-FOOD,te-food.com,dapp_or_product,yes,"[""TONE""]","[""TE-FOOD""]","[""https://te-food.com/tf/""]",high,no
312363-01,Realio,realio.fund,protocol_or_network,yes,"[""RIO"", ""RST""]","[""Realio Network Token"", ""Realio Network, LTD""]","[""https://www.realio.network/tokens/RIO"", ""https://www.realio.network/tokens/RST""]",high,no
313243-21,Siriusnet,siriusnet.io,protocol_or_network,yes,"[""SINT""]","[""SINT""]","[""https://siriusnetdocs.gitbook.io/doc/tokenomics/sint""]",medium,yes
314651-53,CargoX (Business/Productivity Software),cargox.io,infrastructure_or_data,yes,"[""CXO""]","[""CargoX""]","[""https://cargox.io/company""]",medium,yes
323060-77,RootstockLabs,rootstocklabs.com,protocol_or_network,yes,"[""RIF""]","[""RIF""]","[""https://explorer.rootstock.io/token/0x2acc95758f8b5f583470ba265eb685a8f45fc9d5""]",high,no
324577-99,ServerCube,servercube.io,infrastructure_or_data,yes,"[""SCC""]","[""ServerCube Coin""]","[""https://www.prnewswire.com/news-releases/servercube-launches-ico-to-build-the-largest-decentralized-high-capacity-computing-network-for-crypto-mining-deep-learning-ai-vr-modeling-and-baas-300608324.html""]",medium,no
324815-32,Rally Network,rally.io,protocol_or_network,yes,"[""RLY"", ""sRLY""]","[""RLY"", ""sRLY""]","[""https://wiki.rly.network/rly-network/tokenomics/rly-token"", ""https://wiki.rly.network/rly-network/guides/bridge-ethereum-rly/solana-srly""]",high,no
325107-73,AMPnet,ampnet.io,infrastructure_or_data,yes,"[""AAPX""]","[""AMPnet APX Protocol""]","[""https://coinmarketcap.com/currencies/ampnet-asset-platform-and-exchange/""]",high,no
327112-84,Enjin,enjin.io,gaming_or_nft,yes,"[""ENJ""]","[""Enjin Coin""]","[""https://docs.enjin.io/enjin-products/enjin-coin""]",high,no
327126-34,RenrenBit,renrenbit.com,exchange_or_broker,yes,"[""RRB""]","[""RenrenBit Token""]","[""https://etherscan.io/token/0x02f02e0ca8a521ef73daa9c45353b9fbefc5ee10""]",high,no
327241-00,Santiment,santiment.net,infrastructure_or_data,yes,"[""SAN""]","[""Santiment Network Token""]","[""https://academy.santiment.net/san-tokens/""]",high,no
327291-13,DeFiner (Financial Software),definer.org,protocol_or_network,yes,"[""FIN""]","[""FIN""]","[""https://definer.org/governance.html""]",high,no
327322-27,Lingzhu Shijie,lingzhuworld.com,protocol_or_network,yes,"[""OF""]","[""OFCoin""]","[""https://coinmarketcap.com/currencies/ofcoin/""]",high,no
327382-03,Instadapp,instadapp.io,protocol_or_network,yes,"[""INST""]","[""Instadapp Governance Token""]","[""https://blog.instadapp.io/inst/""]",high,no
327481-30,Dusk.Network,dusk.network,protocol_or_network,yes,"[""DUSK""]","[""DUSK""]","[""https://docs.dusk.network/learn/tokenomics/""]",high,no
327513-97,Parameta,parametacorp.com,service_provider,yes,"[""SODA""]","[""SODA""]","[""https://www.sodax.com/holders/soda-token""]",low,yes
338604-85,O3 Labs,o3.network,wallet_or_custody,yes,"[""O3""]","[""O3""]","[""https://coinmarketcap.com/currencies/o3-swap/""]",low,yes
339895-00,Barrel Protocol,barrel.network,protocol_or_network,yes,"[""BRN""]","[""Barrel Network Token""]","[""https://uploads-ssl.webflow.com/5b41d054e9023eac1defac79/5b4f1d90b8b6d2591347c53b_Barrel-Protocol-White-Paper.pdf""]",medium,no
340820-92,ParallelChain,parallelchain.io,protocol_or_network,yes,"[""XPLL""]","[""ParallelChain""]","[""https://coinmarketcap.com/currencies/parallelchain/""]",high,no
340912-63,Tolar,tolar.io,protocol_or_network,yes,"[""TOL""]","[""Tolar""]","[""https://coinmarketcap.com/currencies/tolar/""]",high,no
340914-61,Lendroid,lendroid.com,protocol_or_network,yes,"[""LST""]","[""Lendroid Support Token""]","[""https://coinmarketcap.com/currencies/lendroid-support-token/""]",medium,yes
340917-22,OMG Foundation,omg.network,protocol_or_network,yes,"[""OMG""]","[""OMG""]","[""https://coinmarketcap.com/currencies/omg/""]",high,no
340919-74,Reserve,reserve.org,protocol_or_network,yes,"[""RSR""]","[""Reserve Rights""]","[""https://docs.reserve.org/core-components""]",high,no
340921-63,Rare Art Registry and Exchange,rareart.io,gaming_or_nft,yes,"[""RARE""]","[""$RARE""]","[""https://rare.xyz/token""]",high,no
340926-13,Polygon Labs,polygon.technology,protocol_or_network,yes,"[""POL""]","[""POL""]","[""https://docs.polygon.technology/pos/concepts/tokens/pol""]",high,no
342044-02,Memento Blockchain,mementoblockchain.com,protocol_or_network,yes,"[""DEXTF""]","[""DEXTF""]","[""https://dfm-docs.mementoblockchain.com/introduction/dextf-token""]",high,no
342045-91,Cen.AI,cen.ai,protocol_or_network,yes,"[""BIT""]","[""Basic Intelligence Token""]","[""https://www.cen.ai/""]",high,no
342050-59,Parfin,parfin.io,infrastructure_or_data,yes,"[""RLS"", ""USDr""]","[""Rayls"", ""USDr""]","[""https://docs.rayls.com/docs/public-chain-tokenomics""]",high,no
342052-57,Radix,radixdlt.com,protocol_or_network,yes,"[""XRD"", ""eXRD""]","[""RADIX"", ""E-Radix""]","[""https://www.radixdlt.com/articles-learn/how-was-the-xrd-token-allocated"", ""https://www.radixdlt.com/articles-learn/what-is-the-exrd-token""]",high,no
342098-56,Ebakus,ebakus.com,protocol_or_network,yes,"[""EBK""]","[""Ebakus""]","[""https://coinmarketcap.com/currencies/ebakus/""]",high,no
343047-25,CargoCoin,thecargocoin.com,dapp_or_product,yes,"[""CRGO""]","[""CargoCoin""]","[""https://thecargocoin.com/faq.html""]",high,no
343056-88,SignKeys,signkeys.com,wallet_or_custody,yes,"[""XF""]","[""XF""]","[""https://medium.com/fchnetwork/fch-network-is-live-441b9f651b03""]",medium,no
343304-92,Cardio Health.,vivasis.net,dapp_or_product,yes,"[""CRDC""]","[""Cardiocoin""]","[""https://coinmarketcap.com/currencies/cardiocoin/""]",high,no
343490-50,MVL,mvlchain.io,protocol_or_network,yes,"[""MVL"", ""bMVL"", ""jMVL""]","[""MVL Token"", ""bMVL"", ""jMVL""]","[""https://docs.mvlchain.io/mvl-blockchain/mvl-token-economy/token""]",high,no
343533-79,MultiVAC Beijing,bjxiaolian.com,protocol_or_network,yes,"[""MTV""]","[""MultiVAC""]","[""https://docs.mtv.ac/use-metamask-to-access-multivac-mainnet""]",high,no
343571-23,SpaceChain Foundation,spacechain.sg,protocol_or_network,yes,"[""SPC""]","[""SpaceChain""]","[""https://coinmarketcap.com/currencies/spacechain/""]",high,no
343611-64,Blockchain Credit Partners,blockchaincreditpartners.com,dapp_or_product,yes,"[""DMG""]","[""DMG""]","[""https://www.sec.gov/files/litigation/admin/2021/33-10961.pdf""]",low,yes
343658-62,Ferriswheel,ferriswheel.finance,exchange_or_broker,yes,"[""BURP""]","[""Burp""]","[""https://coinmarketcap.com/currencies/bigtownchef/""]",high,no
343766-08,Karuschain,karuschaincom.wordpress.com,protocol_or_network,yes,"[""KRS""]","[""KRS""]","[""https://s3-us-west-2.amazonaws.com/karus-chain/KC-Whitepaper2.8.pdf""]",high,no
361317-52,Arcana (Software Development Applications),arcana.network,protocol_or_network,yes,"[""XAR""]","[""Arcana Network""]","[""https://coinmarketcap.com/currencies/arcana/""]",high,no
364501-54,Mitosis,mitosis.org,protocol_or_network,yes,"[""MITO"", ""gMITO"", ""tMITO""]","[""MITO"", ""gMITO"", ""tMITO""]","[""https://university.mitosis.org/mito/"", ""https://docs.mitosis.org/developers/governance/gmito"", ""https://docs.mitosis.org/learn/tmito/what-is-tmito""]",high,no
365473-99,Coinzoom,coinzoom.com,exchange_or_broker,yes,"[""ZOOM""]","[""ZOOM""]","[""https://www.coinzoom.com/en/zoom-utility-token/""]",high,no
375598-54,Day By Day,daybyday.io,protocol_or_network,yes,"[""DBD""]","[""DBD""]","[""https://token.daybyday.io/""]",high,no
377496-46,Tangle Network,tangle.tools,protocol_or_network,yes,"[""TNT""]","[""Tangle Network Token""]","[""https://docs.tangle.tools/network/tokenomics/usage""]",high,no
394866-28,Funder One Capital,funder1.co.uk,dapp_or_product,yes,"[""FUNDX""]","[""Funder One Capital""]","[""https://fundx.io/""]",medium,yes
398876-14,Smartlands,smartlands.app,protocol_or_network,yes,"[""SLT""]","[""SLT Token""]","[""https://slt.finance/""]",high,yes
398930-68,Regen Network,regen.network,protocol_or_network,yes,"[""REGEN""]","[""REGEN""]","[""https://www.regen.network/token""]",high,no
398954-35,Holochain,holochain.org,protocol_or_network,yes,"[""HOT""]","[""HoloToken""]","[""https://holo.host/currency/""]",high,no
399152-26,Credmark,credmark.com,infrastructure_or_data,yes,"[""CMK""]","[""Credmark""]","[""https://coinmarketcap.com/currencies/credmark/""]",high,no
399226-15,SmartCredit.io,smartcredit.io,dapp_or_product,yes,"[""SMARTCREDIT""]","[""SMARTCREDIT""]","[""https://learn.smartcredit.io/our-token""]",high,no
399239-92,VerifyUnion,verifyunion.com,security_or_compliance,yes,"[""UCN""]","[""UCN""]","[""https://cryptoslate.com/coins/verifyunion/""]",medium,yes
399273-31,Asch.io,asch.io,protocol_or_network,yes,"[""XAS""]","[""Asch""]","[""https://coinmarketcap.com/currencies/asch/""]",high,no
399415-51,AI3,ai3.kr,service_provider,yes,"[""CNG""]","[""Changer""]","[""https://coinmarketcap.com/currencies/changer/""]",medium,yes
399437-83,NuriFlex (Business/Productivity Software),nuriflex.com,dapp_or_product,yes,"[""NBLU""]","[""NuriTopia""]","[""https://coinmarketcap.com/currencies/nuritopia/""]",medium,yes
399530-62,Ocular (Financial Services),ocular-tech.webflow.io,security_or_compliance,yes,"[""OCULAR""]","[""OCULAR Token""]","[""https://github.com/oculartech/okyc/blob/master/ocular-whitepapers.tex""]",high,no
399531-79,Seed Vault,seedtoken.io,protocol_or_network,yes,"[""SEED""]","[""SEED Token""]","[""https://seedtoken.io""]",high,no
399532-42,Fusion ( Financial Software),fusion.org,protocol_or_network,yes,"[""FSN""]","[""Fusion""]","[""https://coinmarketcap.com/currencies/fusion/""]",high,no
399532-51,Akropolis (Financial Software),akropolis.io,protocol_or_network,yes,"[""AKRO""]","[""AKRO token""]","[""https://akropolis.gitbook.io/akropolis/governance/akro-token""]",high,no
399544-84,Optimism,optimism.io,protocol_or_network,yes,"[""OP""]","[""OP""]","[""https://www.optimism.io/blog/introducing-the-optimism-collective""]",high,no
399550-24,Komodo,komodoplatform.com,protocol_or_network,yes,"[""KMD""]","[""Komodo Coin""]","[""https://komodoplatform.com/""]",high,no
399550-42,FundRequest,fundrequest.io,dapp_or_product,yes,"[""FND""]","[""FundRequest""]","[""https://coinmarketcap.com/currencies/fundrequest/""]",medium,yes
399555-55,Viewly One,viewly.one,dapp_or_product,yes,"[""VIEW""]","[""View""]","[""https://coinmarketcap.com/currencies/view/""]",medium,no
399557-98,Datum Network,datum.org,infrastructure_or_data,yes,"[""DAT""]","[""DAT""]","[""https://datum.org/""]",high,no
399572-20,Hoo (Financial Software),hoo.com,exchange_or_broker,yes,"[""HOO""]","[""Hoo Token""]","[""https://coinmarketcap.com/currencies/hoo-token/""]",high,no
399630-70,Zipmex,zipmex.com,exchange_or_broker,yes,"[""ZMT""]","[""ZMT""]","[""https://coinmarketcap.com/currencies/zipmex/""]",high,no
399667-78,SuperRare,superrare.com,gaming_or_nft,yes,"[""RARE""]","[""RARE""]","[""https://docs.superrare.com/whitepapers/master/the-rare-token""]",high,no
399714-58,Consensus Finance,571ks.com,media_or_education,yes,"[""CF""]","[""Consensus Finance Token""]","[""https://medium.com/@consensus_finance/what-is-cf-token-75b5da3151b8""]",high,no
416586-16,Travala.com,travala.com,dapp_or_product,yes,"[""AVA""]","[""AVA""]","[""https://www.travala.com/ava""]",high,no
431222-77,Enya Labs,enya.ai,protocol_or_network,yes,"[""BOBA""]","[""BOBA""]","[""https://docs.boba.network/addresses/token-addresses""]",high,no
431280-28,everiToken,everitoken.io,protocol_or_network,yes,"[""EVT""]","[""EVT""]","[""https://coinmarketcap.com/currencies/everitoken/""]",medium,no
431308-90,Redgrid,redgrid.io,infrastructure_or_data,yes,"[""IOEN""]","[""Internet of Energy Network""]","[""https://www.coingecko.com/en/coins/internet-of-energy-network""]",medium,no
431392-96,Usechain,usechain.cn,protocol_or_network,yes,"[""USE""]","[""Usechain Token""]","[""https://coinmarketcap.com/currencies/usechain-token/""]",medium,yes
431585-38,High Performance Blockchain,hpb.io,protocol_or_network,yes,"[""HPB""]","[""Hyperblox""]","[""https://coinmarketcap.com/currencies/high-performance-blockchain/""]",medium,no
431623-81,Eluvio,eluv.io,protocol_or_network,yes,"[""ELV""]","[""ELV""]","[""https://thirdweb.com/eluvio-content-fabric""]",medium,no
431630-38,Plian,plian.org,protocol_or_network,yes,"[""PI""]","[""Plian""]","[""https://coinmarketcap.com/currencies/pchain/""]",high,no
431651-35,Stablecorp,stablecorp.ca,dapp_or_product,yes,"[""QCAD""]","[""QCAD""]","[""https://www.coingecko.com/en/coins/stablecorp-qcad""]",medium,no
431666-47,Ladder Network (Blockchain),laddernetwork.io,protocol_or_network,yes,"[""LAD""]","[""Ladder Network Token""]","[""https://coinmarketcap.com/currencies/ladder-network-token/""]",low,yes
431668-36,TOS chain,toschain.org,protocol_or_network,yes,"[""TOS""]","[""ThingsOperatingSystem""]","[""https://coinmarketcap.com/currencies/thingsoperatingsystem/""]",high,no
431708-23,Cement,cementdao.com,protocol_or_network,yes,"[""MIX""]","[""MIX""]","[""https://coinmarketcap.com/currencies/mix/""]",medium,no
431725-24,Splinterlands,splinterlands.com,gaming_or_nft,yes,"[""SPS"", ""DEC"", ""VOUCHER""]","[""Splintershards"", ""Dark Energy Crystals"", ""Vouchers""]","[""https://docs.splinterlands.com/splintershards-sps"", ""https://docs.splinterlands.com/dark-energy-crystals"", ""https://support.splinterlands.com/hc/en-us/articles/4415907998228-Vouchers-FAQ""]",high,no
432555-94,ReeChain,reechain.com,protocol_or_network,yes,"[""INB""]","[""Insight Chain""]","[""https://coinmarketcap.com/currencies/insight-chain/""]",high,no
432626-59,Camatrix,camatrix.org,protocol_or_network,yes,"[""CAM""]","[""Consumption Avatar Matrix""]","[""https://www.coincarp.com/currencies/camatrix/""]",medium,yes
432635-86,Custodia,custodiabank.com,wallet_or_custody,yes,"[""AVIT""]","[""Avit""]","[""https://custodiabank.com/press/custodia-issues-Stablecoin/""]",medium,yes
432851-14,Decentology,decentology.com,protocol_or_network,yes,"[""VTRU"", ""wVTRU"", ""VTRO""]","[""Vitruveo"", ""Vitruveo Bridged VTRU"", ""VTRO""]","[""https://docs.vitruveo.xyz/building-on-vitruveo/coins-tokens/vtru"", ""https://www.coingecko.com/en/coins/vitruveo-bridged-vtru"", ""https://docs.vitruveo.xyz/building-on-vitruveo/coins-tokens/vtro""]",high,no
433049-05,PoolTogether,pooltogether.com,protocol_or_network,yes,"[""POOL""]","[""POOL""]","[""https://docs.pooltogether.com/pooltogether/pool-token""]",high,no
433053-19,First Digital,1stdigital.com,wallet_or_custody,yes,"[""FDUSD""]","[""FDUSD""]","[""https://www.firstdigitallabs.com/fdusd""]",high,no
433118-35,Phemex,phemex.com,exchange_or_broker,yes,"[""PT""]","[""Phemex Token""]","[""https://phemex.gitbook.io/phemex-web3-whitepaper/features/phemex-token""]",high,no
433211-32,Dmm (Business/Productivity Software),defimoneymarket.com,protocol_or_network,yes,"[""DMG"", ""mUSDC"", ""mUSDT""]","[""DMM Governance Token"", ""DMM mToken""]","[""https://medium.com/dmm-dao/defi-money-market-dmm-dmg-governance-token-491c9a62c6bf"", ""https://bitmart.zendesk.com/hc/zh-cn/articles/360052740174-DMM-mToken""]",medium,yes
433216-81,Cypherium,cypherium.io,protocol_or_network,yes,"[""CPH""]","[""Cypherium""]","[""https://www.coingecko.com/en/coins/cypherium""]",high,no
433292-95,Aurus,aurus.org,protocol_or_network,yes,"[""tXAU"", ""tXAG"", ""AURUS"", ""AX""]","[""tGOLD"", ""tSILVER"", ""AURUS"", ""AurusX""]","[""https://aurus.org/tgold"", ""https://aurus.org/tsilver"", ""https://aurus.org/%24aurus"", ""https://aurus.org/aurusx""]",high,no
433462-60,Avatar Network,,protocol_or_network,yes,"[""ATT""]","[""Avatar Network""]","[""https://icomarks.ai/ico/avatar-network""]",medium,yes
433462-87,Vankia,vankia.io,infrastructure_or_data,yes,"[""VKT"", ""VKG""]","[""Vankia Chain"", ""VKG""]","[""https://holder.io/coins/vkt/"", ""https://icoholder.com/id/vankia-chain-26017""]",medium,yes
433523-08,First Light Games,firstlight.games,gaming_or_nft,yes,"[""NOOB""]","[""NOOB""]","[""https://fundimension.gitbook.io/blast-royale/game-overview/usdnoob""]",high,no
433525-60,StakerDAO,stakerdao.com,protocol_or_network,yes,"[""STKR""]","[""Staker""]","[""https://docs.stakerdao.com/master""]",high,no
433564-21,International Blockchain Monetary Reserve,ibmr.io,protocol_or_network,yes,"[""ARCC""]","[""Asia Reserve Currency Coin""]","[""https://coinmarketcap.com/currencies/asia-reserve-currency-coin/""]",high,no
433585-99,Balancer Labs,balancer.fi,protocol_or_network,yes,"[""BAL""]","[""Balancer Governance Token""]","[""https://docs.balancer.fi/concepts/governance/bal-token.html""]",high,no
433621-63,BiLira,bilira.co,dapp_or_product,yes,"[""TRYB""]","[""BiLira""]","[""https://www.bilira.co/en/product/tryb-stablecoin""]",high,no
433708-48,VNT Chain,vntchain.io,protocol_or_network,yes,"[""VNT""]","[""VNT Chain""]","[""https://coinmarketcap.com/currencies/vnt-chain/""]",high,no
433734-13,ARPA,arpanetwork.io,protocol_or_network,yes,"[""ARPA""]","[""ARPA""]","[""https://www.coingecko.com/en/coins/arpa""]",high,no
433800-46,uBUCK,ubuckpay.com,wallet_or_custody,yes,"[""UBUCK""]","[""uBUCK cash""]","[""https://www.globenewswire.com/news-release/2019/05/09/1820616/0/en/uBUCK-Technologies-Announces-Closed-Beta-Launch-for-uBUCK-Pay.html""]",medium,no
433860-04,Hamdan Token,hamdantoken.io,dapp_or_product,yes,"[""HMC""]","[""Hamdan Coin""]","[""https://coinmarketcap.com/currencies/hamdan-coin/""]",medium,no
433922-59,Coinbene,coinbene.com,exchange_or_broker,yes,"[""CONI"", ""CFT""]","[""Coni"", ""CoinBene Future Token""]","[""https://coincodex.com/crypto/coinbene-coin/"", ""https://coinmarketcap.com/currencies/coinbene-future-token/""]",medium,no
433958-77,BYDFi,bydfi.com,exchange_or_broker,yes,"[""BYD""]","[""BITYARD Coin""]","[""https://www.accessnewswire.com/newsroom/en/computers-technology-and-internet/bityard-announces-the-launch-of-bityard-coin-and-the-reduction-of-595498""]",medium,no
433990-99,Humans,humans.ai,dapp_or_product,yes,"[""HEART""]","[""Humans.ai""]","[""https://docs.humans.ai/protocol/concepts/tokens""]",high,no
434069-29,QuantaDex,quantadex.com,exchange_or_broker,yes,"[""QDEX""]","[""QUANTA""]","[""https://quantadex.medium.com/how-to-buy-qdex-tokens-db5bdbc5897c""]",medium,yes
434251-36,dForce,dforce.network,protocol_or_network,yes,"[""DF"", ""USX"", ""sUSX"", ""UTS"", ""GOLDx""]","[""DF"", ""USX"", ""sUSX"", ""UTS"", ""GOLDx""]","[""https://docs.dforce.network/dao/df-token"", ""https://docs.dforce.network/ecosystem/usx-stablecoin"", ""https://docs.dforce.network/dapps/unitus"", ""https://medium.com/dforcenet/dforce-to-introduce-digital-gold-token-goldx-5cb79db9c559""]",high,no
434277-28,Molecule,molecule.xyz,protocol_or_network,yes,"[""BIO""]","[""Bio Protocol""]","[""https://www.bio.xyz/""]",medium,no
434282-14,Flare Ecosystems,flare.network,protocol_or_network,yes,"[""FLR"", ""SGB"", ""WFLR"", ""WSGB""]","[""FLR"", ""SGB"", ""WFLR"", ""WSGB""]","[""https://dev.flare.network/support/flr"", ""https://dev.flare.network/network/overview"", ""https://dev.flare.network/network/governance""]",high,no
434388-16,Acala Network,acala.network,protocol_or_network,yes,"[""ACA"", ""aUSD"", ""LDOT"", ""LCDOT""]","[""ACA"", ""aUSD"", ""LDOT"", ""LCDOT""]","[""https://wiki.acala.network/integrate/acala/protocol-info"", ""https://wiki.acala.network/get-started/acala-network/acala-assets""]",high,no
434482-39,Saltwater Games,saltwatergames.com,gaming_or_nft,yes,"[""XR""]","[""XR""]","[""https://xr-one.gitbook.io/""]",medium,yes
434482-57,Electroneum,electroneum.com,protocol_or_network,yes,"[""ETN""]","[""Electroneum""]","[""https://coinmarketcap.com/currencies/electroneum/""]",high,no
434529-19,IOG Singapore,iog.io,protocol_or_network,yes,"[""ADA""]","[""ADA""]","[""https://www.coingecko.com/en/coins/cardano""]",high,no
434573-02,Liquity,liquity.org,protocol_or_network,yes,"[""LUSD"", ""LQTY"", ""BOLD""]","[""Liquity USD"", ""LQTY"", ""BOLD""]","[""https://docs.liquity.org/liquity-v1"", ""https://docs.liquity.org/liquity-v1/faq/lqty-distribution-and-rewards"", ""https://www.liquity.org/bold""]",high,no
434584-99,AAA Chain,aaachain.net,protocol_or_network,yes,"[""AAA""]","[""AAAchain""]","[""https://coinmarketcap.com/currencies/app-alliance-association/""]",high,no
434585-26,CTE Chain,,protocol_or_network,yes,"[""CTE""]","[""Career Trust Ecosystem""]","[""https://www.bitgur.com/coin/CTE""]",low,yes
434639-17,Sperax,sperax.io,protocol_or_network,yes,"[""SPA"", ""USDs""]","[""Sperax"", ""USDs""]","[""https://coinmarketcap.com/currencies/sperax/"", ""https://coinmarketcap.com/currencies/sperax-usd/""]",high,no
434683-45,Achain,achain.com,protocol_or_network,yes,"[""ACT""]","[""Achain""]","[""https://www.allcryptowhitepapers.com/wp-content/uploads/2018/05/Achain-Whitepaper.pdf""]",high,no
434700-46,ImpactPPA,impactppa.com,protocol_or_network,yes,"[""MPQ""]","[""MPQ""]","[""https://icomarks.ai/ico/impact-ppa""]",medium,yes
434741-59,Bottos,bottos.org,infrastructure_or_data,yes,"[""BTO""]","[""Bottos""]","[""https://coinmarketcap.com/currencies/bottos/""]",high,no
434878-21,The SandBox (Entertainment Software),sandbox.game,gaming_or_nft,yes,"[""SAND""]","[""SAND""]","[""https://docs.sandbox.game/en/owners/sand""]",high,no
434928-43,Fone,fone.dev,protocol_or_network,yes,"[""FONE""]","[""FONE""]","[""https://coinmarketcap.com/currencies/fone/""]",high,no
434937-97,Toposware,toposware.com,infrastructure_or_data,yes,"[""TOPOS""]","[""TOPOS""]","[""https://docs.topos.technology/content/module-1/4-protocol.html""]",medium,no
435018-61,Zama,zama.org,protocol_or_network,yes,"[""ZAMA""]","[""ZAMA Token""]","[""https://www.zama.org/post/zama-token-launch""]",high,no
435038-32,Wombat,wombat.app,gaming_or_nft,yes,"[""WOMBAT"", ""PLAI""]","[""WOMBAT"", ""PLAI""]","[""https://whitepaper.wombat.app/wombat-whitepaper/wombat-tokenomics/multi-chain-utility-token"", ""https://whitepaper.playmind.ai/usdplai-token/usdplai-utility""]",high,no
435055-60,Tokocrypto,tokocrypto.com,exchange_or_broker,yes,"[""TKO""]","[""Toko Token""]","[""https://www.tokocrypto.com/en/tko""]",high,no
435083-14,Morpheus.Network,morpheus.network,infrastructure_or_data,yes,"[""MNW""]","[""MNW""]","[""https://coinmarketcap.com/currencies/morpheus-network/""]",high,no
435178-99,PlanetWatch,planetwatch.io,protocol_or_network,yes,"[""PLANETS""]","[""PlanetWatch""]","[""https://www.coingecko.com/en/coins/planetwatch""]",medium,no
435329-65,ShuttleOne,shuttleone.io.casawproduction.com,protocol_or_network,yes,"[""SZO""]","[""ShuttleOne Token""]","[""https://shuttleone.io/asset.php""]",high,no
435464-47,LeagiON,leagiongames.com,gaming_or_nft,yes,"[""DAL""]","[""DAL""]","[""https://ico.coincheckup.com/leagion/""]",medium,yes
436147-12,Dev Protocol,corp.frame00.com,protocol_or_network,yes,"[""DEV""]","[""Dev Protocol""]","[""https://docs.devprotocol.xyz/concepts/devtoken""]",high,no
436152-43,Injective,injective.com,protocol_or_network,yes,"[""INJ""]","[""Injective""]","[""https://injective.com/getinj/""]",high,no
436240-00,Nexera Network,nexera.network,protocol_or_network,yes,"[""NXRA""]","[""Nexera""]","[""https://www.nexera.network/token""]",high,no
436318-12,Towns,towns.com,protocol_or_network,yes,"[""TOWNS""]","[""TOWNS""]","[""https://www.towns.com/token""]",high,no
436345-30,Tether (Hong Kong),tether.to,infrastructure_or_data,yes,"[""USDT"", ""XAUT"", ""MXNT"", ""CNHT"", ""USAT"", ""AUSDT""]","[""Tether USD"", ""Tether Gold"", ""Tether MXN"", ""Tether CNH"", ""Tether USA"", ""Alloy USD Tether""]","[""https://tether.to/en/why-tether"", ""https://tether.to/en/xaut/"", ""https://tether.io/news/tether-launches-mxntugrik-tether-tokens-pegged-to-the-mexican-peso/"", ""https://tether.io/news/tether-launches-offshore-chinese-yuan-cnht-on-tron/"", ""https://tether.io/news/tether-announces-the-launch-of-usat-the-federally-regulated-dollar-backed-stablecoin-made-in-america/"", ""https://docs.alloy.tether.to/alloy-by-tether/alloy-by-tether-vaults/ausdmnt""]",high,no
436639-42,TON Labs,tonlabs.io,protocol_or_network,yes,"[""TON""]","[""TON Crystal""]","[""https://www.gemini.com/es/cryptopedia/wton-wrapped-ton-crypto-wrapped-token""]",low,yes
436698-73,Edgeware,edgeware.io,protocol_or_network,yes,"[""EDG""]","[""Edgeware""]","[""https://coinmarketcap.com/currencies/edgeware/""]",high,no
436730-59,Natix Network,natix.network,protocol_or_network,yes,"[""NATIX""]","[""NATIX""]","[""https://www.natix.network/tokens""]",high,no
436862-44,Octo (Entertainment Software),octo-gaming.com,gaming_or_nft,yes,"[""OTK""]","[""Octokn""]","[""https://coinmarketcap.com/currencies/octo-gaming/""]",high,no
436869-82,Elixir Games,elixir.games,gaming_or_nft,yes,"[""ELIX""]","[""ELIX""]","[""https://coinmarketcap.com/currencies/elixir-games/""]",high,no
436900-42,Ozys,ozys.io,infrastructure_or_data,yes,"[""ORC""]","[""Orbit Chain""]","[""https://www.coinmarketcap.com/currencies/orbit-chain/""]",high,no
436950-64,Hopr (Network Management Software),hoprnet.org,protocol_or_network,yes,"[""HOPR"", ""xHOPR"", ""wxHOPR""]","[""HOPR"", ""xHOPR"", ""wxHOPR""]","[""https://hoprnet.org/token"", ""https://medium.com/hoprnet/jungfrau-release-all-you-need-to-know-8740c8cb86c7""]",high,no
436965-58,DigitalBits,digitalbits.io,protocol_or_network,yes,"[""XDB""]","[""XDB""]","[""https://digitalbits.io/xdb/""]",high,no
436966-57,Presearch,presearch.io,protocol_or_network,yes,"[""PRE""]","[""PRE""]","[""https://docs.presearch.io/presearch-project/tokenomics""]",high,no
437006-71,Minespider,minespider.com,protocol_or_network,yes,"[""SILQ""]","[""SILQ""]","[""https://uploads-ssl.webflow.com/5bb20121ca2e96ee01db29bc/5c0fa81d4a4585e37ea764b7_Minespider_Whitepaper.pdf""]",high,no
437187-70,Teller (San Francisco),teller.org,protocol_or_network,yes,"[""TLR""]","[""Teller Finance Governance Token""]","[""https://www.businesswire.com/news/home/20200917005259/en/Teller-Finance-Announces-October-Launch-with-Liquidity-Program-Token-Governance-and-Compound-Integration""]",medium,yes
437271-76,Pareto (Financial Services),pareto.credit,protocol_or_network,yes,"[""USP"", ""IDLE""]","[""Pareto USP"", ""IDLE""]","[""https://docs.pareto.credit/product/usp"", ""https://docs.idle.finance/governance/idle""]",medium,yes
437493-16,Footprint (Financial Software),footprint.ventures,protocol_or_network,yes,"[""STORE""]","[""STORE""]","[""https://storecloud.org/""]",high,no
437501-62,Origin Labs,origin-labs.com,protocol_or_network,yes,"[""DUN""]","[""Dune Network""]","[""https://coinmarketcap.com/currencies/dune-network/""]",high,no
437588-02,AgAu.io,agau.io,protocol_or_network,yes,"[""₳u"", ""₳g""]","[""AgAu gold token"", ""AgAu silver token""]","[""https://agau.io/"", ""https://agau.io/products-services/""]",high,no
437592-70,PieDAO,piedao.org,protocol_or_network,yes,"[""DOUGH""]","[""DOUGH""]","[""https://legacy.piedao.org/""]",high,no
437601-97,Stafi Technology,stafi.io,protocol_or_network,yes,"[""FIS""]","[""StaFi""]","[""https://docs.stafi.io/stake/fistoken/""]",high,no
437685-49,Gate Technology,gate.com,exchange_or_broker,yes,"[""GT""]","[""GateToken""]","[""https://www.gate.ac/gt""]",high,no
437694-94,Orion (Financial Software),orion.xyz,protocol_or_network,yes,"[""ORN""]","[""Orion""]","[""https://docs.orion.xyz/overview/token/details""]",high,no
437716-81,altFINS,altfins.com,infrastructure_or_data,yes,"[""AFINS""]","[""altFINS""]","[""https://coinmarketcap.com/currencies/altfins/""]",high,no
437742-46,Rook (Financial Software),keeperdao.com,protocol_or_network,yes,"[""ROOK""]","[""Rook""]","[""https://coinmarketcap.com/currencies/keeperdao/""]",high,no
437758-30,Studyum,studyum.com,dapp_or_product,yes,"[""STUD""]","[""Studyum""]","[""https://coinmarketcap.com/currencies/studyum/""]",high,no
437829-94,Hedget,hedget.com,protocol_or_network,yes,"[""HGET""]","[""Hedget""]","[""https://coinmarketcap.com/currencies/hedget/""]",high,no
437892-49,Reflexer,reflexer.finance,protocol_or_network,yes,"[""RAI"", ""FLX""]","[""RAI"", ""Reflexer Ungovernance Token""]","[""https://reflexer.finance/"", ""https://docs.reflexer.finance/flx-mechanics""]",high,no
437974-84,Timechain (Financial Software),timechain.com,protocol_or_network,yes,"[""TCS""]","[""Timechain Swap Token""]","[""https://coinmarketcap.com/currencies/timechain-swap-token/""]",medium,yes
438004-81,1inch,1inch.com,protocol_or_network,yes,"[""1INCH""]","[""1inch""]","[""https://coinmarketcap.com/currencies/1inch/""]",high,no
438022-54,Crymbo,crymbo.com,security_or_compliance,yes,"[""RMBO""]","[""RMBO Token""]","[""https://crymbo.com/token/""]",high,no
438022-63,Ultra,ultra.io,gaming_or_nft,yes,"[""UOS""]","[""Ultra""]","[""https://coinmarketcap.com/currencies/ultra/""]",high,no
438048-82,VouchForMe,vouchforme.co,dapp_or_product,yes,"[""IPL""]","[""VouchForMe""]","[""https://coinmarketcap.com/currencies/insurepal/""]",high,no
438117-76,KIRA (Financial Services),kira.network,protocol_or_network,yes,"[""KEX""]","[""KIRA Network""]","[""https://coinmarketcap.com/currencies/kira-network/""]",high,no
438144-76,Jelurida,jelurida.com,protocol_or_network,yes,"[""ARDR"", ""IGNIS""]","[""Ardor"", ""Ignis""]","[""https://coinmarketcap.com/currencies/ardor/"", ""https://cryptoslate.com/coins/ignis/""]",high,no
438147-73,Pascal (Financial Software),pascalcoin.org,protocol_or_network,yes,"[""PASC""]","[""Pascal""]","[""https://www.pascalcoin.org/""]",high,no
438156-73,Bella(Financial Software),bella.fi,protocol_or_network,yes,"[""BEL""]","[""Bella Protocol""]","[""https://coinmarketcap.com/currencies/bella-protocol/""]",high,no
438158-71,Enecuum,enecuum.com,protocol_or_network,yes,"[""ENQ""]","[""Enecuum""]","[""https://enecuum.com/utility""]",high,no
438163-03,Biconomy,biconomy.io,protocol_or_network,yes,"[""BICO""]","[""Biconomy""]","[""https://token.biconomy.io/""]",high,no
438163-12,Weaver Labs,weaverlabs.io,protocol_or_network,yes,"[""ADE""]","[""Adeno""]","[""https://adeno.weaverlabs.io/whitepaper.pdf""]",medium,yes
438163-39,Boson Protocol,bosonprotocol.io,protocol_or_network,yes,"[""BOSON""]","[""Boson Protocol""]","[""https://www.bosonprotocol.io/boson-token/""]",high,no
438228-37,Centi,centi.ch,dapp_or_product,yes,"[""CCHF""]","[""Centi Franc""]","[""https://centi.ch/centi-franc/""]",medium,yes
438292-18,SafeCoin,safecoin.org,protocol_or_network,yes,"[""SAFE""]","[""SafeCoin""]","[""https://docs.safecoin.org/""]",high,no
438397-39,WAX (Financial Software),wax.io,protocol_or_network,yes,"[""WAXP""]","[""WAXP""]","[""https://docs.wax.io/learn/about-wax/what-is-waxp-token""]",high,no
438703-39,Swingby,swingby.network,protocol_or_network,yes,"[""SWINGBY""]","[""Swingby Token""]","[""https://skybridge-docs.swingby.network/token-mechanism""]",high,no
438707-35,LTO Network,ltonetwork.com,protocol_or_network,yes,"[""EQTY""]","[""EQTY""]","[""https://coinmarketcap.com/currencies/lto-network/""]",high,no
438715-00,Fuse Network,fuse.io,protocol_or_network,yes,"[""FUSE""]","[""FUSE""]","[""https://www.fuse.io/get-fuse""]",high,no
438733-36,Phala,phala.com,protocol_or_network,yes,"[""PHA"", ""vPHA""]","[""PHA"", ""vPHA""]","[""https://docs.phala.com/network/overview/get-pha-and-transfer"", ""https://docs.phala.com/network/overview/phala-staking""]",high,no
438927-49,Linear Finance,linear.finance,protocol_or_network,yes,"[""LINA"", ""LUSD""]","[""Linear Finance"", ""Linear USD""]","[""https://coinmarketcap.com/currencies/linear/"", ""https://coinmarketcap.com/currencies/linear-finance/""]",high,no
438948-46,DOS NETWORK,dos.network,protocol_or_network,yes,"[""DOS""]","[""DOS Network""]","[""https://coinmarketcap.com/currencies/dos-network/""]",high,no
439050-52,Zora (Financial Services),zora.co,protocol_or_network,yes,"[""ZORA""]","[""ZORA""]","[""https://support.zora.co/en/articles/8192065""]",high,no
439051-24,Phantasma,phantasma.info,protocol_or_network,yes,"[""SOUL"", ""KCAL""]","[""SOUL"", ""KCAL""]","[""https://phantasma.info/the-phantasma-token-economy/"", ""https://phoenix.phantasma.info/kb/token-economics-kcal-supply/""]",high,no
439089-22,Hegic,hegic.co,protocol_or_network,yes,"[""HEGIC""]","[""Hegic""]","[""https://www.coingecko.com/en/coins/hegic""]",high,no
439089-49,AIchain,aichain.me,protocol_or_network,yes,"[""AIT""]","[""AICHAIN""]","[""https://coinmarketcap.com/currencies/aichain/""]",high,no
439132-24,Metadium,metadium.com,protocol_or_network,yes,"[""META""]","[""Metadium""]","[""https://www.coingecko.com/en/coins/metadium""]",high,no
439147-72,XAYA,xaya.io,protocol_or_network,yes,"[""CHI""]","[""Xaya""]","[""https://coinmarketcap.com/currencies/xaya/""]",high,no
439155-73,Numbers (Media and Information Services),numbersprotocol.io,protocol_or_network,yes,"[""NUM""]","[""NUM Token""]","[""https://docs.numbersprotocol.io/introduction/num-token/""]",high,no
439163-56,Akemona,akemona.com,dapp_or_product,yes,"[""AKENRO""]","[""AKENRO""]","[""https://docs.akemona.foundation/akenro-tokenomics/""]",high,no
439188-94,Gelato,gelato.cloud,infrastructure_or_data,yes,"[""GEL""]","[""Gelato""]","[""https://www.coingecko.com/en/coins/gelato""]",high,no
439258-42,GhostMarket,ghostmarket.io,gaming_or_nft,yes,"[""GM""]","[""GhostMarket""]","[""https://docs.ghostmarket.io/ghostmarket-token-gm""]",high,no
439278-94,GAM3S.GG Platform,gam3s.gg,gaming_or_nft,yes,"[""G3""]","[""GAM3S.GG""]","[""https://gam3s.gg/token/""]",high,no
439305-13,Supertree,supertree.co,gaming_or_nft,yes,"[""PDA""]","[""PlayDapp""]","[""https://playdapp.io/""]",medium,no
439319-17,SPIN Protocol,spinprotocol.io,protocol_or_network,yes,"[""SPIN""]","[""SPIN Protocol""]","[""https://coinmarketcap.com/currencies/spin-protocol/""]",high,no
439331-23,Decentral Games,decentral.games,gaming_or_nft,yes,"[""BAG""]","[""BAG""]","[""https://docs.decentral.games/info/contracts""]",high,no
439331-32,StableUnit,stableunit.org,protocol_or_network,yes,"[""SuDAO""]","[""SuDAO""]","[""https://cryptorank.io/price/stableunit""]",high,yes
439333-30,SyncDAO,syncdao.com,protocol_or_network,yes,"[""SDG""]","[""SyncDAO Governance""]","[""https://coinmarketcap.com/currencies/syncdao-governance/""]",high,no
439352-02,Opium.network,opium.network,protocol_or_network,yes,"[""OPIUM""]","[""Opium""]","[""https://docs.opium.network/governance/usdopium-governance-token""]",high,no
439352-29,DXdao,dxdao.eth.limo,protocol_or_network,yes,"[""DXD""]","[""DXD""]","[""https://etherscan.io/token/0xa1d65E8fB6e87b60FECCBc582F7f97804B725521""]",high,no
439354-00,DefiDollar,dusd.finance,protocol_or_network,yes,"[""DUSD"", ""DFD""]","[""DUSD"", ""DFD""]","[""https://coinmarketcap.com/currencies/defidollar/"", ""https://coinmarketcap.com/currencies/defidollar-dao/""]",high,no
439354-09,mStable,mstable.org,protocol_or_network,yes,"[""MTA"", ""mUSD"", ""mBTC""]","[""mStable Meta"", ""mUSD"", ""mBTC""]","[""https://docs.mstable.org/assets/mta"", ""https://docs.mstable.org/assets/musd"", ""https://docs.mstable.org/assets/mbtc""]",high,no
439369-66,Sator,sator.io,media_or_education,yes,"[""SAO""]","[""Sator""]","[""https://coinmarketcap.com/currencies/sator/""]",high,no
439403-23,CortexDAO,cortexdao.com,protocol_or_network,yes,"[""CXD""]","[""CXD""]","[""https://docs.cortexdao.com/tokenomics/usdcxd""]",high,no
439425-01,Datai (Business/Productivity Software),datai.network,infrastructure_or_data,yes,"[""DATAI""]","[""Datai""]","[""https://datai.network/docs/contracts/token-functionality/""]",high,no
439427-08,Jarvis (Other Financial Services),jarvis.network,protocol_or_network,yes,"[""JRT""]","[""Jarvis Network""]","[""https://coinmarketcap.com/currencies/jarvis-network/""]",high,no
439428-34,Hathor Network,hathor.network,protocol_or_network,yes,"[""HTR""]","[""HTR""]","[""https://hathor.network/htr""]",high,no
439449-49,LemoChain,lemochain.com,protocol_or_network,yes,"[""LEMO""]","[""Lemo""]","[""https://etherscan.io/token/0x60c24407d01782c2175d32fe7c8921ed732371d1""]",high,no
439459-75,Virtua,virtua.com,gaming_or_nft,yes,"[""VANRY""]","[""Vanar""]","[""https://coinmarketcap.com/currencies/vanar/vanry/usdt/""]",medium,no
439468-66,Suterusu,suterusu.io,protocol_or_network,yes,"[""SUTER"", ""xSUTER""]","[""Suter"", ""xSuter""]","[""https://docs.suterusu.io/link-resources/frequent-asked-questions-faq"", ""https://docs.suterusu.io/products/xsuter""]",high,no
439471-36,MetaKing Studios,metakingstudios.com,gaming_or_nft,yes,"[""LRDS""]","[""BLOCKLORDS""]","[""https://coinmarketcap.com/currencies/blocklords/""]",high,no
439495-93,Aspire (Financial Software),aspire.tech,protocol_or_network,yes,"[""ASP"", ""GASP""]","[""ASP"", ""GASP""]","[""https://coinmarketcap.com/currencies/aspire/"", ""https://coinmarketcap.com/currencies/gasp/""]",high,no
439557-94,0bsnetwork,0bsnetwork.com,protocol_or_network,yes,"[""ZBS""]","[""ZBS Coin""]","[""https://developer.0bsnetwork.com/about/""]",high,no
439806-88,UniLend Finance,unilend.finance,protocol_or_network,yes,"[""UFT""]","[""UniLend Finance""]","[""https://www.coingecko.com/en/coins/unilend-finance""]",high,no
439855-48,Reef,reef.io,protocol_or_network,yes,"[""REEF""]","[""REEF""]","[""https://docs.reef.io/docs/help/faq/""]",high,no
439857-64,AirWire Network,airwire.io,protocol_or_network,yes,"[""WIRE""]","[""WIRE""]","[""https://coinmarketcap.com/currencies/airwire/""]",high,no
442165-15,StableTech (Financial Software),stable.tech,protocol_or_network,yes,"[""USDtz"", ""ETHtz"", ""BTCtz""]","[""USDtez"", ""ETHtez"", ""BTCtez""]","[""https://usdtz.com/"", ""https://ethtz.io/"", ""https://btctz.io/""]",high,no
442248-04,Unova,unova.io,protocol_or_network,yes,"[""UON""]","[""UON""]","[""https://unova.io/get-uon/""]",high,no
442250-74,Peer Mountain,peermountain.com,security_or_compliance,yes,"[""PMTN""]","[""PMTN""]","[""https://coincodex.com/crypto/peer-mountain/""]",low,yes
442296-82,CoFiX,cofix.io,protocol_or_network,yes,"[""COFI""]","[""CoFiX""]","[""https://coinmarketcap.com/currencies/cofix/""]",high,no
442359-82,Covalent Research & Development,covalenthq.com,infrastructure_or_data,yes,"[""CXT""]","[""Covalent X Token""]","[""https://www.covalenthq.com/docs/cxt/overview""]",high,no
442382-59,BoringDAO,boringdao.com,protocol_or_network,yes,"[""BORING""]","[""BORING""]","[""https://docs.boringdao.com/boring-economy/intruduction-of-usdbor""]",high,no
442437-94,Invluencer,invluencer.com,protocol_or_network,yes,"[""I3D""]","[""i3D Token""]","[""https://invluencer.com/i3d-token/""]",high,no
442553-05,VAIOT,vaiot.ai,dapp_or_product,yes,"[""VAI""]","[""VAI Token""]","[""https://vaiot.ai/en""]",high,no
442612-36,SIX Network (Thailand),six.network,protocol_or_network,yes,"[""SIX""]","[""SIX Token""]","[""https://six.network/token/""]",high,no
442651-42,RD Technologies,rd.group,wallet_or_custody,yes,"[""HKDR""]","[""HKDR Stablecoin""]","[""https://rd.group/hkdr""]",high,no
442655-56,peaq,peaq.xyz,protocol_or_network,yes,"[""PEAQ""]","[""PEAQ""]","[""https://www.peaq.xyz/token""]",high,no
442716-76,BarnBridge,app.barnbridge.com,protocol_or_network,yes,"[""BOND""]","[""BarnBridge Governance Token""]","[""https://docs.barnbridge.com/bond/understanding-usdbond""]",high,no
442747-36,Persistence,persistence.one,protocol_or_network,yes,"[""XPRT""]","[""Persistence One""]","[""https://coinmarketcap.com/currencies/persistence/""]",high,no
442897-75,Provable,provable.com,infrastructure_or_data,yes,"[""ALEO""]","[""Aleo Token""]","[""https://aleo.org/aleo-tokens/""]",medium,no
442901-17,RAI Finance,rai.finance,protocol_or_network,yes,"[""SOFI""]","[""SOFI""]","[""https://rai.finance/RAI-Finance-WhitePaper.pdf""]",high,no
442937-17,Notional,notional.finance,protocol_or_network,yes,"[""NOTE""]","[""NOTE""]","[""https://docs.notional.finance/notional-v3/governance/the-note""]",high,no
442953-19,Geeq,geeq.io,protocol_or_network,yes,"[""GEEQ""]","[""GEEQ""]","[""https://coinmarketcap.com/currencies/geeq/""]",high,no
443019-97,Alethea Tech,alethia.ai,gaming_or_nft,yes,"[""ALI""]","[""Artificial Liquid Intelligence""]","[""https://coinmarketcap.com/currencies/alethea-artificial-liquid-intelligence-token/""]",high,no
443093-59,Money On Chain,moneyonchain.com,protocol_or_network,yes,"[""DOC"", ""BPRO"", ""MOC""]","[""DoC"", ""BPro"", ""MoC""]","[""https://moneyonchain.com/doc-stablecoin/"", ""https://moneyonchain.com/bpro-token/"", ""https://moneyonchain.com/moc-token/""]",high,no
443150-02,Gensyn,gensyn.ai,protocol_or_network,yes,"[""AI""]","[""Gensyn""]","[""https://docs.gensyn.network/ai-token""]",medium,no
443168-29,Duality Blockchain Solutions,duality.solutions,protocol_or_network,yes,"[""DYN""]","[""Dynamic""]","[""https://coinmarketcap.com/currencies/dynamic/""]",high,no
443173-24,Reactive Network,reactive.network,protocol_or_network,yes,"[""REACT""]","[""REACT""]","[""https://reactive.network/token""]",high,no
443325-43,Alchemy Pay,alchemypay.org,service_provider,yes,"[""ACH""]","[""ACH""]","[""https://www.coingecko.com/en/coins/alchemy-pay""]",high,no
443326-51,Crust Network,crust.network,infrastructure_or_data,yes,"[""CRU""]","[""CRU""]","[""https://wiki.crust.network/docs/en/crustTokens""]",high,no
443328-22,MANTRA (Hong Kong),mantrachain.io,protocol_or_network,yes,"[""MANTRA""]","[""MANTRA""]","[""https://docs.mantrachain.io/mantra-tokenomics""]",high,no
443329-57,RioDeFi,riodefi.com,exchange_or_broker,yes,"[""RFUEL""]","[""RFUEL""]","[""https://www.coingecko.com/en/coins/rio-defi""]",high,no
443330-83,WaykiChain,waykichain.com,protocol_or_network,yes,"[""WICC"", ""WGRT"", ""WUSD""]","[""WICC"", ""WGRT"", ""WUSD""]","[""https://coinmarketcap.com/currencies/waykichain/"", ""https://coinmarketcap.com/currencies/waykichain-governance-coin/"", ""https://waykichainwicc.medium.com/waykichains-tri-token-economic-model-empowering-decentralized-governance-db9daa987dda""]",medium,no
443331-55,Colony,colony.io,protocol_or_network,yes,"[""CLNY""]","[""CLNY""]","[""https://docs.colony.io/learn/payments-and-tokens/the-metacolony-clny/""]",high,no
443332-90,Equilibrium,equilibrium.io,protocol_or_network,yes,"[""EQ"", ""EQD"", ""GENS""]","[""EQ"", ""EQD"", ""GENS""]","[""https://docs.equilibrium.io/governance/tokenomics"", ""https://eqd.equilibrium.io/"", ""https://medium.com/equilibrium-eosdt/introducing-genshiro-equilibrium-has-plans-for-kusama-as-well-as-polkadot-26030ae028af""]",medium,no
443343-07,Razor Network,razor.network,protocol_or_network,yes,"[""RAZOR"", ""sRZR""]","[""RAZOR"", ""staked RAZOR""]","[""https://razor.network/whitepaper.pdf"", ""https://razornetwork.medium.com/introducing-fully-on-chain-voting-for-razor-network-771757240319""]",medium,no
443353-78,Acute Angle Cloud,acuteangle.com,infrastructure_or_data,yes,"[""AAC""]","[""AAC""]","[""https://coinmarketcap.com/currencies/acute-angle-cloud/""]",medium,yes
452686-24,PlatON (Business/Productivity Software),platon.network,traditional_business,yes,"[""LAT""]","[""PlatON""]","[""https://coinmarketcap.com/currencies/platon/""]",low,yes
452690-20,Goldfinch Prime,goldfinch.finance,traditional_business,yes,"[""GFI"", ""FIDU""]","[""Goldfinch"", ""Fidu""]","[""https://docs.goldfinch.finance/goldfinch/goldfinch-v1/protocol-mechanics/gfi-token"", ""https://dev.goldfinch.finance/docs/reference/contracts/core/Fidu""]",low,yes
452739-07,UNION(Financial Software),unn.finance,traditional_business,yes,"[""UNN""]","[""UNION Protocol Governance Token""]","[""https://www.coindesk.com/price/unn""]",low,yes
452843-11,Swash,swashapp.io,traditional_business,yes,"[""SWASH""]","[""Swash""]","[""https://www.coingecko.com/en/coins/swash""]",low,yes
452949-04,API3,api3.org,traditional_business,yes,"[""API3""]","[""API3""]","[""https://www.coingecko.com/en/coins/api3""]",low,yes
453361-33,Axelar,axelar.network,traditional_business,yes,"[""AXL""]","[""Axelar""]","[""https://www.coingecko.com/en/coins/axelar""]",low,yes
453439-72,Mask Network,mask.io,traditional_business,yes,"[""MASK""]","[""Mask Network""]","[""https://www.coingecko.com/en/coins/mask-network""]",low,yes
454256-38,PrimeDAO,primedao.eth.link,protocol_or_network,yes,"[""D2D""]","[""PrimeDAO""]","[""https://coinmarketcap.com/currencies/prime/""]",medium,yes
454358-17,Celestia,celestia.org,protocol_or_network,yes,"[""TIA""]","[""TIA""]","[""https://docs.celestia.org/learn/TIA/overview/""]",high,no
454372-75,Moss.Earth,moss.earth,dapp_or_product,yes,"[""MCO2""]","[""Moss Carbon Credit""]","[""https://mco2token.moss.earth/""]",high,no
454435-84,Marble.Cards,marble.cards,gaming_or_nft,yes,"[""MEM""]","[""Memecoin""]","[""https://coinmarketcap.com/currencies/meme-coin/""]",medium,yes
454443-85,Gunzilla,gunzillagames.com,gaming_or_nft,yes,"[""GUN""]","[""GUN""]","[""https://gunbygunz.com/gun/""]",high,no
454514-59,Carv (Entertainment Software),carv.io,protocol_or_network,yes,"[""CARV""]","[""CARV""]","[""https://docs.carv.io/carv-token/utility""]",high,no
454658-95,Zkbase,zkbase.org,protocol_or_network,yes,"[""ZKB""]","[""ZKBase""]","[""https://coinmarketcap.com/currencies/zkbase/""]",high,no
454663-27,Sifchain,sifchain.network,protocol_or_network,yes,"[""ROWAN""]","[""ROWAN""]","[""https://docs.sifchain.network/sifchain/project/the-rowan-token""]",high,no
454671-19,Hxro,hxro.com,protocol_or_network,yes,"[""HXRO""]","[""HXRO""]","[""https://docs-v0.hxro.network/""]",high,no
454672-90,Union Finance,union.finance,protocol_or_network,yes,"[""UNION""]","[""UNION Protocol Governance Token""]","[""https://docs.union.finance/governance/union-token""]",high,no
454724-83,bitsCrunch,bitscrunch.com,infrastructure_or_data,yes,"[""BCUT""]","[""bitsCrunch Token""]","[""https://www.coingecko.com/en/coins/bitscrunch-token""]",high,no
454769-92,AnRKey X,anrkeyx.io,gaming_or_nft,yes,"[""ANRX""]","[""AnRKey X Token""]","[""https://coinmarketcap.com/currencies/anrkey-x/""]",high,no
454794-49,Efforce,efforce.io,dapp_or_product,yes,"[""WOZX""]","[""Efforce""]","[""https://www.efforce.io/tokens""]",high,no
454808-71,NUTS Finance,nuts.finance,protocol_or_network,yes,"[""QNUT""]","[""NUTS Finance""]","[""https://www.coincarp.com/currencies/nutsfinance/""]",low,yes
454839-31,Push Chain,push.org,protocol_or_network,yes,"[""PUSH""]","[""Push Protocol""]","[""https://comms.push.org/docs/tokenomics/""]",high,no
454946-14,Jur,jur.io,protocol_or_network,yes,"[""JUR""]","[""JUR Token""]","[""https://gitbook.jur.io/jur-documentation/jur-economy/usdjur-token-model""]",high,no
455010-13,Swivel (Austin),swivel.finance,protocol_or_network,yes,"[""SWIV""]","[""Swivel Finance""]","[""https://coinmarketcap.com/currencies/swivel-finance/""]",high,no
455123-08,Minima,minima.global,protocol_or_network,yes,"[""MINIMA""]","[""Minima""]","[""https://coinmarketcap.com/currencies/minima-global/""]",high,no
455735-62,Euler Labs,eulerlabs.com,protocol_or_network,yes,"[""EUL""]","[""Euler""]","[""https://docs.euler.finance/EUL/overview/""]",high,no
458078-41,Bonfida,bonfida.org,protocol_or_network,yes,"[""FIDA"", ""SNS""]","[""Bonfida"", ""Solana Name Service""]","[""https://coinmarketcap.com/currencies/bonfida-sns/"", ""https://docs.sns.id/collection/bonfida-spanish/tokenomics/suministro-de-fida""]",high,yes
458100-82,FESSChain,fesschain.live,protocol_or_network,yes,"[""FESS""]","[""FESS""]","[""https://coinmarketcap.com/currencies/fesschain/""]",low,yes
458110-27,PERL.eco,perl.eco,protocol_or_network,yes,"[""PERL"", ""onePERL"", ""pCO2""]","[""PERL"", ""onePERL"", ""pCO2""]","[""https://coinmarketcap.com/currencies/perlin/"", ""https://docs.perl.eco/oneperl"", ""https://docs.perl.eco/pco2""]",high,no
458110-54,0xcert,0xcert.org,protocol_or_network,yes,"[""ZXC""]","[""0xcert Protocol Token""]","[""https://coinmarketcap.com/currencies/0xcert/""]",high,no
458276-23,Brickken,brickken.com,dapp_or_product,yes,"[""BKN""]","[""BKN""]","[""https://www.brickken.com/bkn-token/""]",high,no
458366-14,Lido (Financial Software),lido.fi,protocol_or_network,yes,"[""LDO"", ""stETH"", ""wstETH""]","[""LDO"", ""stETH"", ""wstETH""]","[""https://coinmarketcap.com/currencies/lido-dao/"", ""https://coinmarketcap.com/currencies/steth/"", ""https://coinmarketcap.com/currencies/lido-finance-wsteth/""]",high,no
458401-96,Reneum,reneum.com,dapp_or_product,yes,"[""RENEW""]","[""ReNeW""]","[""https://www.saurenergy.com/solar-energy-news/green-marketplace-reneum-raises-4-1m-pre-seed-funding-led-by-ajeej-capital""]",medium,yes
458532-73,FileStar (),filestar.net,protocol_or_network,yes,"[""STAR""]","[""STAR""]","[""https://coinmarketcap.com/currencies/filestar/""]",high,no
458608-96,Benchmark (Financial Software),benchmark.finance,protocol_or_network,yes,"[""MARK"", ""BEND""]","[""Benchmark Protocol"", ""Benchmark Protocol Governance Token""]","[""https://coinmarketcap.com/currencies/benchmark-protocol/"", ""https://coinmarketcap.com/currencies/benchmark-protocol-governance-token/""]",low,yes
458650-36,PRIVI Protocol,privi.store,protocol_or_network,yes,"[""PRIVI"", ""TRAX"", ""PIX""]","[""Privi Protocol"", ""Privi Trax"", ""Privi Pix""]","[""https://www.youtocoin.com/coin/priviprotocol/overview"", ""https://coinpaprika.com/coin/trax-privi-trax/"", ""https://coinmarketcap.com/currencies/privi-pix/""]",low,yes
458678-17,Spectral,spectrallabs.xyz,protocol_or_network,yes,"[""SPEC""]","[""Spectral""]","[""https://coinmarketcap.com/currencies/spectral/""]",high,no
458678-35,Synternet,synternet.com,protocol_or_network,yes,"[""SYNT""]","[""Synternet""]","[""https://coinmarketcap.com/currencies/synternet/""]",high,no
458692-39,On RE,onre.finance,dapp_or_product,yes,"[""ONyc"", ""rONyc""]","[""Onchain Yield Coin"", ""rONyc redemption token""]","[""https://docs.onre.finance/getting-started/the-onyc-token/onyc-token-whitepaper""]",medium,yes
458705-08,Dimitra,dimitra.io,dapp_or_product,yes,"[""DMTR""]","[""DMTR Token""]","[""https://dimitra.io/token/""]",high,no
458733-79,Titan (Business/Productivity Software),titan.io,mining_or_validator,yes,"[""LMR""]","[""Lumerin""]","[""https://www.coingecko.com/en/coins/lumerin""]",high,no
458735-86,Royale (Financial Services),royale.finance,protocol_or_network,yes,"[""ROYA""]","[""Royale Finance""]","[""https://coinmarketcap.com/currencies/royale-finance/""]",high,no
458759-98,Diamante Blockchain,diamante.io,protocol_or_network,yes,"[""DIAM""]","[""DIAM""]","[""https://www.coingecko.com/en/coins/diamante""]",high,no
459100-18,Canon Chain,canonchain.com,protocol_or_network,yes,"[""CZR""]","[""CanonChain Token""]","[""https://bitcointalk.org/index.php?topic=2778256.0""]",low,yes
459115-30,Empty Set,emptyset.finance,protocol_or_network,yes,"[""ESD""]","[""Empty Set Dollar""]","[""https://coinmarketcap.com/currencies/empty-set-dollar/""]",medium,no
459116-20,Fei Protocol,fei.money,protocol_or_network,yes,"[""FEI"", ""TRIBE""]","[""Fei USD"", ""TRIBE""]","[""https://coinmarketcap.com/currencies/fei-usd/"", ""https://coinmarketcap.com/currencies/tribe/""]",medium,yes
459116-29,Badger,badger.com,protocol_or_network,yes,"[""BADGER"", ""DIGG""]","[""BADGER"", ""DIGG""]","[""https://docs.badger.com/badger/usdbadger"", ""https://docs.badger.com/digg/digg-faq""]",high,no
459148-69,Insured Finance,insured.finance,protocol_or_network,yes,"[""INFI""]","[""INFI""]","[""https://coinmarketcap.com/currencies/insured-finance/""]",high,no
459149-59,Eden Network,edennetwork.io,infrastructure_or_data,yes,"[""EDEN""]","[""EDEN""]","[""https://v1.edennetwork.io/token/""]",high,no
459150-40,Bridge.v2,bridgemutual.io,protocol_or_network,yes,"[""BMI""]","[""Bridge Mutual""]","[""https://coinmarketcap.com/currencies/bridge-mutual/""]",high,no
459151-48,e-Money,e-money.com,protocol_or_network,yes,"[""NGM"", ""EEUR"", ""ECHF"", ""ENOK"", ""ESEK"", ""EDKK""]","[""e-Money"", ""e-Money EUR Token"", ""e-Money CHF Token"", ""e-Money NOK Token"", ""e-Money SEK Token"", ""e-Money DKK Token""]","[""https://coinmarketcap.com/currencies/e-money-coin/"", ""https://e-money.com/docs/e-Money%20-%20EUR%20Token%20Terms%20and%20Conditions.pdf"", ""https://e-money.com/docs/e-Money%20-%20CHF%20Token%20Terms%20and%20Conditions.pdf"", ""https://e-money.com/docs/e-Money%20-%20NOK%20Token%20Terms%20and%20Conditions.pdf"", ""https://e-money.com/docs/e-Money%20-%20SEK%20Token%20Terms%20and%20Conditions.pdf"", ""https://e-money.com/docs/e-Money%20-%20DKK%20Token%20Terms%20and%20Conditions.pdf""]",high,no
459153-28,Hyve (Business/Productivity Software),hyve.works,dapp_or_product,yes,"[""HYVE""]","[""HYVE""]","[""https://www.coingecko.com/en/coins/hyve""]",high,no
459165-61,Hashflow,hashflow.com,exchange_or_broker,yes,"[""HFT""]","[""HFT""]","[""https://docs.hashflow.com/hashflow/hft-and-governance/background""]",high,no
459294-04,ZelaaPayAE,zelaapay.ae,exchange_or_broker,yes,"[""ZPAE""]","[""ZPAE""]","[""https://coinmarketcap.com/currencies/zelaapayae/""]",medium,yes
459314-83,Quad Terminal,quadterminal.com,exchange_or_broker,yes,"[""QUAD""]","[""QUAD""]","[""https://coinmarketcap.com/currencies/quadency/""]",high,no
459370-18,Naoris Protocol,naorisprotocol.com,protocol_or_network,yes,"[""NAORIS""]","[""NAORIS""]","[""https://www.naorisprotocol.com/exchanges""]",high,no
459458-47,PowerPool,powerpool.finance,protocol_or_network,yes,"[""CVP"", ""xCVP"", ""PIPT""]","[""CVP"", ""xCVP"", ""PIPT""]","[""https://docs.powerpool.finance/powerpool-and-poweragent-network/powerpool-overview/powerpool/cvp-token"", ""https://medium.com/powerpool/powerpool-welcome-to-the-era-of-xcvp-8e1cc7e5cb46"", ""https://docs.powerpool.finance/powerpool-and-poweragent-network/smart-portfolios/index-products/usdpipt-token-explained""]",high,no
459458-74,Carbon Grid Protocol,carbongrid.io,protocol_or_network,yes,"[""CGRID""]","[""Carbon Grid Token""]","[""https://etherscan.io/token/0xeb6486b13b56314b37aacac2ec6889d11a763de1""]",medium,no
459463-78,OIN,oin.finance,protocol_or_network,yes,"[""OIN""]","[""OIN""]","[""https://oin.finance/file/OINWhitePaper.pdf""]",high,no
459466-93,Kylin Network,wiki.kylin.network,protocol_or_network,yes,"[""KYL"", ""PCHU""]","[""KYL"", ""PCHU""]","[""https://wiki.kylin.network/getting-started/kylin-network-token-economics"", ""https://kylinnetwork.medium.com/announcing-pichiu-kylins-implementation-on-kusama-c1bf50404fd9""]",medium,yes
459474-31,HydraDX,hydradx.io,protocol_or_network,yes,"[""HDX""]","[""HDX""]","[""https://hydradx.io/""]",high,no
459504-28,Manta Network,manta.network,protocol_or_network,yes,"[""MANTA""]","[""MANTA""]","[""https://governance.manta.network/""]",high,no
459504-73,KILT,kilt.io,protocol_or_network,yes,"[""PR""]","[""Primer""]","[""https://www.primer.systems/""]",medium,yes
459505-00,Nsure.Network,nsure.network,protocol_or_network,yes,"[""NSURE""]","[""NSURE""]","[""https://coinmarketcap.com/currencies/nsure-network/""]",high,no
459505-18,OptionRoom,optionroom.finance,protocol_or_network,yes,"[""ROOM"", ""COURT""]","[""ROOM"", ""COURT""]","[""https://coinmarketcap.com/currencies/optionroom/"", ""https://optionroom.medium.com/introducing-court-optionrooms-governance-token-484a0a7c63d9""]",high,no
459505-36,Polkadex,polkadex.ee,exchange_or_broker,yes,"[""PDEX""]","[""PDEX""]","[""https://polkadex.ee/tokeneconomics""]",high,no
459505-81,Bandot,bandot.io,protocol_or_network,yes,"[""BDT""]","[""Bandot Protocol""]","[""https://coinmarketcap.com/currencies/bandot-protocol/""]",medium,yes
459569-08,Hemera (Software Development Applications),thehemera.com,infrastructure_or_data,yes,"[""DAY""]","[""DAY""]","[""https://docs.thehemera.com/welcome/account-centric-indexing-protocol/the-hemera-network/network-roles""]",medium,yes
459653-86,Polkamarkets,polkamarkets.com,protocol_or_network,yes,"[""POLK""]","[""POLK""]","[""https://help.polkamarkets.com/polk-utility-token""]",high,no
459816-76,Pi Network,minepi.com,protocol_or_network,yes,"[""PI""]","[""Pi""]","[""https://minepi.com/about/""]",high,no
459899-56,Stake Technologies,astar.network,protocol_or_network,yes,"[""ASTR""]","[""Astar""]","[""https://www.coingecko.com/en/coins/astar""]",high,no
459995-95,Cascadia Carbon,cascadiatrees.com,dapp_or_product,yes,"[""CODEX""]","[""CODEX Token""]","[""https://cascadiacarbon.com/about.html""]",high,no
460096-93,Cardano Foundation,cardanofoundation.org,protocol_or_network,yes,"[""ADA""]","[""ADA""]","[""https://cardano.org/what-is-ada/""]",high,no
460182-16,Moeda,moedaseeds.com,dapp_or_product,yes,"[""MDA""]","[""Moeda Loyalty Points""]","[""https://coinmarketcap.com/currencies/moeda-loyalty-points/""]",medium,no
460243-27,Emanate,emanate.live,dapp_or_product,yes,"[""EMT""]","[""Emanate""]","[""https://coinmarketcap.com/currencies/emanate/""]",high,no
460255-42,Wicrypt,wicrypt.com,protocol_or_network,yes,"[""WNT""]","[""Wicrypt""]","[""https://www.coingecko.com/en/coins/wicrypt""]",high,no
460262-71,BloXmove,bloxmove.com,protocol_or_network,yes,"[""BLXM""]","[""bloXmove""]","[""https://www.coingecko.com/en/coins/bloxmove-token""]",high,no
460263-25,Koii (Business/Productivity Software),koii.network,protocol_or_network,yes,"[""KOII""]","[""Koii""]","[""https://www.coingecko.com/en/coins/koii""]",high,no
460324-36,ABC Hosting,mintme.com,protocol_or_network,yes,"[""MINTME""]","[""MintMe.com Coin""]","[""https://www.mintme.com/coin""]",medium,yes
461822-68,Avantgarde,avantgarde.finance,service_provider,yes,"[""MLN""]","[""Enzyme""]","[""https://coinmarketcap.com/currencies/enzyme/""]",medium,yes
461886-49,Haycen,haycen.com,protocol_or_network,yes,"[""USDhm"", ""GBPdm""]","[""USDhm"", ""GBPdm""]","[""https://haycen.com/""]",low,yes
461923-93,Jigstack,jigstack.org,protocol_or_network,yes,"[""STAK""]","[""Jigstack""]","[""https://coinmarketcap.com/currencies/jigstack/""]",high,no
461927-44,Oddz Finance,oddz.fi,protocol_or_network,yes,"[""ODDZ""]","[""Oddz""]","[""https://www.coingecko.com/en/coins/oddz""]",high,no
461938-60,Oxygen (Financial Software),oxygen.org,protocol_or_network,yes,"[""OXY""]","[""OXY""]","[""https://www.oxygen.org/token.html""]",high,no
462031-57,OpenDAO,opendao.io,protocol_or_network,yes,"[""SOS""]","[""OpenDAO""]","[""https://coinmarketcap.com/currencies/opendao/""]",high,no
462031-84,Public Mint,publicmint.com,protocol_or_network,yes,"[""MINT""]","[""MINT""]","[""https://publicmint.com/""]",high,no
462047-50,SubQuery,subquery.network,infrastructure_or_data,yes,"[""SQT""]","[""SQT""]","[""https://subquery.network/doc/subquery_network/token/token.html""]",high,no
462051-91,ETHA Labs,ethalabs.io,protocol_or_network,yes,"[""PRF""]","[""PRF""]","[""https://docs.parifi.org/""]",low,yes
462085-66,StoneDefi,stonedefi.io,protocol_or_network,yes,"[""STN""]","[""Stone DeFi""]","[""https://coinmarketcap.com/currencies/stone-token/""]",high,no
462107-71,Thorchain,thorchain.org,protocol_or_network,yes,"[""RUNE""]","[""RUNE""]","[""https://docs.thorchain.org/understanding-thorchain/rune""]",high,no
462109-69,Frax Finance,frax.com,protocol_or_network,yes,"[""FRAX"", ""FPI"", ""frxETH"", ""sfrxETH"", ""frxUSD"", ""sfrxUSD""]","[""Frax"", ""Frax Price Index"", ""Frax ETH"", ""staked Frax ETH"", ""Frax USD"", ""staked Frax USD""]","[""https://docs.frax.com/protocol/frax/overview"", ""https://docs.frax.com/protocol""]",high,no
462131-02,Shell Protocol,shellprotocol.io,protocol_or_network,yes,"[""SHELL""]","[""SHELL""]","[""https://wiki.shellprotocol.io/shell-dao/shell-token""]",high,no
462233-35,Rari Capital,rari.capital,protocol_or_network,yes,"[""RGT""]","[""Rari Governance Token""]","[""https://coinmarketcap.com/currencies/rari-governance-token/""]",high,no
462244-06,Metis,metis.io,protocol_or_network,yes,"[""METIS""]","[""METIS""]","[""https://www.metis.io/blog/metis-tokenomics""]",high,no
462337-39,Unslashed Finance,unslashed.finance,protocol_or_network,yes,"[""USF""]","[""USF""]","[""https://coinmarketcap.com/currencies/unslashed-finance/""]",high,no
462348-64,Aquarius Financial Technologies,aqex.io,exchange_or_broker,yes,"[""AQEX""]","[""AQEX""]","[""https://www.aqex.io/aqex-token/""]",high,no
462373-12,Litentry Foundation,litentry.com,protocol_or_network,yes,"[""HEI""]","[""Heima""]","[""https://docs.heima.network/overview-what-is-heima/introduction/hei-token""]",medium,no
462373-57,Oiler Network,oiler.network,protocol_or_network,yes,"[""OIL""]","[""OIL""]","[""https://docs.oiler.network/oiler-network/tokenomics/lbp-overview""]",high,no
462375-46,Ethernity Chain,ethernity.io,gaming_or_nft,yes,"[""EPIC""]","[""EPIC""]","[""https://coinmarketcap.com/currencies/epic-chain/""]",high,no
462377-08,Dafi (Financial Software),dafi.io,protocol_or_network,yes,"[""DAFI""]","[""Dafi Protocol""]","[""https://www.coingecko.com/en/coins/dafi-protocol""]",high,no
462378-07,Unmarshal,unmarshal.io,infrastructure_or_data,yes,"[""MARSH""]","[""MARSH""]","[""https://blog.unmarshal.io/introducing-marsh-tokenomics-and-distribution-78b4f74dba83""]",high,no
462378-52,Allbridge (Financial Software),allbridge.io,protocol_or_network,yes,"[""ABR""]","[""Allbridge""]","[""https://www.coingecko.com/en/coins/allbridge""]",high,no
462453-31,Daconomy,daconomy.io,protocol_or_network,yes,"[""DCO""]","[""DCOMY""]","[""https://coinmarketcap.com/currencies/dcomy/""]",high,no
462506-14,Saffron Finance,saffron.finance,protocol_or_network,yes,"[""SFI""]","[""saffron.finance""]","[""https://www.coingecko.com/en/coins/saffron-finance""]",high,no
462525-31,Lightening Cash,lightening.cash,protocol_or_network,yes,"[""LIC""]","[""Lightening Cash""]","[""https://www.coincarp.com/currencies/lightening-cash/""]",low,yes
462533-14,Zignaly,zignaly.com,dapp_or_product,yes,"[""ZIG""]","[""ZIGChain""]","[""https://www.coingecko.com/en/coins/zignaly""]",high,no
462542-32,Hop Exchange,hop.exchange,protocol_or_network,yes,"[""HOP""]","[""HOP""]","[""https://docs.hop.exchange/governance/token-distribution""]",high,no
462547-00,Ternoa,ternoa.network,protocol_or_network,yes,"[""CAPS""]","[""CAPS""]","[""https://coinmarketcap.com/currencies/ternoa/""]",high,no
462562-57,SEDA (Financial Services),seda.xyz,protocol_or_network,yes,"[""SEDA""]","[""SEDA""]","[""https://www.coingecko.com/en/coins/seda""]",high,no
462567-97,Aevo (Financial Software),aevo.xyz,protocol_or_network,yes,"[""AEVO""]","[""AEVO""]","[""https://coinmarketcap.com/currencies/aevo/""]",high,no
462568-42,Drakula,drakula.app,gaming_or_nft,yes,"[""VIDEO""]","[""Videocoin by Drakula""]","[""https://coinmarketcap.com/currencies/videocoin-by-drakula/""]",medium,no
462609-19,Change (Financial Software),changeinvest.com,dapp_or_product,yes,"[""CAG""]","[""Change""]","[""https://coinmarketcap.com/currencies/change/""]",high,no
462620-89,Somm,somm.finance,protocol_or_network,yes,"[""SOMM""]","[""Sommelier""]","[""https://coinmarketcap.com/currencies/sommelier/""]",high,no
462631-06,Enreach,enreach.io,protocol_or_network,yes,"[""NRCH""]","[""NRCH""]","[""https://sale.enreach.io/""]",medium,no
462648-43,Bitazza,bitazza.com,exchange_or_broker,yes,"[""BTZ""]","[""BTZ""]","[""https://btz.bitazza.com/index.html""]",high,no
462654-19,Paraverse Technology,paraverse.cc,infrastructure_or_data,yes,"[""PVS""]","[""Paraverse Token""]","[""https://paraverse.cc/pvs/""]",medium,yes
462672-37,Stella (Financial Software),stellaxyz.io,protocol_or_network,yes,"[""ALPHA""]","[""Stella""]","[""https://docs.stellaxyz.io/stella-doc/tokenomics/alpha-token""]",high,no
462673-09,Convergence Finance,conv.finance,protocol_or_network,yes,"[""CONV""]","[""Convergence""]","[""https://coinmarketcap.com/currencies/convergence/""]",high,no
462673-27,C.R.E.A.M.,app.cream.finance,protocol_or_network,yes,"[""CREAM""]","[""CREAM""]","[""https://docs.cream.finance/""]",high,no
462673-90,Hapi Protocol,hapi.one,security_or_compliance,yes,"[""HAPI""]","[""HAPI Protocol""]","[""https://www.coingecko.com/en/coins/hapi""]",high,no
462674-08,QORPO World,qorpo.world,gaming_or_nft,yes,"[""QORPO""]","[""QORPO Token""]","[""https://coinmarketcap.com/currencies/qorpo/""]",high,no
462674-35,Konomi,konomi.network,protocol_or_network,yes,"[""KONO""]","[""Konomi Network""]","[""https://www.coingecko.com/en/coins/konomi-network""]",medium,no
462674-71,Lepricon,lepricon.io,gaming_or_nft,yes,"[""LPR""]","[""Lepricon""]","[""https://coinmarketcap.com/currencies/lepriconlpr/""]",high,no
462674-80,Maha (Financial Software),maha.xyz,protocol_or_network,yes,"[""MAHA"", ""ZAI""]","[""MAHA"", ""ZAI""]","[""https://docs.maha.xyz/governance/maha-overview"", ""https://docs.maha.xyz/stablecoin-zai/zai-overview""]",high,no
462674-98,Paralink Network,paralink.network,protocol_or_network,yes,"[""PARA""]","[""Paralink Network""]","[""https://coinmarketcap.com/currencies/paralink-network/""]",high,no
462675-43,Poolz,poolz.finance,dapp_or_product,yes,"[""POOLX""]","[""POOLX""]","[""https://blog.poolz.finance/poolz-new-token-deployment-poolx/""]",high,yes
462675-52,RageFan,rage.fan,gaming_or_nft,yes,"[""RAGE""]","[""RAGE""]","[""https://coinmarketcap.com/currencies/rage-fan/""]",high,no
462688-84,Findora,findora.org,protocol_or_network,yes,"[""FRA""]","[""Findora""]","[""https://docs.findora.org/general-user-materials/acquire-fra""]",high,no
462689-02,Unifi Protocol,unifiprotocol.com,protocol_or_network,yes,"[""UNIFI"", ""UP""]","[""UNIFI"", ""UP""]","[""https://docs.unifiprotocol.com/unfi-up-token-contract-addresses""]",high,no
462689-38,Illuvium,illuvium.io,gaming_or_nft,yes,"[""ILV""]","[""ILV""]","[""https://coinmarketcap.com/currencies/illuvium/""]",high,no
462708-19,Knit Finance,knit.finance,protocol_or_network,yes,"[""KFT""]","[""Knit Finance""]","[""https://knit.finance/docs/KnitfinanceWhitepaper.pdf""]",high,no
462708-28,DELV,delv.tech,protocol_or_network,yes,"[""ELFI""]","[""ELFI""]","[""https://docs-delv.gitbook.io/element-protocol-developer-docs/governance-council/glossary-governance""]",medium,no
462709-36,Siren Markets,siren.xyz,protocol_or_network,yes,"[""SI""]","[""Siren""]","[""https://coinmarketcap.com/currencies/siren/""]",high,no
462710-44,NFTX,nftx.io,protocol_or_network,yes,"[""FLAY""]","[""Flayer""]","[""https://coinmarketcap.com/currencies/flayer/""]",medium,yes
462719-53,Fire Protocol,fireprotocol.org,protocol_or_network,yes,"[""FIRE""]","[""Fire Protocol""]","[""https://coinmarketcap.com/currencies/fire-protocol/""]",high,no
462753-64,Alchemix,alchemix.fi,protocol_or_network,yes,"[""ALCX""]","[""Alchemix""]","[""https://v2-docs.alchemix.fi/alchemix-dao/alcx-token""]",high,no
462831-31,TotemFi,totemfi.com,protocol_or_network,yes,"[""TOTM""]","[""TotemFi""]","[""https://coinmarketcap.com/currencies/totemfi/""]",high,no
462923-56,Overlay Protocol,overlay.market,protocol_or_network,yes,"[""OVL""]","[""OVL""]","[""https://docs.overlay.market/Contracts/Contract%20Addresses""]",high,no
462926-53,Volmex Labs,volmex.finance,protocol_or_network,yes,"[""ETHV"", ""iETHV"", ""BTCV"", ""iBTCV""]","[""Ethereum Volatility Index Token"", ""Inverse Ethereum Volatility Index Token"", ""Bitcoin Volatility Index Token"", ""Inverse Bitcoin Volatility Index Token""]","[""https://v1.docs.volmex.finance/smart-contracts/contract-addresses""]",high,no
463026-79,Anchor (Seoul),anchorprotocol.com,protocol_or_network,yes,"[""ANC""]","[""Anchor Token""]","[""https://docs.anchorprotocol.com/anchor-2/protocol/anchor-token-anc""]",high,no
463111-75,Curve Finance,curve.finance,protocol_or_network,yes,"[""CRV"", ""crvUSD""]","[""CRV"", ""crvUSD""]","[""https://docs.curve.finance/developer/curve-dao/crv-token"", ""https://docs.curve.finance/developer/crvusd/overview""]",high,no
463164-58,Deso,deso.com,protocol_or_network,yes,"[""DESO""]","[""Decentralized Social""]","[""https://coinmarketcap.com/currencies/deso/""]",high,no
463197-61,Maple (Financial Services),maple.finance,protocol_or_network,yes,"[""SYRUP""]","[""SYRUP""]","[""https://maple.finance/syrup""]",high,no
463228-21,Uno Re,unore.io,protocol_or_network,yes,"[""UNO""]","[""Lunos""]","[""https://lunos.xyz/""]",high,no
463331-08,Pixelcraft Studios,aavegotchi.com,gaming_or_nft,yes,"[""GHST""]","[""GHST Token""]","[""https://www.aavegotchi.com/ghst""]",high,no
463332-16,Charged Particles,charged.fi,protocol_or_network,yes,"[""IONX""]","[""Charged Particles Protocol""]","[""https://docs.charged.fi/charged-particles-protocol/ionx""]",high,no
463332-25,Counterparty,counterparty.io,protocol_or_network,yes,"[""XCP""]","[""Counterparty""]","[""https://docs.counterparty.io/docs/basics/what-is-xcp/""]",high,no
463333-24,Yolo ex,yoloex.io,dapp_or_product,yes,"[""EX""]","[""EX""]","[""https://www.yoloex.io/docs/bp-tokenomics-and-incentives""]",high,no
463342-06,Unifty,unifty.io,gaming_or_nft,yes,"[""NIF""]","[""Unifty Token""]","[""https://coinmarketcap.com/currencies/unifty/""]",high,no
463342-33,Allora Labs,alloralabs.xyz,protocol_or_network,yes,"[""ALLO""]","[""Allora""]","[""https://www.allora.network/blog/the-allora-foundation-unveils-allo-tokenomics-for-the-allora-network""]",high,no
463368-07,Zeitgeist PM,zeitgeist.pm,protocol_or_network,yes,"[""ZTG""]","[""Zeitgeist""]","[""https://coinmarketcap.com/currencies/zeitgeist/""]",high,no
463387-15,Universal Protocol,universalprotocol.io,protocol_or_network,yes,"[""UPUSD"", ""UPEUR"", ""UPXAU"", ""UPBTC"", ""BTC0"", ""UPCO2""]","[""Universal USD"", ""Universal Euro"", ""Universal Gold"", ""Universal Bitcoin"", ""Bitcoin Zero"", ""Universal Carbon""]","[""https://www.universalprotocol.io/"", ""https://www.universalprotocol.io/universalgold"", ""https://www.universalprotocol.io/bitcoinzero"", ""https://www.universalprotocol.io/news/uphold-launches-upco2-a-digital-carbon-credit-token""]",medium,no
463458-70,ICHI,ichi.org,protocol_or_network,yes,"[""ICHI""]","[""ICHI""]","[""https://docs.ichi.org/home/contract-addresses""]",high,no
463458-88,Ease (Financial Services),ease.org,protocol_or_network,yes,"[""EASE""]","[""Ease""]","[""https://ease.org/the-ease-token-and-gvease-app-have-launched/""]",high,no
463479-22,Fringe Finance,fringe.fi,protocol_or_network,yes,"[""FRIN""]","[""Fringe Finance""]","[""https://coinmarketcap.com/currencies/fringe-finance/""]",high,no
463479-40,Bountie,bountie.io,gaming_or_nft,yes,"[""BOUNTIE""]","[""Bountie Hunter""]","[""https://coinmarketcap.com/currencies/bountie/""]",high,no
463480-39,Coalculus,coalculus.com,protocol_or_network,yes,"[""COAL""]","[""Coalculus""]","[""https://coinmarketcap.com/currencies/coalculus/""]",high,no
463482-73,InsurAce,insurace.io,protocol_or_network,yes,"[""INSUR""]","[""INSUR""]","[""https://docs.insurace.io/landing-page/documentation/token-distribution""]",high,no
463483-09,LALA World,lalaworld.io,wallet_or_custody,yes,"[""LALA""]","[""LALA World""]","[""https://coinmarketcap.com/currencies/lala-world/""]",high,no
463511-98,SocialGood App,socialgood.inc,dapp_or_product,yes,"[""SG""]","[""SocialGood""]","[""https://coinmarketcap.com/currencies/socialgood/""]",high,no
463525-30,Shadows (Financial Software),shadows.link,protocol_or_network,yes,"[""DOWS""]","[""DOWS""]","[""https://www.coinbase.com/price/shadows""]",high,no
463560-76,Gro DAO,gro.xyz,protocol_or_network,yes,"[""GRO""]","[""GRO DAO Token""]","[""https://coinmarketcap.com/currencies/gro-dao-token/""]",high,no
463578-22,dClimate,dclimate.net,protocol_or_network,yes,"[""WTHR""]","[""WTHR""]","[""https://docs.dclimate.net/docs/faq""]",high,no
463627-27,LockTrip,locktrip.com,dapp_or_product,yes,"[""HYDRA""]","[""Hydra""]","[""https://www.coinbase.com/price/hydra""]",high,no
463638-43,Goldmint,goldexrobot.com,wallet_or_custody,yes,"[""MNTP"", ""GOLD""]","[""MNT(P) utility token"", ""GOLD token""]","[""https://www.goldmint.io/aboutmntp/"", ""https://www.goldmint.io/gold/""]",high,no
463982-32,Omnity Network,omnity.network,protocol_or_network,yes,"[""OCT""]","[""Omnity Convertible Token""]","[""https://www.coingecko.com/en/coins/octopus-network""]",high,no
464005-36,ChainX (Financial Software),chainx.org,protocol_or_network,yes,"[""PCX""]","[""ChainX""]","[""https://coinmarketcap.com/currencies/chainx/""]",high,no
464061-79,JPYC,corporate.jpyc.co.jp,dapp_or_product,yes,"[""JPYC""]","[""JPYC""]","[""https://coinmarketcap.com/currencies/jpycoin/""]",high,no
464101-30,LUKSO,lukso.network,protocol_or_network,yes,"[""LYX""]","[""LYX""]","[""https://docs.lukso.tech/faq/lukso/general-information/""]",high,no
464153-50,ChainSwap,chainswap.com,protocol_or_network,yes,"[""TOKEN""]","[""ChainSwap.com Governance Token""]","[""https://docs.chainswap.com/token""]",high,no
464157-10,NAOS Finance,naos.finance,protocol_or_network,yes,"[""NAOS""]","[""NAOS Finance""]","[""https://coinmarketcap.com/currencies/naos-finance/""]",high,no
464159-44,Handle.fi,handle.fi,protocol_or_network,yes,"[""FOREX""]","[""handleFOREX""]","[""https://docs.handle.fi/high-priority/forex-tokens""]",high,no
464163-49,Dacoco,dacoco.io,gaming_or_nft,yes,"[""TLM""]","[""Trilium""]","[""https://www.coindesk.com/price/alien-worlds""]",high,no
464174-83,Enzyme (Financial Software),enzyme.so,protocol_or_network,yes,"[""MLN""]","[""Enzyme""]","[""https://docs.enzyme.finance/general-info/tokenomics""]",high,no
464214-16,Aurox (Financial Software),getaurox.com,dapp_or_product,yes,"[""URUS""]","[""URUS""]","[""https://docs.getaurox.com/product-docs/aurox-ecosystem/the-aurox-token""]",high,no
464324-05,Enso (Financial Software),enso.build,protocol_or_network,yes,"[""ENSO""]","[""Enso""]","[""https://docs.enso.build/pages/network/token""]",high,no
464363-20,Benqi,benqi.fi,protocol_or_network,yes,"[""QI""]","[""QI""]","[""https://docs.benqi.fi/benqinomics/benqinomics""]",high,no
464414-05,Humanode,humanode.io,protocol_or_network,yes,"[""HMND""]","[""Humanode""]","[""https://blog.humanode.io/humanode-mainnet-launch-2/""]",high,no
464479-21,Xfai,xfai.com,protocol_or_network,yes,"[""XFIT""]","[""XFai""]","[""https://coinmarketcap.com/currencies/xfai/""]",high,no
464503-06,Pendle,pendle.finance,protocol_or_network,yes,"[""PENDLE""]","[""Pendle""]","[""https://www.pendle.finance/PENDLE""]",high,no
465092-38,Measurable Data Token,mdt.io,protocol_or_network,yes,"[""MDT""]","[""Measurable Data Token""]","[""https://mdt.io/token/""]",high,no
465349-24,Phuture (Other Financial Services),phuture.finance,protocol_or_network,yes,"[""PHTR""]","[""Phuture""]","[""https://docs.phuture.finance/phuture-dao/our-token-phtr""]",high,no
465355-90,RBL Labs.,rbllabs.com,gaming_or_nft,yes,"[""LOCG""]","[""LOCG""]","[""https://www.locgame.io/locg-token""]",high,no
465358-42,Glozal(Specialty Retail),glozal.com,traditional_business,yes,"[""GLZ""]","[""Glozal Security Token""]","[""https://www.prnewswire.com/news-releases/glozal-to-launch-its-security-token-offering-glz-on-september-2-2021-301363864.html""]",low,yes
465373-27,PowerLoom Protocol,powerloom.io,protocol_or_network,yes,"[""POWER""]","[""Powerloom""]","[""https://coinmarketcap.com/currencies/powerloom/""]",high,no
465384-34,DeCus (Financial Software),decus.io,infrastructure_or_data,yes,"[""SATS""]","[""DeCus.io""]","[""https://coinmarketcap.com/currencies/decus/""]",high,no
465387-58,EpiK Protocol,epik-protocol.io,protocol_or_network,yes,"[""AIEPK""]","[""EpiK Protocol""]","[""https://www.coingecko.com/en/coins/epik-protocol""]",high,no
465399-55,BitDNS,bitdns.vip,protocol_or_network,yes,"[""DNS""]","[""BitDNS""]","[""https://coinmarketcap.com/currencies/bitdns/""]",high,no
465419-80,Synapse Protocol,synapseprotocol.com,protocol_or_network,yes,"[""SYN""]","[""SYN""]","[""https://www.coingecko.com/en/coins/synapse""]",high,no
465424-39,Ringx Platform,ringx.io,dapp_or_product,yes,"[""RINGX""]","[""RINGX Token""]","[""https://coinmarketcap.com/currencies/ring-x-platform/""]",high,no
465442-66,Standard (Financial Software),standard.im,protocol_or_network,yes,"[""STND""]","[""STND""]","[""https://coinmarketcap.com/currencies/standard-protocol/""]",high,no
465443-38,Grand Lux Industries,formation.fi,protocol_or_network,yes,"[""FORM""]","[""FORM""]","[""https://coinmarketcap.com/currencies/formation-fi/""]",medium,no
465445-72,Black Hole,blackhole.black,protocol_or_network,yes,"[""BLACK""]","[""Blackhole""]","[""https://docs.blackhole.xyz/tokenomics""]",high,no
465445-99,DeHive,dehive.finance,protocol_or_network,yes,"[""DHV""]","[""DHV""]","[""https://coinmarketcap.com/currencies/dehive/""]",high,no
465447-16,Credits,credits.com,protocol_or_network,yes,"[""CS""]","[""Credits Coin""]","[""https://blockchain.credits.com/credits-coin.html""]",high,no
465447-79,Vite Labs,vite.org,protocol_or_network,yes,"[""VITE"", ""VX""]","[""Vite Coin"", ""ViteX Coin""]","[""https://docs.vite.org/vite-basics/token-model/""]",high,no
465460-75,Manifold Finance,manifoldfinance.com,infrastructure_or_data,yes,"[""FOLD""]","[""FOLD""]","[""https://manifoldfinance.com/fold-token""]",high,no
465490-45,Crowny,crowny.io,dapp_or_product,yes,"[""CRWNY""]","[""Crowny""]","[""https://coinmarketcap.com/currencies/crowny/""]",high,no
465512-59,Parastate,parastate.io,protocol_or_network,yes,"[""STATE""]","[""STATE""]","[""https://www.coingecko.com/en/coins/parastate""]",high,no
465528-61,Anoma,anoma.net,protocol_or_network,yes,"[""XAN""]","[""Anoma""]","[""https://www.coingecko.com/en/coins/anoma""]",high,no
465547-06,Raze Network,raze.network,protocol_or_network,yes,"[""RAZE""]","[""RAZE""]","[""https://coinmarketcap.com/currencies/raze-network/""]",high,no
465590-62,SingularityDAO,singularitydao.ai,protocol_or_network,yes,"[""SFI""]","[""Singularity Finance""]","[""https://www.coingecko.com/en/coins/singularity-finance""]",medium,yes
465621-76,Bumper (Financial Software ),bumper.fi,protocol_or_network,yes,"[""BUMP""]","[""BUMP""]","[""https://www.bumper.fi/faqs""]",medium,no
465624-37,TosDis,tosdis.finance,protocol_or_network,yes,"[""DIS""]","[""TosDis""]","[""https://www.coingecko.com/en/coins/tosdis""]",high,no
465626-53,Radar (Geneva),radar.global,protocol_or_network,yes,"[""RADAR""]","[""Radar""]","[""https://coinmarketcap.com/currencies/radar/""]",high,no
465673-24,EasyFi,easyfi.network,protocol_or_network,yes,"[""EZ""]","[""EasyFi""]","[""https://www.coingecko.com/en/coins/easyfi""]",high,no
465677-83,Nordl,nordl.io,dapp_or_product,yes,"[""NORD""]","[""NORD""]","[""https://www.coingecko.com/en/coins/nord-finance""]",medium,no
465680-26,Sienna Network,sienna.network,protocol_or_network,yes,"[""SIENNA""]","[""Sienna""]","[""https://sienna.network/tokens/""]",high,no
465698-53,EQIFI,eqifi.com,dapp_or_product,yes,"[""EQX""]","[""EQX""]","[""https://www.eqifi.com/eqifi-token""]",high,no
465736-51,PERI Finance,pynths.com,protocol_or_network,yes,"[""PERI""]","[""PERI""]","[""https://docs.peri.finance/peri-finance-1/overview""]",high,no
465766-21,Lever Network,lever.network,protocol_or_network,yes,"[""LEV""]","[""Lever Token""]","[""https://coinmarketcap.com/currencies/lever-token/""]",medium,no
465811-84,AIOZ Network,aioz.network,infrastructure_or_data,yes,"[""AIOZ""]","[""AIOZ Network""]","[""https://coinmarketcap.com/currencies/aioz-network/""]",high,no
465818-41,Genesis Shards,genshards.com,dapp_or_product,yes,"[""GS""]","[""Genesis Shards""]","[""https://coinmarketcap.com/currencies/genesis-shards/""]",medium,no
465819-58,Steak Bank,steakbank.finance,protocol_or_network,yes,"[""SBF""]","[""SteakBank Finance""]","[""https://coinmarketcap.com/currencies/steakbankfinance/""]",high,no
465901-75,Moma Finance,moma.finance,protocol_or_network,yes,"[""MOMAT""]","[""Moma Protocol""]","[""https://coinmarketcap.com/currencies/moma-protocol/""]",high,no
465902-29,Burnt,burnt.com,infrastructure_or_data,yes,"[""XION""]","[""XION""]","[""https://xion.burnt.com/blog/xion-tokenomics/""]",low,no
465907-78,Bitspawn,bitspawn.gg,gaming_or_nft,yes,"[""SPWN""]","[""Bitspawn""]","[""https://www.coingecko.com/en/coins/bitspawn""]",high,no
465947-47,Societe Generale - Forge,sgforge.com,dapp_or_product,yes,"[""EURCV"", ""USDCV""]","[""EUR CoinVertible"", ""USD CoinVertible""]","[""https://www.sgforge.com/product/coinvertible/""]",high,no
465951-70,LiveArt,liveart.io,dapp_or_product,yes,"[""ART""]","[""LiveArt""]","[""https://docs.liveart.xyz/liveart/introduction/products/usdart-token""]",high,no
465956-20,Pinknode,pinknode.io,infrastructure_or_data,yes,"[""PNODE""]","[""Pinknode""]","[""https://coinmarketcap.com/currencies/pinknode/""]",high,no
465956-74,Babylon Finance,babylon.finance,protocol_or_network,yes,"[""BABL""]","[""BABL""]","[""https://docs.babylon.finance/babl/tokenomics""]",high,no
465957-28,Aleph Zero,alephzero.org,protocol_or_network,yes,"[""AZERO""]","[""AZERO""]","[""https://alephzero.org/utility-and-economics""]",high,no
466037-74,SmartLink (Financial Software),smartlink.so,protocol_or_network,yes,"[""SMAK""]","[""SMAK""]","[""https://smartlink.so/token/""]",high,no
466062-22,Ispolink,ispolink.com,dapp_or_product,yes,"[""ISP""]","[""Ispolink""]","[""https://www.coingecko.com/en/coins/ispolink""]",high,no
466071-49,DexGuru,dex.guru,infrastructure_or_data,yes,"[""GURU""]","[""Guru Network""]","[""https://www.coingecko.com/en/coins/guru-network""]",high,no
466078-96,RealFevr,realfevr.com,gaming_or_nft,yes,"[""FEVR""]","[""RealFevr""]","[""https://www.coingecko.com/en/coins/realfevr""]",high,no
466083-37,Duet Protocol,duet.finance,protocol_or_network,yes,"[""DUET""]","[""Duet Protocol""]","[""https://duet-protocol.gitbook.io/duet-protocol/token-economics/what-is-the-duet-token""]",high,no
466114-60,Cryptex,cryptex.finance,protocol_or_network,yes,"[""CTX""]","[""Cryptex Finance""]","[""https://www.coingecko.com/en/coins/cryptex-finance""]",high,no
466134-76,Vesper Finance,vesper.finance,protocol_or_network,yes,"[""VSP""]","[""Vesper Finance""]","[""https://www.coingecko.com/en/coins/vesper-finance""]",high,no
466138-99,Big Time,bigtime.gg,gaming_or_nft,yes,"[""BIGTIME""]","[""Big Time""]","[""https://www.bigtime.gg/mica-bigtime-whitepaper""]",high,no
466139-35,Dotmoovs,dotmoovs.com,gaming_or_nft,yes,"[""MOOV""]","[""dotmoovs""]","[""https://www.coingecko.com/en/coins/dotmoovs""]",high,no
466144-66,TrustPad,trustpad.io,dapp_or_product,yes,"[""TPAD""]","[""TPAD""]","[""https://docs.trustpad.io/trustpad/faq-general""]",high,no
466144-93,Busy (Financial Services),busydao.io,protocol_or_network,yes,"[""BUSY""]","[""Busy""]","[""https://www.coingecko.com/en/coins/busy-dao""]",high,no
466146-28,Router Protocol,routerprotocol.com,protocol_or_network,yes,"[""ROUTE""]","[""ROUTE""]","[""https://docs.routerprotocol.org/overview/route""]",high,no
466147-27,Butterfly Protocol,butterflyprotocol.io,protocol_or_network,yes,"[""BFLY""]","[""Butterfly Protocol""]","[""https://coinmarketcap.com/currencies/butterfly-protocol-2/""]",high,no
466149-52,QAN,qanplatform.com,protocol_or_network,yes,"[""QANX""]","[""QANplatform""]","[""https://learn.qanplatform.com/qanx-token/what-is-qanx""]",high,no
466155-91,Index Coop,indexcoop.com,protocol_or_network,yes,"[""INDEX""]","[""INDEX""]","[""https://docs.indexcoop.com/index-coop-community-handbook/resources/governance/the-index-token""]",high,no
466156-00,yAxis,yaxis.io,protocol_or_network,yes,"[""YAXIS""]","[""yAxis""]","[""https://coinmarketcap.com/currencies/yaxis/""]",high,no
466192-72,Sentinel (Network Management Software),sentinel.co,protocol_or_network,yes,"[""P2P""]","[""Sentinel""]","[""https://docs.sentinel.co/p2p-coin""]",medium,no
466192-81,Xave Finance,xave.co,protocol_or_network,yes,"[""XAV""]","[""Xave Token""]","[""https://docs.xave.co/tokenomics/xav""]",high,no
466192-99,MonoX Protocol,monox.finance,protocol_or_network,yes,"[""MONO""]","[""MONO""]","[""https://docs.monox.finance/usdmono-token/tokenomics""]",high,no
466201-09,Bit.Country,bit.country,gaming_or_nft,yes,"[""BIT"", ""NUUM""]","[""BIT"", ""NUUM""]","[""https://www.coingecko.com/en/coins/bit"", ""https://www.coingecko.com/en/coins/metaverse-network-4e5ee514-56c4-4989-84df-c0b89cd19ec0""]",medium,yes
466428-97,Stratos,thestratos.org,infrastructure_or_data,yes,"[""STOS""]","[""Stratos Token""]","[""https://docs.thestratos.org/docs-evm/wallets/metamask/gas-token/""]",high,no
466434-82,Nahmii,nahmii.io,protocol_or_network,yes,"[""NII""]","[""Nahmii""]","[""https://coinmarketcap.com/currencies/nahmii/""]",high,no
466442-74,MerchDAO,merchdao.com,gaming_or_nft,yes,"[""MRCH""]","[""MerchDAO""]","[""https://coinmarketcap.com/currencies/merchdao/""]",high,no
466632-19,I Bet You,ibetyou.xyz,dapp_or_product,yes,"[""IBY""]","[""IBY""]","[""https://shardlabs.io/product/ibetyou/""]",high,no
466632-91,Matrix Labs (Financial Software),matrix-labs.xyz,protocol_or_network,yes,"[""MATRIX""]","[""MATRIX""]","[""https://matrix-labs.xyz/""]",high,no
466633-00,ARTX Capital,artx.capital,investment_or_holdings,yes,"[""ARTX""]","[""ARTX Token""]","[""https://coinmarketcap.com/currencies/artx-trading/""]",high,no
466633-09,Modefi,modefi.io,protocol_or_network,yes,"[""MOD""]","[""Modefi Token""]","[""https://docs.modefi.io/token/token-utility""]",high,no
466641-73,Tibles,tibles.com,gaming_or_nft,yes,"[""TIBL""]","[""Tibles Token""]","[""https://tibles.com/support""]",high,no
466641-82,Panther Protocol,pantherprotocol.io,protocol_or_network,yes,"[""ZKP""]","[""Panther Protocol""]","[""https://docs.pantherprotocol.io/launchdao/voting-proposals/3-launch/mint-and-vest""]",high,no
466644-70,MOVE Network,movenetwork.io,gaming_or_nft,yes,"[""MOVD""]","[""MOVD""]","[""https://movenetwork.io/""]",high,no
466646-86,Bware Labs,bwarelabs.com,infrastructure_or_data,yes,"[""INFRA""]","[""INFRA""]","[""https://bwarelabs.com/""]",high,no
466653-88,DeFIRE,defire.fi,protocol_or_network,yes,"[""CWAP""]","[""CWAP""]","[""https://www.defire.finance/""]",high,no
466653-97,SocialBlox,socialblox.io,dapp_or_product,yes,"[""SBLX""]","[""SBLX""]","[""https://socialblox.io/""]",high,no
466658-83,BEST (Financial Software),bestokens.network,mining_or_validator,yes,"[""BEST""]","[""BEST""]","[""https://bestokens.network/index""]",high,no
466659-28,Chronicle (Financial Software),chronicle.io,gaming_or_nft,yes,"[""XNL""]","[""XNL""]","[""https://www.chronicle.io/""]",high,no
466661-71,Mixsome,mixsome.cash,protocol_or_network,yes,"[""SOME""]","[""SOME""]","[""https://mixsome.cash/""]",high,no
466662-70,Plethori,plethori.com,protocol_or_network,yes,"[""PLE""]","[""PLE""]","[""https://coinmarketcap.com/currencies/plethori/""]",medium,no
466694-74,Swarm Foundation,ethswarm.org,infrastructure_or_data,yes,"[""BZZ""]","[""BZZ""]","[""https://docs.ethswarm.org/docs/references/tokens/""]",high,no
466722-64,Uniqly.io,uniqly.io,gaming_or_nft,yes,"[""UNIQ""]","[""Uniqly""]","[""https://coinmarketcap.com/currencies/uniqly/""]",high,no
466723-36,Fideum,fideum.com,wallet_or_custody,yes,"[""FI""]","[""Fideum""]","[""https://coinmarketcap.com/currencies/fideum/""]",high,no
466724-98,UX Network,uxnetwork.io,protocol_or_network,yes,"[""UTX"", ""UTXRAM""]","[""UTX"", ""UTXRAM""]","[""https://uxnetwork.io/static/ResourceModel.pdf""]",high,no
466741-72,Skyrim Finance,skyrim.finance,protocol_or_network,yes,"[""SKYRIM""]","[""Skyrim Finance""]","[""https://coinmarketcap.com/currencies/skyrim-finance/""]",high,no
466770-25,FujiDAO,app.fujidao.org,protocol_or_network,yes,"[""FUJI""]","[""FUJI""]","[""https://www.coingecko.com/en/coins/fujidao""]",high,no
466829-38,Meter (Financial Software),meter.io,protocol_or_network,yes,"[""MTRG"", ""MTR""]","[""Meter Governance"", ""Meter Stable""]","[""https://docs.meter.io/overview-of-meter/mtrg-meter-governance-coin"", ""https://docs.meter.io/overview-of-meter/mtr-the-metastable-coin""]",high,no
466834-06,Vent Finance,vent.finance,dapp_or_product,yes,"[""VENT""]","[""Vent Finance""]","[""https://coinmarketcap.com/currencies/vent-finance/""]",high,no
466844-68,PolkaWar,polkawar.com,gaming_or_nft,yes,"[""PWAR""]","[""PolkaWar""]","[""https://coinmarketcap.com/currencies/polkawar/""]",high,no
466846-39,Crafting Finance,crafting.finance,protocol_or_network,yes,"[""CRF""]","[""Crafting Finance""]","[""https://coinmarketcap.com/currencies/crafting-finance/""]",high,no
466847-02,SportsIcon,sportsicon.com,gaming_or_nft,yes,"[""ICONS""]","[""SportsIcon""]","[""https://docs.sportsicon.com/whitepaper/usdicons-token""]",high,no
466848-46,Jura Protocol,jura.network,protocol_or_network,yes,"[""JREX""]","[""JURA""]","[""https://cs.probit.com/hc/en-us/articles/360035361672-ProBit-Global-Lists-Jura-JREX""]",high,no
466850-98,TWO TWO,twotwoart.com,gaming_or_nft,yes,"[""X22""]","[""X22""]","[""https://twotwoart.com/""]",high,no
466853-32,Becent,becent.com,exchange_or_broker,yes,"[""BCT""]","[""Becent Token""]","[""https://www.coincarp.com/currencies/becenttoken/price/""]",high,no
466853-77,CyberMiles,cybermiles.io,protocol_or_network,yes,"[""CMT""]","[""CMT""]","[""https://www.cybermiles.io/en-us/cmt/cmt-cube/""]",high,no
466854-13,Essentia One,essentia.one,protocol_or_network,yes,"[""ESS""]","[""Essentia""]","[""https://www.coingecko.com/en/coins/essentia""]",high,no
466854-49,Genaro Network,genaro.network,protocol_or_network,yes,"[""GNX""]","[""Genaro Network""]","[""https://coinmarketcap.com/currencies/genaro-network/""]",medium,no
466854-76,Layer Protocol,layerprotocol.com,protocol_or_network,yes,"[""LRX""]","[""LRX""]","[""https://medium.com/layerprotocol/announcing-layer-the-new-name-of-the-pin-protocol-9d6b8056ed4b""]",low,yes
466855-03,Nimiq,nimiq.com,protocol_or_network,yes,"[""NIM""]","[""NIM""]","[""https://www.nimiq.com/""]",high,no
466867-18,OneLedger,oneledger.io,protocol_or_network,yes,"[""OLT""]","[""OneLedger""]","[""https://coinmarketcap.com/currencies/oneledger/""]",high,no
466892-92,Meme.com,meme.com,gaming_or_nft,yes,"[""MEM""]","[""Memecoin""]","[""https://meme.com/""]",high,no
466919-56,Polytrade,polytrade.finance,dapp_or_product,yes,"[""TRADE""]","[""TRADE""]","[""https://www.polytrade.finance/get-trade""]",high,no
466930-90,WEMIX,wemix.com,protocol_or_network,yes,"[""WEMIX"", ""WEMIX$""]","[""WEMIX"", ""WEMIX$""]","[""https://coinmarketcap.com/currencies/wemix/"", ""https://coinmarketcap.com/currencies/wemix-dollar/""]",high,no
466931-80,Web3Games,web3games.com,gaming_or_nft,yes,"[""WGT""]","[""WGT""]","[""https://web3games.com/wgt-token""]",high,no
466989-94,Bounce,bounce.finance,protocol_or_network,yes,"[""AUCTION""]","[""AUCTION""]","[""https://coinmarketcap.com/currencies/bounce-token/""]",high,no
466994-80,Damn,damncool.io,protocol_or_network,yes,"[""DAMN""]","[""DAMN Token""]","[""https://coinmarketcap.com/currencies/damn-token/""]",high,no
467019-91,CurioInvest,curioinvest.com,dapp_or_product,yes,"[""CUR""]","[""Curio""]","[""https://coinmarketcap.com/currencies/curio/""]",high,no
467053-30,RealEx,realex.io,dapp_or_product,yes,"[""RLX""]","[""RealEx steadycoin""]","[""https://realexdao.medium.com/introducing-realex-the-first-real-estate-backed-cryptocurrency-c1e2def672e9""]",medium,no
467061-49,BTC Proxy,btcproxy.io,protocol_or_network,yes,"[""BTCPX"", ""PRXY""]","[""BTCpx"", ""Proxy""]","[""https://www.coingecko.com/en/coins/btc-proxy"", ""https://coinmarketcap.com/currencies/proxy/""]",medium,yes
467083-81,Composable Foundation,composablefoundation.com,protocol_or_network,yes,"[""PICA"", ""LAYR""]","[""PICA"", ""LAYR""]","[""https://docs.picasso.network/governance-%26-token/tokenomics/"", ""https://coinmarketcap.com/currencies/composable-finance/""]",medium,yes
467100-55,Verida,verida.network,infrastructure_or_data,yes,"[""VDA""]","[""VDA""]","[""https://www.verida.network/vda-token""]",high,no
467158-15,0xArc,0xarc.io,infrastructure_or_data,yes,"[""ARCX""]","[""ARCX""]","[""https://coinmarketcap.com/currencies/arcx-token/""]",high,yes
467192-17,Lithium Finance,lith.finance,protocol_or_network,yes,"[""LITH""]","[""LITH""]","[""https://docs.lith.finance/protocol/two-currencies""]",high,no
467201-17,Cirus Foundation,cirus.io,protocol_or_network,yes,"[""CIRUS""]","[""CIRUS""]","[""https://coinmarketcap.com/currencies/cirus-foundation/""]",medium,no
467207-47,BullPerks,bullperks.com,dapp_or_product,yes,"[""BLP""]","[""BLP""]","[""https://bullperks.com/tokenomics/""]",high,no
467208-10,Sherlock,sherlock.xyz,security_or_compliance,yes,"[""SHER""]","[""SHER""]","[""https://docs.sherlock.xyz/tokens/sher""]",high,no
467228-08,Apollo Protocol,apolloprotocol.org,protocol_or_network,yes,"[""APOLLO""]","[""Apollo Protocol""]","[""https://apollo-protocol.gitbook.io/apollo-protocol/tokenomics/native-token""]",high,no
467255-71,Apricot Finance,apricot.one,protocol_or_network,yes,"[""APT""]","[""Apricot Finance""]","[""https://coinmarketcap.com/currencies/apricot/""]",low,yes
467260-57,DinoX,dinox.io,gaming_or_nft,yes,"[""DNXC""]","[""DNXC""]","[""https://dinox.io/tokens""]",high,no
467278-48,Ondo,ondo.finance,protocol_or_network,yes,"[""ONDO""]","[""ONDO""]","[""https://docs.ondo.foundation/ondo-token""]",high,no
467281-90,PsyFi,psy.beehiiv.com,protocol_or_network,yes,"[""PSY""]","[""PSY""]","[""https://docs.psyfi.io/psy-token-and-dao/psy-tokenomics""]",high,no
467567-02,Vatom,vatom.com,dapp_or_product,yes,"[""VEE""]","[""VEE""]","[""https://coinmarketcap.com/currencies/blockv/""]",high,no
467586-19,Only1,only1.io,dapp_or_product,yes,"[""LIKE""]","[""LIKE""]","[""https://www.coingecko.com/en/coins/like""]",medium,no
467586-28,Hashtagger,hashtagger.com,dapp_or_product,yes,"[""MOOO""]","[""MOOO""]","[""https://www.coingecko.com/en/coins/hashtagger""]",high,no
467586-37,Disbalancer,disbalancer.com,security_or_compliance,yes,"[""DDOS""]","[""disBalancer""]","[""https://coinmarketcap.com/currencies/disbalancer/""]",high,no
467651-17,Fiat24,fiat24.com,dapp_or_product,yes,"[""F24""]","[""F24 Token""]","[""https://docs.fiat24.com/products/f24-token""]",high,no
467680-51,ApolloDAO,apollo.farm,protocol_or_network,yes,"[""APOLLO""]","[""Apollo token""]","[""https://articles.apollo.farm/apollo-token-launch/""]",high,no
467685-73,Shield,shieldex.io,protocol_or_network,yes,"[""SLD""]","[""SLD""]","[""https://coinmarketcap.com/currencies/shield-dao/""]",high,no
467687-44,CraftR,craftr.io,dapp_or_product,yes,"[""CRAFTR""]","[""CraftR""]","[""https://etherscan.io/token/0x2ab22d3f1205b9f523ebe80ae2853f7644830760""]",medium,no
467713-90,XCarnival,xcarnival.fi,dapp_or_product,yes,"[""XCV""]","[""XCV""]","[""https://coinmarketcap.com/currencies/xcarnival/""]",high,no
467757-19,StrikeX,strikex.com,exchange_or_broker,yes,"[""STRX""]","[""StrikeX""]","[""https://strikex.com/""]",high,no
467797-33,Mogul Productions,mogulproductions.com,gaming_or_nft,yes,"[""MOGUL""]","[""Mogul Productions""]","[""https://www.mogulproductions.com/post/transformation-nation-migrating-stars-to-mogul/""]",medium,yes
467799-13,Deeper (Wireless Communications Equipment),deeper.network,protocol_or_network,yes,"[""DPR""]","[""DPR""]","[""https://coinmarketcap.com/currencies/deeper-network/""]",high,no
467803-36,Onomy (Financial Software),onomy.io,protocol_or_network,yes,"[""NOM""]","[""NOM Token""]","[""https://docs.onomy.io/nom-native-coin-of-onomy/the-nom-token""]",high,no
467804-17,Impermax,impermax.finance,protocol_or_network,yes,"[""IBEX""]","[""Impermax""]","[""https://www.impermax.finance/ibex""]",high,no
467826-49,Parallel (Financial Services),parallel.fi,protocol_or_network,yes,"[""PRL""]","[""Parallel Governance Token""]","[""https://docs.parallel.best/governance/parallel-governance-token-prl""]",high,no
467873-11,Aimedis,aimedis.com,dapp_or_product,yes,"[""AIMX""]","[""Aimedis Token""]","[""https://coinmarketcap.com/currencies/aimedis-new/""]",medium,no
467874-73,AqarChain,aqarchain.io,dapp_or_product,yes,"[""AQR""]","[""AQR""]","[""https://coinmarketcap.com/currencies/aqar-chain/""]",medium,yes
467875-81,Bitay,bitay.com.tr,exchange_or_broker,yes,"[""BITAY""]","[""BITAY Coin""]","[""https://static.bitay.com.tr/bitaycoin/bitay-litepaper_2.pdf""]",high,no
467879-14,Vulcan Forged,vulcanforged.com,gaming_or_nft,yes,"[""PYR"", ""ELY"", ""LAVA""]","[""PYR"", ""ELY"", ""LAVA""]","[""https://tokens.vulcanforged.com/"", ""https://docs.vulcanforged.com/what-is-lava""]",high,no
467879-95,DeFiPie,defipie.com,protocol_or_network,yes,"[""PIE""]","[""DeFiPie token""]","[""https://defipie.com/token""]",high,no
467888-05,UX Chain,app.ux.xyz,protocol_or_network,yes,"[""UX""]","[""UX""]","[""https://www.forbes.com/digital-assets/assets/ux-chain-ux/""]",high,no
467892-46,Rangers Protocol,rangersprotocol.com,protocol_or_network,yes,"[""RPG""]","[""RPG""]","[""https://rangersprotocol.gitbook.io/rangersprotocol""]",high,no
467907-94,Xverse,xverse.ai,gaming_or_nft,yes,"[""XVC""]","[""Xverse""]","[""https://coinmarketcap.com/currencies/xverse/""]",high,no
467911-27,ClayStack,claystack.com,protocol_or_network,yes,"[""CLAY""]","[""CLAY""]","[""https://docs.claystack.com/governance/claytoken""]",high,no
467922-97,Guild of Guardians,guildofguardians.com,gaming_or_nft,yes,"[""GOG""]","[""GOG""]","[""https://portal.guildofguardians.com/gog-tokens""]",high,no
467926-93,Neon Labs,neon-labs.org,protocol_or_network,yes,"[""NEON""]","[""NEON""]","[""https://docs.neonevm.org/docs/tokens/neon_token/""]",high,no
467931-52,Velas (Switzerland),velas.com,protocol_or_network,yes,"[""VLX""]","[""VLX""]","[""https://docs.velas.com/integrations/exchange/""]",high,no
467939-08,Dtravel,dtravel.com,dapp_or_product,yes,"[""TRVL""]","[""TRVL""]","[""https://www.dtravel.com/token""]",high,no
467944-12,Solv (Financial Services),solv.finance,protocol_or_network,yes,"[""SOLV""]","[""SOLV Token""]","[""https://docs.solv.finance/solv-token/solv-tokenomics""]",high,no
467971-48,SubDAO,subdao.network,protocol_or_network,yes,"[""GOV""]","[""GOV""]","[""https://wiki.subdao.network/introduction/token""]",high,no
467976-88,Vana,vana.org,protocol_or_network,yes,"[""VANA""]","[""VANA""]","[""https://docs.vana.org/network/vana-token""]",high,no
467978-23,Tornado (Financial Software),tornadocash.eth.link,protocol_or_network,yes,"[""TORN""]","[""Tornado Cash""]","[""https://github.com/tornadocash/docs/blob/en/general/torn.md""]",medium,no
467981-11,B.Protocol,bprotocol.org,protocol_or_network,yes,"[""BPRO""]","[""BPRO""]","[""https://docs.bprotocol.org/technical-documentation/smart-contracts/bpro-token""]",high,no
468005-59,Polkarare,polkarare.com,dapp_or_product,yes,"[""PRARE""]","[""PRARE""]","[""https://coinmarketcap.com/currencies/polkarare/""]",high,no
468018-73,Laguna Games,lagunalabs.co,gaming_or_nft,yes,"[""OLY""]","[""OLY""]","[""https://mint.lagunalabs.co/NEO_Litepaper.pdf""]",high,no
468024-67,Aleph Cloud,aleph.cloud,infrastructure_or_data,yes,"[""ALEPH""]","[""ALEPH""]","[""https://www.aleph.cloud/aleph-token""]",high,no
468031-33,Paladin (Financial Software),paladin.vote,protocol_or_network,yes,"[""PAL""]","[""Paladin Token""]","[""https://docs.paladin.vote/deployed-contracts/mainnet""]",high,no
468040-06,Syndicate,syndicate.io,protocol_or_network,yes,"[""SYND""]","[""SYND""]","[""https://docs.syndicate.io/en/docs/synd/basic-information""]",high,no
468891-37,Integritee,integritee.network,protocol_or_network,yes,"[""TEER""]","[""TEER""]","[""https://www.integritee.network/teer-token""]",high,no
468891-46,0xNodes,0xnodes.io,protocol_or_network,yes,"[""BIOS""]","[""BIOS""]","[""https://0xnodes.io/assets/documents/LITEPAPER.pdf""]",high,no
468983-26,UniArts,uniarts.network,dapp_or_product,yes,"[""UART""]","[""UniArts""]","[""https://coinmarketcap.com/currencies/uniarts/""]",high,no
469063-36,Tokamak Network,tokamak.network,protocol_or_network,yes,"[""TON""]","[""TON""]","[""https://docs.tokamak.network/home/information/get-ton""]",high,no
469109-35,Jet Protocol,jetprotocol.io,protocol_or_network,yes,"[""JET""]","[""JET""]","[""https://coinmarketcap.com/currencies/jet-protocol/""]",high,no
469116-82,FarmaTrust,farmatrust.com,security_or_compliance,yes,"[""FTT""]","[""FarmaTrust""]","[""https://coinmarketcap.com/currencies/farmatrust/""]",high,no
469158-49,Meson Network,meson.network,protocol_or_network,yes,"[""MSN""]","[""MSN""]","[""https://www.coingecko.com/en/coins/meson-network""]",high,no
469186-93,RubiX (Financial Software),rubix.net,protocol_or_network,yes,"[""RBT""]","[""Rubix""]","[""https://rubix.net/wp-content/uploads/2025/04/RubiX_WhitePaper.pdf""]",high,no
469281-52,Iagon,iagon.com,infrastructure_or_data,yes,"[""IAG""]","[""IAG""]","[""https://blog.iagon.com/iag-token-utility-model/""]",high,no
469282-15,World,world.org,protocol_or_network,yes,"[""WLD""]","[""WLD""]","[""https://world.org/worldcoin-token""]",high,no
469333-54,TrustBase,trustbase.network,protocol_or_network,yes,"[""TBE""]","[""TBE""]","[""https://coinmarketcap.com/currencies/trustbase/""]",high,no
469337-23,MXC Foundation,mchain.ai,protocol_or_network,yes,"[""MCH""]","[""MCH""]","[""https://docs.mchain.ai/resources/addresses/""]",medium,no
469338-04,OVER,overthereality.ai,dapp_or_product,yes,"[""OVR""]","[""OVR""]","[""https://www.coingecko.com/en/coins/ovr""]",high,no
469378-63,Charli3,charli3.io,infrastructure_or_data,yes,"[""C3""]","[""Charli3""]","[""https://charli3.io/token""]",high,no
469389-97,Coin98,coin98.com,wallet_or_custody,yes,"[""C98""]","[""Coin98""]","[""https://docs.coin98.com/products/coin98-token""]",high,no
469519-84,Tranchess,tranchess.com,protocol_or_network,yes,"[""CHESS"", ""QUEEN"", ""BISHOP"", ""ROOK""]","[""CHESS"", ""QUEEN"", ""BISHOP"", ""ROOK""]","[""https://docs.tranchess.com/faq/chess"", ""https://docs.tranchess.com/whitepaper""]",high,no
469542-79,SOV,sfb-tech.com,protocol_or_network,yes,"[""SOV""]","[""SOV""]","[""https://sfb-tech.com/""]",high,no
469553-95,Superfluid,superfluid.org,protocol_or_network,yes,"[""SUP""]","[""Superfluid""]","[""https://superfluid.org/post/introducing-sup-the-superfluid-token/""]",high,no
469561-96,Human Protocol,humanprotocol.org,protocol_or_network,yes,"[""HMT""]","[""HMT""]","[""https://humanprotocol.org/hmt-token""]",high,no
469562-14,Venue.One,venue.one,protocol_or_network,yes,"[""VENO""]","[""VENO""]","[""https://docs.venue.one/faq""]",high,no
469584-64,Pylons,pylons.tech,protocol_or_network,yes,"[""ROCK""]","[""Bedrock""]","[""https://www.pylons.tech/home/""]",high,no
469600-75,StarryNift,starrynift.art,gaming_or_nft,yes,"[""SNIFT""]","[""SNIFT""]","[""https://docs.starrynift.art/tokenomics""]",high,no
469605-70,Concensum,concensum.org,dapp_or_product,yes,"[""CEN""]","[""Concensum""]","[""https://coinmarketcap.com/currencies/concensum/""]",high,no
469633-60,RocketX (Financial Software),rocketx.exchange,protocol_or_network,yes,"[""RVF""]","[""RocketX""]","[""https://www.rocketx.exchange/blog/rocketx-mission-to-maximise-value/""]",high,no
469634-50,Synthetify,synthetify.io,protocol_or_network,yes,"[""SNY""]","[""Synthetify""]","[""https://coinmarketcap.com/currencies/synthetify/""]",high,no
469635-04,MODA DAO,moda.audio,protocol_or_network,yes,"[""MODA""]","[""MODA""]","[""https://coinmarketcap.com/currencies/moda-dao/""]",high,no
469676-44,Chintai,chintai.io,protocol_or_network,yes,"[""CHEX""]","[""CHEX""]","[""https://chintainexus.com/chex""]",high,no
469747-63,Synapse Network,synapse.network,protocol_or_network,yes,"[""ZKSNP""]","[""Synapse Network""]","[""https://synapse.network/about-us""]",medium,no
469783-45,CityCoins,citycoins.co,protocol_or_network,yes,"[""MIA"", ""NYC""]","[""MiamiCoin"", ""NewYorkCityCoin""]","[""https://docs.citycoins.co/core-protocol/token-configuration""]",high,no
469789-39,fidentiaX,fidentiax.com,dapp_or_product,yes,"[""FDX""]","[""FidentiaX""]","[""https://coinmarketcap.com/currencies/fidentiax/""]",high,no
469868-86,Palm NFT Studio,palmnftstudio.com,gaming_or_nft,yes,"[""PALM""]","[""Palm""]","[""https://thirdweb.com/palm""]",low,no
469875-61,ZeroOne (Financial Software),01.finance,protocol_or_network,yes,"[""ZO""]","[""ZeroOne""]","[""https://www.coincarp.com/currencies/zeroone/""]",high,no
469890-64,RedStone (Baar),redstone.finance,protocol_or_network,yes,"[""RED""]","[""RED""]","[""https://blog.redstone.finance/2025/02/12/introducing-red-tokenomics/""]",high,no
469946-26,Holograph,holograph.xyz,protocol_or_network,yes,"[""HLG""]","[""Holograph""]","[""https://coinmarketcap.com/currencies/holograph/""]",high,no
469950-85,MiL.k Alliance,milkalliance.io,protocol_or_network,yes,"[""MLK"", ""LZM""]","[""Milk Coin"", ""LoungeM""]","[""https://www.coingecko.com/en/coins/milk-alliance"", ""https://coinmarketcap.com/currencies/milk-alliance-lzm/""]",high,no
469977-58,Envelop,envelop.is,protocol_or_network,yes,"[""NIFTSY""]","[""Envelop""]","[""https://coinmarketcap.com/currencies/envelop/""]",high,no
469978-39,Nutbox,nutbox.io,protocol_or_network,yes,"[""NUT""]","[""NUT""]","[""https://docs.nutbox.io/white_paper/applications.html""]",high,no
469981-45,Vee Finance,vee.finance,protocol_or_network,yes,"[""VEE""]","[""VEE""]","[""https://docs.vee.finance/governance/tokenomics""]",high,no
469991-53,Lumera (Financial Services),lumera.io,protocol_or_network,yes,"[""LUME""]","[""LUME""]","[""https://lumera.io/lume-tokenomics-explained-distribution-vesting-and-long-term-value/""]",high,no
470004-22,Interlay,interlay.io,protocol_or_network,yes,"[""INTR""]","[""INTR""]","[""https://coinmarketcap.com/currencies/interlay-intr/""]",high,no
470017-45,OpenLeverage,openleverage.finance,protocol_or_network,yes,"[""OLE"", ""xOLE""]","[""OLE"", ""xOLE""]","[""https://docs.openleverage.finance/main/ole-token-v2/token-info"", ""https://docs.openleverage.finance/main/rewards/staking-and-xole""]",high,no
470052-64,Parasset,parasset.top,protocol_or_network,yes,"[""ASET""]","[""ASET""]","[""https://coinmarketcap.com/currencies/parasset/""]",high,no
470053-45,Coinversation,coinversation.io,protocol_or_network,yes,"[""CTO""]","[""Coinversation""]","[""https://coinmarketcap.com/currencies/coinversation/""]",high,no
470068-21,Idavoll,idavoll.network,protocol_or_network,yes,"[""IDV""]","[""IDV""]","[""https://coinmarketcap.com/currencies/idavoll-network/""]",high,no
470069-56,Sukhavati,sukhavati.io,infrastructure_or_data,yes,"[""SKT""]","[""Sukhavati Network Token""]","[""https://etherscan.io/token/0x012e0e6342308b247f36ee500ecb14dc77a7a8c1""]",high,no
470431-18,Symmetry (Financial Software),symmetry.fi,protocol_or_network,yes,"[""SMF""]","[""SMF""]","[""https://coinmarketcap.com/currencies/symmetry/""]",medium,no
470442-88,DePay,depay.com,dapp_or_product,yes,"[""DEPAY""]","[""DePay""]","[""https://depay.com/token""]",high,no
470488-24,Gasp,gasp.xyz,protocol_or_network,yes,"[""GASP""]","[""Gasp Token""]","[""https://docs.gasp.xyz/the-gasp-token""]",high,no
470505-07,Pyth Network,pyth.network,protocol_or_network,yes,"[""PYTH""]","[""PYTH""]","[""https://docs.pyth.network/pyth-token""]",high,no
470525-68,4K,4k.com,protocol_or_network,yes,"[""4K""]","[""4K Token""]","[""https://4k.com/""]",high,no
470539-00,Flurry Finance,flurry.finance,protocol_or_network,yes,"[""FLURRY""]","[""FLURRY""]","[""https://docs.flurry.finance/flurry-finance/governance/usdflurry-governance-token""]",high,no
470572-30,Kelvin Virtual Private Network,kelvpn.com,infrastructure_or_data,yes,"[""KEL""]","[""KelVPN""]","[""https://kelvpn.com/about-token""]",high,no
470572-75,Freeway (Financial Software),freeway.io,dapp_or_product,yes,"[""FWT""]","[""Freeway Token""]","[""https://coinmarketcap.com/currencies/freeway-token/""]",high,no
470573-20,AuditChain,auditchain.com,protocol_or_network,yes,"[""AUDT""]","[""Auditchain""]","[""https://coinmarketcap.com/currencies/auditchain/""]",high,no
470574-82,SelfKey,selfkey.org,wallet_or_custody,yes,"[""SFI""]","[""Singularity Finance""]","[""https://docs.singularityfinance.ai/tokenomics-and-utility/token-utility""]",medium,no
470590-39,Cellframe,cellframe.net,protocol_or_network,yes,"[""CELL""]","[""CELL""]","[""https://cellframe.net/faq/""]",high,no
470597-77,Nebula AI,nebula-ai.com,infrastructure_or_data,yes,"[""NAI""]","[""Nebula AI""]","[""https://docs.nebulanetwork.ai/overview/usdnai""]",high,no
470613-16,Roxe,roxe.io,protocol_or_network,yes,"[""ROC""]","[""Roxe Cash""]","[""https://coinmarketcap.com/currencies/roxe-cash/""]",high,no
470614-87,The World Marketplace,safex.market,dapp_or_product,yes,"[""SFX"", ""SFT""]","[""Safex Cash"", ""Safex Token""]","[""https://safex.live/"", ""https://www.coinbase.com/en-ca/price/safex-token""]",high,no
470658-61,Modernizing Park Chain,mpark.cc,protocol_or_network,yes,"[""MPC""]","[""Modernizing Park Chain""]","[""https://coinpaprika.com/coin/mpc-modernizing-park-chain/""]",medium,no
470706-22,Swopblock,swopblock.org,protocol_or_network,yes,"[""SWOBL""]","[""Swopblock""]","[""https://www.swopblock.com/about""]",high,no
470721-25,Metaplex Foundation,metaplex.com,protocol_or_network,yes,"[""MPLX""]","[""Metaplex""]","[""https://www.coingecko.com/en/coins/metaplex""]",high,no
470742-58,Derive (Financial Software),derive.xyz,protocol_or_network,yes,"[""DRV""]","[""DRV""]","[""https://docs.derive.xyz/docs/token""]",high,no
470743-21,RealToken,realt.co,dapp_or_product,yes,"[""REG""]","[""RealToken Ecosystem Governance""]","[""https://www.coingecko.com/en/coins/realtoken-ecosystem-governance""]",high,no
470752-66,Sign,sign.global,infrastructure_or_data,yes,"[""SIGN""]","[""Sign""]","[""https://sign.global/sign""]",high,no
470788-75,Saber,app.saber.so,protocol_or_network,yes,"[""SBR""]","[""Saber""]","[""https://www.coingecko.com/en/coins/saber""]",high,no
470821-78,DEIP,deip.world,protocol_or_network,yes,"[""DEIP""]","[""DEIP token""]","[""https://coinmarketcap.com/currencies/deip-protocol/""]",high,no
470847-43,Supra,supra.com,protocol_or_network,yes,"[""SUPRA""]","[""Supra""]","[""https://www.coingecko.com/en/coins/supra""]",high,no
470875-96,Thales,thalesmarket.io,protocol_or_network,yes,"[""THALES""]","[""THALES""]","[""https://docs.thalesmarket.io/thales-token/thales-tokenomics""]",high,no
470882-53,Secured Finance,secured.finance,protocol_or_network,yes,"[""USDFC""]","[""USDFC""]","[""https://docs.secured.finance/usdfc-stablecoin/overview""]",high,no
470979-73,DEGO,dego.finance,protocol_or_network,yes,"[""DEGO""]","[""Dego Finance""]","[""https://www.coingecko.com/en/coins/dego-finance""]",high,no
470988-73,Ares Protocol,aresprotocol.com,protocol_or_network,yes,"[""ARES""]","[""Ares Protocol""]","[""https://www.aresprotocol.com/""]",high,no
471089-26,OBORTECH,obortech.io,infrastructure_or_data,yes,"[""OBOT""]","[""Obortech""]","[""https://coinmarketcap.com/currencies/obortech/""]",high,no
471093-94,Subsocial,subsocial.network,protocol_or_network,yes,"[""SUB""]","[""Subsocial""]","[""https://coinmarketcap.com/currencies/subsocial/""]",high,no
471104-29,ShdwDrive,shdwdrive.com,infrastructure_or_data,yes,"[""SHDW""]","[""Shadow Token""]","[""https://coinmarketcap.com/currencies/genesysgo-shadow/""]",medium,no
471151-90,Galxe,galxe.com,dapp_or_product,yes,"[""G""]","[""G""]","[""https://docs.gravity.xyz/tokens/g-token""]",high,no
471166-57,Neuron,neuron.world,infrastructure_or_data,yes,"[""NRN""]","[""NRN""]","[""https://www.neuron.world/""]",medium,no
471234-34,PAD (Financial Software),pad.fi,dapp_or_product,yes,"[""PAD""]","[""PAD""]","[""https://aurora.dev/tokens/pad""]",high,no
471277-63,Picipo,picipo.io,gaming_or_nft,yes,"[""PICIPO""]","[""PICIPO""]","[""https://coinmarketcap.com/currencies/picipo/""]",medium,no
471308-59,Eczodex,eczodex.com,protocol_or_network,yes,"[""USDE""]","[""Eczodex USD CDP Stablecoin""]","[""https://sepolia.etherscan.io/token/0x3d2f8ad00ba8aeb3836ace404071da042cc604c6""]",medium,no
471436-84,Vera (Financial Services),vera.financial,protocol_or_network,yes,"[""VERA""]","[""VERA""]","[""https://docs.vera.financial/faq/tokenmetrics""]",high,no
471463-03,ReSource Credit,docs.resource.finance,protocol_or_network,yes,"[""SOURCE""]","[""ReSource Protocol""]","[""https://www.coingecko.com/en/coins/resource-protocol""]",high,no
471491-11,Eloncity,eloncity.io,protocol_or_network,yes,"[""ELONS""]","[""ElonCity Token""]","[""https://coinpaprika.com/coin/elons-eloncity-token/""]",medium,yes
471512-44,Exactly,exact.ly,protocol_or_network,yes,"[""EXA""]","[""Exactly Protocol""]","[""https://coinmarketcap.com/currencies/exactly-protocol/""]",high,no
471556-81,Float Protocol,floatprotocol.com,protocol_or_network,yes,"[""FLOAT"", ""BANK""]","[""FLOAT"", ""BANK""]","[""https://coincodex.com/crypto/float-protocol-float/"", ""https://cryptoslate.com/coins/float-protocol/""]",medium,no
471562-48,Bankroll.,bankroll.network,protocol_or_network,yes,"[""BNKR"", ""BNKRX""]","[""Bankroll Network"", ""BankrX""]","[""https://coinmarketcap.com/currencies/bankroll-network/"", ""https://bankroll.network/bnkrx.html""]",high,no
471566-08,Marnotaur,marnotaur.com,protocol_or_network,yes,"[""TAUR""]","[""Marnotaur""]","[""https://coinmarketcap.com/currencies/marnotaur/""]",high,no
471595-78,Maison Reserve,maisonreserve.com,dapp_or_product,yes,"[""MAISON""]","[""MAISON""]","[""https://www.maisonreserve.com/""]",medium,no
471640-24,Volatility Protocol,volatility.com,protocol_or_network,yes,"[""VOL""]","[""Volatility Protocol Token""]","[""https://coinmarketcap.com/currencies/volatility-protocol-token/""]",medium,yes
471640-96,Pera Labs (Financial Services),pera.finance,protocol_or_network,yes,"[""PERA""]","[""PERA""]","[""https://coinmarketcap.com/currencies/pera-finance/""]",medium,no
471656-71,Mint Club,mint.club,protocol_or_network,yes,"[""MT""]","[""Mint Token""]","[""https://coinmarketcap.com/currencies/mint-token/""]",high,no
471670-21,Highstreet (Financial Software),highstreet.market,gaming_or_nft,yes,"[""HIGH"", ""STREET""]","[""Highstreet"", ""Street""]","[""https://www.highstreet.market/token-distribution"", ""https://coinmarketcap.com/currencies/highstreet/""]",high,no
471707-20,Helmet.Insure,helmet.insure,protocol_or_network,yes,"[""HELMET""]","[""HELMET""]","[""https://helmet-insure.gitbook.io/helmet/token/helmet-token""]",high,no
471732-67,DragonBite,dragonbite.sg,dapp_or_product,yes,"[""BITE""]","[""DragonBite""]","[""https://coinmarketcap.com/currencies/dragonbite/""]",medium,no
471791-80,DeFi Land,defiland.app,gaming_or_nft,yes,"[""DFL""]","[""DeFi Land token""]","[""https://docs.defiland.app/dfl-token/defi-land-token-dfl""]",high,no
471793-06,Plutos Network,plutos.network,protocol_or_network,yes,"[""PLUT""]","[""Plutos Network""]","[""https://coinmarketcap.com/currencies/plutos-network/""]",low,yes
471807-64,KYVE,kyve.network,protocol_or_network,yes,"[""KYVE""]","[""KYVE""]","[""https://docs.kyve.network/""]",high,no
471826-36,Warp Finance,warp.finance,dapp_or_product,yes,"[""WARP""]","[""Warp Finance""]","[""https://coinmarketcap.com/currencies/warp-finance/""]",high,no
471828-97,Alpaca Finance,alpacafinance.org,protocol_or_network,yes,"[""ALPACA""]","[""ALPACA""]","[""https://docs.alpacafinance.org/tokenomics/alpaca-tokens""]",high,no
471843-82,ClearDAO,cleardao.com,protocol_or_network,yes,"[""CLH""]","[""CLH""]","[""https://faq.cleardao.com/getting-started/cleardao-token""]",high,no
471950-74,G.U.Group,gu-group.com,infrastructure_or_data,yes,"[""JOC""]","[""JOC Coin""]","[""https://www.japanopenchain.org/en/docs/gas-token/transaction-fee-token/""]",high,no
472092-49,Hats Finance,hats.finance,security_or_compliance,yes,"[""HAT""]","[""HAT""]","[""https://hats.finance/tge""]",high,no
472173-40,Ulti Arena,ultiarena.com,gaming_or_nft,yes,"[""ULTI""]","[""ULTI""]","[""https://coinmarketcap.com/currencies/ulti-arena/""]",medium,no
472182-85,ThreeFold (IT Consulting and Outsourcing),threefold.io,protocol_or_network,yes,"[""TFT""]","[""ThreeFold Token""]","[""https://manual.threefold.io/labs/documentation/threefold_token/""]",high,no
472186-45,UniqueOne Network,unique.one,protocol_or_network,yes,"[""UNET""]","[""UniqueOne Network""]","[""https://gov.ref.finance/t/whitelisting-uniqueone-network-unet/769""]",medium,no
472189-24,Mars Ecosystem,marsecosystem.com,protocol_or_network,yes,"[""XMS""]","[""Mars Ecosystem Token""]","[""https://docs.marsecosystem.com/whitepaper/mars-ecosystem-token""]",high,no
472208-05,Evrynet,evrynet.io,protocol_or_network,yes,"[""EVRY""]","[""Evrynet""]","[""https://evrynet.io/""]",high,no
472224-97,Ballast Finance,ballast.finance,protocol_or_network,yes,"[""BLST"", ""BALFI""]","[""Ballast Token""]","[""https://coindiscovery.app/coin/ballast-community-dao/overview"", ""https://bitcointalk.org/index.php?topic=5384414.0""]",low,yes
472260-07,IXS (Financial Software),ixs.finance,infrastructure_or_data,yes,"[""IXS""]","[""IXS""]","[""https://www.ixs.finance/for-individuals/ixs-token""]",high,no
472286-17,UXD Protocol,uxd.fi,protocol_or_network,yes,"[""UXP""]","[""UXD Protocol""]","[""https://docs.uxd.fi/uxdprotocol/overview/governance-token-uxp""]",high,no
472290-22,Cyber,cyber.co,protocol_or_network,yes,"[""CYBER""]","[""CYBER""]","[""https://docs.cyber.co/""]",high,no
472327-66,StackOS,stackos.io,protocol_or_network,yes,"[""STACK""]","[""StackOS Token""]","[""https://docs.stackos.io/stackos-docs/tokens/add-usdstack-to-metamask""]",high,no
472349-62,Zenlink,zenlink.pro,protocol_or_network,yes,"[""ZLK""]","[""ZLK""]","[""https://coinmarketcap.com/currencies/zenlink/""]",high,no
472351-33,Lien Finance,lien.finance,protocol_or_network,yes,"[""LIEN""]","[""Lien Token""]","[""https://coinmarketcap.com/currencies/lien/""]",medium,no
472374-19,Myriad.Social,myriad.social,protocol_or_network,yes,"[""MYRIA""]","[""Myriad Social""]","[""https://coinmarketcap.com/currencies/myriad-social/""]",high,no
472375-18,MEXC,mexc.com,exchange_or_broker,yes,"[""MX""]","[""MX Token""]","[""https://www.mexc.com/tokens/MX""]",high,no
472385-71,VaultCraft,app.vaultcraft.io,protocol_or_network,yes,"[""VCX""]","[""VaultCraft""]","[""https://docs.vaultcraft.io/tokenomics/vcx/vcx""]",high,no
472428-37,deBridge Finance,debridge.finance,protocol_or_network,yes,"[""DBR""]","[""DBR""]","[""https://debridge.finance/learn/blog/debridge-introduces-dbr/""]",high,no
472452-49,MRHB,mrhb.network,protocol_or_network,yes,"[""MRHB""]","[""MRHB""]","[""https://wp.mrhb.network/governance/""]",high,no
472506-13,Oort (Financial Software),oortech.com,infrastructure_or_data,yes,"[""OORT""]","[""OORT""]","[""https://docs.oortech.com/oort/about-oort/tokenomics""]",high,no
472516-75,Bright Union,brightunion.io,protocol_or_network,yes,"[""BRIGHT""]","[""Bright Union""]","[""https://docs.brightunion.io/how-to-guide/buy-bright""]",high,no
472577-32,Alephium,alephium.org,protocol_or_network,yes,"[""ALPH""]","[""ALPH""]","[""https://alephium.org/news/post/alephium-tokenomics-61d59b51029c/""]",high,no
481220-65,DeSpace Protocol,despace.io,protocol_or_network,yes,"[""DES""]","[""DES coin""]","[""https://despace.io/""]",high,no
481364-02,Minterest,minterest.com,protocol_or_network,yes,"[""MINTY""]","[""MINTY""]","[""https://docs.minterest.com/minterest-faq/minterest-minty""]",high,no
481395-34,LayerZero,layerzero.network,protocol_or_network,yes,"[""ZRO""]","[""ZRO""]","[""https://info.layerzero.foundation/introducing-zro-d39df554a9b7""]",high,no
481455-01,Structure,structure.fi,protocol_or_network,yes,"[""STF""]","[""STF""]","[""https://coinmarketcap.com/currencies/structure-finance/""]",high,no
481455-19,Vader,vaderprotocol.io,protocol_or_network,yes,"[""VADER"", ""USDV""]","[""VADER"", ""USDV""]","[""https://docs.vaderprotocol.io/whitepaper/abstract/vader-token"", ""https://docs.vaderprotocol.io/vader-protocol/what-is-vader-protocol""]",high,no
481458-07,Huddle01,huddle01.com,protocol_or_network,yes,"[""HUDL""]","[""HUDL""]","[""https://huddle01.com/media-node/documentation/huddle01-token/hudl""]",high,no
481483-00,Papyrus Network,papyrus.network,protocol_or_network,yes,"[""PPR""]","[""Papyrus""]","[""https://papyrus-network.readthedocs.io/en/latest/doc/network_architecture.html""]",high,no
481519-90,Taker Labs,taker.xyz,protocol_or_network,yes,"[""TAKER""]","[""TAKER""]","[""https://docs.taker.xyz/taker/taker-protocol/taker-chain/overview""]",high,no
481532-50,Fuel Labs,fuel.network,protocol_or_network,yes,"[""FUEL""]","[""Fuel Network""]","[""https://docs.fuel.network/docs/fuel-token-overview/""]",high,no
481543-48,Portal to Bitcoin,portaltobitcoin.com,protocol_or_network,yes,"[""PTB""]","[""Portal To Bitcoin""]","[""https://coinmarketcap.com/currencies/portaltobitcoin/""]",high,no
481654-36,CompliFi,docs.compli.fi,protocol_or_network,yes,"[""COMFI""]","[""COMFI""]","[""https://docs.compli.fi/community/comfi-token""]",high,no
481665-70,Grape Protocol,grapes.network,protocol_or_network,yes,"[""GRAPE""]","[""GRAPE""]","[""https://docs.grapes.network/grape-network/tokenomics-and-treasury/tokenomics""]",high,no
481671-82,Sarcophagus,app.sarcophagus.io,protocol_or_network,yes,"[""SARCO""]","[""SARCO""]","[""https://sarcophagus.io/assets/pdf/LITEPAPER_V0.3.pdf""]",high,no
481796-02,Point Network,pointnetwork.io,protocol_or_network,yes,"[""POINT""]","[""POINT Token""]","[""https://docs.pointnetwork.io/docs/point-token""]",high,no
481864-42,Angle (Financial Software),angle.money,protocol_or_network,yes,"[""ANGLE"", ""EURA"", ""USDA""]","[""ANGLE governance token"", ""EURA stablecoin"", ""USDA stablecoin""]","[""https://docs.angle.money/governance/angle-token"", ""https://docs.angle.money/overview/stablecoins""]",high,no
481901-32,Xriba,xriba.com,protocol_or_network,yes,"[""XRA""]","[""Xriba Token""]","[""https://coinmarketcap.com/currencies/xriba/""]",medium,no
481944-88,5ire,5ire.webflow.io,protocol_or_network,yes,"[""5IRE""]","[""5ire""]","[""https://coinmarketcap.com/currencies/5ire/""]",high,no
481952-53,Layer3,layer3.xyz,protocol_or_network,yes,"[""L3""]","[""Layer3""]","[""https://docs.layer3foundation.org/governance""]",high,no
481960-54,Kokoa Finance,kokoa.finance,protocol_or_network,yes,"[""KSD"", ""KOKOA""]","[""KSD stablecoin"", ""KOKOA governance token""]","[""https://docs.kokoa.finance/"", ""https://coinmarketcap.com/currencies/kokoa-finance/""]",high,no
481981-15,Polystarter,polystarter.com,dapp_or_product,yes,"[""POLR""]","[""PolyStarter""]","[""https://coinmarketcap.com/currencies/polystarter/""]",medium,yes
481986-10,Rarimo,rarimo.com,infrastructure_or_data,yes,"[""RMO""]","[""RMO""]","[""https://docs.rarimo.com/resources/glossary/""]",high,no
481990-60,Forta Network,forta.org,protocol_or_network,yes,"[""FORT""]","[""FORT Token""]","[""https://www.forta.org/fort""]",high,no
482092-48,Spectra,spectra.finance,protocol_or_network,yes,"[""SPECTRA""]","[""Spectra""]","[""https://docs.spectra.finance/tokenomics/spectra""]",high,no
482109-58,Openfabric (Business/Productivity Software),openfabric.ai,protocol_or_network,yes,"[""OFN""]","[""Openfabric""]","[""https://docs.openfabric.ai/token/utility/""]",high,no
482111-74,Juggernaut,jgndefi.com,protocol_or_network,yes,"[""JGN""]","[""Juggernaut""]","[""https://coinmarketcap.com/currencies/juggernaut/""]",high,no
482283-19,XLD,x-network.io,exchange_or_broker,yes,"[""X"", ""XUSD""]","[""X Token"", ""XUSD""]","[""https://docs.x-network.io/x-docs/x-tokenomics"", ""https://docs.x-network.io/x-docs/x-ecosystem/xusd-native-stablecoin-of-x-network""]",high,no
482334-31,t3rn,t3rn.io,protocol_or_network,yes,"[""TRN""]","[""TRN""]","[""https://www.t3rn.io/blog/tokenomics""]",high,no
482334-67,Mel Systems,melproject.org,protocol_or_network,yes,"[""MEL"", ""SYM""]","[""MEL"", ""SYM""]","[""https://ancient-docs.melproject.org/basic-concepts/05-tokenomics/""]",high,no
482468-41,Soldex,soldex.ai,exchange_or_broker,yes,"[""SOLX""]","[""Soldex""]","[""https://coinmarketcap.com/currencies/soldex/""]",high,no
482500-54,DotOracle,dotoracle.network,protocol_or_network,yes,"[""DTO""]","[""DotOracle""]","[""https://coinmarketcap.com/currencies/dotoracle/""]",high,no
482500-72,GameStarter,gamestarter.com,gaming_or_nft,yes,"[""GAME""]","[""GAME""]","[""https://docs.gamestarter.com/token-economy/tokenomics""]",high,no
482506-84,Staax,staaxapp.com,dapp_or_product,yes,"[""STAX""]","[""STAX Token""]","[""https://staxtoken.io/""]",high,no
482517-82,FutureCoin,e-futurecoin.com,exchange_or_broker,yes,"[""FUTURE""]","[""FutureCoin""]","[""https://coinmarketcap.com/currencies/futurecoin/""]",high,no
482518-54,InfinityPad,infinitypad.com,protocol_or_network,yes,"[""INFP""]","[""InfinityPad""]","[""https://coinmarketcap.com/currencies/infinitypad/""]",high,no
482533-30,THINK Agents,thinkagents.ai,protocol_or_network,yes,"[""THINK""]","[""THINK Token""]","[""https://docs.thinkagents.ai/tokens-and-governance/think-token-and-governance""]",high,no
482547-16,Aurora (Software Development Applications),aurora.dev,protocol_or_network,yes,"[""AURORA""]","[""AURORA""]","[""https://doc.aurora.dev/getting-started/tokenomics/""]",high,no
482547-52,Bittensor,bittensor.com,protocol_or_network,yes,"[""TAO""]","[""Bittensor""]","[""https://docs.learnbittensor.org/concepts/tokenomics/tao""]",high,no
482594-86,Canza Finance,canza.io,protocol_or_network,yes,"[""CAN""]","[""CAN""]","[""https://coinmarketcap.com/currencies/canza-finance/""]",high,no
482622-94,Olympus DAO,olympusdao.finance,protocol_or_network,yes,"[""OHM""]","[""OHM""]","[""https://coinmarketcap.com/currencies/olympus/""]",high,no
482648-23,Obol Labs,obol.org,protocol_or_network,yes,"[""OBOL""]","[""OBOL Token""]","[""https://legacy-docs.obol.org/gov/governance/obol-token""]",high,no
482660-92,Taksh,taksh.xyz,dapp_or_product,yes,"[""TAKSH""]","[""TAKSH""]","[""https://sourcehat.com/audits/TakshAvalanche/""]",medium,no
482673-97,Omni Network,nomina.io,protocol_or_network,yes,"[""NOM""]","[""Nomina""]","[""https://coinmarketcap.com/currencies/nomina/""]",high,no
482717-26,Meld (Financial Software),meld.com,protocol_or_network,yes,"[""MELD""]","[""MELD""]","[""https://coinmarketcap.com/currencies/meld/""]",medium,no
482723-02,Gaia EverWorld,gaiaworld.com,gaming_or_nft,yes,"[""GAIA""]","[""GAIA Everworld""]","[""https://coinmarketcap.com/currencies/gaia-everworld/""]",high,no
483060-43,Over Protocol,over.network,protocol_or_network,yes,"[""OVER""]","[""OVER""]","[""https://www.coingecko.com/en/coins/overprotocol""]",high,no
483066-64,Polarise,polarise.org,protocol_or_network,yes,"[""RISE""]","[""RISE""]","[""https://docs.polarise.org/welcome-to-polarise/get-started-on-polarise""]",high,no
483087-79,Bitcar,bitcar.io,dapp_or_product,yes,"[""BITCAR""]","[""Bitcar""]","[""https://coinmarketcap.com/currencies/bitcar/""]",high,no
483096-16,Ubiquity DAO,ubq.fi,protocol_or_network,yes,"[""uAD"", ""UBQ"", ""uCR""]","[""Ubiquity Dollar"", ""UBQ"", ""uCR""]","[""https://dao.ubq.fi/token-list-v1""]",high,no
483176-35,Beam Interface,onbeam.com,protocol_or_network,yes,"[""BEAM""]","[""BEAM""]","[""https://docs.onbeam.com/token""]",high,no
483187-78,DeNet,denet.pro,protocol_or_network,yes,"[""DE"", ""TBY""]","[""DE"", ""TBY""]","[""https://docs.denet.pro/de.html"", ""https://docs.denet.pro/tby.html""]",high,no
483217-39,BSCStation,bscs.finance,protocol_or_network,yes,"[""BSCS""]","[""BSCS""]","[""https://www.coingecko.com/en/coins/bscs""]",high,no
483252-76,ChainVerse,chainverse.org,gaming_or_nft,yes,"[""SCREE""]","[""Screehavin""]","[""https://coinmarketcap.com/currencies/screehavin/""]",medium,yes
483279-49,DeFi Devs,defidevs.io,infrastructure_or_data,yes,"[""ACME"", ""WACME""]","[""ACME"", ""Wrapped Accumulate""]","[""https://accumulatenetwork.io/learn/"", ""https://docs.accumulatenetwork.io/accumulate/tutorials/bridge/how-to-use-the-accumulate-ethereum-bridge""]",high,no
483294-43,Ex Populus,expopulus.com,gaming_or_nft,yes,"[""XAI"", ""esXAI""]","[""Xai"", ""esXAI""]","[""https://xai-foundation.gitbook.io/xai-network/about-xai/xai-introduction/xai-token"", ""https://xai-foundation.gitbook.io/xai-network/about-xai/xai-tokenomics/esxai-tokens-utility-and-purpose""]",high,no
483331-87,Friends With Benefits,fwb.help,dapp_or_product,yes,"[""FWB""]","[""FWB""]","[""https://coinmarketcap.com/currencies/friends-with-benefits-pro/""]",high,no
483366-97,Beta (Financial Software),betafinance.org,protocol_or_network,yes,"[""BETA""]","[""Beta Finance""]","[""https://www.betafinance.org/BetaWhitepaperAndDisclaimer.pdf""]",high,no
483403-87,MDEX (Financial Software),mdex.com,exchange_or_broker,yes,"[""MDX""]","[""Mdex""]","[""https://coinmarketcap.com/currencies/mdex/""]",high,yes
483439-96,Vena Network,vena.network,protocol_or_network,yes,"[""VENA""]","[""Vena Network""]","[""https://coinmarketcap.com/currencies/vena/""]",low,yes
483460-93,Hawksight Global,hawkfi.ag,dapp_or_product,yes,"[""HAWK""]","[""Hawksight""]","[""https://www.coingecko.com/en/coins/hawksight""]",high,no
483461-56,Fluidity (Financial Software),fluidity.money,protocol_or_network,yes,"[""FLY""]","[""Fluidity""]","[""https://blog.fluidity.money/introducing-the-fluidity-governance-token-fly-0992cfbf921e""]",high,no
483485-32,Resonance Labs.,raster.finance,dapp_or_product,yes,"[""PING""]","[""PING""]","[""https://www.sonarplatform.io/""]",medium,yes
483489-28,SecondLive,secondlive.world,gaming_or_nft,yes,"[""LIVE"", ""Bean""]","[""SecondLive Token"", ""Bean""]","[""https://docs.secondlive.world/help-center/faq/what-is-live"", ""https://docs.secondlive.world/secondlive-en/tokenomics/tokenomics""]",high,no
483504-31,PL^Gnet,plugdefi.io,protocol_or_network,yes,"[""PLUG""]","[""PL^Gnet""]","[""https://www.coingecko.com/en/coins/plgnet""]",high,no
483538-24,Faraway,faraway.com,gaming_or_nft,yes,"[""RIFT""]","[""Rift AI""]","[""https://faq.faraway.com/fchain-ecosystem/token-utility""]",high,no
483546-34,Botto,botto.com,dapp_or_product,yes,"[""BOTTO""]","[""Botto""]","[""https://docs.botto.com/overview/getting-botto-tokens""]",high,no
483593-86,Block Vision Holding,8pay.network,protocol_or_network,yes,"[""8PAY""]","[""8Pay""]","[""https://docs.8pay.network/""]",high,no
483599-62,Genius Yield,geniusyield.co,protocol_or_network,yes,"[""GENS""]","[""Genius Yield""]","[""https://docs.geniusyield.co/gens-token/genius-token-gens""]",high,no
483720-76,MS Token,mstoken.art,dapp_or_product,yes,"[""MS""]","[""MS Token""]","[""https://mstoken.art/""]",low,yes
483720-94,Trace Network Labs,trace.network,gaming_or_nft,yes,"[""TRACE""]","[""Trace Network Labs""]","[""https://coinmarketcap.com/currencies/trace-network-labs/""]",high,no
483721-03,World Mobile,worldmobile.io,protocol_or_network,yes,"[""WMTx""]","[""World Mobile Token""]","[""https://faq.worldmobiletoken.com/docs/introduction/faq/what-is-world-mobile-token""]",high,no
483721-75,Prasaga,prasaga.com,protocol_or_network,yes,"[""PSC"", ""wPSC""]","[""SagaCoin"", ""wrapped SagaCoin""]","[""https://prasaga-official.medium.com/sagacoin-launches-dlmm-on-meteora-access-begins-august-5-8e983ff26b21""]",medium,no
483722-29,Decubate,decubate.com,dapp_or_product,yes,"[""DCB""]","[""Decubate""]","[""https://www.coingecko.com/en/coins/decubate""]",high,no
483722-74,Port Finance,port.finance,protocol_or_network,yes,"[""PORT""]","[""Port Finance""]","[""https://docs.port.finance/""]",high,no
483723-01,Alkimi,alkimi.org,protocol_or_network,yes,"[""ALKIMI""]","[""ALKIMI""]","[""https://docs.alkimi.org/docs/tokenomics""]",high,no
483723-28,Represent ( Social/Platform Software)),representdao.com,protocol_or_network,yes,"[""RPT""]","[""Represent""]","[""https://www.representdao.com/""]",high,no
483724-63,Polygen,polygen.io,protocol_or_network,yes,"[""PGEN""]","[""Polygen""]","[""https://www.coingecko.com/en/coins/polygen""]",high,no
483725-26,MatrixETF,matrixetf.finance,dapp_or_product,yes,"[""MDF""]","[""MDF""]","[""https://matrixetf.finance/""]",high,no
483725-53,The Mera,mera.defiwarrior.io,gaming_or_nft,yes,"[""FIWA""]","[""FIWA""]","[""https://defiwarrior.io/""]",medium,yes
483741-28,Zentry,zentry.com,gaming_or_nft,yes,"[""ZENT""]","[""Zentry""]","[""https://zentry.com/""]",high,no
483762-34,Green Beli,greenbeli.io,gaming_or_nft,yes,"[""GRBE"", ""GFRUIT"", ""GMETA""]","[""GRBE"", ""GFRUIT"", ""GMETA""]","[""https://greenbeli.gitbook.io/green-beli/the-grbe-token/the-grbe-token"", ""https://greenbeli.gitbook.io/green-beli/green-metaverse""]",high,no
483763-33,Project TXA,txa.app,infrastructure_or_data,yes,"[""TXA""]","[""TXA""]","[""https://coinmarketcap.com/currencies/project-txa/""]",high,no
483765-40,Definity (Financial Software),definitymarkets.com,exchange_or_broker,yes,"[""DEFX""]","[""DeFinity""]","[""https://www.coingecko.com/en/coins/definity""]",high,no
483780-43,SQD,sqd.ai,infrastructure_or_data,yes,"[""SQD""]","[""SQD""]","[""https://coinmarketcap.com/currencies/subsquid/""]",high,no
483798-16,Zebec Network,zebec.io,protocol_or_network,yes,"[""ZBCN""]","[""Zebec Network""]","[""https://www.coingecko.com/en/coins/zebec-network""]",high,no
483811-66,SupremeX Lending,sxc.fi,protocol_or_network,yes,"[""SXC"", ""XAI""]","[""SupremeX Coin"", ""XAI""]","[""https://coinmarketcap.com/currencies/supremex/"", ""https://whitepaper.supremex.io/Whitepaper.pdf""]",medium,no
483843-43,Dragon Kart,dragonkart.com,gaming_or_nft,yes,"[""KART""]","[""KART""]","[""https://coinmarketcap.com/currencies/dragon-kart/""]",high,no
483875-11,Multichain,multichain.org,protocol_or_network,yes,"[""MULTI""]","[""Multichain""]","[""https://coinmarketcap.com/currencies/multichain/""]",high,no
483879-97,Aurory,aurory.io,gaming_or_nft,yes,"[""AURY""]","[""AURY""]","[""https://docs.aurory.io/aurory-whitepaper/economy/usdaury""]",high,no
483886-45,Coinweb Labs,coinweblabs.io,protocol_or_network,yes,"[""CWEB""]","[""Coinweb""]","[""https://coinweb.io/cweb-token/""]",high,no
483894-01,ALEXGO,alexlab.co,protocol_or_network,yes,"[""ALEX""]","[""ALEX Lab""]","[""https://www.coingecko.com/en/coins/alex-lab""]",high,no
483900-04,Ratio Finance,ratio.finance,protocol_or_network,yes,"[""RATIO""]","[""Ratio Finance""]","[""https://coinmarketcap.com/currencies/ratio-finance/""]",high,no
483900-40,The Three Kingdoms,ttk.gg,gaming_or_nft,yes,"[""TTK""]","[""The Three Kingdoms""]","[""https://coinmarketcap.com/currencies/the-three-kingdoms/""]",high,no
483913-90,AI Arena,aiarena.io,gaming_or_nft,yes,"[""NRN""]","[""Neuron""]","[""https://www.aiarena.io/tokenomics""]",high,no
483915-07,Osmosis Labs,osmosis.zone,protocol_or_network,yes,"[""OSMO""]","[""OSMO""]","[""https://docs.osmosis.zone/learn/osmo""]",high,no
483919-57,Drift Protocol,drift.trade,exchange_or_broker,yes,"[""DRIFT""]","[""Drift Protocol""]","[""https://www.coingecko.com/en/coins/drift-protocol""]",high,no
483943-24,Glitter Finance,glitterfinance.org,protocol_or_network,yes,"[""XGLI""]","[""Glitter Finance""]","[""https://coinmarketcap.com/currencies/glitter-finance/""]",high,no
483975-19,InvArch,invarch.network,protocol_or_network,yes,"[""VARCH""]","[""VARCH""]","[""https://invarch.medium.com/the-invarch-token-economy-an-overview-cc1b1ff0724c""]",high,no
483985-18,Gobbl,gobbl.ai,gaming_or_nft,yes,"[""ORARE""]","[""ORARE""]","[""https://coinmarketcap.com/currencies/onerare/""]",high,no
484019-02,Stackswap,app.stackswap.org,protocol_or_network,yes,"[""STSW""]","[""STSW""]","[""https://docs.stackswap.org/the-project/tokenomics""]",high,no
484022-71,Pocket Arena,pocketarena.com,gaming_or_nft,yes,"[""POC""]","[""POC""]","[""https://whitepaper.pocketarena.com/white-paper/what_is_pocket_arena/d.-poc-token""]",high,no
484083-64,The KMON Company,kryptomon.co,gaming_or_nft,yes,"[""KMON""]","[""KmonCoin""]","[""https://www.kryptomon.co/token""]",high,no
484129-36,Kima Finance,kima.finance,protocol_or_network,yes,"[""KIMA""]","[""KIMA""]","[""https://www.kima.network/kima""]",high,no
484129-45,Pendulum (Financial Software),pendulumchain.org,protocol_or_network,yes,"[""PEN""]","[""PEN""]","[""https://www.pendulumchain.org/pen-tokens""]",high,no
484141-33,Bemil,bemil.io,gaming_or_nft,yes,"[""BEM""]","[""BEMIL Coin""]","[""https://bemil.io/pitchdeck.pdf""]",high,no
484141-78,Ecio ( Entertainment Software,ecio.space,gaming_or_nft,yes,"[""ECIO""]","[""ECIO""]","[""https://ecio-space.gitbook.io/ecio-white-paper/assets/tokenomics/usdecio""]",high,no
484141-87,Fabwelt Studios,fabwelt.com,gaming_or_nft,yes,"[""WELT""]","[""WELT""]","[""https://www.fabwelt.com/public/Fabwelt-tokenomics.pdf""]",high,no
484142-05,Hero Arena,heroarena.app,gaming_or_nft,yes,"[""HERA"", ""HEGEM""]","[""HERA"", ""HEGEM""]","[""https://docs.heroarena.app/document/economy/tokenomic"", ""https://docs.heroarena.app/document/economy/hero-arena-gem""]",high,no
484145-02,Defactor,defactor.com,protocol_or_network,yes,"[""REAL""]","[""REAL""]","[""https://www.defactor.com/real""]",high,no
484155-82,Polemos,forge.polemos.io,infrastructure_or_data,yes,"[""PLMS""]","[""PLMS""]","[""https://about.polemos.io/about-polemos/""]",high,no
484161-76,Zodium,whitepaper.zodium.io,gaming_or_nft,yes,"[""ZODI"", ""CHARIS""]","[""ZODI"", ""CHARIS""]","[""https://coinmarketcap.com/currencies/zodium/"", ""https://medium.com/@zodium/adjustment-of-decimal-place-in-charis-token-f7b5a04c8625""]",high,no
484163-38,XP.Network,xp.network,protocol_or_network,yes,"[""XPNET""]","[""XP.network""]","[""https://docs.xp.network/docs/Whitepaper2.0/xp-tokenomics/""]",high,no
484164-64,Faraland,faraland.io,gaming_or_nft,yes,"[""FARA""]","[""Fara Token""]","[""https://blog.faraland.io/2021/09/04/fara-token-how-to-use/""]",high,no
484193-44,C3 (Financial Software),c3.io,protocol_or_network,yes,"[""C3""]","[""C3""]","[""https://c3.io/""]",medium,yes
484194-43,MetaSoccer,metasoccer.com,gaming_or_nft,yes,"[""MSU"", ""MSG"", ""TT""]","[""MSU"", ""MSG"", ""Training Tokens""]","[""https://coinmarketcap.com/currencies/metasoccer/"", ""https://whitepaper.metasoccer.com/Community-Tournaments-b32a2bcebd42487fbf1ec10d0b83abf0"", ""https://whitepaper.metasoccer.com/Player-s-Burning-00b7c255c217411da794af4ac13cae87?pvs=21""]",medium,yes
484200-91,Levana Protocol,levana.finance,protocol_or_network,yes,"[""LVN""]","[""LVN""]","[""https://docs.levana.finance/intro""]",medium,yes
484232-50,Duelist King,duelistking.com,gaming_or_nft,yes,"[""DKT""]","[""Duelist King""]","[""https://coinmarketcap.com/currencies/duelist-king/""]",high,no
484235-29,Mobland,mob.land,gaming_or_nft,yes,"[""SYNR"", ""sSYN""]","[""SYNR"", ""sSYN""]","[""https://coincodex.com/crypto/syn-city/"", ""https://tokeninsight.com/en/coins/syn-city/overview""]",medium,yes
484244-29,The Bondex Network,bondex.app,dapp_or_product,yes,"[""BDXN""]","[""BDXN""]","[""https://bondex.app/bdxn""]",high,no
484245-28,BlockchainSpace,blockchainspace.asia,infrastructure_or_data,yes,"[""GUILD""]","[""BlockchainSpace""]","[""https://www.blockchainspace.asia/tokenomics""]",high,no
484247-89,Symbiosis,symbiosis.finance,protocol_or_network,yes,"[""SIS"", ""veSIS""]","[""SIS"", ""veSIS""]","[""https://docs.symbiosis.finance/main-concepts/symbiosis-sis-token"", ""https://docs.symbiosis.finance/reward-programs/vesis""]",high,no
484308-73,Talecraft,talecraft.io,gaming_or_nft,yes,"[""CRAFT""]","[""Philosopher's Stone""]","[""https://coinmarketcap.com/currencies/talecraft/""]",high,no
484375-24,MINE Network,mine.network,protocol_or_network,yes,"[""MNET""]","[""MNET""]","[""https://coinmarketcap.com/currencies/mine-network/""]",medium,yes
484387-84,Metagame Arena,metagame-arena.io,gaming_or_nft,yes,"[""META"", ""vMETA"", ""MST""]","[""META"", ""vMETA"", ""MST""]","[""https://docs.metaarena.world/english/tokens""]",high,no
484387-93,Seeded Network,seeded.network,protocol_or_network,yes,"[""SEEDED""]","[""SEEDED""]","[""https://seeded.network/docs/whitepaper.pdf""]",high,no
484388-20,Solice,solice.io,gaming_or_nft,yes,"[""SLC""]","[""SLC""]","[""https://docs.solice.io/""]",high,no
484388-47,Aspo World,aspo.world,gaming_or_nft,yes,"[""ASPO"", ""GASPO""]","[""ASPO Shards"", ""GASPO""]","[""https://docs.aspo.world/details/aspo-shards"", ""https://docs.aspo.world/details/faq""]",high,no
484388-65,TryHards,tryhards.io,gaming_or_nft,yes,"[""TRY""]","[""TRY""]","[""https://tryhards.io/tokenomics/""]",high,no
484389-55,Elemon,whitepaper.elemon.io,gaming_or_nft,yes,"[""ELMON""]","[""ELMON""]","[""https://whitepaper.elemon.io/elemon-token/tokenomics""]",high,no
484389-82,Primex,app.primex.finance,protocol_or_network,yes,"[""PMX""]","[""PMX""]","[""https://primex.finance/""]",high,no
484390-27,Ertha,ertha.io,gaming_or_nft,yes,"[""ERTHA""]","[""ERTHA""]","[""https://ertha.io/""]",high,no
484390-54,Dark Frontiers,darkfrontiers.com,gaming_or_nft,yes,"[""DARK""]","[""DARK""]","[""https://www.darkfrontiers.com/economy""]",high,no
484395-58,KingSpeed,kingspeed.io,gaming_or_nft,yes,"[""KSC""]","[""KSC""]","[""https://kingspeed.io/""]",high,no
484405-21,Unicly,unic.ly,protocol_or_network,yes,"[""UNIC""]","[""UNIC""]","[""https://unic.ly/""]",medium,yes
484415-02,Victoria VR,victoriavr.com,gaming_or_nft,yes,"[""VR""]","[""VR""]","[""https://www.victoriavr.com/news/unveiling-tokenomics-c75efe8b""]",high,no
484416-19,xHashtag,xhashtag.ai,protocol_or_network,yes,"[""XTAG""]","[""XTAG""]","[""https://docs.xhashtag.io/the-basics/usdxtag-token-utility""]",medium,yes
484444-99,Mean,meanfi.com,protocol_or_network,yes,"[""MEAN"", ""sMEAN""]","[""MEAN"", ""sMEAN""]","[""https://docs.meanfi.com/community/gov-token-mean"", ""https://docs.meanfi.com/community/staked-mean-smean""]",high,no
484470-01,4EVERLAND,4everland.org,infrastructure_or_data,yes,"[""4EVER"", ""LAND""]","[""4EVERLAND"", ""LAND""]","[""https://www.coingecko.com/en/coins/4everland"", ""https://docs.4everland.org/get-started/tokenomics""]",high,no
484486-21,Matrix One,matrix.one,protocol_or_network,yes,"[""MATRIX""]","[""MATRIX""]","[""https://docs.matrix.one/economics/usdmatrix""]",high,no
484497-01,SuperStable,superstable.finance,protocol_or_network,yes,"[""SB""]","[""SB""]","[""https://coinmarketcap.com/currencies/superbonds/""]",medium,yes
484517-62,Handl (Other Financial Services),handlpay.com,dapp_or_product,yes,"[""HANDL""]","[""HANDL""]","[""https://www.handlpay.com/token""]",high,no
484517-71,NuLink (Network Management Software),nulink.org,protocol_or_network,yes,"[""NLK""]","[""NLK""]","[""https://docs.nulink.org/products/overview""]",high,no
484532-20,Monaco Planet,monaconft.io,dapp_or_product,yes,"[""MONA""]","[""MONA""]","[""https://monaconft.io/""]",medium,yes
484536-79,Slinky Network,slinkylayer.ai,protocol_or_network,yes,"[""SLINKY""]","[""SLINKY""]","[""https://slinkylayer.ai/""]",medium,yes
484536-88,CropBytes,cropbytes.com,gaming_or_nft,yes,"[""CBX""]","[""CBX""]","[""https://cropbytes.com/""]",high,no
484537-78,Hcash,h.cash,protocol_or_network,yes,"[""HC"", ""HX""]","[""HyperCash token"", ""HyperExchange token""]","[""https://coinmarketcap.com/currencies/hypercash/"", ""https://coinmarketcap.com/currencies/hyperexchange/""]",high,no
484543-72,AXIS DeFi,axisdefi.com,protocol_or_network,yes,"[""AXIS""]","[""AXIS""]","[""https://coinmarketcap.com/currencies/axis-defi/""]",high,no
484543-99,Qitcoin,qitchain.net,protocol_or_network,yes,"[""QTC""]","[""Qitcoin""]","[""https://coinmarketcap.com/currencies/qitchain-network/""]",high,no
484545-43,2CrazyNFT,2crazynft.com,gaming_or_nft,yes,"[""2CRZ""]","[""2CRZ""]","[""https://2crazynft.com/""]",high,no
484546-33,Saakuru,saakuru.com,protocol_or_network,yes,"[""SKR""]","[""SKR""]","[""https://source.saakuru.com/saakuru-source/saakuru-skr-token""]",high,no
484550-20,Ava Protocol,avaprotocol.org,protocol_or_network,yes,"[""AP""]","[""AP""]","[""https://avaprotocol.org/""]",high,no
484574-86,Dot Finance,dot.finance,protocol_or_network,yes,"[""PINK""]","[""PINK""]","[""https://docs.dot.finance/pink-token/overview""]",high,no
484577-29,Wellfield Technologies,wellfield.io,dapp_or_product,yes,"[""wGLD""]","[""wGLD""]","[""https://wellfield.io/""]",high,no
484585-12,Lit Protocol,litprotocol.com,infrastructure_or_data,yes,"[""LITKEY""]","[""Lit Protocol""]","[""https://spark.litprotocol.com/introducing-litkey/""]",low,yes
484591-06,MetaVisa,metavisa.com,protocol_or_network,yes,"[""MESA""]","[""MESA""]","[""https://metavisa.com/""]",high,no
484611-67,Swan Chain,swanchain.io,infrastructure_or_data,yes,"[""SWAN"", ""SWANU""]","[""SWAN"", ""SWANU""]","[""https://swanchain.io/"", ""https://docs.swanchain.io/bulders/tools/swan-console/getting-started""]",medium,yes
484614-46,Bitrue,bitrue.com,exchange_or_broker,yes,"[""BTR""]","[""BTR""]","[""https://support.bitrue.com/hc/en-001/articles/4404566128153-Bitrue-Coin-BTR-The-Lifeblood-of-Bitrue""]",high,no
484634-26,P00LS,p00ls.io,protocol_or_network,yes,"[""00""]","[""00""]","[""https://p00ls.io/whitepaper/00""]",high,no
484651-45,Froyo Games,froyogames.com,gaming_or_nft,yes,"[""FROYO""]","[""FROYO""]","[""https://docs.froyo.games/froyo-gamefi-1/tokenomics""]",high,no
484702-93,Mysten Labs,mystenlabs.com,protocol_or_network,yes,"[""SUI""]","[""SUI""]","[""https://www.sui.io/token-schedule""]",high,no
484710-67,99Starz,99starz.io,gaming_or_nft,yes,"[""STZ""]","[""STZ""]","[""https://lightpaper.99starz.io/stz-token""]",high,no
484714-45,Oh! Finance,oh.finance,protocol_or_network,yes,"[""OH""]","[""Oh! Finance Token""]","[""https://docs.oh.finance/protocol/oh-token""]",high,no
484741-54,Memolabs,memolabs.org,protocol_or_network,yes,"[""MEMO""]","[""MEMO""]","[""https://blog.memolabs.org/memo-token-economics-a91a9dcc7080/""]",high,no
484796-80,Bullet,bullet.xyz,protocol_or_network,yes,"[""BULLET""]","[""BULLET""]","[""https://docs.bullet.xyz/tokenomics/zex-token-migration""]",medium,yes
484885-81,Bridge Network,bridgenetwork.com,protocol_or_network,yes,"[""BRDG""]","[""BRDG""]","[""https://coinmarketcap.com/currencies/bridge-network/""]",high,no
489000-25,Ordict,ordict.com,protocol_or_network,yes,"[""ODIC""]","[""ODIC Token""]","[""https://ordict.gitbook.io/whitepaper/usdordict.runes.btc-token/token-utility""]",high,no
489027-52,Pollen (Financial Software),pollen.id,protocol_or_network,yes,"[""PLN"", ""vePLN""]","[""PLN"", ""vePLN""]","[""https://pollen.id/litepaper.pdf""]",high,no
489110-50,Moonray,moonray.game,gaming_or_nft,yes,"[""MNRY""]","[""MNRY""]","[""https://coinmarketcap.com/currencies/moonray/""]",high,no
489144-61,Apillon,apillon.io,infrastructure_or_data,yes,"[""NCTR""]","[""NCTR""]","[""https://wiki.apillon.io/about/8-nctr-token.html""]",high,no
489156-22,myMessage,mymessage.io,protocol_or_network,yes,"[""MESA""]","[""MESA""]","[""https://docs.mymessage.io/mymessage-litepaper/tokenomics""]",high,no
489197-44,CowBoy Snake,cowboysnake.com,gaming_or_nft,yes,"[""COWS"", ""RIM""]","[""COWS"", ""RIM""]","[""https://docs.cowboysnake.com/token-ecosystem/cowboy-snake-token-cows"", ""https://docs.cowboysnake.com/snake-rinium-token-rim""]",high,no
489206-80,SoMee Global,globalmanifest.app,dapp_or_product,yes,"[""SOMEE"", ""SAT""]","[""SOMEE"", ""SAT""]","[""https://coinmarketcap.com/currencies/somee-social/"", ""https://coinmarketcap.com/currencies/somee-advertising-token/""]",medium,no
489207-70,RKL,rumblekongleague.com,gaming_or_nft,yes,"[""FAME""]","[""FAME""]","[""https://docs.rumblekongleague.com/fame-token/network-overview""]",medium,yes
489214-27,AdaSwap,adaswap.com,exchange_or_broker,yes,"[""ASW""]","[""ASW""]","[""https://coinmarketcap.com/currencies/adaswap/""]",high,no
489256-39,Railgun,railgun.org,protocol_or_network,yes,"[""RAIL""]","[""RAIL""]","[""https://docs.railgun.org/wiki/rail-token/rail-token-overview""]",high,no
489258-01,Heroes & Empires,heroesempires.com,gaming_or_nft,yes,"[""HE""]","[""HE""]","[""https://coinmarketcap.com/currencies/heroes-and-empires/""]",low,yes
489258-82,Knight War,knightwar.io,gaming_or_nft,yes,"[""KWS""]","[""Knight War Spirit""]","[""https://coinmarketcap.com/currencies/knight-war/""]",high,no
489259-09,Era Protocol,eraprotocol.io,protocol_or_network,yes,"[""ERA"", ""xERA""]","[""ERA"", ""Era Protocol Escrowed Token""]","[""https://whitepaper.eraprotocol.io/"", ""https://whitepaper.eraprotocol.io/tokenomics/usdxera""]",high,no
489260-26,UPFI Network,upfi.network,protocol_or_network,yes,"[""UPFI"", ""UPS""]","[""UPFI"", ""UPS""]","[""https://docs.upfi.network/"", ""https://coinmarketcap.com/currencies/upfi-network/""]",high,no
489266-83,WingSwap,app.wingswap.io,protocol_or_network,yes,"[""WIS""]","[""WingSwap Token""]","[""https://coinmarketcap.com/currencies/wingswap/""]",medium,yes
489268-90,Gala Games,games.gala.com,gaming_or_nft,yes,"[""GALA"", ""MUSIC"", ""SILK"", ""MTRM""]","[""GALA"", ""MUSIC"", ""SILK"", ""MTRM""]","[""https://support.gala.com/hc/en-us/articles/22440779338267-What-is-GALA"", ""https://support.gala.com/hc/en-us/articles/22441210198683-Where-to-Get-MUSIC"", ""https://support.gala.com/hc/en-us/articles/22441107610011--SILK-Tokenomics"", ""https://support.gala.com/hc/en-us/articles/22440821123355-Where-to-Get-Materium-MTRM""]",high,no
489269-53,Hubble (Financial So ftware),hubbleprotocol.io,protocol_or_network,yes,"[""HBB"", ""USDH""]","[""HBB"", ""USDH""]","[""https://coinmarketcap.com/currencies/hubble-protocol/"", ""https://docs.hubbleprotocol.io/faq/usdh-stablecoin""]",high,no
489295-99,CNHC,cnhc.to,protocol_or_network,yes,"[""CNHC"", ""HKDC""]","[""CNHC"", ""HKDC""]","[""https://coinmarketcap.com/currencies/cnhc/"", ""https://www.coincarp.com/currencies/hkdc/""]",medium,yes
489318-58,Gear Technologies,gear-tech.io,protocol_or_network,yes,"[""VARA""]","[""VARA""]","[""https://wiki.vara.network/docs/vara-network/tokenomics""]",medium,no
489333-16,InFlux Technologies,runonflux.com,protocol_or_network,yes,"[""FLUX""]","[""Flux""]","[""https://www.coingecko.com/en/coins/flux-zelcash""]",high,no
489355-66,Dogami,dogami.com,gaming_or_nft,yes,"[""DOGA""]","[""DOGA""]","[""https://whitepaper.dogami.com/ecosystem-products/usddoga/usddoga-tokenomics""]",high,no
489430-99,BetaMars,betamars.io,gaming_or_nft,yes,"[""EP"", ""REVO""]","[""Elonpunk"", ""Revo""]","[""https://www.timesnewswire.com/pressrelease/metaverse-game-new-talent-betamars-open-ido-to-global-players-on-18th-april/"", ""https://medium.com/@CryptoProsCM/recap-ama-9f343ea195ae""]",medium,no
489446-83,Elfin Metaverse,elfinmetaverse.com,gaming_or_nft,yes,"[""ELFIN""]","[""ELFIN""]","[""https://coinmarketcap.com/currencies/elfin-kingdom/""]",high,no
489450-07,RSS3,rss3.io,protocol_or_network,yes,"[""RSS3""]","[""RSS3""]","[""https://www.coingecko.com/en/coins/rss3""]",high,no
489507-22,Talent Protocol,talentprotocol.com,protocol_or_network,yes,"[""TALENT""]","[""TALENT""]","[""https://www.talentprotocol.com/token""]",high,no
489529-72,Kudo Money,kudo.money,protocol_or_network,yes,"[""KDO""]","[""Kudo Token""]","[""https://kudo.money/""]",high,no
489540-70,Bitfinity Network,bitfinity.network,protocol_or_network,yes,"[""BTF""]","[""Bitfinity Token""]","[""https://bitfinity.network/start""]",high,no
489561-04,Cherry (Financial Services),cherry.network,protocol_or_network,yes,"[""CHER""]","[""Cherry Token""]","[""https://docs.cherry.network/the-basics/cherry-token""]",high,no
489563-83,Basilisk (Financial Software),bsx.fi,protocol_or_network,yes,"[""BSX""]","[""Basilisk""]","[""https://docs.bsx.fi/tokenomics/""]",high,no
489563-92,Kintsugi(kBTC),kintsugi.interlay.io,protocol_or_network,yes,"[""KINT"", ""kBTC""]","[""KINT"", ""kBTC""]","[""https://raw.githubusercontent.com/interlay/whitepapers/master/Kintsugi_Token_Economy.pdf"", ""https://docs.interlay.io/interbtc-api/""]",high,no
489566-26,Jito Labs,jito.wtf,mining_or_validator,yes,"[""JTO"", ""JitoSOL""]","[""Jito Governance Token"", ""JitoSOL""]","[""https://www.jito.network/docs/governance/the-jito-governance-token-jto/"", ""https://www.jito.network/docs/jitosol/liquid-staking-basics/""]",high,no
489580-12,EXIP,exip.live,protocol_or_network,yes,"[""EXIP""]","[""EXIP""]","[""https://coinmarketcap.com/currencies/exip/""]",high,no
489581-29,Impactmarket,impactmarket.com,protocol_or_network,yes,"[""PACT""]","[""PACT""]","[""https://docs.impactmarket.com/impactmarket-apps/3.-impactmarkets-protocol/pact-token""]",high,no
489581-38,Tradegen,tradegen.io,protocol_or_network,yes,"[""TGEN""]","[""TGEN""]","[""https://docs.tradegen.io/tradegen/token-info/introduction""]",high,no
489713-59,Solace (Insurance),solace.fi,protocol_or_network,yes,"[""SOLACE""]","[""SOLACE""]","[""https://coinmarketcap.com/currencies/solace/""]",medium,yes
489727-72,KwikTrust,kwiktrust.com,security_or_compliance,yes,"[""KTX""]","[""KTX""]","[""https://coinmarketcap.com/currencies/kwiktrust/""]",high,no
489741-49,OneArt Digital,oneart.digital,wallet_or_custody,yes,"[""1ART""]","[""OneArt""]","[""https://medium.com/art-wallet/artwallet-token-utility-and-token-sale-details-17c01a4acee6""]",high,no
489742-21,Diviner Protocol,diviner.finance,protocol_or_network,yes,"[""DPT""]","[""Diviner Protocol Token""]","[""https://coinmarketcap.com/currencies/diviner-protocol/""]",high,no
489742-39,Duckie Land,duckie.land,gaming_or_nft,yes,"[""MMETA"", ""WAFER""]","[""Duckie Land Multi Metaverse"", ""WAFER""]","[""https://whitepaper.duckie.land/governance-token-usdmmeta"", ""https://whitepaper.duckie.land/reward-token-usdwafer""]",high,no
489764-44,KardiaChain,kardiachain.io,protocol_or_network,yes,"[""KAI""]","[""KAI""]","[""https://docs.kardiachain.io/docs/tokenomics""]",high,no
489776-95,Neptune Mutual,neptunemutual.com,protocol_or_network,yes,"[""NPM""]","[""NPM""]","[""https://medium.com/neptune-mutual/spotlight-neptune-mutual-npm-tokens-653f9b848c07""]",high,no
489790-45,Ammbr,ammbr.com,protocol_or_network,yes,"[""AMR""]","[""AMMBR""]","[""https://bitmart.zendesk.com/hc/en-us/articles/1260801615030-Ammbr-AMR""]",high,no
489877-93,Lossless,lossless.io,protocol_or_network,yes,"[""LSS""]","[""Lossless Token""]","[""https://docs.lossless.io/protocol""]",high,no
489942-73,Itheum,itheum.io,protocol_or_network,yes,"[""ITHEUM""]","[""ITHEUM""]","[""https://www.itheum.io/token""]",high,no
489964-87,PleasrDAO,pleasr.org,dapp_or_product,yes,"[""PEEPS""]","[""PEEPS""]","[""https://etherscan.io/token/0xba962a81f78837751be8a177378d582f337084e6""]",medium,yes
489979-99,Carb0n.fi,carb0n.fi,protocol_or_network,yes,"[""ZRO""]","[""ZRO""]","[""https://coinmarketcap.com/currencies/carb0n-fi/""]",medium,yes
490010-68,Sonr,sonr.io,protocol_or_network,yes,"[""SNR""]","[""SNR""]","[""https://github.com/sonr-io/sonr/wiki/6.-Service-Management""]",high,no
490013-83,Banksea,banksea.finance,protocol_or_network,yes,"[""KSE""]","[""Banksea""]","[""https://coinmarketcap.com/currencies/banksea/""]",medium,no
490020-31,Bagels Finance,bagels.finance,protocol_or_network,yes,"[""BAGEL""]","[""BAGEL""]","[""https://bagelsofficial.gitbook.io/bagels-finance""]",high,no
490045-15,Bribe Protocol,bribe.xyz,protocol_or_network,yes,"[""BRIBE""]","[""BRIBE""]","[""https://coinmarketcap.com/currencies/bribe-protocol/""]",high,no
490046-59,Parrot (Financial Services),parrot.fi,protocol_or_network,yes,"[""PRT"", ""PAI""]","[""PRT"", ""PAI""]","[""https://gopartyparrot.medium.com/wen-the-parrot-ido-plan-fb79c45c43fa"", ""https://doc.parrot.fi/security/mainnet.html""]",high,no
490048-93,Clearpool,clearpool.finance,protocol_or_network,yes,"[""CPOOL""]","[""CPOOL""]","[""https://docs.clearpool.finance/clearpool/token/cpool""]",high,no
490050-46,Lewk (Business/Productivity Software),lewk.com,dapp_or_product,yes,"[""LEWK""]","[""LEWK""]","[""https://coinmarketcap.com/currencies/lewk-com/""]",high,no
490054-24,Elysia,elysia.land,protocol_or_network,yes,"[""EL""]","[""EL""]","[""https://docs.elysia.land/token/el""]",high,no
490064-14,Defi Kingdoms,defikingdoms.com,gaming_or_nft,yes,"[""JEWEL"", ""CRYSTAL"", ""JADE""]","[""JEWEL"", ""CRYSTAL"", ""JADE""]","[""https://docs.defikingdoms.com/how-defi-kingdoms-works/power-tokens/jewel-token"", ""https://docs.defikingdoms.com/how-defi-kingdoms-works/power-tokens/crystal-token"", ""https://docs.defikingdoms.com/how-defi-kingdoms-works/power-tokens/jade-token""]",high,no
490098-79,Zamio,zam.io,dapp_or_product,yes,"[""ZAM""]","[""ZAM Token""]","[""https://docs.zam.io/token-economics-zam/zam-token""]",high,no
490105-54,VLaunch,vlaunch.com,dapp_or_product,yes,"[""VPAD""]","[""VLaunch""]","[""https://vlaunch.gitbook.io/vlaunch-litepaper""]",high,no
490105-72,DcentraLab,dcentralab.com,infrastructure_or_data,yes,"[""2KEY""]","[""2KEY""]","[""https://medium.com/2key/announcing-2key-token-initial-listing-3ef01f1e6a77""]",medium,yes
490116-61,LooksRare,looksrare.org,gaming_or_nft,yes,"[""LOOKS""]","[""LOOKS""]","[""https://docs.looksrare.org/about/looks-tokenomics""]",high,no
490144-24,Orakuru,orakuru.io,protocol_or_network,yes,"[""ORK""]","[""ORK""]","[""https://coinmarketcap.com/currencies/orakuru/""]",high,no
490163-32,NFTrade,nftrade.com,gaming_or_nft,yes,"[""NFTD""]","[""NFTD""]","[""https://coinmarketcap.com/currencies/nftrade/""]",high,no
490164-04,Ekta,ekta.io,protocol_or_network,yes,"[""EKTA""]","[""EKTA""]","[""https://coinmarketcap.com/currencies/ekta/""]",high,no
490171-96,GemUni,gemuni.io,gaming_or_nft,yes,"[""GENI"", ""GENIX""]","[""GENI"", ""GENIX""]","[""https://coinmarketcap.com/currencies/gemuni/"", ""https://www.prnewswire.com/ru/press-releases/earn-lucrative-income-with-the-ultimate-gamefi-platform-gemuni-871617487.html""]",medium,yes
490185-64,Uncharted (Entertainment Software),uncharted.game,gaming_or_nft,yes,"[""U""]","[""Uncharted""]","[""https://www.coingecko.com/en/coins/uncharted""]",medium,no
490186-99,MeMusic,memusic.io,dapp_or_product,yes,"[""MMT"", ""STREAM""]","[""MMT"", ""STREAM""]","[""https://docs.memusic.io/memusic-token/token-utilities-usdmmt"", ""https://docs.memusic.io/stream-token/executive-overview""]",medium,yes
490205-89,Digital Entertainment Asset,dea.sg,gaming_or_nft,yes,"[""DEP""]","[""DEAPcoin""]","[""https://www.globenewswire.com/news-release/2023/01/05/2583338/0/en/DEA-Operator-of-PlayMining-GameFi-Platform-Launches-Continuous-Buyback-Program-for-its-DEP-Token-DEAPcoin.html""]",high,no
490217-23,Graviton Zero,gravitonzero.com,gaming_or_nft,yes,"[""GRAV""]","[""GRAV""]","[""https://www.mexc.co/nl-NL/announcements/article/initial-listing-mexc-kickstarter-vote-to-win-free-480-000-graviton-zero-grav-airdrops-4412572083737""]",high,no
490224-16,MyTVchain,mytvchain.com,gaming_or_nft,yes,"[""MYTV""]","[""MyTVchain""]","[""https://coinmarketcap.com/currencies/mytvchain/""]",high,no
490258-45,CarChain (Automotive),carchainnet.com,dapp_or_product,yes,"[""CarNC""]","[""CarChain Network Coin""]","[""https://carchainnet.com/""]",medium,no
490261-69,Ancient8,ancient8.gg,protocol_or_network,yes,"[""A8""]","[""Ancient8 Token""]","[""https://docs.ancient8.gg/ancient8-chain/overview-of-ancient8-chain/tokenomics""]",high,no
490281-31,Azuro (Financial Services),azuro.org,protocol_or_network,yes,"[""AZUR""]","[""Azuro Protocol""]","[""https://coinmarketcap.com/currencies/azuro-protocol/""]",high,no
490323-25,Folks Finance,folks.finance,protocol_or_network,yes,"[""FOLKS""]","[""FOLKS""]","[""https://docs.folks.finance/folks-token/folks""]",high,no
490343-68,Jambo,jambo.technology,dapp_or_product,yes,"[""J""]","[""Jambo""]","[""https://coinmarketcap.com/currencies/jambo/""]",high,no
490344-67,PIP,getpip.com,dapp_or_product,yes,"[""PIP""]","[""PIP""]","[""https://docs.getpip.com/getpip/tokenomics/pip-token""]",high,no
490352-77,Mavia (Entertainment Software),mavia.com,gaming_or_nft,yes,"[""MAVIA""]","[""MAVIA""]","[""https://coinmarketcap.com/currencies/heroes-of-mavia/""]",high,no
490362-13,Ink Finance,inkfinance.xyz,infrastructure_or_data,yes,"[""QUILL""]","[""Ink Finance""]","[""https://coinmarketcap.com/currencies/ink-finance/""]",medium,yes
490363-21,STEPN,stepn.com,dapp_or_product,yes,"[""GST"", ""GMT""]","[""Green Satoshi Token"", ""Green Metaverse Token""]","[""https://whitepaper.stepn.com/other-modules/tokenomic""]",high,no
490379-77,New Sin City,newsincity.io,gaming_or_nft,yes,"[""NSIN""]","[""New Sin City Token""]","[""https://coinpaprika.com/ko/coin/nsin-new-sin-city-token/""]",medium,no
49063-87,Together Labs,togetherlabs.com,gaming_or_nft,yes,"[""VCOIN""]","[""VCOIN""]","[""https://therealvcoin.com/new-home-page/""]",high,no
490684-69,Exotic Markets,exotic.markets,protocol_or_network,yes,"[""EXO""]","[""EXO""]","[""https://www.coingecko.com/en/coins/exotic-markets""]",high,no
490707-01,PWN,pwn.xyz,protocol_or_network,yes,"[""PWN""]","[""PWN""]","[""https://dev-docs.pwn.xyz/smart-contracts/pwn-dao/""]",high,no
490746-70,LogX (Financial Services),logx.network,protocol_or_network,yes,"[""LOGX""]","[""LOGX Token""]","[""https://logxtrade.substack.com/p/introducing-logx-logx-networks-utility""]",high,no
490826-80,The MonoPolist,themonopolist.io,gaming_or_nft,yes,"[""MONO"", ""MOB""]","[""MONO"", ""MOB""]","[""https://www.coingecko.com/en/coins/the-monopolist"", ""https://cryptorank.io/price/monopolist""]",medium,yes
490833-19,Alfprotocol,alfprotocol.com,protocol_or_network,yes,"[""ALF""]","[""Alfprotocol""]","[""https://coinmarketcap.com/currencies/alfprotocol/""]",high,no
490859-83,EYES Protocol,eyesprotocol.net,protocol_or_network,yes,"[""EYES""]","[""EYES""]","[""https://coinmarketcap.com/currencies/eyes-protocol/""]",high,no
490878-10,reBASE,rebase.gg,gaming_or_nft,yes,"[""REBL""]","[""REBL""]","[""https://rebase.gg/""]",high,no
490898-89,Save (Financial Services),save.finance,protocol_or_network,yes,"[""SLND""]","[""SLND""]","[""https://docs.save.finance/daotoken/token""]",high,no
490961-62,Bullieverse,bullieverse.com,gaming_or_nft,yes,"[""BULL""]","[""BULL""]","[""https://coinmarketcap.com/currencies/bullieverse/""]",high,no
491021-20,Fambam,fambam.com,dapp_or_product,yes,"[""CREW""]","[""CREW""]","[""https://www.coingecko.com/en/coins/crew-token""]",high,no
491024-08,Ajuna,ajuna.io,gaming_or_nft,yes,"[""AJUN"", ""BAJU""]","[""AJUN Token"", ""BAJU Token""]","[""https://wiki.ajuna.io/introducing-ajuna-and-bajun/the-ajuna-network/ajun-token/tokenomics"", ""https://wiki.ajuna.io/introducing-ajuna-and-bajun/the-bajun-network/baju-token/tokenomics""]",high,no
491031-19,Blockasset.,blockasset.co,gaming_or_nft,yes,"[""BLOCK""]","[""BLOCK""]","[""https://blockasset.gitbook.io/whitepaper/block-token/block-token-utility""]",high,no
491065-21,IronWeave,ironweave.io,infrastructure_or_data,yes,"[""ISE""]","[""IronWeave Secure Exchange""]","[""https://ironweave.io/whitepaper""]",medium,no
491075-02,NFT3,nft3.com,protocol_or_network,yes,"[""ISME""]","[""ISME""]","[""https://coinmarketcap.com/currencies/nft-3/""]",high,no
491094-55,Laconic (Software Development Applications),laconic.com,infrastructure_or_data,yes,"[""LNT""]","[""Laconic Network""]","[""https://www.coingecko.com/en/coins/laconic-network-token""]",medium,no
491096-08,De.Fi,de.fi,security_or_compliance,yes,"[""DEFI""]","[""DEFI""]","[""https://docs.de.fi/defi-ecosystem/defi-token""]",high,no
491122-18,Kyoko,kyoko.finance,protocol_or_network,yes,"[""KYOKO""]","[""KYOKO""]","[""https://docs.kyoko.finance/token/governance""]",high,no
491141-89,Shardeum,shardeum.org,protocol_or_network,yes,"[""SHM""]","[""Shardeum""]","[""https://shardeum.org/faq/shm-token/""]",high,no
491165-11,Werenode,werenode.com,infrastructure_or_data,yes,"[""WRC"", ""BWRC"", ""EWRC""]","[""Werecoin"", ""Binance Werecoin"", ""Ethereum Werecoin""]","[""https://werenode.com/cryptos/""]",high,no
491230-99,Book.io,book.io,media_or_education,yes,"[""STUFF""]","[""STUFF""]","[""https://book.io/stuff-token/""]",high,no
491241-61,Moonedge,moonedge.finance,dapp_or_product,yes,"[""MOONED""]","[""MoonEdge""]","[""https://www.coingecko.com/en/coins/moonedge""]",high,no
491246-47,Penumbra (Financial Software),penumbra.zone,protocol_or_network,yes,"[""UM""]","[""Penumbra""]","[""https://www.coingecko.com/en/coins/penumbra""]",high,no
491296-60,HashLand,hashland.com,protocol_or_network,yes,"[""HC""]","[""HashLand Coin""]","[""https://coinmarketcap.com/currencies/hashland/""]",high,no
491308-48,Peer (Social/Platform Software),peer.inc,protocol_or_network,yes,"[""PMC""]","[""Peer Metaverse Coin""]","[""https://www.prnewswire.com/news-releases/peer-inc-announces-main-network-launch-of-the-worlds-first-blockchain-dedicated-to-building-the-metaverse-301505139.html""]",high,no
491347-72,FlyCoin,flycoin.org,dapp_or_product,yes,"[""FLY""]","[""FLY""]","[""https://www.prnewswire.com/news-releases/travel-and-rewards-cryptocurrency-company-raises-over-33m-301477032.html""]",high,no
491404-78,Toucan,toucan.earth,protocol_or_network,yes,"[""CHAR"", ""NCT"", ""TCO2""]","[""CHAR"", ""NCT"", ""TCO2""]","[""https://blog.toucan.earth/onchain-climate-action-char/"", ""https://blog.toucan.earth/toucan-9-faqs/""]",high,no
491417-38,Ruby Protocol,ruby.xyz,protocol_or_network,yes,"[""RUBY""]","[""RUBY""]","[""https://wiki.ruby.xyz/getting-started/tokenomics""]",high,no
491423-68,Quoth,quoth.ai,protocol_or_network,yes,"[""QUOTH""]","[""Quoth""]","[""https://www.globenewswire.com/news-release/2022/02/09/2382222/0/en/Quoth-The-All-in-one-NFT-Authentication-Oracle-to-Innovate-the-NFT-Market.html""]",high,no
491471-65,DIMO (Business/Productivity Software),dimo.co,protocol_or_network,yes,"[""DIMO""]","[""DIMO""]","[""https://docs.dimo.org/explained/dimo-explained""]",high,no
491480-02,Fries Fund,fries.fund,protocol_or_network,yes,"[""FRIES"", ""KCHUP""]","[""FRIES"", ""KCHUP""]","[""https://friesdao.gitbook.io/friesdao-docs/logistics/fries-token"", ""https://news.bitcoin.com/a-project-called-fries-dao-raises-5-4-million-to-purchase-fast-food-restaurants/""]",medium,yes
491492-53,Sinverse,sinverse.com,gaming_or_nft,yes,"[""SIN""]","[""Sinverse""]","[""https://coinmarketcap.com/currencies/sincity-token/""]",high,no
491492-80,GameSwift,gameswift.io,protocol_or_network,yes,"[""GSWIFT"", ""STT""]","[""GSWIFT"", ""StarTerra Token""]","[""https://gswift.community/"", ""https://litepaper.gameswift.io/about-us/starterra""]",medium,yes
491559-76,Rmrk,rmrk.app,protocol_or_network,yes,"[""RMRK""]","[""RMRK""]","[""https://coinmarketcap.com/currencies/rmrk/""]",high,no
491656-87,SphereOne,sphereone.xyz,infrastructure_or_data,yes,"[""GRIFT""]","[""ORBIT""]","[""https://coinmarketcap.com/currencies/orbit-ai/""]",medium,no
491673-25,Maverick Protocol,mav.xyz,protocol_or_network,yes,"[""MAV""]","[""MAV""]","[""https://docs.mav.xyz/mav-token/mav-token-and-tokenomics""]",high,no
491700-34,Solid World,solid.world,protocol_or_network,yes,"[""CRISP-M"", ""CRISP-C""]","[""CRISP-M"", ""CRISP-C""]","[""https://docs.solid.world/protocol-and-governance/the-protocol/crisp-m-and-crisp-c-collateralized-basket-tokens-erc-20"", ""https://docs.solid.world/what-is-crisp-c""]",high,no
491705-83,Fusotao,fusotao.org,protocol_or_network,yes,"[""TAO""]","[""TAO""]","[""https://www.coingecko.com/en/coins/fusotao""]",high,no
491753-44,Qenta,qenta.com,service_provider,yes,"[""GCoin""]","[""Responsible Gold Coin""]","[""https://docs.gcoin.com/""]",high,no
491803-39,Morpho,morpho.org,protocol_or_network,yes,"[""MORPHO""]","[""Morpho""]","[""https://docs.morpho.org/learn/governance/morpho-token/""]",high,no
491810-05,Bloqs4Good,bloqs4good.com,protocol_or_network,yes,"[""APTA""]","[""APTA""]","[""https://thirdweb.com/4goodnetwork""]",low,yes
491821-03,Massa Labs,massa.net,protocol_or_network,yes,"[""MAS""]","[""Massa""]","[""https://www.coingecko.com/en/coins/massa""]",high,no
492640-12,Dmail Network,dmail.ai,protocol_or_network,yes,"[""DMAIL""]","[""DMAIL""]","[""https://dmailnetwork.gitbook.io/dmail-network/tokenomics/usddmail-tokenomics""]",high,no
492656-68,Mara Wallet,mara.xyz,wallet_or_custody,yes,"[""MARA""]","[""Mara""]","[""https://www.coincarp.com/currencies/mara/project-info/""]",medium,yes
492662-80,Cross The Ages,crosstheages.com,gaming_or_nft,yes,"[""CTA""]","[""CTA""]","[""https://whitepaper.crosstheages.com/whitepaper/en/economy/currencies/cta-token""]",high,no
492663-43,HireVibes,hirevibes.com,dapp_or_product,yes,"[""VIBES"", ""HVT""]","[""VIBES"", ""HVT""]","[""https://www.hirevibes.com/"", ""https://www.hirevibes.com/migrate""]",high,no
492666-22,Monsoon Finance,monsoon.finance,protocol_or_network,yes,"[""MCASH""]","[""Monsoon Finance""]","[""https://coinmarketcap.com/currencies/monsoon-finance/""]",medium,yes
492708-52,Atem (Financial Services),atem.io,protocol_or_network,yes,"[""ATEM""]","[""ATEM""]","[""https://www.atem.io/atem""]",high,no
492726-79,CitaDAO,citadao.io,protocol_or_network,yes,"[""KNIGHT""]","[""KNIGHT""]","[""https://docs.citadao.io/intro/tokens-on-citadao/citadao-tokenomics/citadao-tokenomics""]",high,no
492727-33,Desyn,desyn.io,protocol_or_network,yes,"[""DSN""]","[""DeSyn Protocol""]","[""https://coinpaprika.com/coin/dsn-desyn-protocol/""]",high,no
492728-77,Zecrey,zecrey.com,protocol_or_network,yes,"[""KOS""]","[""KOS""]","[""https://docs.kontos.io/explore-kontos/events/kontos-airdrop""]",high,no
492742-36,White Whale,whitewhale.money,protocol_or_network,yes,"[""WHALE""]","[""WHALE""]","[""https://coinmarketcap.com/currencies/white-whale/""]",high,no
492744-79,LINEUP Games,lineupgames.io,gaming_or_nft,yes,"[""LINEUP"", ""MBS""]","[""LINEUP"", ""MBS""]","[""https://www.unkjd.com/coin"", ""https://lineupgames.gitbook.io/lineupgames/game-economy/usdmbs-tokenomics""]",high,no
492745-42,Eizper Chain,eizperchain.com,gaming_or_nft,yes,"[""EIZ""]","[""EIZ""]","[""https://www.coincarp.com/currencies/eizper-chain/project-info/""]",medium,yes
492746-14,CFX Labs,cfxlabs.com,protocol_or_network,yes,"[""MOVEUSD""]","[""MoveUSD""]","[""https://coinmarketcap.com/currencies/movemoney-usd/""]",high,no
492765-40,Bitlumens,bitlumens.com,infrastructure_or_data,yes,"[""BLS""]","[""Bitlumens token""]","[""https://etherscan.io/token/0xf4e8d58b2d7df2b33a1875e405858278b1da6618""]",high,no
492783-94,Hectagon,hectagon.finance,protocol_or_network,yes,"[""HECTA""]","[""HECTA""]","[""https://coinmarketcap.com/currencies/hectagon/""]",high,no
492857-29,Sovrun,sovrun.org,gaming_or_nft,yes,"[""SOVRN""]","[""SOVRN""]","[""https://litepaper.sovrun.org/token-utility""]",high,no
492922-18,NoLimitCoin,nolimitcoin.org,gaming_or_nft,yes,"[""NLC""]","[""NoLimitCoin""]","[""https://nolimitcoin.org/""]",medium,yes
492923-62,LAPOYOMA,lapoyoma.com,dapp_or_product,yes,"[""YAM""]","[""YAM""]","[""https://coinvote.cc/coin/LAPOYOMA""]",medium,no
492956-92,Streeth,streeth.io,gaming_or_nft,yes,"[""STREETH""]","[""STREETH""]","[""https://streeth.io/whitepaper/""]",high,no
492958-09,Sophon,farm.sophon.xyz,protocol_or_network,yes,"[""SOPH""]","[""SOPH""]","[""https://docs.sophon.xyz/tokenomics/soph""]",high,no
492972-04,ArenaCast,arenacast.io,gaming_or_nft,yes,"[""GDC""]","[""Global Digital Content""]","[""https://www.coincarp.com/currencies/gdctoken/""]",medium,no
492978-61,Aptos Labs,aptoslabs.com,protocol_or_network,yes,"[""APT""]","[""APT""]","[""https://explorer.aptoslabs.com/fungible_asset/0x000000000000000000000000000000000000000000000000000000000000000a/info""]",high,no
493003-63,Hashstack Finance,hashstack.finance,protocol_or_network,yes,"[""HSTK""]","[""HSTK""]","[""https://token.hashstack.finance/tokenomics/""]",high,no
493013-17,Finschia,finschia.network,protocol_or_network,yes,"[""KAIA"", ""FNSA""]","[""Kaia"", ""Finschia""]","[""https://www.kaia.io/token"", ""https://coinmarketcap.com/currencies/finschia/""]",high,no
493051-69,Virtuals Protocol,virtuals.io,protocol_or_network,yes,"[""VIRTUAL""]","[""VIRTUAL""]","[""https://whitepaper.virtuals.io/about-virtuals-1/usdvirtual-tokenomics""]",high,no
493082-20,Foonie Magus,fooniemagus.com,gaming_or_nft,yes,"[""APRS"", ""ANIMA""]","[""Apeiros"", ""Anima""]","[""https://blog.apeironnft.com/p/the-aprs-token-generation-event"", ""https://whitepaper.apeironnft.com/apeironnft/key-game-features/gamenomics/tokens""]",high,no
493110-01,Gamma Strategies,gamma.xyz,protocol_or_network,yes,"[""GAMMA"", ""xGAMMA""]","[""GAMMA"", ""xGAMMA""]","[""https://docs.gamma.xyz/gamma/learn/tokenomics"", ""https://docs.gamma.xyz/gamma/learn/staking""]",high,no
493130-71,Babylon Labs,babylonlabs.io,protocol_or_network,yes,"[""BABY""]","[""BABY""]","[""https://babylonlabs.io/learn/what-is-the-baby-token""]",high,no
493186-51,Espresso Systems,espressosys.com,infrastructure_or_data,yes,"[""ESP""]","[""Espresso""]","[""https://paragraph.com/%40espressofndn/esp-introducing-the-espresso-token""]",high,no
493240-96,Shade Protocol,shadeprotocol.io,protocol_or_network,yes,"[""SHD"", ""SILK""]","[""SHD"", ""SILK""]","[""https://docs.shadeprotocol.io/shade-protocol/shade-protocol/shd"", ""https://docs.shadeprotocol.io/shade-protocol/get-started/step-5-use-our-features/silk-feature""]",high,no
493248-52,Scroll,scroll.io,protocol_or_network,yes,"[""SCR""]","[""Scroll""]","[""https://coinmarketcap.com/currencies/scroll/""]",high,no
493252-57,Bitbns,bitbns.com,exchange_or_broker,yes,"[""BNS""]","[""BNS Token""]","[""https://bitbns.com/bns/""]",high,no
493277-14,Deliq Finance,deliqfinance.com,protocol_or_network,yes,"[""DLQ""]","[""Deliq Finance""]","[""https://coinmarketcap.com/currencies/deliq-finance/""]",high,no
493350-31,Cypherdog,cypher.dog,security_or_compliance,yes,"[""CDOG""]","[""Cypherdog Token""]","[""https://coinmarketcap.com/currencies/cypherdog-token/""]",high,no
493419-70,Releap Protocol,releap.xyz,protocol_or_network,yes,"[""REAP""]","[""REAP""]","[""https://docs.releap.io/reap-token/tokenomics""]",high,no
493432-39,Buffer (Financial Software),buffer.finance,protocol_or_network,yes,"[""BFR"", ""BLP""]","[""BFR Token"", ""BLP Token""]","[""https://docs.buffer.finance/tokenomics/bfr-token/"", ""https://buffer-finance.medium.com/introducing-blp-v2-779a24bc4dbe""]",high,no
493433-02,One Click Labs,oneclick.fi,infrastructure_or_data,yes,"[""CLICK""]","[""CLICK""]","[""https://docs.oneclick.fi/oneclick/tokenomics/token-utility""]",high,no
493433-38,Attack Wagon,attackwagon.com,gaming_or_nft,yes,"[""ATK""]","[""ATK""]","[""https://attackwagon.com/""]",high,no
493460-56,TooNFT,uat.toonft.com,gaming_or_nft,yes,"[""TOON""]","[""TOON""]","[""https://coinmarketcap.com/currencies/toonft/""]",high,no
493507-99,Sonic SVM,sonicsvm.org,protocol_or_network,yes,"[""SONIC""]","[""SONIC""]","[""https://www.coingecko.com/en/coins/sonic-svm""]",high,no
493511-50,Domineum,domineum.io,service_provider,yes,"[""DMN""]","[""Domineum Token""]","[""https://domineum-3de01fa7029b12079182930f6e318f.webflow.io/token""]",medium,no
493604-11,Swell (Panama),swellnetwork.io,protocol_or_network,yes,"[""SWELL""]","[""SWELL""]","[""https://www.swellnetwork.io/post/swell-token""]",high,no
493692-76,LimeWire,limewire.com,dapp_or_product,yes,"[""LMWR""]","[""LimeWire Token""]","[""https://lmwr.com/about""]",high,no
493698-25,Treehouse (Financial Software),treehouse.finance,protocol_or_network,yes,"[""TREE"", ""tETH"", ""tAVAX""]","[""TREE"", ""tETH"", ""tAVAX""]","[""https://docs.treehouse.finance/protocol/tree-token/introduction"", ""https://docs.treehouse.finance/protocol/tasset/introduction"", ""https://www.treehouse.finance/blog/tavax-launch""]",high,no
493750-45,AmplifyWorld,amplify.link,dapp_or_product,yes,"[""AMPS""]","[""AMPS""]","[""https://amplifyworld.ai/amps""]",high,no
493783-48,GFAL,gfal.com,gaming_or_nft,yes,"[""GFAL""]","[""Games for a Living Token""]","[""https://gfal.com/gfal-token/""]",high,no
493797-34,Aurigami,aurigami.finance,protocol_or_network,yes,"[""PLY""]","[""PLY""]","[""https://docs.aurigami.finance/public/protocol/tokenomics""]",high,no
493803-19,MetaMall,metamalls.io,dapp_or_product,yes,"[""MALL""]","[""MetaMall""]","[""https://coinmarketcap.com/currencies/metamall/""]",medium,no
493814-08,EX Interactive Gaming,ex-sports.io,gaming_or_nft,yes,"[""EXS""]","[""EX Sports""]","[""https://exstoken.io/""]",high,no
493816-69,Cuneus Data Lab,cuneus.ca,protocol_or_network,yes,"[""TDUX""]","[""TDUX utility token""]","[""https://cuneus.efxdata.com/""]",high,no
493828-21,Shrapnel,shrapnel.com,gaming_or_nft,yes,"[""SHRAP""]","[""Shrapnel""]","[""https://coinmarketcap.com/currencies/shrapnel-com/""]",medium,no
493860-07,Tech Bureau Holdings,techbureau.com,infrastructure_or_data,yes,"[""CMS""]","[""COMSA""]","[""https://techbureau.jp/wp-content/uploads/2021/01/CMS_Listing_on_Exrates_EN.pdf""]",medium,yes
493862-68,Canow,canow-jp.com,service_provider,yes,"[""YELL""]","[""YELL Coin""]","[""https://fptsoftware.com/newsroom/news-and-press-releases/press-release/fpt-softwares-akachain-and-canow-partners-to-facilitate-seamless-and-colossal-sports-fan-community-in-japan""]",high,no
493935-85,Sanctum (Other Financial Services),sanctum.so,protocol_or_network,yes,"[""CLOUD""]","[""CLOUD""]","[""https://sanctum.so/cloud""]",high,no
494003-89,Deftify,deftify.io,dapp_or_product,yes,"[""DFTY""]","[""DFTY""]","[""https://medium.com/deftify/dfty-unlock-the-power-of-deftify-4688f4fdd492""]",high,no
494010-46,Nillion,nillion.com,protocol_or_network,yes,"[""NIL""]","[""NIL""]","[""https://nillion.com/news/blind-compute-needs-its-first-champion/""]",high,no
494056-81,Open Forest Protocol,openforestprotocol.org,protocol_or_network,yes,"[""OPN""]","[""OPN""]","[""https://www.opn-launch.com/opn-token""]",high,no
494069-14,Tea,tea.xyz,protocol_or_network,yes,"[""TEA"", ""stTEA""]","[""TEA"", ""stTEA""]","[""https://tea.xyz/tea-token"", ""https://docs.tea.xyz/tea-white-paper/white-paper""]",medium,no
494100-10,Triall,triall-platform.webflow.io,dapp_or_product,yes,"[""TRL""]","[""TRL""]","[""https://triall-platform.webflow.io/trl""]",high,no
494105-50,Polylastic,polylastic.io,protocol_or_network,yes,"[""POLX""]","[""Polylastic""]","[""https://coinmarketcap.com/currencies/polylastic/""]",medium,yes
494118-10,Kujira,kujira.network,protocol_or_network,yes,"[""KUJI"", ""USK""]","[""KUJI"", ""USK Stablecoin""]","[""https://docs.kujira.app/tokenomics/kuji-token"", ""https://docs.kujira.app/dapps-and-infrastructure/usk-stablecoin""]",high,no
494118-37,Fuzion App,fuzionapp.medium.com,protocol_or_network,yes,"[""FUZN"", ""ATLO""]","[""Fuzion"", ""Atlo""]","[""https://coinmarketcap.com/currencies/fuzion/"", ""https://coinmarketcap.com/currencies/atlo/""]",high,no
494119-63,Fourier (Financial Software),fourierlabs.io,protocol_or_network,yes,"[""FOURIER""]","[""FOURIER""]","[""https://www.cardanocube.com/projects/fourier""]",low,yes
494131-60,Neutral ( Financial Software),neutralproject.com,protocol_or_network,yes,"[""NUSD""]","[""Neutral Dollar""]","[""https://coinmarketcap.com/currencies/neutral-dollar/""]",medium,yes
494138-53,BrightID,brightid.org,protocol_or_network,yes,"[""BRIGHT""]","[""Bright Token""]","[""https://www.coingecko.com/en/coins/bright-token""]",medium,no
494150-77,Silo Finance,silo.finance,protocol_or_network,yes,"[""SILO""]","[""SILO""]","[""https://docs.silo.finance/docs/users/tokenomics/silo-token/""]",high,no
494165-98,Sky Mavis,skymavis.com,gaming_or_nft,yes,"[""AXS"", ""SLP"", ""RON""]","[""AXS"", ""SLP"", ""RON""]","[""https://support.axieinfinity.com/hc/en-us/articles/29281788349211-Axie-Classic-AXS-SLP-Withdrawal"", ""https://support.axieinfinity.com/hc/en-us/articles/7997431782811-App-Axie-Game-Portal"", ""https://docs.roninchain.com/basics/acquire-ron""]",high,no
494167-06,Overnight,overnight.fi,protocol_or_network,yes,"[""OVN"", ""OVN+"", ""OVN INS"", ""USD+"", ""USDC+"", ""USDT+"", ""DAI+"", ""ETH+"", ""wUSD+"", ""wETH+"", ""xUSD"", ""wxUSD"", ""ETS""]","[""OVN"", ""OVN+"", ""OVN INS"", ""USD+"", ""USDC+"", ""USDT+"", ""DAI+"", ""ETH+"", ""wUSD+"", ""wETH+"", ""xUSD"", ""wxUSD"", ""ETS""]","[""https://docs.overnight.fi/core-concept/ovn-token"", ""https://docs.overnight.fi/core-concept/ovn-staking"", ""https://docs.overnight.fi/other/brand-assets"", ""https://docs.overnight.fi/core-concept/faq"", ""https://docs.overnight.fi/core-concept/overnight-tokens%2B"", ""https://docs.overnight.fi/advanced/contract-addresses"", ""https://docs.overnight.fi/user-guides/mint-redeem"", ""https://docs.overnight.fi/core-concept/xusd-token"", ""https://docs.overnight.fi/advanced/strategies/ets""]",high,no
494171-47,Phi Labs,philabs.xyz,protocol_or_network,yes,"[""ARCH""]","[""Archway""]","[""https://www.coingecko.com/en/coins/archway""]",medium,no
494171-56,Your,your.io,protocol_or_network,yes,"[""YOURAI""]","[""YOUR AI""]","[""https://www.your.io/token""]",high,no
494177-05,MoHash,mohash.co,protocol_or_network,yes,"[""MOH""]","[""MOH""]","[""https://www.coingecko.com/en/coins/mohash""]",low,yes
494177-32,Analog (Financial Software),analog.one,protocol_or_network,yes,"[""ANLOG""]","[""ANLOG""]","[""https://help.analog.one/hc/en-us/articles/4406974300685--What-is-ANLOG-token""]",high,no
494220-97,Decentr,decentr.net,protocol_or_network,yes,"[""DEC""]","[""Decentr""]","[""https://coinmarketcap.com/currencies/decentr/""]",high,no
494244-28,Lunaverse,lunaverse.io,gaming_or_nft,yes,"[""LUV""]","[""Lunaverse""]","[""https://coinmarketcap.com/currencies/lunaverse/""]",medium,no
494249-59,Blex,blex.co,dapp_or_product,yes,"[""EGG""]","[""Nestree""]","[""https://coinmarketcap.com/currencies/nestree/""]",high,no
494256-97,Cropper Finance,cropper.finance,protocol_or_network,yes,"[""CRP""]","[""CropperFinance""]","[""https://coinmarketcap.com/currencies/cropperfinance/""]",medium,no
494259-76,Skycoin,skycoin.com,protocol_or_network,yes,"[""SKY"", ""SCH""]","[""Skycoin"", ""Coin Hours""]","[""https://blog.skycoin.com/posts/skycoin-overview/"", ""https://blog.skycoin.com/posts/skycoin-coin-hours/""]",high,no
494265-79,Wefi,wefi.xyz,protocol_or_network,yes,"[""WFI""]","[""WeFi""]","[""https://coinmarketcap.com/currencies/wfi/""]",high,no
494286-22,zkLend,zklend.com,protocol_or_network,yes,"[""ZEND""]","[""ZEND""]","[""https://app.zklend.com/asset/ZEND""]",high,no
494289-73,Blur,blur.io,gaming_or_nft,yes,"[""BLUR""]","[""Blur""]","[""https://docs.blur.foundation/tokenomics""]",high,no
494307-55,Caduceus,caduceus.foundation,protocol_or_network,yes,"[""CAD""]","[""Caduceus Protocol (new)""]","[""https://coinmarketcap.com/currencies/caduceus-protocol/""]",medium,no
494316-19,Nexus Interactive,nxi.xyz,gaming_or_nft,yes,"[""NXI""]","[""NXI""]","[""https://icodrops.com/nexus-interactive/""]",medium,yes
494355-52,Arkadiko Finance,arkadiko.finance,protocol_or_network,yes,"[""DIKO"", ""USDA""]","[""DIKO"", ""USDA""]","[""https://coinmarketcap.com/currencies/arkadiko-finance/"", ""https://usda.arkadiko.finance/""]",high,no
494412-49,IFA (Financial Software),ifa-aire.co.jp,dapp_or_product,yes,"[""ARX""]","[""ARCS""]","[""https://coinmarketcap.com/currencies/arcs/""]",high,no
494418-16,BetaCarbon,betacarbon.com,dapp_or_product,yes,"[""BCAU""]","[""Australian Carbon Token""]","[""https://coinmarketcap.com/currencies/betacarbon/""]",high,no
494422-39,Expand,mystiko.network,protocol_or_network,yes,"[""XZK"", ""vXZK""]","[""XZK"", ""vXZK""]","[""https://docs.mystiko.network/tokenomics"", ""https://docs.mystiko.network/mystiko-dao-and-community/mystiko-dao""]",high,no
494426-62,Crypto Raiders,cryptoraiders.gg,gaming_or_nft,yes,"[""RAIDER"", ""AURUM""]","[""Raider"", ""Raider Aurum""]","[""https://www.coingecko.com/en/coins/crypto-raiders"", ""https://www.coingecko.com/en/coins/raider-aurum""]",high,no
494479-81,Gaming Stars,app.gaming-stars.net,gaming_or_nft,yes,"[""GAMES""]","[""Gaming Stars""]","[""https://coinmarketcap.com/currencies/gaming-stars/""]",high,no
494482-96,Attn Capital EU,egoco.in,dapp_or_product,yes,"[""EGO""]","[""EGO""]","[""https://www.egoco.in/tokenomics.pdf""]",medium,yes
494484-76,Diode (Network Management Software),diode.io,protocol_or_network,yes,"[""DIODE""]","[""Diode Token""]","[""https://network.docs.diode.io/docs/features/is-there-a-diode-token/""]",high,no
494554-78,AFK (Entertainment Software),afkdao.io,gaming_or_nft,yes,"[""AFK""]","[""AFKDAO""]","[""https://coinmarketcap.com/currencies/afkdao/""]",high,no
494564-77,Waterfall Protocol,waterfall.gold,protocol_or_network,yes,"[""WATER""]","[""Waterfall""]","[""https://coinmarketcap.com/currencies/waterfall/""]",high,no
494576-29,Data3 Network,kandola.network,protocol_or_network,yes,"[""KAN""]","[""Kandola Token""]","[""https://kandola.network/assets/docs/Kandola-Tokenomics-v0.3.pdf""]",medium,no
494622-91,Q Development,q.org,protocol_or_network,yes,"[""QGOV""]","[""QGOV""]","[""https://q.org/build/get-q""]",high,no
494647-75,V Systems,v.systems,protocol_or_network,yes,"[""VSYS""]","[""VSYS""]","[""https://coinmarketcap.com/currencies/v-systems/""]",high,no
494649-73,LikeCoin,like.co,protocol_or_network,yes,"[""LIKE""]","[""LIKE""]","[""https://docs.like.co/""]",high,no
494669-80,Iskra,iskra.world,gaming_or_nft,yes,"[""ISK"", ""sISK""]","[""ISK"", ""sISK""]","[""https://whitepaper.iskra.world/community-economics/token-economy/isk""]",high,no
494688-07,DigiCorp Labs,digicorplabs.com,protocol_or_network,yes,"[""DGMV""]","[""DigiMetaverse token""]","[""https://www.digicorplabs.com/digimetaverse/""]",high,no
494731-81,Idena (Other Financial Services),idena.io,protocol_or_network,yes,"[""IDNA""]","[""Idena""]","[""https://www.coingecko.com/en/coins/idena""]",high,no
494737-84,Stargaze,stargaze.zone,protocol_or_network,yes,"[""STARS""]","[""STARS""]","[""https://docs.stargaze.zone/tokenomics/stars-token""]",high,no
494739-01,Unite.io,unite.io,protocol_or_network,yes,"[""UNITE""]","[""UNITE""]","[""https://www.unite.io/token""]",high,no
494754-94,IQ Protocol,iq.space,protocol_or_network,yes,"[""IQT""]","[""IQT""]","[""https://coinmarketcap.com/currencies/iq-protocol/""]",low,yes
494756-92,Anzen (Financial Software),anzen.finance,protocol_or_network,yes,"[""ANZ"", ""USDZ"", ""SUSDZ""]","[""ANZ"", ""USDz"", ""sUSDz""]","[""https://docs.anzen.finance/anz/anz-token"", ""https://docs.anzen.finance/usdz-101/overview"", ""https://docs.anzen.finance/user-guide/how-to-bridge-usdz-and-susdz""]",high,no
494803-90,Aura Network,aura.network,protocol_or_network,yes,"[""AURA""]","[""Aura Token""]","[""https://docs.aura.network/overview/tokenomic/""]",high,no
494856-55,Zenith,zenithchain.co,protocol_or_network,yes,"[""ZENITH""]","[""Zenith Coin""]","[""https://coinmarketcap.com/currencies/zenith-coin/""]",high,no
494876-44,Aspecta,aspecta.ai,protocol_or_network,yes,"[""ASP""]","[""Aspecta""]","[""https://docs.aspecta.ai/tokenomics/""]",high,no
494878-33,Treasure (Entertainment Software),treasure.lol,gaming_or_nft,yes,"[""MAGIC""]","[""MAGIC""]","[""https://docs.treasure.lol/magic""]",high,no
494878-78,TiTi Protocol,titi.finance,protocol_or_network,yes,"[""TITI""]","[""TiTi Token""]","[""https://docs.titi.finance/overview/what-is-titi-token""]",high,no
494903-26,Shorter,docs.shorter.finance,protocol_or_network,yes,"[""IPISTR""]","[""IPISTR""]","[""https://docs.shorter.finance/governance/tokenomics/ipistr-token""]",high,no
494906-68,Oraichain,orai.io,protocol_or_network,yes,"[""ORAI""]","[""ORAI Token""]","[""https://docs.orai.io/oraichain/tokenomics""]",high,no
494913-97,Universe XYZ,universe.xyz,protocol_or_network,yes,"[""XYZ""]","[""Universe.XYZ""]","[""https://coinmarketcap.com/currencies/universe-xyz/""]",high,no
494917-21,LGCY Network,lgcynetwork.com,protocol_or_network,yes,"[""LGCY"", ""USDL""]","[""LGCY Network"", ""USDL""]","[""https://coinmarketcap.com/currencies/lgcy-network/"", ""https://coinmarketcap.com/currencies/usdl/""]",high,no
494918-29,Pollen Mobile,pollenmobile.io,protocol_or_network,yes,"[""PCN""]","[""Pollen Coin""]","[""https://coinmarketcap.com/currencies/pollen-coin/""]",high,no
494932-15,OnFinality,onfinality.io,infrastructure_or_data,yes,"[""SQT""]","[""SubQuery Token""]","[""https://subquery.network/doc/subquery_network/token/token.html""]",low,no
494933-14,Sender,sender.org,protocol_or_network,yes,"[""ASI""]","[""Sender AI""]","[""https://www.coingecko.com/en/coins/sender-ai""]",high,no
494947-09,Contribute,tribtoken.com,protocol_or_network,yes,"[""TRIB""]","[""Contribute""]","[""https://coinmarketcap.com/currencies/contribute/""]",high,no
494953-93,RociFi,roci.fi,protocol_or_network,yes,"[""ROCI""]","[""ROCI TOKEN""]","[""https://roci.fi/""]",high,no
494968-33,Step App,step.app,dapp_or_product,yes,"[""FITFI"", ""KCAL""]","[""FITFI"", ""KCAL""]","[""https://help.step.app/en/article/fitfi-token-information-links-1ksvl62/"", ""https://help.step.app/en/article/where-to-buy-kcal-1d3nemf/""]",high,no
494971-84,Fluid Finance,fluid.ch,wallet_or_custody,yes,"[""DUSD""]","[""Digital Dollars""]","[""https://medium.com/fluidfi/introducing-digitaldollar-dusd-7ef626bb9958""]",high,no
494976-43,Cookie3,cookie3.com,infrastructure_or_data,yes,"[""COOKIE""]","[""Cookie DAO""]","[""https://docs.cookie.community/cookie-dao""]",medium,yes
494983-00,DOSE Token,dosetoken.com,gaming_or_nft,yes,"[""DOSE""]","[""DOSE""]","[""https://www.dosetoken.com/""]",high,no
494986-06,Distributed Town,distributed.town,protocol_or_network,yes,"[""DITO""]","[""DiTo Credits""]","[""https://skillwallet.id/docs-sub/index/""]",high,no
494987-77,Contango,contango.exchange,protocol_or_network,yes,"[""TANGO""]","[""Contango""]","[""https://www.coingecko.com/en/coins/contango""]",high,no
495000-46,Staex,staex.io,infrastructure_or_data,yes,"[""SPNX""]","[""Staex Token""]","[""https://docs.staex.io/tokenomics/token-economics/""]",high,no
495016-21,Millicent,millicent.io,protocol_or_network,yes,"[""MILLI""]","[""MILLI""]","[""https://docs.millicent.io/community-and-governance/proof-of-participation/overview""]",high,no
495049-96,Nova (Financial Services),novafinance.app,protocol_or_network,yes,"[""NOVA""]","[""Nova Finance""]","[""https://docs.novafi.xyz/nova-token""]",high,no
495452-17,Reltime,reltime.com,protocol_or_network,yes,"[""RTC"", ""RTO""]","[""Reltime"", ""Reltime Oxygen""]","[""https://coinmarketcap.com/currencies/reltime/"", ""https://finyear.com/Reltime-to-liberalise-global-trade-and-cut-out-middlemen-with-new-decentralised-exchange-DEX_a47970.html""]",high,no
495455-50,Yeti Finance,yeti.finance,protocol_or_network,yes,"[""YETI"", ""YUSD""]","[""YETI"", ""YUSD""]","[""https://techdocs.yeti.finance/yeti-and-yusd/yeti-rewards-and-tokenomics""]",high,no
495472-87,C3,c3.app,protocol_or_network,yes,"[""C3""]","[""C3""]","[""https://docs.c3.app/carbonomics/c3""]",high,no
495482-59,Monster League,monsterleaguestudios.com,gaming_or_nft,yes,"[""MOKA""]","[""MOKA""]","[""https://www.mokensleague.com/terms""]",high,no
495499-78,Dojima Network,dojima.network,protocol_or_network,yes,"[""DOJ""]","[""DOJ""]","[""https://coinmarketcap.com/currencies/dojima-network/""]",high,no
495512-20,EtherMail,ethermail.io,dapp_or_product,yes,"[""EMT""]","[""EMAIL Token""]","[""https://ethermail.io/emt/""]",high,no
495529-30,Cypher (Bellevue),cypherhq.io,wallet_or_custody,yes,"[""CYPR""]","[""Cypher""]","[""https://cypherhq.io/cypr/""]",low,no
495540-82,Jiritsu,jiritsu.network,protocol_or_network,yes,"[""JIRI""]","[""JIRI""]","[""https://www.jiritsu.network/""]",medium,no
495556-12,Vinci (Financial Software),vinci.io,dapp_or_product,yes,"[""VCI""]","[""VCI""]","[""https://wiki.vinci.io/nft-finance/tokenomics/vci-token""]",high,yes
495556-21,Thalon,thalon.io,gaming_or_nft,yes,"[""THL""]","[""THL""]","[""https://thalon.gitbook.io/thalon/overview/economy""]",high,no
495566-65,Hedge (Other Financial Services),hedge.so,protocol_or_network,yes,"[""USH"", ""HDG""]","[""USH"", ""HDG""]","[""https://docs.hedge.so/protocol-overview/tokenomics""]",high,no
495611-02,Bastion (Financial Software),bastionprotocol.com,protocol_or_network,yes,"[""BSTN""]","[""Bastion Protocol""]","[""https://www.coinbase.com/price/bastion-protocol""]",medium,yes
495746-65,MetaHollywood,metahollywood.io,gaming_or_nft,yes,"[""HWOOD""]","[""HWOOD""]","[""https://www.businesswire.com/news/home/20230309005274/en/Animoca-Brands-and-Planet-Hollywood-to-Launch-CLUB-3-a-Physical-Private-Club-with-Exclusive-Perks-and-Experiential-Programming-for-Web3-Community""]",high,no
495752-14,EdgeSwap,edgeswap.io,protocol_or_network,yes,"[""EGS""]","[""EdgeSwap""]","[""https://coinmarketcap.com/currencies/edgeswap/""]",high,no
495846-37,Desmo Labs,desmolabs.org,protocol_or_network,yes,"[""DBIT"", ""DGOV""]","[""DBit"", ""DGov""]","[""https://medium.com/coinmonks/dbit-and-dgov-use-cases-3cf7740b88d""]",medium,yes
495917-56,Amulet (Other Financial Services),amulet.org,protocol_or_network,yes,"[""AMU""]","[""Amulet""]","[""https://docs.amulet.org/documentation/tokenomics/amu""]",high,no
495964-09,SX Network,sx.technology,protocol_or_network,yes,"[""SX""]","[""SX Network""]","[""https://docs.sx.technology/sx-overview/sx-token-overview""]",high,no
496029-25,WeStarter,westarter.org,dapp_or_product,yes,"[""WAR""]","[""WAR""]","[""https://coinmarketcap.com/currencies/westarter/""]",high,no
496048-24,Fief,fief.gg,protocol_or_network,yes,"[""FIEF""]","[""FIEF""]","[""https://www.fief.gg/fiefdom""]",high,no
496048-78,VCRED,vcred.trade,protocol_or_network,yes,"[""VCRED""]","[""VCRED""]","[""https://vcred.trade/""]",high,no
496075-87,Time Raiders,timeraiders.io,gaming_or_nft,yes,"[""XPND""]","[""Xpendium""]","[""https://timeraiders.io/""]",high,no
496076-05,NuNet,nunet.io,protocol_or_network,yes,"[""NTX""]","[""NuNet Token""]","[""https://docs.nunet.io/getting-ntx/token-overview/""]",high,no
496108-00,Arrow Markets,arrow.markets,protocol_or_network,yes,"[""ARROW""]","[""Arrow Token""]","[""https://docs.arrow.markets/arrow-markets/arrow/token""]",high,no
496120-42,Gopher AI,gopher-ai.com,protocol_or_network,yes,"[""GOAI""]","[""GOAI""]","[""https://www.gopher-ai.com/""]",high,no
496124-56,Particle Network,particle.network,protocol_or_network,yes,"[""PARTI""]","[""PARTI""]","[""https://doc.particle.network/tokenomics/usdparti""]",high,no
496135-81,Irys,irys.xyz,protocol_or_network,yes,"[""IRYS""]","[""Irys""]","[""https://coinmarketcap.com/currencies/irys/""]",high,no
496159-66,BitCoke,bitcoke.com,exchange_or_broker,yes,"[""COKE""]","[""BitCoke Token""]","[""https://coinmarketcap.com/currencies/bitcoke-token/""]",high,no
496212-49,Web3Graph,web3graph.io,protocol_or_network,yes,"[""W3G""]","[""W3G""]","[""https://www.coincarp.com/currencies/web3graph/""]",low,yes
496284-40,Myso Finance,myso.finance,protocol_or_network,yes,"[""MYT""]","[""MYSO Token""]","[""https://medium.com/mysofinance/announcing-the-official-myso-token-myt-airdrop-d778802115f2""]",medium,yes
496332-91,Gold Fever,goldfever.io,gaming_or_nft,yes,"[""NGL"", ""JBR""]","[""Gold Fever Native Gold"", ""Julius's Brain""]","[""https://www.coingecko.com/en/coins/gold-fever-native-gold"", ""https://wiki.goldfever.io/economy/currencies-and-assets""]",high,no
496348-39,Celo4 Earth,celo4.earth,service_provider,yes,"[""CO2R""]","[""CO2 Redress Token""]","[""https://br.investing.com/news/cryptocurrency-news/bitcointoyou-cop26-esg-e-credito-de-carbono-948087""]",medium,no
496402-03,Ecosapiens,ecosapiens.xyz,gaming_or_nft,yes,"[""MEGA""]","[""MEGA""]","[""https://ecolink.ai/eco-ai-token""]",high,no
496425-25,ScPrime,scpri.me,infrastructure_or_data,yes,"[""SCP""]","[""ScPrime""]","[""https://scpri.me/at-a-glance/""]",high,no
496442-89,Aurora (Other Financial Services),aurorachain.io,protocol_or_network,yes,"[""AOA""]","[""AuroraChain""]","[""https://www.aurorachain.io/download.html""]",high,no
496443-88,Morphie,morphie.network,protocol_or_network,yes,"[""MRFI""]","[""MRFI""]","[""https://bscscan.com/token/0xaf1167b1f90e4f27d9f520a4cd3a1e452e011cea""]",high,no
496484-56,Raydius,raydius-research.com,protocol_or_network,yes,"[""RAYS""]","[""RAYS""]","[""https://docs.raydius-research.com/tokenomics/token-utilities""]",high,no
496493-47,Deri Protocol,deri.io,protocol_or_network,yes,"[""DERI""]","[""DERI""]","[""https://docs.deri.io/library/tokenomics""]",high,no
496510-30,Wayru,wayru.io,protocol_or_network,yes,"[""WAYRU""]","[""Wayru Token""]","[""https://docs.wayru.io/wayru-101/wayru-token""]",high,no
496523-89,YOM,yom.net,protocol_or_network,yes,"[""YOM""]","[""YOM""]","[""https://docs.yom.net/manifesto/ecosystem/tokenomics""]",high,no
496572-94,Dnft Protocol,dnft.world,protocol_or_network,yes,"[""DNF""]","[""DNFT Protocol""]","[""https://coinmarketcap.com/currencies/dnft-protocol/""]",high,no
496573-30,Phantom (Financial Software),phm.finance,protocol_or_network,yes,"[""PHM""]","[""Phantom Protocol""]","[""https://coinmarketcap.com/currencies/phantom-protocol/""]",medium,yes
496579-42,Tellor,tellor.io,protocol_or_network,yes,"[""TRB""]","[""Tellor Tributes""]","[""https://tellor.io/more-about-trb/""]",high,no
496583-92,Effect AI,effect.ai,protocol_or_network,yes,"[""EFFECT""]","[""Effect AI""]","[""https://docs.effect.ai/token""]",high,no
496600-48,Truflation,truflation.com,protocol_or_network,yes,"[""TRUF""]","[""TRUF""]","[""https://truflation.com/token""]",high,no
496617-13,Gora,gora.io,protocol_or_network,yes,"[""GORA""]","[""GORA""]","[""https://cointelegraph.com/press-releases/gora-network-expands-ecosystem-with-gora-launch-on-erc-20""]",high,no
496629-10,VitaDAO,vitadao.com,protocol_or_network,yes,"[""VITA""]","[""VITA""]","[""https://www.vitadao.com/vita-token""]",high,no
496717-39,Saga,saga.xyz,protocol_or_network,yes,"[""SAGA""]","[""SAGA""]","[""https://docs.saga.xyz/introduction/saga-overview/token-mechanism-and-economics""]",high,no
496717-66,GoPlus Security,gopluslabs.io,security_or_compliance,yes,"[""GPS""]","[""GoPlus Security Token""]","[""https://whitepaper.gopluslabs.io/goplus-network/ecosystem-role/tokenomics""]",high,no
496730-17,Pine Protocol,pine.loans,protocol_or_network,yes,"[""PINE""]","[""Pine Token""]","[""https://docs.pine.loans/ecosystem/pine-token""]",high,no
496732-87,Energi (Road Town),energi.world,protocol_or_network,yes,"[""NRG""]","[""NRG Token""]","[""https://wiki.energi.world/docs/faq/nrg-token-faq""]",high,no
496745-47,Unit Network,unit.network,protocol_or_network,yes,"[""UNITCOIN""]","[""Unit Token""]","[""https://unit.network/docs/what-is-unit-token-economy/""]",high,no
497210-86,Kaia DLT Foundation,kaia.io,protocol_or_network,yes,"[""KAIA""]","[""KAIA""]","[""https://docs.kaia.io/learn/token-economics/kaia-native-token/""]",high,no
497289-07,Space and Time,spaceandtime.io,protocol_or_network,yes,"[""SXT""]","[""Space and Time""]","[""https://www.spaceandtime.io/blog/introducing-the-space-and-time-sxt-token""]",high,no
497327-23,Keeta,keeta.com,protocol_or_network,yes,"[""KTA""]","[""Keeta""]","[""https://coinmarketcap.com/currencies/keeta/""]",medium,yes
497333-08,Chain4Travel,chain4travel.com,protocol_or_network,yes,"[""CAM""]","[""CAM Token""]","[""https://camino.network/token""]",high,no
497367-73,Compendium,compendium.finance,dapp_or_product,yes,"[""CMFI""]","[""Compendium""]","[""https://compendium.finance/token""]",high,no
497372-23,BitBrawl,brawlailayer.org,gaming_or_nft,yes,"[""BRAWL""]","[""BRAWL""]","[""https://brawlailayer.org/ai-x""]",medium,yes
497382-22,BikeRush,bikerush.io,gaming_or_nft,yes,"[""BST"", ""BRT""]","[""BikeRush Game Token"", ""BikeRush Governance Token""]","[""https://bikerush.io/docs-sub/marketplace/tokenomics.html"", ""https://bikerush.io/docs-sub/game-fi-systems/ride-to-earn.html""]",high,no
497383-93,Cassava Network,cassava.network,protocol_or_network,yes,"[""CSV"", ""veCSV""]","[""CSV"", ""veCSV""]","[""https://medium.com/cassavanetwork/cassava-network-africas-web3-bridge-%EF%B8%8F-77b6ed0770c7""]",high,no
497430-01,Revest Finance,revest.finance,protocol_or_network,yes,"[""RVST""]","[""RVST""]","[""https://docs.revest.finance/""]",high,no
497431-90,P2P Solutions,p2psolutions.org,protocol_or_network,yes,"[""P2PS""]","[""P2PS""]","[""https://www.p2psf.org/token/""]",high,yes
497453-59,Luxy NFT,luxy.io,gaming_or_nft,yes,"[""LUXY""]","[""LUXY Token""]","[""https://docs.luxy.io/help-center/finance/introducing-the-usdluxy-token""]",high,no
497461-24,Billionaire Plus,billionaireplus.io,gaming_or_nft,yes,"[""BPLUS""]","[""BPLUS""]","[""https://coinmarketcap.com/currencies/billionaire-plus/""]",low,yes
497472-67,Velo Labs,velo.org,protocol_or_network,yes,"[""VELO"", ""USDV""]","[""VELO"", ""USDV""]","[""https://www.velo.org/"", ""https://www.velo.org/veinspire-announcements/velo-labs-brings-blackrock-backed-institutional-yield-to-usdv-stablecoin""]",high,no
497509-03,Hatom Labs,hatom.com,protocol_or_network,yes,"[""HTM"", ""USH"", ""sEGLD""]","[""Hatom Token"", ""Hatom USD"", ""sEGLD""]","[""https://docs.hatom.com/getting-started/learn-more-about-hatom-token/introduction"", ""https://docs.hatom.com/getting-started/hatoms-ecosystem/hatom-usd/frequently-asked-questions"", ""https://docs.hatom.com/getting-started""]",high,no
497510-65,Tamago (Entertainment Software),tamastream.io,gaming_or_nft,yes,"[""TAMA""]","[""TAMA""]","[""https://tamastream.info/""]",high,no
497615-68,Larecoin,larecoin.com,wallet_or_custody,yes,"[""LARE"", ""LUSD""]","[""Larecoin"", ""Larecoin Stablecoin""]","[""https://larecoin.com/"", ""https://www.larecoin.com/post/how-to-choose-the-best-ai-powered-web3-payments-stack-compared-larecoin-lare-lusd-vs-old-sch""]",high,no
497717-29,Alluvial (Financial Software),alluvial.finance,infrastructure_or_data,yes,"[""LsETH"", ""LsSOL""]","[""Liquid Staked ETH"", ""Liquid Staked SOL""]","[""https://docs.liquidcollective.io/eth/tokenomics/lseth"", ""https://liquidcollective.io/liquid-staked-sol/""]",high,no
497757-34,Astra (Software),astraprotocol.com,protocol_or_network,yes,"[""ASTRA""]","[""AstraAI Token""]","[""https://docs.chatastra.ai/usdastra/token-overview""]",high,no
497785-15,Publish,publishinc.io,media_or_education,yes,"[""NEWS""]","[""NEWS""]","[""https://publishinc.io/en/news-token/""]",high,no
497827-72,TeaDAO,teadao.money,protocol_or_network,yes,"[""TEA""]","[""TeaDAO""]","[""https://coinmarketcap.com/currencies/teadao/""]",high,no
497908-81,Buttonwood,mooncake.prl.one,protocol_or_network,yes,"[""CONSOL"", ""USDX""]","[""Consol"", ""USDX""]","[""https://docs.button.finance/architecture/protocol-overview""]",high,no
497922-58,Clearpool.io,clearpool.io,protocol_or_network,yes,"[""CPOOL""]","[""CPOOL""]","[""https://clearpool.finance/about""]",high,no
497953-90,Myria,myria.com,protocol_or_network,yes,"[""MYRIA""]","[""MYRIA""]","[""https://myria.com/token/""]",high,no
498034-99,Tria,tria.so,protocol_or_network,yes,"[""TRIA""]","[""TRIA""]","[""https://www.tria.so/en/blogs/tria-tokenomics""]",high,no
498036-79,Yield Yak,yieldyak.com,protocol_or_network,yes,"[""YAK""]","[""YAK Token""]","[""https://docs.yieldyak.com/token/details""]",high,no
498065-50,Degis Global,degis.io,traditional_business,yes,"[""DEG""]","[""Degis""]","[""https://coinmarketcap.com/currencies/degis/""]",low,no
498115-54,Block Ape Scissors,arcas.games,gaming_or_nft,yes,"[""ARCAS""]","[""ARCAS""]","[""https://info.arcas.games/arcas-token""]",medium,yes
498138-85,Orderly (Financial Software),orderly.network,protocol_or_network,yes,"[""ORDER""]","[""ORDER""]","[""https://orderly.network/docs/introduction/tokenomics/overview-of-order""]",high,no
498143-71,Sologenic,sologenic.com,dapp_or_product,yes,"[""TX""]","[""TX""]","[""https://www.coingecko.com/en/coins/tx""]",high,no
498152-44,zkLink,zk.link,protocol_or_network,yes,"[""ZKL""]","[""ZKL""]","[""https://zk.link/airdrop-terms-and-conditions""]",high,no
498194-56,Exorde Labs,exordelabs.com,protocol_or_network,yes,"[""EXD""]","[""Exorde""]","[""https://www.exordelabs.com/token""]",high,no
498197-08,Glitter (Database Software),glitterprotocol.io,protocol_or_network,yes,"[""AGLI""]","[""AGLI""]","[""https://docs.glitterprotocol.io/docs/sdk/validator/""]",medium,yes
498237-40,Blockchain Venture Capital,bvcadt.com,protocol_or_network,yes,"[""CADT""]","[""CADT""]","[""https://www.globenewswire.com/news-release/2024/02/06/2824323/0/en/Blockchain-Venture-Capital-Inc-Announces-Progress-Toward-Trading-of-Company-s-CADT-Stablecoin.html""]",high,no
498274-03,Quai Network,qu.ai,protocol_or_network,yes,"[""QUAI"", ""QI""]","[""QUAI"", ""QI""]","[""https://docs.qu.ai/learn/tokenomics/token-dynamics/"", ""https://docs.qu.ai/learn/tokenomics/qi-emissions""]",high,no
498299-23,Yelay,yelay.io,protocol_or_network,yes,"[""YLAY"", ""SPOOL""]","[""YLAY"", ""SPOOL""]","[""https://claim.yelay.io/eth"", ""https://etherscan.io/token/0x40803cEA2b2A32BdA1bE61d3604af6a814E70976""]",high,no
498361-42,Brale,brale.xyz,infrastructure_or_data,yes,"[""SBC"", ""USDMC"", ""USC"", ""USDB""]","[""Stable Coin"", ""USD Merchant Coin"", ""Classic USD"", ""Bitcoin USD""]","[""https://brale.xyz/stablecoins/SBC"", ""https://brale.xyz/stablecoins/USDMC"", ""https://brale.xyz/stablecoins/USC"", ""https://brale.xyz/stablecoins/USDB""]",high,no
498438-91,VEMP Horizon,vemp.xyz,protocol_or_network,yes,"[""VEMP""]","[""VEMP""]","[""https://www.coingecko.com/en/coins/vemp""]",high,no
498486-61,Ample (Sheridan),ampleprotocol.xyz,protocol_or_network,yes,"[""AMPD""]","[""AMPD""]","[""https://ample-protocol.gitbook.io/ample-whitepaper/the-token-model""]",high,no
499884-58,Crunch Lab,crunchdao.com,infrastructure_or_data,yes,"[""CRUNCH""]","[""CRUNCH""]","[""https://docs.crunchdao.com/crunch-token-practical/adding-the-token""]",high,no
499941-28,Inery,inery.io,protocol_or_network,yes,"[""INR""]","[""INR""]","[""https://www.coingecko.com/en/coins/inery""]",high,no
500621-23,Rowan Energy,rowanenergy.com,protocol_or_network,yes,"[""RWN""]","[""Rowan Coin""]","[""https://coinmarketcap.com/currencies/rowan-token/""]",high,no
500659-75,Project Twelve,p12.network,gaming_or_nft,yes,"[""P12""]","[""P12""]","[""https://github.com/ProjectTwelve/whitepaper/blob/main/P12-Whitepaper-v0.1.pdf""]",high,no
500669-74,XProtocol,xprotocol.org,protocol_or_network,yes,"[""KICK""]","[""KICK""]","[""https://docs.xprotocol.org/x-protocol-litepaper/token/kick""]",medium,yes
500673-34,Voice Street,voicestreet.org,gaming_or_nft,yes,"[""VST""]","[""Voice Street""]","[""https://voicestreet.org/whitepaper/VoiceStreetwhitepaper.pdf""]",high,no
500841-64,Bitgreen,bitgreen.org,dapp_or_product,yes,"[""BBB""]","[""BBB""]","[""https://bitgreen.org/technology""]",high,no
500902-57,Altitude,altitude.fi,protocol_or_network,yes,"[""ALTI""]","[""ALTI""]","[""https://www.altitude.fi/alti-token""]",high,no
500904-19,AltLayer,altlayer.io,protocol_or_network,yes,"[""ALT""]","[""ALT""]","[""https://blog.altlayer.io/altlayers-alt-token-launch-f49bf8ac2556""]",high,no
500911-03,Reveel,reveel.id,protocol_or_network,yes,"[""REVA""]","[""REVA""]","[""https://reveel.id/token""]",high,no
500965-84,Bluejay,bluejay.finance,protocol_or_network,yes,"[""BLU""]","[""BLU""]","[""https://medium.com/bluejay-finance/what-is-blu-8ad54327e039""]",high,no
500968-63,CrossCurve,crosscurve.fi,protocol_or_network,yes,"[""EYWA""]","[""EYWA""]","[""https://docs.crosscurve.fi/crosscurve-dao/crosscurve-tokenomics""]",high,no
500969-08,Krayon Digital,krayondigital.com,infrastructure_or_data,yes,"[""KLEAR""]","[""Klear Token""]","[""https://www.krayondigital.com/whitepaper""]",medium,no
500987-62,SLG (Entertainment Software),slg.games,security_or_compliance,yes,"[""SLG""]","[""SLG.GAMES""]","[""https://coinmarketcap.com/currencies/land-of-conquest/""]",medium,no
501042-70,Element36,element36.io,protocol_or_network,yes,"[""CHF36"", ""EUR36""]","[""CHF36 Token"", ""EUR36 Token""]","[""https://element36.io/products""]",high,no
501105-88,Skey Network,skey.network,protocol_or_network,yes,"[""SKEY""]","[""Skey Network""]","[""https://www.coingecko.com/en/coins/skey-network""]",high,no
501111-91,Oasys,oasys.games,protocol_or_network,yes,"[""OAS""]","[""OAS""]","[""https://www.oasys.games/post/understanding-the-role-of-oas-tokens""]",high,no
501157-27,Tenderize,tenderize.me,protocol_or_network,yes,"[""WAGYU""]","[""WAGYU""]","[""https://www.tenderize.me/blog/wagyu-tokenomics-tge-timeline""]",high,no
501375-43,logion,logion.network,protocol_or_network,yes,"[""LGNT""]","[""Logion Token""]","[""https://docs.logion.network/logion-white-paper/tokenomics/logion-token-supply""]",high,no
501383-35,zbyte,zbyteio.wpcomstaging.com,protocol_or_network,yes,"[""DPLAT""]","[""dPlat Protocol Token""]","[""https://whitepaper.zbyte.io/tokenomics""]",high,no
501513-13,JustCarbon,justcarbon.com,dapp_or_product,yes,"[""JCR"", ""JCG""]","[""JustCarbon Removal"", ""JustCarbon Governance""]","[""https://coinmarketcap.com/currencies/justcarbon-removal/"", ""https://coinmarketcap.com/currencies/justcarbon/""]",high,no
501521-23,Andromeda Labs,andromedaprotocol.io,protocol_or_network,yes,"[""ANDR""]","[""Andromeda""]","[""https://www.andromedaprotocol.io/andr""]",high,no
501860-08,Fluent Finance,fluent.finance,protocol_or_network,yes,"[""USPLUS""]","[""US Plus""]","[""https://coinmarketcap.com/currencies/fluent-finance/""]",high,no
501910-48,Muon Network,muon.net,protocol_or_network,yes,"[""MUON""]","[""MUON""]","[""https://docs.muon.net/muon-protocol/muon-token""]",high,no
501916-15,Redbelly,redbelly.network,protocol_or_network,yes,"[""RBNT""]","[""Redbelly Network""]","[""https://coinmarketcap.com/currencies/redbelly-network/""]",high,no
501918-40,CESS,cess.network,protocol_or_network,yes,"[""CESS""]","[""CESS Token""]","[""https://doc.cess.network/tokenomics/overview""]",high,no
501938-74,Delysium,delysium.com,protocol_or_network,yes,"[""AGI""]","[""Delysium""]","[""https://www.coingecko.com/en/coins/delysium""]",high,no
501941-26,Sahara Protocol,sahara.network,protocol_or_network,yes,"[""SHRA""]","[""Sahara""]","[""https://etherscan.io/token/0xD7B1387d43359eDfC858d946810c067817A3f959""]",medium,no
501941-80,Kyte Research,kyte.one,service_provider,yes,"[""KTE""]","[""KTE""]","[""https://token.kyte.one/""]",high,no
501944-14,Synesis One,synesis.one,protocol_or_network,yes,"[""SNS""]","[""Synesis One""]","[""https://www.synesis.one/""]",high,no
501951-61,Matry Labs,matry.io,infrastructure_or_data,yes,"[""MATRY""]","[""MATRY""]","[""https://coinmarketcap.com/currencies/matry/""]",medium,no
502635-61,Nexity Network,nexitynetwork.org,protocol_or_network,yes,"[""NXT""]","[""NXT""]","[""https://nexitynetwork.org/staking-power/""]",high,no
502636-69,Nosana,nosana.com,protocol_or_network,yes,"[""NOS""]","[""Nosana Token""]","[""https://learn.nosana.com/programs/token.html""]",high,no
502642-54,League of Ancients,leagueofancients.com,gaming_or_nft,yes,"[""LOA""]","[""League of Ancients""]","[""https://coinmarketcap.com/currencies/league-of-ancients/""]",high,no
502651-72,Veil Project,veil-project.com,protocol_or_network,yes,"[""VEIL""]","[""VEIL""]","[""https://veil-project.com/specs/""]",high,no
502653-70,Three Towers (Entertainment Software),3towers.ae,gaming_or_nft,yes,"[""NSOL""]","[""Edensol""]","[""https://medium.com/@edensol/faq-all-you-need-to-know-about-edensol-766d9ef4c908""]",high,no
502687-99,WAGMI Games,wagmigames.com,gaming_or_nft,yes,"[""WAGMIGAMES""]","[""WAGMI Games""]","[""https://www.wagmigames.com/token""]",high,no
502825-78,Dandelion Networks,dandelionnet.com,protocol_or_network,yes,"[""DDLN""]","[""Dandelion""]","[""https://dandelionnet.com/assets/files/Introduction_to_Dandelion.pdf""]",high,no
502851-88,Alpen Labs,alpenlabs.io,protocol_or_network,yes,"[""BTD""]","[""Bitcoin Dollar""]","[""https://www.alpenlabs.io/blog/bitcoin-dollar""]",high,no
502877-35,Witch,witchwitch.io,gaming_or_nft,yes,"[""WITCH""]","[""Witch Token""]","[""https://coinmarketcap.com/currencies/witch-token/""]",high,no
502890-76,Paycoin,danalfintech.com,dapp_or_product,yes,"[""PCI""]","[""Paycoin""]","[""https://payprotocol.io/""]",high,no
502911-82,STFX,stfx.io,protocol_or_network,yes,"[""STFX""]","[""STFX""]","[""https://docs.stfx.io/usdstfx-token""]",high,no
502920-46,dClinic,dclinic.co,dapp_or_product,yes,"[""VIC""]","[""VIC Rewards""]","[""https://vicrewards.io/""]",high,no
502922-26,Tower,tower.fi,protocol_or_network,yes,"[""QSR""]","[""Quasar""]","[""https://docs.quasar.fi/core/usdqsr-token""]",medium,yes
502983-46,Trikon,trikon.io,infrastructure_or_data,yes,"[""TRK""]","[""TRK""]","[""https://medium.com/%40Trikon_Official/trikons-vision-for-a-sustainable-gaming-economy-374a4be3bf9c""]",medium,yes
503011-00,Sinso,sinso.io,infrastructure_or_data,yes,"[""SINSO""]","[""SINSO""]","[""https://www.sinso.io/""]",high,no
503036-11,Spheron Network,spheron.network,protocol_or_network,yes,"[""SPON""]","[""Spheron Network""]","[""https://foundation.spheron.network/knowledge-gallery/token-utility""]",high,no
503110-27,PlayZap Games,playzap.games,gaming_or_nft,yes,"[""PZP""]","[""PlayZap""]","[""https://www.playzap.games/token""]",high,no
503195-86,Stride Labs,stride.zone,protocol_or_network,yes,"[""STRD""]","[""STRD Token""]","[""https://stride.zone/STRD-Token""]",high,no
503266-15,1Sol,1sol.io,protocol_or_network,yes,"[""1SOL""]","[""1Sol""]","[""https://coinmarketcap.com/currencies/1sol/""]",high,no
503284-78,RISC Zero,risczero.com,infrastructure_or_data,yes,"[""ZKC""]","[""ZK Coin""]","[""https://coinmarketcap.com/currencies/boundless/""]",medium,yes
503334-82,Fly (Financial Software),fly.trade,protocol_or_network,yes,"[""FLY"", ""xFLY"", ""FLY33""]","[""FLY"", ""xFLY"", ""FLY33""]","[""https://www.fly.trade/media-kit"", ""https://docs.fly.trade/guides/convert-fly-to-xfly"", ""https://docs.fly.trade/flycn/guides/xfly-vested-exit-instant-exit""]",high,no
503381-17,Atocha,atocha.io,protocol_or_network,yes,"[""ATO""]","[""ATO""]","[""https://atocha.io/news-from-us/atocha-protocol-tokenomics-and-economy-model/""]",high,no
503382-25,Few and Far,fewandfar.xyz,gaming_or_nft,yes,"[""FAR""]","[""Few and Far Protocol""]","[""https://fewandfar.xyz/token/""]",high,no
503392-33,Attarius Network,attarius.com,infrastructure_or_data,yes,"[""ATRS""]","[""ATRS""]","[""https://docs.attarius.com/docs/intro""]",high,no
503393-95,GARD Protocol,algogard.com,protocol_or_network,yes,"[""GARD"", ""GARDIAN"", ""GAIN""]","[""GARD"", ""GARDIAN"", ""GAIN""]","[""https://docs.algogard.com/support/gard-protocol-tokens""]",high,no
503394-40,Meta Blocks,metablocks.world,protocol_or_network,yes,"[""MBK""]","[""Meta Blocks token""]","[""https://metablocks.world/tokenomics/""]",medium,yes
503451-37,Waterfall DeFi,app.waterfalldefi.org,protocol_or_network,yes,"[""WTF""]","[""WTF""]","[""https://waterfall-defi.gitbook.io/waterfall-defi/tokenomics/what-is-wtf""]",high,no
503455-51,REVOX (Software Development Applications),revox.ai,protocol_or_network,yes,"[""REX"", ""sREX""]","[""REVOX"", ""sREX""]","[""https://coinmarketcap.com/currencies/revox/"", ""https://docs.revox.ai/tokenomics/tokenomics-v2""]",high,no
503455-87,Murasaki,murasaki.community,gaming_or_nft,yes,"[""MURA"", ""STL"", ""UCC""]","[""MURA"", ""Cyberstella STL"", ""Cyberstella UCC""]","[""https://murasaki-1.gitbook.io/welcome/murasaki-project/mura-token"", ""https://murasaki-b-v.gitbook.io/cyberstella/tokens/usdstl-and-usducc""]",high,no
503504-20,Luna Rush,doc.lunarush.io,gaming_or_nft,yes,"[""LUS""]","[""Luna Rush""]","[""https://www.coingecko.com/en/coins/luna-rush""]",high,no
503552-89,The Hub.,thehubdao.xyz,gaming_or_nft,yes,"[""MGH""]","[""MetaGameHub DAO""]","[""https://coinmarketcap.com/currencies/metagamehub-dao/""]",high,no
503588-80,Unbound Nation,unboundnation.io,gaming_or_nft,yes,"[""UNA""]","[""UNA""]","[""https://docs.unboundnation.io/usduna-token/token-utility""]",high,no
503598-07,MBD Financials,mbdfinancials.com,dapp_or_product,yes,"[""MBD""]","[""MBD Financials""]","[""https://coinmarketcap.com/currencies/mbd-financials/""]",medium,yes
503768-44,Unlockd Finance,unlockd.finance,protocol_or_network,yes,"[""UNLK""]","[""UNLK""]","[""https://docs.unlockd.finance/frequently-asked-questions/governance-and-token-faq""]",medium,yes
503770-06,DEFIT,app.defit.com,dapp_or_product,yes,"[""DEFIT""]","[""DEFIT""]","[""https://whitepaper.defit.com/tokenomics""]",high,no
503783-02,3DOS,3dos.io,protocol_or_network,yes,"[""3DOS""]","[""3DOS""]","[""https://3dos.io/features/3d-printer-network""]",medium,yes
503784-64,dWallet Labs,dwalletlabs.com,protocol_or_network,yes,"[""IKA""]","[""Ika""]","[""https://coinmarketcap.com/currencies/ika/""]",high,no
503826-22,DAM,dam.finance,protocol_or_network,yes,"[""D2O""]","[""d2o""]","[""https://docs.dam.finance/concepts/d2o""]",high,no
503838-19,Fog Works,fogworks.io,infrastructure_or_data,yes,"[""DMC""]","[""DMC""]","[""https://coinmarketcap.com/currencies/datamall-coin/""]",medium,yes
503866-81,Moonstone Labs,moonstonelabs.io,dapp_or_product,yes,"[""ASVA""]","[""Asva Labs""]","[""https://www.coingecko.com/en/coins/asva-labs""]",medium,yes
503919-01,Qitmeer,qitmeer.io,protocol_or_network,yes,"[""MEER""]","[""Qitmeer Coin""]","[""https://qng.qitmeer.io/tokens""]",high,no
503956-18,NFTify,nftify.network,gaming_or_nft,yes,"[""N1""]","[""NFTify""]","[""https://nftify.network/n1-token""]",high,no
504006-13,Bened,bened.cc,protocol_or_network,yes,"[""BND""]","[""Bened""]","[""https://coincodex.com/crypto/bened/""]",high,no
504039-07,Particl,particl.io,protocol_or_network,yes,"[""PART""]","[""Particl""]","[""https://www.coingecko.com/en/coins/particl""]",high,no
504045-46,Kepple,kepple.io,protocol_or_network,yes,"[""KPL""]","[""Kepple""]","[""https://coinmarketcap.com/currencies/kepple/""]",high,no
504089-29,Optim Finance,optim.finance,protocol_or_network,yes,"[""O""]","[""Optim Finance""]","[""https://www.coingecko.com/en/coins/optim-finance""]",high,no
504091-18,Elixir Network,elixir.xyz,protocol_or_network,yes,"[""ELX""]","[""ELX""]","[""https://docs.elixir.xyz/elx-role-in-the-elixir-ecosystem""]",high,no
504102-34,Cian (Business/Productivity Software),cian.app,protocol_or_network,yes,"[""CIAN""]","[""CIAN""]","[""https://docs.cian.app/point-system/cian-voyage-points""]",medium,yes
504119-35,ZYX Network,zyx.network,protocol_or_network,yes,"[""ZYX""]","[""ZYX""]","[""https://doc.zyx.network/zyx-docs/use-cases/for-users/rpc-links""]",high,no
504123-49,Relation Labs,relationlabs.ai,protocol_or_network,yes,"[""REL""]","[""REL""]","[""https://coinmarketcap.com/currencies/relation-labs/""]",high,no
504160-21,ZetaChain,zetachain.com,protocol_or_network,yes,"[""ZETA""]","[""ZETA""]","[""https://www.coingecko.com/en/coins/zetachain""]",high,no
504180-10,GT Protocol,gt-protocol.io,protocol_or_network,yes,"[""GTAI""]","[""GTAI""]","[""https://coinmarketcap.com/currencies/gt-protocol/""]",high,no
504190-99,Unreal Finance,unreal.finance,protocol_or_network,yes,"[""UGT""]","[""UGT""]","[""https://coinmarketcap.com/currencies/unreal-finance/""]",high,no
505061-38,Kingaru,kingaru.com,protocol_or_network,yes,"[""KRU""]","[""Kingaru""]","[""https://coinmarketcap.com/currencies/kingaru/""]",high,no
506647-00,GearBox Protocol,gearbox.finance,protocol_or_network,yes,"[""GEAR""]","[""GEAR""]","[""https://docs.gearbox.finance/gear-token/supply-information""]",high,no
506649-07,Vesta Finance,vestafinance.xyz,protocol_or_network,yes,"[""VSTA"", ""VST""]","[""Vesta Finance"", ""Vesta Stable""]","[""https://coinmarketcap.com/currencies/vesta-finance/"", ""https://www.coinbase.com/price/vesta-stable""]",medium,no
506686-78,Solana Mobile,solanamobile.com,infrastructure_or_data,yes,"[""SKR""]","[""SKR""]","[""https://solanamobile.com/skr""]",high,no
506732-41,Xterio,xter.io,gaming_or_nft,yes,"[""XTER""]","[""XTER""]","[""https://docs.xter.io/token-economy/xter""]",high,no
506762-47,Sei (Financial Software),sei.io,protocol_or_network,yes,"[""SEI""]","[""SEI""]","[""https://docs.sei.io/learn/dev-token-standards""]",high,no
506810-71,NEXTYPE,nextype.finance,gaming_or_nft,yes,"[""NT""]","[""NEXTYPE""]","[""https://docs.nextype.finance/tokenomics/nt-intro""]",high,no
506836-72,Mycelium,mycelium.xyz,protocol_or_network,yes,"[""MYC""]","[""Mycelium""]","[""https://coinmarketcap.com/currencies/mycelium/""]",high,no
506854-45,Efinti,efinti.com,infrastructure_or_data,yes,"[""EFY""]","[""EFY Token""]","[""https://efy-1.gitbook.io/whitepaper-efy-token-erc-20/introducing-efy-token""]",medium,no
506871-64,Space ID,space.id,protocol_or_network,yes,"[""ID""]","[""ID""]","[""https://docs.space.id/overview/id-token""]",high,no
506902-42,Tena Protocol,tenaprotocol.io,protocol_or_network,yes,"[""TENA""]","[""TENA""]","[""https://www.coincarp.com/currencies/tena/""]",high,no
506913-94,Impossible Cloud,impossiblecloud.com,infrastructure_or_data,yes,"[""ICNT""]","[""Impossible Cloud Network Token""]","[""https://console.impossiblecloud.com/static/icn/250325_ICNT_White_Paper_CBI_Notification_%28ID_3219157%29.pdf""]",medium,no
506949-67,Sylo (Other Financial Services),sylo.io,wallet_or_custody,yes,"[""SYLO""]","[""Sylo""]","[""https://coinmarketcap.com/currencies/sylo/""]",high,no
506971-99,Nibiru Chain,nibiru.fi,protocol_or_network,yes,"[""NIBI""]","[""NIBI""]","[""https://nibiru.fi/docs/learn/nibi.html""]",high,no
507099-25,Shardus,shardus.com,protocol_or_network,yes,"[""ULT""]","[""Shardus Token""]","[""https://shardus.com/""]",high,no
507157-48,HashUp,hashup.it,protocol_or_network,yes,"[""HASH""]","[""HashUp""]","[""https://wiki.hashup.it/get-started/token/tokenomics""]",high,no
507161-71,Alium Network,alium.finance,protocol_or_network,yes,"[""ALM""]","[""ALM Token""]","[""https://docs.alium.finance/products/alm-token""]",high,no
507261-70,Wormholes,wormholes.com,protocol_or_network,yes,"[""ERB""]","[""ERB""]","[""https://cryptototem.com/wormholeschain/""]",medium,no
507267-19,Veritise,veritise-france.fr,security_or_compliance,yes,"[""VTS""]","[""Veritise""]","[""https://bitmart.zendesk.com/hc/en-us/articles/8904925113627-Veritise-VTS""]",high,no
507273-58,NULS,nuls.io,protocol_or_network,yes,"[""NULS""]","[""NULS""]","[""https://site.nuls.io/nuls""]",high,no
507381-94,Mixin One,mixin.one,protocol_or_network,yes,"[""XIN""]","[""Mixin""]","[""https://mixin.one/assets/Mixin-Draft-2018-07-01.pdf""]",high,no
507396-07,Hyperlane,hyperlane.xyz,protocol_or_network,yes,"[""HYPER""]","[""HYPER""]","[""https://docs.hyperlane.xyz/docs/protocol-economics/intro""]",high,no
507403-72,Infinity Exchange,infinity.exchange,protocol_or_network,yes,"[""IFT""]","[""IFT""]","[""https://governancedocs.infinity.exchange/""]",high,no
507424-42,Hooked Protocol,hooked.io,protocol_or_network,yes,"[""HOOK""]","[""HOOK""]","[""https://hooked.io/Hooked_Terms_of_Token_Service.pdf""]",high,no
507456-10,Immunify.Life,immunify.life,dapp_or_product,yes,"[""IMM""]","[""IMM""]","[""https://www.immunify.life/tokenomics""]",high,no
509039-11,Saros Finance,dex.saros.xyz,protocol_or_network,yes,"[""SAROS""]","[""Saros""]","[""https://docs.saros.xyz/all-about-usdsaros/saros-token""]",high,no
509043-79,Fusionist,fusionist.io,gaming_or_nft,yes,"[""ACE""]","[""ACE""]","[""https://ace.fusionist.io/""]",high,no
509065-03,Lum Network,lum.network,protocol_or_network,yes,"[""LUM""]","[""LUM""]","[""https://coinmarketcap.com/currencies/lum-network/""]",high,no
509132-08,Highphen,highphen.co,protocol_or_network,yes,"[""DMTP""]","[""DMTP""]","[""https://dmtp.gitbook.io/dmtp-docs/about-dmtp/usddmtp-allocation""]",high,no
509174-83,FNCY,fncy.world,gaming_or_nft,yes,"[""FNCY""]","[""FNCY""]","[""https://fncy.world/""]",high,no
509184-10,Value Network (Financial Software),valuenetwork.live,protocol_or_network,yes,"[""VNTW""]","[""Value Network Token""]","[""https://coinmarketcap.com/currencies/value-network/""]",high,no
509194-00,Talis Protocol,talis.art,protocol_or_network,yes,"[""TALIS"", ""xTALIS""]","[""Talis"", ""xTalis""]","[""https://coinmarketcap.com/currencies/talis-protocol/"", ""https://governance.talis.art/""]",high,no
509207-77,DomainDao,thedomaindao.org,protocol_or_network,yes,"[""DOMAIN""]","[""DOMAIN""]","[""https://juicebox.money/#/p/domaindao""]",low,yes
509210-20,JoJoWorld,jojoworld.com,infrastructure_or_data,yes,"[""JOJO""]","[""JOJO""]","[""https://coinmarketcap.com/currencies/jojoworld/""]",high,no
509226-58,Heroes of NFT,heroesofnft.com,gaming_or_nft,yes,"[""HON"", ""HRM""]","[""HON Token"", ""HRM Token""]","[""https://docs.heroesofnft.com/economy/usdhon-tokenomics"", ""https://docs.heroesofnft.com/economy""]",high,no
509268-61,InsureDAO,insuredao.fi,protocol_or_network,yes,"[""INSURE""]","[""INSURE""]","[""https://www.insuredao.fi/""]",high,no
509324-50,Trrue,trrue.io,protocol_or_network,yes,"[""TRRUE""]","[""Trrue Coin""]","[""https://trrue-1.gitbook.io/trrue-docs/trrue-white-paper/5.-trrue-tokenomics-trrue""]",medium,yes
509444-20,TEN,ten.xyz,protocol_or_network,yes,"[""TEN""]","[""TEN""]","[""https://github.com/ten-protocol/foundation/blob/main/token-utility-whitepaper.md""]",high,no
509447-26,Adam Vault,adamvault.com,protocol_or_network,yes,"[""ADAM""]","[""ADAM""]","[""https://adamvault.com/""]",high,no
509462-20,TFM,tfm.com,protocol_or_network,yes,"[""TFM""]","[""TFM""]","[""https://tfm.com/""]",high,no
509480-56,Space Sip,sip.space,gaming_or_nft,yes,"[""SIP""]","[""Space SIP""]","[""https://medium.com/space-sip/space-sip-tokennomics-sip-759b73be080""]",high,no
509482-90,Eclipse (Software Development Applications),eclipse.xyz,protocol_or_network,yes,"[""ES""]","[""Eclipse""]","[""https://www.eclipse.xyz/articles/introducing-es""]",high,no
509491-99,Astra Studio (Software Development Applications),astrastudio.digital,gaming_or_nft,yes,"[""MOO""]","[""Moo Token""]","[""https://moomonster.gitbook.io/moo-monster-whitepaper/tokens/moo""]",high,no
509519-44,Kaito (Information Services (B2C)),kaito.ai,infrastructure_or_data,yes,"[""KAITO""]","[""KAITO""]","[""https://docs.kaito.ai/overview/introducing-usdkaito""]",high,no
509554-81,Resilience (Financial Software),re.xyz,protocol_or_network,yes,"[""reUSD"", ""reUSDe""]","[""reUSD"", ""reUSDe""]","[""https://app.re.xyz/reusd"", ""https://app.re.xyz/reusde""]",high,no
509567-14,BTU Protocol,btu-protocol.xyz,protocol_or_network,yes,"[""BTU""]","[""BTU""]","[""https://coinmarketcap.com/currencies/btu-protocol/""]",high,no
509573-89,BullionFX,bullionfx.com,dapp_or_product,yes,"[""GOLD"", ""ALCHEMY""]","[""Gold"", ""ALCHEMY""]","[""https://alchemy.xyz/""]",high,no
509588-83,TeaProject,teaproject.org,protocol_or_network,yes,"[""TEA""]","[""TEA Token""]","[""https://docs.teaproject.org/_3_token/tea-tokens""]",high,no
509590-00,ORE Network,ore.network,protocol_or_network,yes,"[""ORE""]","[""ORE Network""]","[""https://www.coingecko.com/en/coins/ore-network""]",high,no
509613-31,Minteo,minteo.com,infrastructure_or_data,yes,"[""COPM"", ""MXNM"", ""CLPM"", ""PENM""]","[""COPM"", ""MXNM"", ""CLPM"", ""PENM""]","[""https://transparency.minteo.com/"", ""https://minteo.com/""]",high,no
509988-97,XDC Network,xinfin.org,protocol_or_network,yes,"[""XDC""]","[""XDC Network""]","[""https://xinfin.org/get-xdc""]",high,no
509990-23,Porta ( Application Software),porta.network,protocol_or_network,yes,"[""KIAN"", ""PORTA""]","[""KIAN"", ""PORTA""]","[""https://porta.network/"", ""https://porta.network/whitepaper.html""]",medium,yes
510104-08,Grindery,grindery.com,wallet_or_custody,yes,"[""GX""]","[""GX""]","[""https://docs.grindery.com/""]",high,no
510168-70,DeepSquare,deepsquare.io,protocol_or_network,yes,"[""DPS""]","[""DeepSquare""]","[""https://etherscan.io/token/0x8dffcd9a2f392451e0ce7a1f0d73d65c5807ecd3""]",high,no
510169-15,Category Labs,category.xyz,protocol_or_network,yes,"[""MON""]","[""Monad""]","[""https://www.monad.xyz/announcements/mon-tokenomics-overview""]",high,no
510189-94,ZettaBlock,zettablock.com,infrastructure_or_data,yes,"[""KITE""]","[""KITE""]","[""https://kite.foundation/tokenomics""]",high,no
510199-66,Blackbird Labs,blackbird.xyz,dapp_or_product,yes,"[""FLY"", ""F2""]","[""FLY"", ""F2""]","[""https://www.thesupersonic.blackbird.xyz/p/introducing-fly-blackbirds-native"", ""https://www.thesupersonic.blackbird.xyz/p/introducing-flynet-blackbirds-onchain""]",high,no
510333-76,GR1D,gr1d.network,protocol_or_network,yes,"[""GRID""]","[""GRID Token""]","[""https://docs.gr1d.network/gr1d-tokenomics""]",high,no
510373-45,Mineplex,mineplex.io,protocol_or_network,yes,"[""MINE"", ""PLEX"", ""MPX"", ""XFI""]","[""Mine"", ""Plex"", ""XMine"", ""CrossFi""]","[""https://mineplex.io/token""]",high,no
510427-90,Bridge (San Antonio),bridge.xyz,infrastructure_or_data,yes,"[""USDB""]","[""USDB""]","[""https://apidocs.bridge.xyz/platform/issuance/usdb""]",high,no
510466-33,Valory,valory.xyz,protocol_or_network,yes,"[""OLAS""]","[""OLAS""]","[""https://olas.network/olas-token""]",high,no
510481-99,Arcium,arcium.com,protocol_or_network,yes,"[""ARX""]","[""Arcium""]","[""https://www.arcium.com/""]",medium,yes
510500-71,Exverse,exv.io,gaming_or_nft,yes,"[""EXVG""]","[""Exverse""]","[""https://coinmarketcap.com/currencies/exverse/""]",high,no
510658-39,C+Charge,c-charge.io,dapp_or_product,yes,"[""CCHG""]","[""C+Charge""]","[""https://c-charge.io/FAQ/""]",high,no
510660-37,Chainbase,chainbase.com,infrastructure_or_data,yes,"[""C""]","[""Chainbase""]","[""https://blog.chainbase.com/introducing-c""]",high,no
510779-26,Cedro,twinelabs.xyz,protocol_or_network,yes,"[""CED""]","[""CED""]","[""https://medium.com/cedro-finance/how-does-the-ced-token-support-the-lending-function-5c844d4d3771""]",medium,no
510779-98,Acumen,acumen.network,protocol_or_network,yes,"[""ACMN""]","[""ACMN""]","[""https://acumenofficial.medium.com/introducing-the-acumen-protocol-e05a52fd0463""]",medium,yes
512105-32,Yoyow,yoyow.org,protocol_or_network,yes,"[""YOYOW""]","[""YOYOW""]","[""https://coinmarketcap.com/currencies/yoyow/""]",high,no
512172-37,Timeswap,timeswap.io,protocol_or_network,yes,"[""TIME""]","[""Timeswap""]","[""https://www.coingecko.com/en/coins/timeswap""]",high,no
512266-96,iBTC,ibtc.network,protocol_or_network,yes,"[""iBTC""]","[""iBTC""]","[""https://docs.ibtc.network/ibtc-documentation/protocol/what-is-ibtc""]",high,no
512269-48,Sustainable Bitcoin Protocol,sustainablebtc.org,protocol_or_network,yes,"[""SBP""]","[""SBP token""]","[""https://www.sustainablebtc.org/page/terms-and-conditions""]",high,no
512271-73,NOBORDER.Z INNOVATIONS,noborderz.com,gaming_or_nft,yes,"[""XETA""]","[""XETA""]","[""https://xana.net/blog/xeta-tokenomics-the-core-of-xanas-ecosystem/""]",high,no
512274-25,Jackal Protocol,jackalprotocol.com,protocol_or_network,yes,"[""JKL""]","[""JKL""]","[""https://docs.jackalprotocol.com/get-started-with-jackal/the-usdjkl-token.html""]",high,no
512293-33,Thala,thalalabs.xyz,protocol_or_network,yes,"[""THL"", ""MOD""]","[""Thala"", ""Move Dollar""]","[""https://coinmarketcap.com/currencies/thala/"", ""https://thalalabs.medium.com/thala-integrates-layerzero-move-dollar-and-thl-as-omnichain-fungible-tokens-969f181e10f0""]",high,no
512306-02,Teleport (Miami),teleport.xyz,protocol_or_network,yes,"[""TRIP""]","[""TRIP""]","[""https://depinscan.io/projects/teleport""]",medium,no
512324-11,Stargate,stargate.finance,protocol_or_network,yes,"[""STG""]","[""STG""]","[""https://docs.stargate.finance/primitives/earn""]",high,no
512476-75,Sui Name Service,suins.io,protocol_or_network,yes,"[""NS""]","[""NS""]","[""https://token.suins.io/""]",high,no
512540-74,AppLayer (Software Development Applications),applayer.com,protocol_or_network,yes,"[""APPL""]","[""APPL""]","[""https://docs.applayer.com/testnet/how-applayer-works/validators""]",high,no
512601-04,Fruitlab,fruitlab.com,gaming_or_nft,yes,"[""PIP""]","[""PIP""]","[""https://coinmarketcap.com/currencies/pip-token/""]",high,no
512651-98,Xnet (Telecommunications Service Providers),xnetmobile.com,infrastructure_or_data,yes,"[""XNET""]","[""XNET""]","[""https://www.xnetmobile.com/blog/xnet-foundation-releases-xnet-staking""]",high,no
512673-40,Evmos,evmos.org,protocol_or_network,yes,"[""EVMOS""]","[""Evmos""]","[""https://coinmarketcap.com/currencies/evmos/""]",high,no
512784-01,Gentarium International,gtmcoin.io,mining_or_validator,yes,"[""GTM""]","[""Gentarium""]","[""https://coinmarketcap.com/currencies/gentarium/""]",high,no
512860-69,Dexfolio,dexfolio.org,dapp_or_product,yes,"[""DEXF""]","[""Dexfolio""]","[""https://coinmarketcap.com/currencies/dexfolio/""]",high,no
512934-31,ALL.ART,all.art,dapp_or_product,yes,"[""AART""]","[""ALL.ART""]","[""https://www.coingecko.com/en/coins/all-art""]",high,no
512936-29,Ethernity Cloud,ethernity.cloud,infrastructure_or_data,yes,"[""ECLD"", ""ETNY""]","[""Ethernity Cloud""]","[""https://coinmarketcap.com/currencies/ethernity-cloud/"", ""https://docs.ethernity.cloud/wallet/send-enty""]",high,no
512936-65,Idep,idep.network,protocol_or_network,yes,"[""IDEP""]","[""IDEP""]","[""https://medium.com/idep-network/idep-network-tokenomics-c05babc463b7""]",high,no
513029-98,Jupiter Meta,jupitermeta.io,protocol_or_network,yes,"[""JMDT""]","[""Jupiter Meta Data Token""]","[""https://jmdt.io/blog/iskcon-abids-donation-transparency""]",high,no
513091-00,Sonorus,sonorus.network,protocol_or_network,yes,"[""SNS""]","[""SNS""]","[""https://sonorus.network/sns""]",high,no
513123-40,Omphalos Protocol,omphalos.co,protocol_or_network,yes,"[""OMPL""]","[""Omphalos""]","[""https://icomarks.ai/ico/omphalos""]",medium,yes
513142-57,C4E,c4e.io,protocol_or_network,yes,"[""C4E""]","[""C4E""]","[""https://coinmarketcap.com/currencies/chain4energy/""]",high,no
513163-36,Edge (Systems and Information Management),edge.network,protocol_or_network,yes,"[""EDGE"", ""XE""]","[""EDGE"", ""XE""]","[""https://edge.network/about"", ""https://wiki.edge.network/support/faq/tokens/""]",high,no
513163-63,EchoLink,echolink.info,protocol_or_network,yes,"[""EKO""]","[""EKO""]","[""https://www.echolink.info/tokenswap""]",high,no
513171-73,Apron Network,apron.network,gaming_or_nft,yes,"[""APN""]","[""Apron""]","[""https://apron-network.medium.com/apron-network-token-economy-and-token-utility-671e7d9c10b8""]",high,no
513188-29,CoTrader,cotrader.com,protocol_or_network,yes,"[""COT""]","[""CoTrader""]","[""https://coinmarketcap.com/currencies/cotrader/""]",high,no
513201-52,OMNIA Protocol,omniatech.io,security_or_compliance,yes,"[""OMNIA""]","[""OMNIA""]","[""https://omniatech.io/pages/omnia-tokenomics-and-token-utility/""]",medium,yes
513205-12,DVP,dvpnet.io,security_or_compliance,yes,"[""DVP""]","[""DVP""]","[""https://coinmarketcap.com/currencies/decentralized-vulnerability-platform/""]",medium,yes
513206-29,Soteria (Financial Software),soteria.finance,protocol_or_network,yes,"[""SOTE"", ""WSOTE""]","[""SOTE"", ""WSOTE""]","[""https://coinmarketcap.com/currencies/soteria-token/"", ""https://coinmarketcap.com/currencies/soteria/""]",high,no
513206-92,dKargo,dkargo.io,protocol_or_network,yes,"[""DKA""]","[""DKA""]","[""https://whitepaper.dkargo.io/v2.1-eng/platform-overview/tokenomics""]",high,no
513207-28,TheForce.Trade,theforce.trade,dapp_or_product,yes,"[""FOC""]","[""TheForce Trade""]","[""https://coinmarketcap.com/currencies/theforce-trade/""]",high,no
513330-13,TCS BLOCKCHAIN,tcsblockchain.com,service_provider,yes,"[""TCS""]","[""TCS Token""]","[""https://www.tcsblockchain.com/tcs_whitepaper_v3.pdf""]",medium,yes
513391-96,August (Financial Software),augustdigital.io,protocol_or_network,yes,"[""FCL""]","[""Fractal ID""]","[""https://coinmarketcap.com/currencies/fractal/""]",medium,no
513407-35,xToken Market,xtoken.market,dapp_or_product,yes,"[""XTK""]","[""xToken""]","[""https://www.coingecko.com/en/coins/xtoken""]",medium,yes
515131-12,Orbiter Finance,orbiter.finance,protocol_or_network,yes,"[""OBT""]","[""Orbiter Finance""]","[""https://coinmarketcap.com/currencies/orbiter-finance/""]",medium,yes
515272-24,Metatime,metatime.com,protocol_or_network,yes,"[""MTC""]","[""Metatime Coin""]","[""https://docs.metatime.com/home/products/metatime-coin""]",high,no
515337-22,Sentio,sentio.xyz,infrastructure_or_data,yes,"[""ST""]","[""Sentio Token""]","[""https://docs.sentio.xyz/docs/token-economy""]",high,no
515505-52,Elympics,elympics.ai,protocol_or_network,yes,"[""ELP""]","[""Elympics Token""]","[""https://www.elympics.ai/post/elympics-tge---everything-you-need-to-know""]",high,no
515516-23,UnUniFi,ununifi.io,protocol_or_network,yes,"[""GLU""]","[""Gluon""]","[""https://docs.sunriselayer.io/learn/glu""]",low,no
515551-87,Datafund,datafund.io,infrastructure_or_data,yes,"[""DEX""]","[""DEX Token""]","[""https://www.icomarks.ai/ico/datafund""]",medium,yes
515572-84,Bankless,bankless.com,media_or_education,yes,"[""BANK""]","[""Bankless DAO""]","[""https://www.bankless.com/prices/bankless-dao""]",medium,yes
515704-78,Takadao,takadao.io,protocol_or_network,yes,"[""TAKA""]","[""TAKA""]","[""https://docs.takadao.io/takadao-docs/part-c.-takadao-the-company/10-the-takadao-token-taka""]",high,no
515740-15,SQE.io,sqe.io,protocol_or_network,yes,"[""QUEC""]","[""QueCredit""]","[""https://sqe.io/quecredit/""]",high,no
515765-98,Membrane Finance,membrane.fi,protocol_or_network,yes,"[""EUROE""]","[""EUROe Stablecoin""]","[""https://coinmarketcap.com/currencies/euroe-stablecoin/""]",high,no
516050-56,Berry Store,berrystore.co.kr,gaming_or_nft,yes,"[""BERRY""]","[""Berry""]","[""https://docs.berrystore.net/""]",high,no
516051-01,Kingdomverse,kingdomverse.xyz,gaming_or_nft,yes,"[""KING""]","[""Kingdomverse""]","[""https://coinmarketcap.com/currencies/kingdomverse/""]",high,no
517013-29,LumiShare,lumishare.io,dapp_or_product,yes,"[""LUMI""]","[""LumiShare""]","[""https://coinmarketcap.com/currencies/lumishare/""]",high,no
517281-22,Zaisan,zaisan.io,protocol_or_network,yes,"[""XEC""]","[""Europechain Token""]","[""https://zaisan.io/solutions/europechain/""]",medium,yes
517331-89,Zayn Network,zayn.network,protocol_or_network,yes,"[""ZAYN""]","[""ZAYN""]","[""https://zayn.network/""]",medium,yes
517387-42,Dapps (Financial Software),dapps.co,protocol_or_network,yes,"[""DAPPS"", ""UFARM""]","[""Dapps Energy Token"", ""UFARM""]","[""https://research.dapps.co/tokenomics/overview"", ""https://research.dapps.co/tokenomics/role-of-ufarm""]",high,no
517411-90,Karrier One,karrier.one,protocol_or_network,yes,"[""KONE""]","[""KONE Token""]","[""https://www.karrier.one/token""]",high,no
517450-24,UWIM,uwim.io,protocol_or_network,yes,"[""UWM""]","[""UWM""]","[""https://uwim.io/en/about""]",high,no
517466-35,RealFi,realfi.co,dapp_or_product,yes,"[""USDr""]","[""USDr""]","[""https://realfi.co/""]",medium,yes
517541-05,NFTmall,nftmall.io,gaming_or_nft,yes,"[""GEM""]","[""GEM""]","[""https://nftmall.io/gem""]",high,no
517736-98,XT Block,xtblock.io,protocol_or_network,yes,"[""XTT-B20""]","[""XTblock""]","[""https://coinmarketcap.com/currencies/xtblock/""]",high,no
517758-22,Zoth,zoth.io,protocol_or_network,yes,"[""ZOTH"", ""ZeUSD""]","[""ZOTH Token"", ""ZeUSD""]","[""https://docs.zoth.io/zoth/products/zoth-token"", ""https://docs.zoth.io/zoth/tech-center/smart-contracts/zeusd-token""]",high,no
517821-67,Watr,watr.org,protocol_or_network,yes,"[""WATR""]","[""WATR""]","[""https://coinmarketcap.com/currencies/watr/""]",high,no
517866-40,Battle Infinity,battleinfinity.io,gaming_or_nft,yes,"[""IBAT""]","[""IBAT""]","[""https://battleinfinity.io/""]",high,no
517866-94,Lucidao,lucidao.com,protocol_or_network,yes,"[""LCD""]","[""LCD Token""]","[""https://docs.lucidao.com/overview/usdlcd-token""]",high,no
517867-39,Luxochain,luxochain.io,dapp_or_product,yes,"[""LUXO""]","[""Luxo""]","[""https://luxo.io/""]",high,no
517869-37,Puffer Finance,puffer.fi,protocol_or_network,yes,"[""PUFFER"", ""pufETH""]","[""Puffer"", ""pufETH""]","[""https://coinmarketcap.com/currencies/puffer/"", ""https://coinmarketcap.com/currencies/pufeth/""]",high,no
517938-49,Triple5,triple5.io,protocol_or_network,yes,"[""T5""]","[""T5 Token""]","[""https://doc.triple5.io/knowledge-base/white-paper""]",high,no
517947-49,Convex (Financial Software),convex.world,protocol_or_network,yes,"[""CVM""]","[""Convex Coin""]","[""https://convex.world/coin""]",high,no
517948-57,Fourchains,four-chains.com,protocol_or_network,yes,"[""EHT""]","[""EHT""]","[""https://eht.im/""]",medium,no
518099-77,Volt Protocol,voltprotocol.io,protocol_or_network,yes,"[""VOLT""]","[""VOLT""]","[""https://coinmarketcap.com/currencies/volt-protocol/""]",medium,yes
518210-29,ORA (Financial Software),ora.io,protocol_or_network,yes,"[""ORA""]","[""World Gas""]","[""https://docs.ora.io/doc/foundation/ora-coin-usdora""]",high,no
518231-80,Headline (Financial Software),headline.dev,infrastructure_or_data,yes,"[""HDL""]","[""HDL""]","[""https://headline-inc.com/help/faq""]",high,no
518296-78,Super Protocol,superprotocol.com,protocol_or_network,yes,"[""TEE""]","[""Super Protocol Token""]","[""https://www.coingecko.com/en/coins/super-protocol-token""]",medium,no
518343-67,Diva,diva.community,protocol_or_network,yes,"[""DIVA"", ""divETH"", ""wdivETH""]","[""DIVA"", ""divETH"", ""wdivETH""]","[""https://docs.divastaking.com/about/"", ""https://docs.divastaking.com/lst/""]",high,no
518360-32,WeaveDB,weavedb.dev,infrastructure_or_data,yes,"[""DB""]","[""DB""]","[""https://weavedb.dev/""]",high,no
518454-37,Davos,davos.xyz,protocol_or_network,yes,"[""DUSD"", ""DGT"", ""sDUSD""]","[""DUSD stablecoin"", ""Davos Governance Token"", ""Davos Savings Rate Token""]","[""https://docs.davos.xyz/for-developers/addresses/tokens/dusd"", ""https://docs.davos.xyz/community-and-governance/governance"", ""https://docs.davos.xyz/for-developers/addresses/tokens/sdusd""]",high,no
518457-88,Silent Protocol,silentprotocol.org,protocol_or_network,yes,"[""GHOST"", ""SHHHHHH"", ""SILENT""]","[""GHOST"", ""SHHHHHH"", ""SILENT""]","[""https://silent-protocol.gitbook.io/silent-protocol-1"", ""https://www.silentprotocol.org/post/disjunction-of-spirits""]",high,no
518461-12,Koinos,koinos.group,protocol_or_network,yes,"[""KOIN"", ""VHP""]","[""KOIN"", ""VHP""]","[""https://docs.koinos.io/overview/tokenomics/"", ""https://docs.koinos.io/architecture/proof-of-burn/""]",high,no
518501-80,Lamina1,lamina1.com,protocol_or_network,yes,"[""L1"", ""LL1"", ""RL1""]","[""L1"", ""Launch L1"", ""Reward L1""]","[""https://docs.lamina1.com/docs/native-currency-l1/"", ""https://docs.lamina1.com/docs/genesis-block-l1-at-launch/"", ""https://docs.lamina1.com/docs/lamina1-governance/""]",high,no
518515-12,Web3Go Technology,din.lol,infrastructure_or_data,yes,"[""DIN"", ""xDIN""]","[""DIN token"", ""xDIN node token""]","[""https://docs.din.lol/din-cook-data-for-ai/how-din-works/tokenomics-and-utilities/token-allocations"", ""https://docs.din.lol/din-cook-data-for-ai/how-to-join/chipper-node-explained/farm-xdin""]",high,no
518805-73,Loominate,loominate.app,dapp_or_product,yes,"[""GOOD""]","[""GOOD""]","[""https://whitepaper.loominate.app/start-of-whitepaper/usdgood-token-economy""]",high,no
518814-19,Berachain,berachain.com,protocol_or_network,yes,"[""BERA"", ""BGT"", ""HONEY"", ""sWBERA""]","[""BERA token"", ""BGT token"", ""HONEY stablecoin"", ""sWBERA wrapped token""]","[""https://docs.berachain.com/general/tokens/bera"", ""https://docs.berachain.com/general/tokens/bgt"", ""https://docs.berachain.com/general/tokens/honey"", ""https://docs.berachain.com/general/tokens/swbera""]",high,no
518898-16,Jade City,jadecity.io,protocol_or_network,yes,"[""JCT"", ""JADE"", ""BT""]","[""Jade City Token"", ""jade token"", ""Boulder tokens""]","[""https://www.jadecity.io/""]",high,no
518911-03,Orchai,orchai.io,protocol_or_network,yes,"[""OCH"", ""xOCH""]","[""Orchai token"", ""Orchai reward token""]","[""https://docs.orchai.io/whitepaper/tokenomics""]",high,no
519008-95,OpenEx,openex.xyz,protocol_or_network,yes,"[""OEX"", ""USDX""]","[""OpenEX"", ""USDX""]","[""https://docs.openex.network/docs/%24oex/info/"", ""https://docs.openex.network/docs/openex/usdx/""]",high,no
519173-83,Gifto,gifto.io,protocol_or_network,yes,"[""GFT""]","[""Gifto""]","[""https://coinmarketcap.com/currencies/gifto/""]",high,no
519243-67,Paloma (Communication Software),palomachain.com,protocol_or_network,yes,"[""GRAIN""]","[""GRAIN""]","[""https://forum.palomachain.com/t/pip-10-paloma-chain-mainnet-tokenomics/148""]",high,no
519324-22,Archimedes (Financial Software),archimedesfi.com,protocol_or_network,yes,"[""ARCH"", ""lvUSD"", ""veARCH""]","[""ARCH"", ""lvUSD"", ""veARCH""]","[""https://docs.archimedesfi.com/tokenomics-and-ecosystem/dollararch"", ""https://docs.archimedesfi.com/archive/archimedes-finance-whitepaper-(v2)"", ""https://docs.archimedesfi.com/technical-documentation/contract-addresses""]",high,no
519400-99,Port3,port3.io,infrastructure_or_data,yes,"[""PORT3""]","[""Port3 Network""]","[""https://port3.io/incentive""]",high,no
519549-40,Metaverse HQ,mvhq.io,protocol_or_network,yes,"[""HQ""]","[""Metaverse HQ""]","[""https://coinmarketcap.com/currencies/metaverse-hq/""]",high,no
519588-37,Okratech,okratech.ae,service_provider,yes,"[""ORT""]","[""Okratech Token""]","[""https://www.coingecko.com/en/coins/okratech-token""]",high,no
519594-22,MAP Protocol,mapprotocol.io,protocol_or_network,yes,"[""MAPO""]","[""MAPO""]","[""https://www.mapprotocol.io/get-mapo""]",high,no
519632-56,Sportiqo,kryzel.io,protocol_or_network,yes,"[""KRZ""]","[""KRZ token""]","[""https://medium.com/@kryzel/revolutionizing-sports-prediction-how-kryzel-is-reshaping-a-2-trillion-industry-f5cc64e91346""]",medium,no
519724-45,Dymension,dymension.xyz,protocol_or_network,yes,"[""DYM""]","[""Dymension""]","[""https://coinmarketcap.com/currencies/dymension/""]",high,no
519753-25,TERM Finance (Financial Software),term.finance,protocol_or_network,yes,"[""TERM""]","[""Term Finance""]","[""https://www.coingecko.com/en/coins/term-finance""]",medium,yes
519758-47,DelNorte (Media and Information Services (B2B)),delnorte.io,infrastructure_or_data,yes,"[""DTVC"", ""DTV""]","[""DelNorte Club Token"", ""DelNorte Terra Vision Token""]","[""https://terms.delnorte.io/terms.pdf"", ""https://delnorte.io/docs/DTV%20Tokenomics.pdf""]",high,no
519846-31,Caldera,caldera.xyz,protocol_or_network,yes,"[""ERA""]","[""Caldera""]","[""https://coinmarketcap.com/currencies/caldera/""]",high,no
519862-51,Airchains,airchains.io,protocol_or_network,yes,"[""AMF""]","[""AMF""]","[""https://faucet.airchains.io/""]",high,no
519911-47,Polyhedra,polyhedra.network,protocol_or_network,yes,"[""ZKJ""]","[""Polyhedra Network""]","[""https://coinmarketcap.com/currencies/polyhedra-network/""]",high,no
520011-46,access (Business/Productivity Software),accessprotocol.co,protocol_or_network,yes,"[""ACS""]","[""Access Protocol""]","[""https://www.accessprotocol.co/en/supporters""]",high,no
520072-21,Chillville,chillville.co,gaming_or_nft,yes,"[""CHILL""]","[""CHILL""]","[""https://medium.com/chillville/the-chillville-economy-in-game-items-v2p-the-chill-token-9675dc671062""]",high,no
520098-22,Cysic,cysic.xyz,protocol_or_network,yes,"[""CYS""]","[""Cysic""]","[""https://docs.cysicfoundation.org/tokenomics""]",high,no
520473-97,PHI-LABS,phiprotocol.xyz,protocol_or_network,yes,"[""PHI"", ""stPHI""]","[""Phi"", ""Staked Phi Token""]","[""https://docs.phi.box/explore-phi/phi-token/tokenomics"", ""https://docs.phi.box/explore-phi/phi-token/phi-staking-reward""]",high,no
520479-82,Decentraweb,decentraweb.org,protocol_or_network,yes,"[""DWEB""]","[""DecentraWeb""]","[""https://docs.decentraweb.org/decentraweb/dweb/about-dweb-token""]",high,no
520598-80,Switchboard,switchboard.xyz,protocol_or_network,yes,"[""SWTCH"", ""svSWTCH""]","[""Switchboard"", ""staked-vote Switchboard""]","[""https://docs.switchboard.xyz/governance-and-tokenomics/swtch-token-overview"", ""https://docs.switchboard.foundation/tokenomics-and-governance""]",high,no
520608-97,IOPn,iopn.io,protocol_or_network,yes,"[""OPN""]","[""OPN""]","[""https://coinmarketcap.com/currencies/iopn/""]",high,no
520721-20,Beldex,beldex.io,protocol_or_network,yes,"[""BDX""]","[""Beldex""]","[""https://www.beldex.io/usebdx""]",high,no
520736-68,Huma (Financial Services),huma.finance,protocol_or_network,yes,"[""HUMA"", ""PST"", ""mPST""]","[""HUMA"", ""PST"", ""mPST""]","[""https://blog.huma.finance/introducing-huma-powering-the-future-of-payfi"", ""https://docs.huma.finance/products/huma-2.0/faqs""]",high,no
520750-54,Superalgos,superalgos.org,protocol_or_network,yes,"[""SA""]","[""Superalgos""]","[""https://superalgos.org/Docs/Foundations/Concept/superalgos-sa-token.shtml""]",high,no
520765-48,TX Labs,bless.network,protocol_or_network,yes,"[""BLESS""]","[""BLESS""]","[""https://docs.bless.net/bless-token/bless""]",high,no
520913-53,Wakweli,wakweli.com,protocol_or_network,yes,"[""WAKU""]","[""WAKU""]","[""https://whitepaper.wakweli.com/""]",high,no
521042-77,Re:Dreamer,redreamer.io,protocol_or_network,yes,"[""RPT"", ""RFT""]","[""RPT"", ""RFT""]","[""https://docs.redreamer.io/the-ecosystem/rpt-distribution/vesting-schedule"", ""https://www.redreamer.io/fanstoken""]",high,no
521045-38,Alphabill,alphabill.org,protocol_or_network,yes,"[""ALPHA""]","[""ALPHA""]","[""https://docs.alphabill.org/glossary""]",high,no
521062-39,Ferris Labs,ferrislabs.io,gaming_or_nft,yes,"[""FER""]","[""Ferris""]","[""https://docs.ferrisgames.com/ferris-docs/tokenomics/usdfer-token-ecosystem""]",high,no
521134-39,Zeppelin (Wireless Service Providers),zeppelinwireless.com,infrastructure_or_data,yes,"[""EAT""]","[""375ai Token""]","[""https://coinmarketcap.com/currencies/375ai/""]",medium,yes
521141-50,Lifeform (Financial Software),lifeform.cc,protocol_or_network,yes,"[""LFT""]","[""Lifeform Token""]","[""https://lifeformcc.notion.site/WHITEPAPER-076ce3d27354475d8ee6a46c6c3ee6fe""]",high,no
521198-56,Mind Network,mindnetwork.xyz,protocol_or_network,yes,"[""FHE""]","[""FHE""]","[""https://docs.mindnetwork.xyz/minddocs/governance/tokenomics""]",high,no
521200-00,Tensor (Financial Services),tensor.trade,gaming_or_nft,yes,"[""TNSR""]","[""TNSR""]","[""https://docs.tensor.foundation/tokenomics""]",high,no
521253-28,Legion Network,legionnetwork.io,dapp_or_product,yes,"[""LGX""]","[""LGX""]","[""https://docs.legionnetwork.io/tokenomics/what-is-lgx""]",high,no
521383-24,Gyroscope (Financial Software),gyro.finance,protocol_or_network,yes,"[""GYFI"", ""GYD""]","[""Gyroscope Governance Token"", ""Gyro Dollar""]","[""https://docs.gyro.finance/governance/gyfi-tokenomics/"", ""https://docs.gyro.finance/tldr.html""]",high,no
521397-01,Hi (Financial Software),hi.com,wallet_or_custody,yes,"[""HI""]","[""hi Dollar""]","[""https://hi.com/token/hi""]",high,no
521409-97,GammaSwap,gammaswap.com,protocol_or_network,yes,"[""GS"", ""esGS""]","[""GS governance token"", ""Escrowed GS""]","[""https://gammaswap.com/blog/gstokenlaunch""]",high,no
521473-69,Chemix Marketplace,chemix.io,dapp_or_product,yes,"[""CEP"", ""gCEP"", ""CVT""]","[""Chemix Ecosystem Pass"", ""Golden CEP"", ""Chemix Voucher Token""]","[""https://docs.chemix.io/chemix-eco-token-economics/the-cep-token"", ""https://docs.chemix.io/chemix-eco-token-economics/the-multi-token-model-of-chemix-ecosystem""]",high,no
521524-90,POPOLOGY Networks,popologynetworks.com,protocol_or_network,yes,"[""POP""]","[""POPOLOGYcoin""]","[""https://popologynetworks.com/our-token""]",medium,yes
521695-00,Nirvana Finance,nirvana.finance,protocol_or_network,yes,"[""ANA"", ""NIRV"", ""prANA""]","[""ANA"", ""NIRV"", ""prANA""]","[""https://docs.nirvana.finance/s3-nirvana/p2-the-assured-value-machine"", ""https://docs.nirvana.finance/elements/nirv"", ""https://docs.nirvana.finance/elements/prana""]",high,no
521753-86,BlockProtocol,blockprotocol.gg,protocol_or_network,yes,"[""BLOCK""]","[""BLOCK""]","[""https://docs.blockprotocol.gg/blockgames/usdblock-tokenomics/usdblock-token""]",high,no
521779-15,GhostDrive,ghostdrive.com,protocol_or_network,yes,"[""GD""]","[""GhostDrive""]","[""https://token.ghostdrive.com/""]",high,no
521991-37,Story Protocol,story.foundation,protocol_or_network,yes,"[""IP""]","[""IP""]","[""https://www.story.foundation/blog/introducing-ip""]",high,no
522001-63,Manifest (New Castle),manifest.finance,protocol_or_network,yes,"[""USH"", ""sUSH""]","[""U.S. Housing Token"", ""Staked USH""]","[""https://docs.manifest.finance/tokens/what-is-usdush"", ""https://docs.manifest.finance/tokens/sush""]",high,no
522017-47,Vision Game,visiongame.io,gaming_or_nft,yes,"[""VISION""]","[""VisionGame""]","[""https://www.visiongame.io/2024/11/26/dive-in-unlocking-the-power-of-vision-in-the-visiongame-ecosystem/""]",high,no
522137-53,Kryxivia,kryxivia.io,gaming_or_nft,yes,"[""KXA"", ""KXS""]","[""Kryxivia Coin"", ""Kryxit Shard""]","[""https://docs.kryxivia.io/kryxivia-coin-kxa-main-blockchain-currency/presentation-and-tokenomics"", ""https://docs.kryxivia.io/kryxit-shard-kxs-in-game-currency/presentation-and-tokenomics""]",high,no
522155-62,Oort Digital,oort.digital,gaming_or_nft,yes,"[""OORT""]","[""OORT Token""]","[""https://oort.digital/""]",high,no
522162-46,Bluejay Games,bluejaygames.com,gaming_or_nft,yes,"[""BjG""]","[""BjG Token""]","[""https://telegra.ph/BjG-Token-Ecosystem-White-Paper-Draft-v15-05-07""]",high,no
522163-63,MomoAI,momoai.io,gaming_or_nft,yes,"[""MTOS""]","[""MTOS Token""]","[""https://momoai.gitbook.io/momoai/tokeninfo/token-contarct-wallet""]",high,no
522259-21,DATS Project,datsproject.io,protocol_or_network,yes,"[""DATS""]","[""DATS token""]","[""https://datsproject.io/""]",medium,no
522263-26,zeroDAO,zerodao.com,protocol_or_network,yes,"[""ZERO"", ""sZERO""]","[""ZERO"", ""sZERO""]","[""https://docs.zerodao.com/economics""]",high,no
522379-36,AZITO,,dapp_or_product,yes,"[""AZIT""]","[""Azit""]","[""https://coinmarketcap.com/currencies/azit/""]",high,no
522401-59,NetClass Technology,netclass.cn,traditional_business,yes,"[""EDC""]","[""Education Credits""]","[""https://edc.org.cn/""]",high,no
522406-36,DeltaPrime,deltaprime.io,protocol_or_network,yes,"[""PRIME"", ""sPRIME""]","[""DeltaPrime"", ""sPRIME""]","[""https://docs.deltaprime.io/tokenomics/usdprime"", ""https://docs.deltaprime.io/tokenomics/usdsprime""]",high,no
522802-00,M0,m0.org,protocol_or_network,yes,"[""M"", ""POWER"", ""ZERO""]","[""M by M0"", ""Power token"", ""Zero token""]","[""https://docs.m0.org/home/technical-specifications/m-token/"", ""https://docs.m0.org/home/technical-documentations/ttg-governance/token-mechanics/""]",high,no
522816-67,Lumoz Org,lumoz.org,protocol_or_network,yes,"[""MOZ"", ""esMOZ""]","[""Lumoz Token"", ""esMOZ""]","[""https://docs.lumoz.org/tokenomics/utility"", ""https://docs.lumoz.org/tokenomics/redemption""]",high,no
522886-78,LayerAI,layerai.org,protocol_or_network,yes,"[""LAI"", ""DATUM""]","[""LAI Token"", ""DATUM Token""]","[""https://docs.layerai.org/economy/lai-token"", ""https://docs.layerai.org/economy/datum-token""]",high,no
522889-12,Bitgert,bitgert.com,protocol_or_network,yes,"[""BRISE""]","[""Bitgert""]","[""https://coinmarketcap.com/currencies/bitrise-token/""]",high,no
522895-87,Delphinus lab,delphinuslab.com,protocol_or_network,yes,"[""ZKWASM""]","[""ZKWASM""]","[""https://coinmarketcap.com/currencies/zkwasm/""]",high,no
522916-21,Intmax,intmax.io,protocol_or_network,yes,"[""ITX""]","[""INTMAX""]","[""https://docs.network.intmax.io/user-guides/privacy-mining""]",high,no
522989-74,Wemade Next,wemadenext.com,gaming_or_nft,yes,"[""DRACO"", ""HYDRA""]","[""DRACO Utility Coin"", ""HYDRA Token""]","[""https://www.wemadenext.com/en/what/playearn"", ""https://www.wemadenext.com/en/about/intro""]",medium,no
523100-71,Revault Network,revault.network,protocol_or_network,yes,"[""REVA""]","[""Revault Network""]","[""https://revaultnetwork.medium.com/revaults-token-economics-e9bef267d9d2""]",high,no
523123-75,STYLE Protocol,labs.style,protocol_or_network,yes,"[""STYLE""]","[""STYLE""]","[""https://coinmarketcap.com/currencies/styleprotocol/""]",high,no
523126-27,Privasea,privasea.ai,protocol_or_network,yes,"[""PRAI""]","[""Privasea AI""]","[""https://www.privasea.ai/blog-posts/privasea-prai-tokenomics""]",high,no
523145-35,OPEN Ticketing Ecosystem,onopen.xyz,protocol_or_network,yes,"[""OPN""]","[""OPN""]","[""https://learn.onopen.xyz/the-opn-token/fundamentals""]",high,no
523191-34,Ultron Technologies (Dubai),ultron.foundation,protocol_or_network,yes,"[""ULX""]","[""Ultron""]","[""https://ultron.foundation/""]",high,no
523247-41,Lagrange,lagrange.dev,protocol_or_network,yes,"[""LA""]","[""LA""]","[""https://www.lagrangefoundation.org/blog/la-starter-guide""]",high,no
525453-22,Blocery,blocery.io,protocol_or_network,yes,"[""BLY""]","[""Blocery""]","[""https://coinmarketcap.com/currencies/blocery/""]",high,no
525518-92,Klayr,klayr.xyz,protocol_or_network,yes,"[""KLY""]","[""Klayr""]","[""https://klayr.xyz/token/""]",high,no
525686-59,Taiko Labs,taiko.xyz,protocol_or_network,yes,"[""TAIKO""]","[""Taiko""]","[""https://taiko.xyz/dao""]",high,no
527033-44,FARE Protocol,fareprotocol.io,protocol_or_network,yes,"[""FARE""]","[""FARE""]","[""https://www.coincarp.com/currencies/fare-protocol/""]",medium,yes
527097-88,Velero,velero.finance,protocol_or_network,yes,"[""USDV"", ""VDGT""]","[""USDV stablecoin"", ""VDGT governance token""]","[""https://coinmarketcap.com/currencies/usdv/"", ""https://coinmarketcap.com/currencies/velerodao/""]",high,no
527101-03,Nolus,nolus.io,protocol_or_network,yes,"[""NLS""]","[""Nolus""]","[""https://coinmarketcap.com/currencies/nolus-io/""]",high,no
527101-84,Hypercycle,hypercycle.ai,protocol_or_network,yes,"[""HYPC""]","[""HyPC""]","[""https://www.hypercycle.ai/articles-tokenomics""]",high,no
527112-64,Mantle Network,mantle.xyz,protocol_or_network,yes,"[""MNT""]","[""MNT""]","[""https://www.mantle.xyz/what-is-mnt""]",high,no
527119-03,Canto,canto.io,protocol_or_network,yes,"[""CANTO"", ""NOTE""]","[""CANTO token"", ""NOTE token""]","[""https://docs.canto.io/technical-reference/token-economics"", ""https://docs.canto.io/free-public-infrastructure/note""]",high,no
527134-15,Zivoe,zivoe.com,protocol_or_network,yes,"[""ZVE"", ""zVLT"", ""zSTT"", ""zJTT""]","[""ZVE Token"", ""zVLT"", ""zSTT"", ""zJTT""]","[""https://docs.zivoe.com/user-docs/zve-token"", ""https://docs.zivoe.com/user-docs/yield-strategy"", ""https://docs.zivoe.com/developer-docs/core-contracts""]",high,no
527193-55,Posley Lab,vaultka.com,protocol_or_network,yes,"[""VKA"", ""esVKA"", ""veVKA""]","[""Vaultka"", ""esVKA"", ""veVKA""]","[""https://www.coingecko.com/en/coins/vaultka"", ""https://docs.vaultka.com/tokenomics/esvka-reward"", ""https://docs.vaultka.com/tokenomics/vevka""]",high,no
527302-99,Menthol Protocol,mentholprotocol.com,protocol_or_network,yes,"[""COOL""]","[""COOL Token""]","[""https://docs.mentholprotocol.com/protocol/tokenomics""]",high,no
527305-69,Siphon Lab,siphonlab.org,protocol_or_network,yes,"[""TRY"", ""LiSUI""]","[""TRY"", ""LiSUI""]","[""https://ezfi.gitbook.io/tradeify"", ""https://ezfi.gitbook.io/liquidify""]",high,no
527330-17,Xhype,xhype.io,dapp_or_product,yes,"[""XHP""]","[""XHP Utility Token""]","[""https://www.lbank.com/ico-calendar/xhype-134""]",high,no
527449-33,Lavita (Healthcare Technology Systems),lavita.ai,protocol_or_network,yes,"[""LAVITA"", ""vLAVITA""]","[""LAVITA"", ""vLAVITA""]","[""https://docs.lavita.ai/faq/lavita-token""]",high,no
527451-49,Taboo (Financial Services),taboo.io,gaming_or_nft,yes,"[""TABOO""]","[""TABOO Token""]","[""https://taboo.io/images/whiteWallpaperLink.pdf""]",high,no
527493-88,Hashstacs,stacs.cn,infrastructure_or_data,yes,"[""STACS""]","[""STACS""]","[""https://coinranking.com/coin/GthmNge600UN%2Bstacs-stacs""]",medium,no
527568-13,Fuji Money,fuji.money,protocol_or_network,yes,"[""fUSD""]","[""fUSD""]","[""https://fuji.money/""]",high,no
527569-57,Carbon Browser,carbon.website,dapp_or_product,yes,"[""CSIX""]","[""CSIX""]","[""https://www.coingecko.com/en/coins/carbon-browser""]",high,no
527572-99,StablR,stablr.com,protocol_or_network,yes,"[""EURR"", ""USDR""]","[""StablR Euro"", ""StablR USD""]","[""https://www.coingecko.com/en/coins/stablr-euro"", ""https://www.coingecko.com/en/coins/stablr-usd""]",high,no
527577-49,PolySports,polysports.com,gaming_or_nft,yes,"[""PS1""]","[""POLYSPORTS""]","[""https://polysports.gitbook.io/polysports-whitepaper/usd-ps1-token-and-utility""]",medium,no
527654-53,Asymmetry Finance,asymmetry.finance,protocol_or_network,yes,"[""ASF"", ""USDaf"", ""sUSDaf"", ""AmpUSD"", ""sAmpUSD"", ""afETH"", ""afCVX""]","[""Asymmetry Finance"", ""USDaf"", ""sUSDaf"", ""AmpUSD"", ""sAmpUSD"", ""afETH"", ""afCVX""]","[""https://coinmarketcap.com/currencies/asymmetry-finance/"", ""https://www.asymmetry.finance/usdaf"", ""https://docs.asymmetry.finance/usdaf-stablecoin/earn"", ""https://docs.asymmetry.finance/ampusd-stablecoin/how-does-ampusd-work"", ""https://docs.asymmetry.finance/ampusd-stablecoin/how-does-ampusd-generate-yield"", ""https://docs.asymmetry.finance/afeth-asymmetry-finance-eth/afeth-functionality"", ""https://docs.asymmetry.finance/afcvx-asymmetry-finance-convex/the-afcvx-token""]",high,no
527675-41,BlokHost,blok.host,infrastructure_or_data,yes,"[""HOST""]","[""HOST""]","[""https://docs.blok.host/concepts/host-to-earn""]",high,no
527697-64,Smilee Labs,smilee.finance,protocol_or_network,yes,"[""SMILEE"", ""wgBERA""]","[""SMILEE"", ""wgBERA""]","[""https://www.coingecko.com/en/coins/smilee"", ""https://smilee-finance.gitbook.io/gbera-docs""]",high,no
527720-14,Open Dollar,opendollar.com,protocol_or_network,yes,"[""OD"", ""ODG""]","[""OD stablecoin"", ""Open Dollar Governance""]","[""https://docs.opendollar.com/faq""]",high,no
527822-74,Ajna Labs,ajna.finance,protocol_or_network,yes,"[""AJNA"", ""bwAJNA""]","[""AJNA"", ""bwAJNA""]","[""https://faqs.ajna.finance/faqs/ajna-token""]",high,no
527841-64,Metagame Industries,metagame.industries,gaming_or_nft,yes,"[""AWT""]","[""Abyss World""]","[""https://icoanalytics.org/projects/abyss-world/""]",high,no
528129-64,Entangle,entangle.fi,protocol_or_network,yes,"[""NTGL""]","[""NTGL""]","[""https://claim.entangle.fi/""]",low,yes
528206-41,Arkreen,arkreen.com,protocol_or_network,yes,"[""AKRE""]","[""Arkreen Token""]","[""https://intro.arkreen.com/what-is-akre""]",high,no
528215-50,Num Finance,num.finance,infrastructure_or_data,yes,"[""ARGt"", ""BOLt"", ""BRAt"", ""CHLt"", ""COLt"", ""MEXt"", ""PERt""]","[""ARGt"", ""BOLt"", ""BRAt"", ""CHLt"", ""COLt"", ""MEXt"", ""PERt""]","[""https://www.twin.finance/stablecoins""]",high,no
528217-30,Novastro,novastro.xyz,protocol_or_network,yes,"[""XNL""]","[""XNL""]","[""https://www.novastro.xyz/token""]",high,no
528240-70,Firechain,firechain.io,protocol_or_network,yes,"[""FIRE""]","[""FIRE""]","[""https://thirdweb.com/firechain""]",high,no
528317-74,Tanssi,tanssi.network,protocol_or_network,yes,"[""TANSSI""]","[""Tanssi""]","[""https://docs.tanssi.network/builders/tanssi-network/tanssi-token/""]",high,no
528559-03,Voltreum,voltreum.com,infrastructure_or_data,yes,"[""VOLT""]","[""Voltreum""]","[""https://voltreum.com/wp-content/uploads/2023/01/Voltreum-Whitepaper.pdf""]",high,no
528615-37,Solana ID,solana.id,protocol_or_network,yes,"[""SOLID""]","[""SOLID""]","[""https://www.solana.id/solid""]",high,no
528629-59,Exabits,exabits.ai,infrastructure_or_data,yes,"[""EXA""]","[""Exabits""]","[""https://docs.exabits.ai/exabits-an-indispensable-asset-in-the-ai-compute-ecosystem""]",high,no
528724-81,EoT Labs,eotlabs.io,infrastructure_or_data,yes,"[""PEAQ""]","[""peaq""]","[""https://www.peaq.xyz/token""]",high,no
528735-70,GEODNET,geodnet.com,protocol_or_network,yes,"[""GEOD""]","[""GEOD""]","[""https://docs.geodnet.com/geod-token/geod-token-introduction""]",high,no
528912-64,PokPok,pokpok.io,protocol_or_network,yes,"[""CTDA"", ""PEGG"", ""POK""]","[""Core Trading Decision Agent"", ""PokPok Golden Egg"", ""Pok""]","[""https://pokpok-1.gitbook.io/pokpok/usdctda"", ""https://www.coingecko.com/en/coins/pokpok-golden-egg/usd"", ""https://pokpok-1.gitbook.io/pokpok/usdpegg""]",high,no
528955-39,Trusta AI,trustalabs.ai,protocol_or_network,yes,"[""TA""]","[""TA""]","[""https://coinmarketcap.com/currencies/trusta-ai/""]",high,no
529172-38,Real World Gaming,realworldgaming.io,gaming_or_nft,yes,"[""RWG""]","[""RWG Token""]","[""https://realworldgaming.io/roadmaps/""]",medium,no
529196-14,Quantinium,quantinium.cc,protocol_or_network,yes,"[""QTI""]","[""QTI""]","[""https://quantinium.cc/blog/how-quantinium-works""]",high,no
529284-43,Islamic Coin,islamiccoin.net,protocol_or_network,yes,"[""ISLM""]","[""Islamic Coin""]","[""https://www.coingecko.com/en/coins/islamic-coin""]",high,no
529301-98,Intuition ( Business/Productivity Software),intuition.systems,protocol_or_network,yes,"[""TRUST""]","[""TRUST""]","[""https://coinmarketcap.com/currencies/intuition/""]",high,no
529350-67,Paribus,paribus.io,protocol_or_network,yes,"[""PBX""]","[""Paribus""]","[""https://coinmarketcap.com/currencies/paribus/""]",high,no
529621-21,Bitgrit,bitgrit.ai,dapp_or_product,yes,"[""BGR""]","[""BGR""]","[""https://docs.bitgrit.ai/tokenomics/tokenomics-overview""]",high,no
529644-79,DappOS,dappos.com,protocol_or_network,yes,"[""DAPP""]","[""DAPP""]","[""https://www.dappos.ai/token.html""]",high,no
529645-15,zkPass,zkpass.org,protocol_or_network,yes,"[""ZKP""]","[""ZKP""]","[""https://docs.zkpass.org/zkpass-dao/zkp""]",high,no
529653-43,SYNTHR,synthr.io,protocol_or_network,yes,"[""SYNTH""]","[""SYNTHR""]","[""https://coinmarketcap.com/currencies/synthr/""]",high,no
529655-32,Open Campus (Hong Kong),opencampus.xyz,media_or_education,yes,"[""EDU""]","[""EDU""]","[""https://userdocs.opencampus.xyz/tokens/usdedu/tokenomics/token-allocation""]",high,no
529734-97,Open Foodie,openfoodie.io,gaming_or_nft,yes,"[""f00d""]","[""f00d""]","[""https://icoanalytics.org/projects/open-foodie/""]",low,yes
529822-45,EZswap Protocol,ezswap.io,protocol_or_network,yes,"[""EZSWAP""]","[""EZSWAP""]","[""https://www.coingecko.com/en/coins/ezswap-protocol""]",medium,yes
529844-50,Tapioca,altofoundation.org,protocol_or_network,yes,"[""ALTO"", ""DUSD""]","[""ALTO"", ""DUSD""]","[""https://www.altofoundation.org/faq""]",medium,yes
530031-25,Thore Network,thorecoin.com,protocol_or_network,yes,"[""THR""]","[""THR""]","[""https://coinmarketcap.com/currencies/thorecoin/""]",medium,yes
530036-02,Galaxy Finance,galaxyfinance.io,wallet_or_custody,yes,"[""GFT"", ""GLF""]","[""GFT"", ""GLF""]","[""https://docs.galaxyfinance.io/galaxy-finance-token/galaxy-finance-tokenomics""]",medium,yes
530130-52,Startale,startale.com,protocol_or_network,yes,"[""USDSC""]","[""Startale USD""]","[""https://www.coingecko.com/en/coins/startale-usd""]",high,no
530209-81,Qualoo,qualoo.io,protocol_or_network,yes,"[""QXT""]","[""Qualoo Experience Token""]","[""https://whitepaper.qualoo.io/qualoo-economy/qxt-token-utility""]",high,no
530298-01,OpenEden,openeden.com,dapp_or_product,yes,"[""TBILL"", ""USDO"", ""cUSDO""]","[""TBILL"", ""OpenDollar"", ""cUSDO""]","[""https://docs.openeden.com/tbill/introduction"", ""https://docs.openeden.com/usdo/introduction"", ""https://openeden.com/news/openeden-launches-cusdo-yield-bearing-stablecoin-on-solana/""]",high,no
530413-30,PrivateAI,privateai.com,infrastructure_or_data,yes,"[""PGPT""]","[""PGPT""]","[""https://docs.privateai.com/ecosystem/privateai-pgpt/""]",high,no
530436-79,Decenternet,decenternet.com,dapp_or_product,yes,"[""SPYCE""]","[""Spyce""]","[""https://cs.probit.com/hc/en-us/articles/360040180312-ProBit-Global-lists-SPYCE-SPYCE""]",medium,yes
530437-60,Futureverse,futureverse.com,protocol_or_network,yes,"[""ROOT"", ""VORTEX""]","[""ROOT"", ""VORTEX""]","[""https://www.therootnetwork.com/root"", ""https://docs.therootnetwork.com/learn/tokenomics""]",high,no
530483-86,Movement Labs (Financial Software),movementlabs.xyz,protocol_or_network,yes,"[""MOVE""]","[""MOVE""]","[""https://www.movementnetwork.xyz/article/movement-foundation-move-token""]",high,no
530591-86,Carbon X Tons,carbonxtons.com,dapp_or_product,yes,"[""CXT""]","[""CXT""]","[""https://www.carbonxtons.com/trading""]",high,no
530633-98,Ambrus Studio,ambrus.studio,gaming_or_nft,yes,"[""E4C""]","[""E4C""]","[""https://e4c-token.ambrus.studio/""]",high,no
530651-80,Wynd Labs,wyndlabs.ai,infrastructure_or_data,yes,"[""GRASS""]","[""GRASS""]","[""https://www.grass.io/""]",medium,yes
530721-01,Picnic (Financial Software),site.usepicnic.com,protocol_or_network,yes,"[""PICNIC"", ""BASKET""]","[""Picnic"", ""Basket""]","[""https://docs.picnic.network/picnic-network-tokenomics/picnic-tokenomics"", ""https://docs.picnic.network/picnic-network-tokenomics/basket-tokenomics""]",high,no
530721-46,Patex,patex.io,exchange_or_broker,yes,"[""PATEX""]","[""PATEX""]","[""https://www.coingecko.com/en/coins/patex""]",high,no
530763-58,Giza (Other Financial Services),gizatech.xyz,dapp_or_product,yes,"[""GIZA""]","[""GIZA""]","[""https://github.com/gizatechxyz/giza-token""]",high,no
530787-16,KTX Finance,ktx.finance,exchange_or_broker,yes,"[""KTC""]","[""KTC""]","[""https://coinmarketcap.com/currencies/ktx-finance/""]",high,no
530861-77,Artela,artela.network,protocol_or_network,yes,"[""ART""]","[""ART""]","[""https://artela.network/blog/artela-tokenomics""]",high,no
530910-10,Aark,aark.digital,exchange_or_broker,yes,"[""AARK""]","[""AARK""]","[""https://www.coingecko.com/en/coins/aark-digital""]",high,no
531014-50,TENET (Financial Services),tenet.org,protocol_or_network,yes,"[""TENET"", ""tTENET"", ""veTENET"", ""LSDC""]","[""TENET"", ""tTENET"", ""veTENET"", ""LSDC""]","[""https://docs.tenet.org/tokenomics/"", ""https://docs.tenet.org/tokenomics/locking/"", ""https://docs.tenet.org/tenet-stablecoin-protocol/""]",high,no
531041-23,NettyWorth,nettyworth.io,protocol_or_network,yes,"[""NETTY""]","[""NETTY""]","[""https://docs.nettyworth.io/docs/tokenomics""]",high,no
531085-87,Ethena (Financial Software),ethena.fi,protocol_or_network,yes,"[""ENA"", ""USDe"", ""sENA"", ""sUSDe"", ""USDtb""]","[""ENA"", ""USDe"", ""sENA"", ""sUSDe"", ""USDtb""]","[""https://docs.ethena.fi/ena"", ""https://docs.ethena.fi/solution-overview/usde-overview"", ""https://docs.ethena.fi/video-guides/how-to-stake-ena"", ""https://docs.ethena.fi/solution-design/staking-usde"", ""https://docs.ethena.fi/usdtb""]",high,no
531120-79,io.net,io.net,protocol_or_network,yes,"[""IO""]","[""IO Coin""]","[""https://io.net/docs/guides/coin/io-coin""]",high,no
531374-68,Radiant Capital,radiant.capital,protocol_or_network,yes,"[""RDNT""]","[""RDNT Token""]","[""https://docs.radiant.capital/radiant/project-info/rdnt-tokenomics""]",high,no
531381-52,Finceptor,finceptor.app,protocol_or_network,yes,"[""FINC""]","[""Finceptor""]","[""https://www.coingecko.com/en/coins/finceptor-token""]",high,no
532469-53,MetaGod,metagod.app,gaming_or_nft,yes,"[""MTG""]","[""Metagod""]","[""https://bscscan.com/token/0xfe6448d55de5eae64dca8df61ae373d4fcd83c08""]",high,no
532472-50,Ottó Blockchain,ottoblockchain.com,protocol_or_network,yes,"[""OTTO""]","[""Ottó Token""]","[""https://ottoblockchain.medium.com/ott%C3%B3-blockchain-airdrop-announcement-b17c17b89007""]",medium,yes
532536-04,Delabs,delabs.gg,gaming_or_nft,yes,"[""DELABS"", ""GAME""]","[""DELABS"", ""GAME""]","[""https://www.coingecko.com/en/coins/delabs-games"", ""https://delabs.substack.com/p/ticker-is-game""]",high,no
532590-49,AlwaysGeeky Games,voxies.io,gaming_or_nft,yes,"[""VOXEL""]","[""Voxies""]","[""https://coinmarketcap.com/currencies/voxies/""]",high,no
532622-26,MXS Games,metaxseed.io,gaming_or_nft,yes,"[""XSEED""]","[""XSEED Token""]","[""https://metaxseed.gitbook.io/metaxseed-games-studio-usdxseed/""]",high,no
532644-40,Aethir,aethir.com,infrastructure_or_data,yes,"[""ATH""]","[""Aethir""]","[""https://docs.aethir.com/aethir-introduction/aethir-token-usdath""]",high,no
532705-96,Fatfi Protocol,fatfi.io,protocol_or_network,yes,"[""FAT"", ""FAC"", ""FAB"", ""FAS""]","[""FAT"", ""Fatfi Cash"", ""Fatfi Bonds"", ""Fatfi Shares""]","[""https://fatfi.gitbook.io/fatfi/tokenomics/fat-token-metric"", ""https://fatfi.medium.com/a-deep-dive-into-fatfi-algorithmic-stablecoins-699cdcbd47b3""]",high,no
532835-20,AfrofutureDAO,afrofuture.ai,gaming_or_nft,yes,"[""AFTR""]","[""Afrofuture""]","[""https://afrofuture.medium.com/announcing-afrofuture-35ab4ab3c1c2""]",high,no
532906-21,Polimec,app.polimec.org,protocol_or_network,yes,"[""PLMC""]","[""Polimec""]","[""https://hub.polimec.org/learn/tokenomics""]",high,no
532957-78,SatsBridge,satsbridge.com,protocol_or_network,yes,"[""SABR""]","[""SATSBRIDGE""]","[""https://etherscan.io/token/0x9ca98c8b217c3b45074834908555d36af2ac6449""]",high,no
532985-59,Neon,neonevm.org,protocol_or_network,yes,"[""NEON""]","[""NEON""]","[""https://docs.neonevm.org/docs/tokens/neon_token/""]",high,no
533163-61,Algebra Labs,algebra.finance,protocol_or_network,yes,"[""ALGB""]","[""ALGB""]","[""https://coinmarketcap.com/currencies/algebra/""]",high,no
533242-36,Bitway,bitway.com,protocol_or_network,yes,"[""BTW""]","[""Bitway""]","[""https://docs.bitway.com/resources/btw-bitway-token""]",high,no
533247-49,Metajuice,metajuice.com,dapp_or_product,yes,"[""VCOIN"", ""VCORE""]","[""VCOIN"", ""VCORE""]","[""https://www.coingecko.com/hi/coins/metajuice"", ""https://bitmart.zendesk.com/hc/en-us/articles/18137335555227-MetaJuice-VCORE""]",high,no
533281-78,Kinza Finance,kinza.finance,protocol_or_network,yes,"[""KZA"", ""xKZA""]","[""KZA"", ""xKZA""]","[""https://docs.kinza.finance/tokenomics/tokens/kza"", ""https://docs.kinza.finance/tokenomics/tokens/xkza""]",high,no
533358-73,Kinto,kinto.xyz,exchange_or_broker,yes,"[""K""]","[""Kinto""]","[""https://docs.kinto.xyz/kinto-the-modular-exchange/governance/kinto-token""]",high,no
533382-31,Succinct,succinct.xyz,protocol_or_network,yes,"[""PROVE""]","[""PROVE""]","[""https://blog.succinct.xyz/introducing-the-succinct-network-architecture-and-the-prove-token/""]",high,no
533503-45,Hana Network,hana.network,protocol_or_network,yes,"[""HANA""]","[""Hana Network""]","[""https://www.hana.network/""]",high,no
533563-84,Quicksilver Zone,quicksilver.zone,protocol_or_network,yes,"[""QCK""]","[""Quicksilver""]","[""https://docs.quicksilver.zone/qck-token/design-philosophy""]",high,no
534439-99,Candela Coin,candelacoin.com,protocol_or_network,yes,"[""CLA""]","[""Candela Coin""]","[""https://coinmarketcap.com/currencies/candelacoin-v3/""]",high,no
534466-18,Matr1x,matr1x.io,gaming_or_nft,yes,"[""MAX"", ""FIRE""]","[""Matr1x"", ""Matr1x Fire""]","[""https://coinmarketcap.com/currencies/matr1x/"", ""https://coinmarketcap.com/currencies/matr1x-fire/""]",high,no
534583-00,WeSendit,wesendit.io,dapp_or_product,yes,"[""WSI""]","[""WeSendit""]","[""https://docs.wesendit.io/en/wesendit-introduction/wesendit-token""]",high,no
534583-36,Crowdgenix,crowdgenix.com,dapp_or_product,yes,"[""LJOS""]","[""LJOS""]","[""https://www.crowdgenix.com/""]",high,no
534823-12,GPU.Net,gpu.net,infrastructure_or_data,yes,"[""GPU""]","[""GPU Token""]","[""https://docs.gpu.net/usdgpu-token-launch""]",high,no
534902-32,Glif.,glif.io,protocol_or_network,yes,"[""GLF""]","[""GLF""]","[""https://www.glif.io/en/token?chain=314159""]",high,no
534908-35,Aetheras,aetheras.io,protocol_or_network,yes,"[""HME""]","[""HUME""]","[""https://developers.agence.network/nativeToken.html""]",medium,no
535086-28,BitCore (Other Financial Services),bitcore.cc,protocol_or_network,yes,"[""BTX"", ""SBTX""]","[""BitCore"", ""Swapped BitCore""]","[""https://bitcore.cc/"", ""https://bitcore-btx.gitbook.io/swapped-bitcore""]",high,no
535148-02,ChainGPT,chaingpt.org,dapp_or_product,yes,"[""CGPT""]","[""CGPT""]","[""https://docs.chaingpt.org/our-ecosystem/cgpt-utility-token""]",high,no
535199-77,ArtMeta,artmeta.org,gaming_or_nft,yes,"[""MART""]","[""ArtMeta""]","[""https://www.coingecko.com/en/coins/artmeta""]",low,yes
535314-34,Helix Hub,helixfi.io,protocol_or_network,yes,"[""HLX"", ""USHD""]","[""Helix Token"", ""USHD Stablecoin""]","[""https://docs.helix.org/whitepaper/helix-token"", ""https://docs.helixfi.io/getting-started/helix-hub""]",high,no
535409-74,Kairos Loan,kairos.loan,protocol_or_network,yes,"[""iKRS""]","[""Kairos NFT Index Token""]","[""https://userdoc.kairos.loan/nft-index-token-usdikrs/introduction""]",high,no
535410-10,Skate (Financial Services),park.skatechain.org,protocol_or_network,yes,"[""SKATE""]","[""Skate""]","[""https://coinmarketcap.com/currencies/skate/""]",medium,yes
535464-46,CodeNekt,codenekt.com,dapp_or_product,yes,"[""CDK""]","[""CDK Token""]","[""https://token.codenekt.com/""]",high,no
535523-41,U2U Network,u2u.xyz,protocol_or_network,yes,"[""U2U""]","[""U2U Network""]","[""https://www.coingecko.com/en/coins/u2u-network""]",high,no
535694-86,Backstage Global,backstage.global,dapp_or_product,yes,"[""BKS""]","[""Backstage""]","[""https://coinmarketcap.com/currencies/backstage/""]",high,no
535719-52,Mercury Protocol,mercuryprotocol.com,protocol_or_network,yes,"[""GMT""]","[""Global Messaging Token""]","[""https://coinmarketcap.com/currencies/mercury-protocol/""]",high,no
535732-03,Swisstronik,swisstronik.com,protocol_or_network,yes,"[""SWTR""]","[""Swisstronik Coin""]","[""https://docs.swisstronik.com/swisstronik-docs/general/coin-and-tokens""]",high,no
535756-87,Redcurry,redcurry.co,dapp_or_product,yes,"[""REDC""]","[""Redcurry""]","[""https://redcurry.co/getting-started-with-redcurry/""]",high,no
536006-08,SynStation,synstation.org,protocol_or_network,yes,"[""SYN""]","[""SYN""]","[""https://synstation.notion.site/SynStation-Whitepaper-12dd359ec74180789fd2cef45609fa93""]",high,no
536914-09,ONINO,onino.io,protocol_or_network,yes,"[""ONI""]","[""ONI Coin""]","[""https://docs.onino.io/tokenomics""]",high,no
537038-65,Fhenix,fhenix.io,protocol_or_network,yes,"[""FHE""]","[""Fhenix""]","[""https://coinmarketcap.com/currencies/fhenix/""]",high,no
537452-38,Nero Chain,nerochain.io,protocol_or_network,yes,"[""NERO""]","[""NERO""]","[""https://coinmarketcap.com/currencies/nero-chain/""]",high,no
537469-39,Mountain Protocol,mountainprotocol.com,protocol_or_network,yes,"[""USDM""]","[""USDM""]","[""https://mountainprotocol.com/usdm/""]",high,no
537500-89,Gravita Protocol,gravitaprotocol.com,protocol_or_network,yes,"[""GRAI""]","[""GRAI""]","[""https://coinmarketcap.com/currencies/gravita-protocol/""]",high,no
537528-79,MultiChainz,multichainz.com,protocol_or_network,yes,"[""CHAINZ""]","[""CHAINZ""]","[""https://coincodex.com/crypto/multichainz/""]",medium,no
537665-23,Fungify,fungify.it,protocol_or_network,yes,"[""FUNG"", ""NFT"", ""veFUNG"", ""sNFT""]","[""FUNG Token"", ""NFT Index Token"", ""veFUNG"", ""sNFT""]","[""https://docs.fungify.it/tokenomics/fung-token"", ""https://docs.fungify.it/tokenomics/nft-index-token""]",high,no
537672-61,Lendr.fi,lendr.fi,protocol_or_network,yes,"[""RWAL"", ""USDL"", ""lsSP500"", ""lsGOLD"", ""lsUSRE"", ""lsUSAI"", ""xRWAL""]","[""RWAL"", ""USDL Stablecoin"", ""lsSP500"", ""lsGOLD"", ""lsUSRE"", ""lsUSAI"", ""xRWAL""]","[""https://whitepaper.lendr.fi/products/rwal-governance-token"", ""https://whitepaper.lendr.fi/products/usdl-lendrs-stablecoin"", ""https://whitepaper.lendr.fi/products/lsrwa-tokens-liquid-staked-real-world-assets""]",high,no
537784-84,TsunamiX,tsunami.finance,protocol_or_network,yes,"[""TLP""]","[""TsunamiX Liquidity Pool""]","[""https://docs.tsunami.finance/guides/how-does-being-a-lp-work""]",high,no
537791-77,Olas,olas.network,protocol_or_network,yes,"[""OLAS""]","[""OLAS""]","[""https://olas.network/olas-token""]",high,no
537817-78,AthenaDAO,athenadao.co,protocol_or_network,yes,"[""ATH"", ""FACC""]","[""ATH"", ""FACC""]","[""https://www.athenadao.co/athtoken"", ""https://www.athenadao.co/facc""]",medium,yes
537926-86,Zest Protocol (Financial Service)),zestprotocol.com,protocol_or_network,yes,"[""BTCz""]","[""BTCz""]","[""https://docs.zestprotocol.com/start/earn/zest-protocol-earn-overview/btcz""]",high,no
537952-69,Xai Games,xai.games,protocol_or_network,yes,"[""XAI"", ""esXAI""]","[""XAI"", ""esXAI""]","[""https://www.coingecko.com/en/coins/xai"", ""https://xai-foundation.gitbook.io/xai-network/about-xai/xai-tokenomics/esxai-tokens-utility-and-purpose""]",high,no
537992-11,CURES Token,curestoken.com,protocol_or_network,yes,"[""CURES""]","[""Curetopia""]","[""https://www.curetopia.xyz/cures""]",high,no
537992-20,Initia (Software Development Applications),initia.xyz,protocol_or_network,yes,"[""INIT""]","[""Initia""]","[""https://docs.initia.xyz/home/core-concepts/init-token/tokenomics""]",high,no
538058-08,Rejuve.AI,rejuve.ai,protocol_or_network,yes,"[""RJV""]","[""RJV""]","[""https://www.coingecko.com/en/coins/rejuve-ai""]",high,no
538058-44,SophiaVerse,sophiaverse.ai,gaming_or_nft,yes,"[""SOPH""]","[""SophiaVerse""]","[""https://www.coingecko.com/en/coins/sophiaverse""]",high,no
538200-01,Wire Network,wire.network,protocol_or_network,yes,"[""WIRE""]","[""Wire Network""]","[""https://hub.wire.network/""]",high,no
538214-59,Ally Protocol,allyprotocol.com,protocol_or_network,yes,"[""ALLY"", ""wALGO""]","[""ALLY"", ""wrapped ALGO""]","[""https://docs.allyprotocol.com/about-ally-protocol/ally-token-and-governance"", ""https://docs.allyprotocol.com/about-ally-protocol/how-walgo-works""]",high,no
538279-39,Maze Protocol,mazeprotocol.com,protocol_or_network,yes,"[""MAZE"", ""NEKO""]","[""MAZE"", ""NEKO""]","[""https://ethplorer.io/address/0xaab662e67f27e65c2cf2fba847bf7645794c324d"", ""https://coinmarketcap.com/currencies/neko-network/""]",low,yes
538850-17,Imua,imua.xyz,protocol_or_network,yes,"[""IM""]","[""IM""]","[""https://docs.imua.xyz/concepts/tokenomics""]",high,no
538852-78,FLock.io,flock.io,protocol_or_network,yes,"[""FLOCK""]","[""FLOCK""]","[""https://docs.flock.io/flock-tokenomics/overview""]",high,no
539007-22,Noble,noble.xyz,protocol_or_network,yes,"[""USDN""]","[""Noble Dollar""]","[""https://www.noble.xyz/usdn""]",high,no
539023-69,Print3r,v2-homepage.vercel.app,protocol_or_network,yes,"[""PRINT""]","[""PRINT""]","[""https://cryptorank.io/price/print-3-r""]",high,no
539025-22,ORAO,orao.network,protocol_or_network,yes,"[""ORAO""]","[""ORAO""]","[""https://wiki.orao.network/token-economics""]",high,no
539035-03,Novusphere,novusphere.io,protocol_or_network,yes,"[""ATMOS""]","[""Atmos""]","[""https://coinmarketcap.com/currencies/atmos/""]",low,yes
539144-47,Ludo,ludo.com,dapp_or_product,yes,"[""LUDO""]","[""Ludo""]","[""https://app.ludo.com/minting""]",medium,no
53925-04,Horizen,horizen.io,protocol_or_network,yes,"[""ZEN""]","[""ZEN""]","[""https://www.horizen.io/zen""]",high,no
539317-99,Waterfall Network,waterfall.network,protocol_or_network,yes,"[""WATER""]","[""Waterfall""]","[""https://www.coingecko.com/en/coins/waterfall-2""]",high,no
539325-01,Acurast,acurast.com,protocol_or_network,yes,"[""ACU""]","[""Acurast Token""]","[""https://docs.acurast.com/discover/acurast-token/""]",high,no
539326-18,Moonsama,moonsama.com,gaming_or_nft,yes,"[""SAMA""]","[""Moonsama""]","[""https://wiki.moonsama.com/sama-token-bbm89b4zkz""]",high,no
539408-17,Battle for Giostone,battleforgiostone.com,gaming_or_nft,yes,"[""BFG""]","[""Battle For Giostone""]","[""https://coinmarketcap.com/currencies/battle-for-giostone/""]",high,no
539436-07,BWS Labs,bws-labs.com,protocol_or_network,yes,"[""DSQ""]","[""DSquared Governance Token""]","[""https://docs.d2.finance/docs/tokenomics""]",low,yes
539508-97,SurferMonkey,surfermonkey.io,protocol_or_network,yes,"[""WAGU""]","[""WaveGuard""]","[""https://surfermonkey.gitbook.io/litepaper/tokenomics-waveguard-wagu""]",high,no
539533-72,SendInAir,werewolfandwitch.xyz,gaming_or_nft,yes,"[""WAR""]","[""War Coin""]","[""https://werewolfandwitch.xyz/war-coin/""]",medium,no
539579-53,RealtyDAO,realtydao.com,protocol_or_network,yes,"[""RDAO"", ""ESH""]","[""rDAO"", ""ESH""]","[""https://realtydao.com/tokenomics"", ""https://realtydao.com/docsv2""]",high,no
539651-53,Protecc,protectorate.xyz,protocol_or_network,yes,"[""PRTC"", ""xPRTC"", ""oPRTC""]","[""Protectorate Protocol"", ""xPRTC"", ""oPRTC""]","[""https://coinmarketcap.com/currencies/protectorate-protocol/"", ""https://app.protectorate.xyz/stake"", ""https://app.protectorate.xyz/capsule/eth""]",medium,no
539653-24,Assisterr,assisterr.ai,protocol_or_network,yes,"[""ASRR""]","[""Assisterr AI""]","[""https://coinmarketcap.com/currencies/assisterr/""]",high,no
539756-11,Starknet,starknet.io,protocol_or_network,yes,"[""STRK""]","[""Starknet""]","[""https://docs.starknet.io/learn/protocol/strk""]",high,no
539788-33,Napier (Financial Software),napier.finance,protocol_or_network,yes,"[""NPR""]","[""NPR""]","[""https://docs.napier.finance/npr/npr""]",high,no
539790-67,Autonio Foundation,autonio.foundation,dapp_or_product,yes,"[""NIOX""]","[""Autonio""]","[""https://autonio.gitbook.io/autonio-foundation/ecosystem/niox-utility""]",high,no
539797-87,Green Mining DAO,greenminingdao.io,mining_or_validator,yes,"[""GMT""]","[""GMT Token""]","[""https://www.greenminingdao.io/industry-insights/introducing-green-mining-dao-a-new-and-green-way-to-mine-btc-yzygw""]",high,no
539993-89,Union (Business/Productivity Software),union.build,protocol_or_network,yes,"[""U""]","[""Union""]","[""https://docs.union.build/u/""]",high,no
540049-51,Liquidium,liquidium.fi,protocol_or_network,yes,"[""LIQ"", ""sLIQ""]","[""LIQUIDIUM•TOKEN"", ""$sLIQ""]","[""https://liquidium.wtf/blog/liquidium-token"", ""https://liquidium.wtf/blog/sliq-introducing-bitcoin-s-defi-liquid-staking-token""]",high,no
540697-60,Glacier Network,glacier.io,protocol_or_network,yes,"[""GLS""]","[""GLS""]","[""https://medium.com/@glacierlabs/announcing-gls-tokenomics-a47ca8ef318f""]",high,no
540755-11,SteakHut,steakhut.finance,protocol_or_network,yes,"[""STEAK"", ""xSTEAK"", ""hJOE""]","[""Steak Token"", ""xSTEAK"", ""Herd JOE""]","[""https://whitepaper.steakhut.finance/tokenomics/usdsteak"", ""https://whitepaper.steakhut.finance/getting-started/steaking"", ""https://whitepaper-old.steakhut.finance/steak-o-nomics/tokens""]",high,no
540796-87,Permissionless Labs,permissionless-labs.com,infrastructure_or_data,yes,"[""PIPE""]","[""PIPE Token""]","[""https://blog.coinlist.co/a-deep-dive-into-pipe-network/""]",high,no
540799-30,GoldFinX,goldfinx.com,dapp_or_product,yes,"[""G1X""]","[""G1X""]","[""https://goldfinx.com/gix-unique-concept""]",high,no
540841-87,Blast (Financial Services ),blast.io,protocol_or_network,yes,"[""BLAST""]","[""Blast""]","[""https://docs.blast.io/tokenomics""]",high,no
541021-69,Merkle Trade,merkle.trade,protocol_or_network,yes,"[""MKL"", ""esMKL"", ""MKLP""]","[""MKL Token"", ""esMKL"", ""MKLP Token""]","[""https://docs.merkle.trade/mkl-token"", ""https://docs.merkle.trade/mkl-token/mkl-staking"", ""https://docs.merkle.trade/resources/contract-addresses""]",high,no
541054-36,Apus Network,apus.network,protocol_or_network,yes,"[""APUS""]","[""APUS Token""]","[""https://docs.apus.network/sdk/api-reference""]",high,no
541104-67,ValleyDAO,valleydao.bio,protocol_or_network,yes,"[""GROW""]","[""GROW""]","[""https://www.valleydao.bio/grow/""]",high,no
541104-94,CryoDAO,cryodao.org,protocol_or_network,yes,"[""CRYO""]","[""CryoDAO""]","[""https://www.cryodao.org/the-cryo-token""]",high,no
541206-55,Term Structure,ts.finance,protocol_or_network,yes,"[""TMX""]","[""TermMax""]","[""https://docs.ts.finance/resources/tmx-token-whitepaper""]",high,no
541315-18,Greenercoin,greenercoin.io,protocol_or_network,yes,"[""GNC""]","[""Greenercoin""]","[""https://www.greenercoin.io/gnc-token/""]",high,no
541377-82,CiferAI,cifer.ai,infrastructure_or_data,yes,"[""CIF""]","[""CIF""]","[""https://www.cifer.ai/network""]",high,no
541398-88,Script Network,token.script.tv,protocol_or_network,yes,"[""SCPT"", ""SPAY""]","[""Script Token"", ""Script Pay""]","[""https://documentation.script.tv/script-tokens/scpt"", ""https://documentation.script.tv/script-tokens/spay""]",high,no
541399-42,Mammoth Labs,gmmtchain.io,protocol_or_network,yes,"[""GMMT""]","[""Giant Mammoth Chain""]","[""https://gmmtchain.io/whitepaper/giant_mammoth_whitepaper_en.pdf""]",high,no
541399-87,Jellyverse,jellyverse.org,protocol_or_network,yes,"[""JLY""]","[""Jelly Token""]","[""https://docs.jellyverse.org/jellyverse-architecture/tokenomics""]",high,no
541499-41,Base Name Service,basename.app,protocol_or_network,yes,"[""BNS""]","[""BNS""]","[""https://airdrop.basename.domains/""]",high,no
541503-73,Curvance,curvance.com,protocol_or_network,yes,"[""CVE""]","[""Curvance Collective Token""]","[""https://docs.curvance.com/cve/developer-docs/core-token-ecosystem/cve-token""]",high,no
541536-58,Trac Network,trac.network,protocol_or_network,yes,"[""TNK""]","[""Trac Network""]","[""https://tracsystems.io/trac-to-tnk-september-upgrade/""]",high,no
541635-49,Rovi,rovi.network,exchange_or_broker,yes,"[""ROVI""]","[""ROVI""]","[""https://coinmarketcap.com/currencies/rovi-network/""]",high,no
542229-40,Tashi Network,tashi.network,protocol_or_network,yes,"[""TASHI""]","[""Tashi Network""]","[""https://coinmarketcap.com/currencies/tashi-network/""]",high,no
542268-28,Bsquared network,bsquared.network,protocol_or_network,yes,"[""B2"", ""U2""]","[""BSquared Network"", ""U2 Stablecoin""]","[""https://docs.bsquared.network/b2_tokenomics"", ""https://docs.bsquared.network/core_architecture/u2""]",high,no
542270-17,GEB,geb.network,protocol_or_network,yes,"[""GEB"", ""BEVM""]","[""GEB Governance Token"", ""BEVM Governance Token""]","[""https://documents.geb.network/tokenomics""]",high,no
542285-83,LandX,landx.fi,protocol_or_network,yes,"[""LNDX"", ""xWHEAT"", ""cWHEAT"", ""xSOY"", ""cSOY"", ""xCORN"", ""cCORN"", ""xRICE"", ""cRICE"", ""xBASKET""]","[""LandX Governance Token"", ""xWHEAT"", ""cWHEAT"", ""xSOY"", ""cSOY"", ""xCORN"", ""cCORN"", ""xRICE"", ""cRICE"", ""xBASKET""]","[""https://landx.gitbook.io/landx/whitepaper/landx-governance"", ""https://landx.gitbook.io/landx/whitepaper/xtokens-defi-diversification"", ""https://landx.gitbook.io/landx/whitepaper/ctokens-commodity-collateral"", ""https://landx.gitbook.io/landx/whitepaper/introduction""]",high,no
542322-55,Wingbits,wingbits.com,infrastructure_or_data,yes,"[""WINGS""]","[""Wingbits""]","[""https://docs.wingbits.com/project/wingbits-litepaper""]",high,no
542382-76,Octane Finance,octane.finance,protocol_or_network,yes,"[""OCTANE""]","[""Octane Finance""]","[""https://www.octane.finance/more.html""]",high,no
542421-64,KIUUP,kiuup.com,dapp_or_product,yes,"[""KIUUP""]","[""KIUUP Token""]","[""https://kiuup.com/""]",medium,yes
542564-02,Brú Finance,bru.finance,protocol_or_network,yes,"[""BRU""]","[""Brú Token""]","[""https://medium.com/bru-finance/what-is-br%C3%BA-tokenomics-9ada214a2036""]",medium,yes
542762-38,Reddio,reddio.com,protocol_or_network,yes,"[""RDO""]","[""Reddio""]","[""https://docs.reddio.com/zkevm/tokeneconomy/tokenvalueflow""]",high,no
543421-36,Omni X Labs,omni-x.io,traditional_business,yes,"[""OMNIX""]","[""Omni X""]","[""https://cryptorank.io/price/omni-x""]",low,yes
544230-82,Enphyr,enphyr.com,protocol_or_network,yes,"[""ENP""]","[""ENP""]","[""https://cryptorank.io/ico/enphyr""]",low,yes
544614-04,Litlab Games,litlabgames.com,gaming_or_nft,yes,"[""LITT""]","[""LitLab Games""]","[""https://coinmarketcap.com/currencies/litlab-games/""]",high,no
544620-97,AIT Protocol,aitprotocol.ai,protocol_or_network,yes,"[""AIT""]","[""AIT""]","[""https://docs.ait-protocol.cloud/ait-token/token-utility""]",high,no
544630-24,/Reach Labs,megareach.xyz,traditional_business,yes,"[""REACH""]","[""Reach""]","[""https://www.coingecko.com/en/coins/reach""]",low,yes
544657-60,Network3,network3.io,protocol_or_network,yes,"[""N3""]","[""N3""]","[""https://coinmarketcap.com/currencies/network3/""]",medium,yes
544693-78,Dexponent,dexponent.com,protocol_or_network,yes,"[""DXP"", ""vDXP""]","[""DXP"", ""vDXP""]","[""https://docs.dexponent.com/understanding-dexponent"", ""https://litepaper.dexponent.com/tokenomics/staked-usddxp-usdvdxp""]",high,no
544706-02,Yoake Entertainment,yoake-entertainment.jp,traditional_business,yes,"[""YOAKE""]","[""YOAKE Token""]","[""https://yoake-entertainment.jp/en/""]",low,yes
544760-29,Mocaverse,mocaverse.xyz,protocol_or_network,yes,"[""MOCA""]","[""MOCA""]","[""https://moca.network/""]",high,no
544777-03,Chainge Finance,chainge.finance,traditional_business,yes,"[""XCHNG""]","[""Chainge""]","[""https://www.coingecko.com/en/coins/chainge""]",low,yes
544781-71,Academic Labs,academic-labs.org,traditional_business,yes,"[""AAX""]","[""Academic Labs""]","[""https://coinmarketcap.com/currencies/academic-labs/""]",low,yes
544841-65,Quilibrium,quilibrium.com,protocol_or_network,yes,"[""QUIL"", ""wQUIL""]","[""QUIL"", ""wQUIL""]","[""https://docs.quilibrium.com/docs/discover/quilibrium-tokenomics/"", ""https://docs.quilibrium.com/docs/run-node/qclient/commands/bridging/""]",high,no
545967-28,Resolv (Financial Services),resolv.xyz,traditional_business,yes,"[""RESOLV"", ""USR"", ""RLP"", ""stUSR"", ""wstUSR""]","[""Resolv"", ""Resolv USR"", ""Resolv Liquidity Provider Token"", ""Staked USR"", ""Wrapped Staked USR""]","[""https://docs.resolv.xyz/litepaper/resolv-token/resolv-token-overview"", ""https://docs.resolv.xyz/litepaper/overview/usr"", ""https://docs.resolv.xyz/litepaper/overview/rlp"", ""https://docs.resolv.xyz/litepaper/using-resolv/usr/stake""]",low,yes
546187-24,Sourceful Energy,sourceful.energy,traditional_business,yes,"[""SRC""]","[""SRCFUL""]","[""https://www.coincarp.com/currencies/srcful/""]",low,yes
546734-62,Changex,changex.io,traditional_business,yes,"[""CHANGE""]","[""Changex""]","[""https://www.coingecko.com/en/coins/changex""]",low,yes
547542-64,Grape,grap3.com,traditional_business,yes,"[""GRP""]","[""GRAPE Token""]","[""https://coinmarketcap.com/currencies/grape/""]",low,yes
547555-15,Starpower (San Francisco),starpower.world,traditional_business,yes,"[""STAR""]","[""Starpower""]","[""https://www.coingecko.com/en/coins/starpower""]",low,yes
547557-67,Lucidly,lucidly.finance,dapp_or_product,yes,"[""syUSD"", ""syETH"", ""syBTC""]","[""syUSD"", ""syETH"", ""syBTC""]","[""https://www.lucidly.finance/""]",high,no
54827-38,I-ON Digital,iondigitalcorp.com,infrastructure_or_data,yes,"[""IONau""]","[""IONau""]","[""https://iondigitalcorp.com/""]",high,no
549692-11,KaratDAO,karatdao.com,protocol_or_network,yes,"[""KAT""]","[""KAT""]","[""https://bitmart.zendesk.com/hc/en-us/articles/18128294063643-KaratDAO-KAT""]",high,no
550110-61,LightLink,lightlink.io,protocol_or_network,yes,"[""LL""]","[""LL""]","[""https://lightlink.io/token""]",high,no
550152-37,Dione Protocol,dioneprotocol.com,protocol_or_network,yes,"[""DIONE""]","[""Dione Protocol""]","[""https://coinmarketcap.com/currencies/dione-protocol/""]",high,no
550814-50,Empeiria,empe.io,protocol_or_network,yes,"[""EMPE""]","[""EMPE""]","[""https://docs.empe.io/empe-blockchain/blockchain-intro""]",high,no
550937-62,Cycle Network,cyclenetwork.io,protocol_or_network,yes,"[""CYC""]","[""CYC""]","[""https://docs.cyclenetwork.io/cyc-tokenomics/tokenomics""]",high,no
550943-56,bemo (Financial Software),bemo.fi,protocol_or_network,yes,"[""BMO"", ""bmTON"", ""stTON""]","[""BMO"", ""bmTON"", ""stTON""]","[""https://docs.bemo.fi/tokenomics/bmo-token"", ""https://docs.bemo.fi/welcome-to-bemo/bmton/bmton-explained"", ""https://docs.bemo.fi/welcome-to-bemo/stton""]",medium,yes
551289-25,DeMR,demr.xyz,protocol_or_network,yes,"[""DMR""]","[""DeMR""]","[""https://demr.gitbook.io/demr/tokenomics/token-brief""]",medium,yes
551305-45,TrendX,trendx.tech,dapp_or_product,yes,"[""TTA"", ""XTTA""]","[""TTA"", ""XTTA""]","[""https://docs.trendx.tech/tta-token"", ""https://docs.trendx.tech/xtta-token""]",high,no
551345-77,BRC20,brc20.com,protocol_or_network,yes,"["".COM""]","["".COM""]","[""https://brc20.com/wiki/com-project-overview""]",high,no
551381-95,Mojito Games,mojitogames.com,gaming_or_nft,yes,"[""HERCO""]","[""HERCO""]","[""https://cache.wemixplay.com/WHITEPAPER/herco/index.html""]",high,no
551392-12,Ta-da,ta-da.io,dapp_or_product,yes,"[""TADA""]","[""TADA""]","[""https://docs.ta-da.io/token/token-economics""]",high,no
551501-29,Nerif,nerif.network,protocol_or_network,yes,"[""NERIF""]","[""NERIF""]","[""https://docs.nerif.network/5.-nerif-dao/governance""]",high,no
551657-53,Umoja,umoja.xyz,protocol_or_network,yes,"[""UMJA"", ""uUSD"", ""yBTC""]","[""UMJA"", ""uUSD"", ""yBTC""]","[""https://umoja.gitbook.io/umoja-protocol/protocol-design/the-usdumja-token"", ""https://umoja.gitbook.io/umoja-protocol/umoja-products-overview/swaps"", ""https://umoja.gitbook.io/umoja-protocol/umoja-products-overview/usdybtc-yield-vault-token""]",high,no
551670-31,Portal (Entertainment Software),portalgaming.com,gaming_or_nft,yes,"[""PORTAL""]","[""Portal""]","[""https://portalgaming.com/products/portal-token""]",high,no
551671-84,Ringfence,ringfence.ai,dapp_or_product,yes,"[""RING""]","[""RING""]","[""https://www.ringfence.ai/""]",high,no
551708-11,Mode (Financial Software),mode.network,protocol_or_network,yes,"[""MODE""]","[""MODE""]","[""https://www.mode.network/token""]",high,no
551751-76,Kasu,kasu.finance,protocol_or_network,yes,"[""KASU""]","[""KASU""]","[""https://docs.kasu.finance/how-kasu-works/the-role-of-the-usdkasu-token""]",medium,no
552558-07,Renzo Protocol,renzoprotocol.com,protocol_or_network,yes,"[""REZ"", ""ezETH""]","[""REZ"", ""ezETH""]","[""https://docs.renzoprotocol.com/docs/rez/basic-info"", ""https://docs.renzoprotocol.com/docs/products/staking-suite/ezeth""]",high,no
552561-94,STEADEFI,steadefi.com,protocol_or_network,yes,"[""SDY"", ""esSDY""]","[""SDY"", ""Escrowed SDY""]","[""https://docs.steadefi.com/tokenomics/sdy-token"", ""https://docs.steadefi.com/tokenomics/essdy-token""]",high,no
552696-31,Navi (Financial Services),naviprotocol.io,protocol_or_network,yes,"[""NAVI""]","[""NAVI""]","[""https://docs.naviprotocol.io/governance/tokenomics""]",high,no
552762-19,Alvara,alvara.xyz,protocol_or_network,yes,"[""ALVA""]","[""ALVA""]","[""https://www.alvara.xyz/""]",high,no
552762-82,MegaETH (Financial Software),,protocol_or_network,yes,"[""MEGA"", ""USDm""]","[""MegaETH"", ""USDm""]","[""https://www.megaeth.com/token"", ""https://www.megaeth.com/blog-news/megaeth-introduces-usdm""]",medium,no
552797-20,0G labs,0g.ai,protocol_or_network,yes,"[""0G""]","[""0G""]","[""https://0g.ai/faq""]",high,no
552804-58,Planck (Financial Software),plancknetwork.com,protocol_or_network,yes,"[""PLANCK""]","[""PLANCK""]","[""https://resources.plancknetwork.com/web3/token-usdplanck/overview""]",high,no
552844-54,zkCandy,zkcandy.io,gaming_or_nft,yes,"[""CANDY""]","[""CANDY""]","[""https://litepaper.zkcandy.io/candy-utility/""]",high,no
552875-32,Galactic Entertainment,galacticentertainment.com,gaming_or_nft,yes,"[""PQX""]","[""PQX""]","[""https://www.coingecko.com/en/coins/pqx""]",high,no
552901-78,ANYONE (Business/Productivity Software),anyone.io,protocol_or_network,yes,"[""ANYONE""]","[""ANyONe Protocol Token""]","[""https://www.anyone.io/token""]",high,no
552909-97,ISME,root.xyz,protocol_or_network,yes,"[""ISME""]","[""ISME Protocol""]","[""https://coinmarketcap.com/currencies/root-protocol/""]",medium,no
553125-97,ZeroLend,zerolend.xyz,protocol_or_network,yes,"[""ZERO""]","[""ZeroLend""]","[""https://docs.zerolend.xyz/governance/token-overview""]",high,no
553959-46,Silencio,silencio.network,protocol_or_network,yes,"[""SLC""]","[""Silencio Network Token""]","[""https://www.silencio.network/token""]",high,no
555274-45,LingoAI,lingoai.io,protocol_or_network,yes,"[""LINGOAI""]","[""LingoAI Token""]","[""https://docs.lingoai.io/introduction/lingoai-token/lingoai-tokenomics""]",high,no
556273-45,Carmentis,carmentis.io,protocol_or_network,yes,"[""CMTS""]","[""Carmentis Token""]","[""https://assets.carmentis.io/token-economy.pdf""]",high,no
557128-90,AUDD (Financial Services),audd.digital,protocol_or_network,yes,"[""AUDD""]","[""AUDD""]","[""https://www.audd.digital/""]",high,no
557209-18,Cipherem,cipherem.com,protocol_or_network,yes,"[""CIP""]","[""Cipherem""]","[""https://github.com/Cipherem/cipherem-ciptoken""]",high,no
557633-98,VERTEX LABS (Financial Services),app.kamino.finance,protocol_or_network,yes,"[""KMNO""]","[""Kamino Finance""]","[""https://kamino.com/docs/kmno""]",high,no
557660-08,Synonym,syno.finance,protocol_or_network,yes,"[""SYNO""]","[""Syno""]","[""https://docs.syno.finance/documentation/tokenomics-and-rewards/synonym-tokenomics""]",high,no
55815-22,Coinbase Global,coinbase.com,exchange_or_broker,yes,"[""USDC""]","[""USD Coin""]","[""https://www.circle.com/usdc""]",low,no
558956-98,Castle of Blackwater,castleofblackwater.com,gaming_or_nft,yes,"[""COBE""]","[""COBE""]","[""https://www.coingecko.com/en/coins/castle-of-blackwater""]",high,no
559040-05,DeMons,demons.world,gaming_or_nft,yes,"[""DMZ""]","[""DeMon Token""]","[""https://coinmarketcap.com/currencies/dmz-token/""]",high,no
559664-74,Fluent Labs,fluent.xyz,protocol_or_network,yes,"[""BLEND""]","[""Blend""]","[""https://coinmarketcap.com/currencies/fluent/""]",medium,no
559967-05,Draftables,draftables.io,gaming_or_nft,yes,"[""DRAFT""]","[""Draftables""]","[""https://draft-labs.gitbook.io/draftables-soft-staking""]",high,no
560274-13,Paiblock,paiblock.io,wallet_or_custody,yes,"[""DOZ""]","[""Digital Ounce""]","[""https://ounce.digital/""]",high,no
560276-11,MOneTrip,monetrip.com,dapp_or_product,yes,"[""MONE""]","[""MONE Token""]","[""https://medium.com/%40monetrip/what-is-mone-token-dc86353e22f3""]",high,no
560748-79,Exa Protocol,exaprotocol.com,protocol_or_network,yes,"[""XAP""]","[""Exa Protocol Token""]","[""https://www.exaprotocol.com/token""]",high,no
562500-55,Flixxo,flixxo.com,dapp_or_product,yes,"[""FLIXX""]","[""FLIXX""]","[""https://coinmarketcap.com/currencies/flixxo/""]",high,no
563950-00,Interest Protocol,interestlabs.io,protocol_or_network,yes,"[""IPT""]","[""Interest Protocol Token""]","[""https://coinmarketcap.com/currencies/interest-protocol-token/""]",high,no
56489-41,Loyakk,loyakk.io,protocol_or_network,yes,"[""LYK"", ""LYKX""]","[""LYK token"", ""LYKX token""]","[""https://loyakk.io/refcode_Uaihw-_TIoc/"", ""https://loyakk.io/""]",medium,yes
56502-19,Ripple,ripple.com,protocol_or_network,yes,"[""XRP""]","[""XRP""]","[""https://ripple.com/xrp/""]",high,no
565046-02,Kalima Blockchain,kalima.io,protocol_or_network,yes,"[""KLX""]","[""KLX Token""]","[""https://www.kalima.io/klx""]",high,no
565895-98,Laika AI,laikalabs.ai,dapp_or_product,yes,"[""LKI""]","[""Laika AI""]","[""https://www.coingecko.com/en/coins/laika-ai""]",high,no
566202-79,Lightency,lightency.io,protocol_or_network,yes,"[""LTS""]","[""Lightency Token""]","[""https://documentation.lightency.io/bonding.html""]",high,no
566905-06,MyStandard,mystandard.io,dapp_or_product,yes,"[""MYST""]","[""MYST token""]","[""https://mystandard.io/tokenomics/""]",high,no
567608-14,NativeCoin,native-coin.com,protocol_or_network,yes,"[""N8V""]","[""NativeCoin""]","[""https://coinmarketcap.com/currencies/native-coin/""]",high,no
568294-93,Nomoex,nomoex.org,exchange_or_broker,yes,"[""NOMOX""]","[""Nomoex Token""]","[""https://whitepaper.nomoex.com/nomoex-token""]",high,no
568404-91,ImgnAI,imgnai.com,dapp_or_product,yes,"[""IMGN""]","[""IMGN Token""]","[""https://imgnai.com/token/""]",high,no
568519-03,OpenBiSea,docs.openbisea.com,gaming_or_nft,yes,"[""OBS""]","[""OBS Token""]","[""https://docs.openbisea.com/openbisea/blockchain-part/obs-token-and-openbisea-functionality""]",medium,no
568707-04,Param Labs,paramlabs.io,gaming_or_nft,yes,"[""PARAM""]","[""PARAM Token""]","[""https://docs.paramlabs.io/param-litepaper/param-token/usdparam-utility""]",high,no
568889-11,BitSmiley,bitsmiley.io,protocol_or_network,yes,"[""SMILE""]","[""bitSmiley""]","[""https://coinmarketcap.com/currencies/bitsmiley/""]",medium,no
568897-66,Bitmap Tech,bitmap.tech,protocol_or_network,yes,"[""MERL""]","[""MERL""]","[""https://docs.merlinchain.io/merlin-docs/about-merlin/tokenomics""]",high,no
568908-19,Oracula,oracula.io,dapp_or_product,yes,"[""ORACULA""]","[""Oracula""]","[""https://coinmarketcap.com/currencies/oracula/""]",medium,no
569049-76,Infrared,infrared.finance,protocol_or_network,yes,"[""IR""]","[""IR""]","[""https://infrared.finance/docs/tokens""]",high,no
569371-96,Gevulot,gevulot.com,protocol_or_network,yes,"[""PROOF""]","[""PROOF""]","[""https://zkcloud.com/whitepaper_old""]",high,no
570297-88,Tevaera,tevaera.com,gaming_or_nft,yes,"[""TEVA""]","[""TEVA""]","[""https://docs.tevaera.com/tokenomics/introducing-teva""]",high,no
571105-36,Twin Protocol,twinprotocol.com,protocol_or_network,yes,"[""TWIN""]","[""TWIN""]","[""https://twinprotocol.com/token/""]",high,no
571368-97,TProtocol,tprotocol.io,protocol_or_network,yes,"[""TPS"", ""TBT"", ""WTBT""]","[""TPS"", ""TBT"", ""wTBT""]","[""https://tprotocol.gitbook.io/tprotocol-documentation/white-paper/tprotocol-v1-documentation/tokenomics"", ""https://tprotocol.gitbook.io/tprotocol-documentation/white-paper/tprotocol-v1-documentation/tprotocol-mechanism"", ""https://coinmarketcap.com/currencies/tprotocol/""]",high,no
571399-30,Hedgehog Protocol,thehedgehog.io,protocol_or_network,yes,"[""HOG""]","[""HOG""]","[""https://hedgehog-protocol.gitbook.io/main/hog-token-governance/tokenomics""]",medium,no
571426-39,Zeepr,zeepr.io,protocol_or_network,yes,"[""ZEEP""]","[""Zeepr""]","[""https://zeepr.gitbook.io/zeepr/user-manual-conversion-of-old-usdzeep-to-new-usdzeep-and-cross-chain-bridge""]",medium,no
571441-15,Ithaca Finance,ithacaprotocol.io,protocol_or_network,yes,"[""ITHACA""]","[""ITHACA""]","[""https://docs.ithacaprotocol.io/docs""]",high,no
571502-17,KIP Protocol,kip.pro,protocol_or_network,yes,"[""KIP""]","[""KIP""]","[""https://www.kip.pro/blog-posts/kip-tokenomics""]",high,no
571528-36,Kabila (Financial Software),kabila.app,dapp_or_product,yes,"[""KBL""]","[""KBL""]","[""https://kabila.app/token""]",high,no
571554-64,Velar (Financial Software),velar.com,exchange_or_broker,yes,"[""VELAR""]","[""VELAR""]","[""https://docs.velar.com/velar/token/introduction""]",high,no
571570-12,Plume,plume.org,protocol_or_network,yes,"[""PLUME""]","[""PLUME""]","[""https://plume.org/blog/tokenomics""]",high,no
571582-99,Paycent,,exchange_or_broker,yes,"[""PYN""]","[""PAYCENT""]","[""https://coinmarketcap.com/currencies/paycent/""]",medium,yes
571592-71,Drosera,drosera.io,protocol_or_network,yes,"[""DRO""]","[""DRO""]","[""https://dev.drosera.io/pdfs/DroseraLitepaper.pdf""]",medium,no
571593-16,Fjord,fjordfoundry.com,protocol_or_network,yes,"[""FJO""]","[""FJO""]","[""https://www.fjordfoundry.com/fjo""]",high,no
571594-69,Orange Crypto,orangecrypto.com,protocol_or_network,yes,"[""ORNJ""]","[""Orange Token""]","[""https://coinmarketcap.com/currencies/orange-crypto/""]",high,no
571629-88,DopePanda,dopepanda.org,dapp_or_product,yes,"[""DPANDA""]","[""DPANDA""]","[""https://dopepanda.org/tokenomics""]",high,no
571633-84,FairMeme,fairmeme.org,protocol_or_network,yes,"[""FMT"", ""FMA""]","[""FairMeme Token"", ""FairMeme_Algo""]","[""https://coinmooner.com/coins/fairmeme-token-fairmeme"", ""https://coinmooner.com/coins/fairmeme_algo-fma""]",medium,no
571708-27,Spindle,spindle-asa.com,dapp_or_product,yes,"[""YARN""]","[""Spindle YARN""]","[""https://spindle-asa.com/whitepaper.pdf""]",high,no
571776-76,ClimateCoin,climatecoin.com,protocol_or_network,yes,"[""CLIMAT""]","[""ClimaT""]","[""https://climatecoin.com/""]",medium,no
571836-52,Doubler Pro,doubler.pro,protocol_or_network,yes,"[""DBR""]","[""DBR""]","[""https://www.chaincatcher.com/en/article/2130396""]",medium,no
571845-34,Liquid Noble,liquidnoble.com,infrastructure_or_data,yes,"[""GAU""]","[""NobleGold""]","[""https://liquidnoble.com/pdf/2024-11-28%20NobleMetals%20White%20Paper.pdf""]",medium,no
571865-95,Landslide (Financial Services),landslide.network,protocol_or_network,yes,"[""SLIDE""]","[""SLIDE""]","[""https://www.landslide.network/blog/landslide-x-babylon-bitcoin-on-avalanche""]",high,no
571923-46,OrangeDX,orangedx.com,protocol_or_network,yes,"[""O4DX""]","[""OrangeDX""]","[""https://coinmarketcap.com/currencies/orangedx/""]",high,no
571926-61,Weave (Financial Software),weave.financial,protocol_or_network,yes,"[""WEAVE""]","[""WEAVE""]","[""https://gitbook.weave.financial/product-docs/tokenomic/usdweave-token""]",high,no
572083-39,Rivera Money,rivera.money,protocol_or_network,yes,"[""RIV""]","[""RIV""]","[""https://rivera.gitbook.io/docs/tokenomics/usdriv""]",high,no
572115-79,Treesury,treesury.com,investment_or_holdings,yes,"[""TREESURY""]","[""Treesury Token""]","[""https://hazelnut.treesury.com/WhitePaper-v2-eng.pdf""]",medium,no
572343-76,VTRU (BVI),vitruveo.ai,protocol_or_network,yes,"[""VTRU""]","[""Vitruveo Bridged VTRU""]","[""https://coinmarketcap.com/currencies/vitruveo/""]",high,no
572392-72,QFi,q-fi.io,protocol_or_network,yes,"[""QFIN"", ""QFI""]","[""QFIN"", ""QFI""]","[""https://docs.q.finance/whitepaper""]",high,no
572473-18,Zeus Network (Taiwan),zeusnetwork.xyz,protocol_or_network,yes,"[""ZEUS""]","[""Zeus Network""]","[""https://docs.zeusnetwork.xyz/tokenomics""]",high,no
572475-88,Scallop Labs,scallop.io,protocol_or_network,yes,"[""SCA""]","[""Scallop Token""]","[""https://docs.scallop.io/token/scallop-token""]",high,no
58479-85,Solai Technology,solai.com,mining_or_validator,yes,"[""DOLAI""]","[""DOLAI""]","[""https://dolai.org/""]",high,no
588588-67,Movement (Financial Software),main.movemnt.dev,protocol_or_network,yes,"[""MOVE""]","[""MOVE Token""]","[""https://www.movementnetwork.xyz/article/movement-foundation-move-token""]",high,no
588590-65,Nuklai,nukl.ai,protocol_or_network,yes,"[""NAI""]","[""NAI""]","[""https://docs.nukl.ai/docs/nuklai-layer1-protocol""]",high,no
588590-92,Work X,workx.io,dapp_or_product,yes,"[""WORK""]","[""Work X""]","[""https://coinmarketcap.com/currencies/work-x/""]",high,no
588689-65,Acre (Financial Services),acre.fi,protocol_or_network,yes,"[""ACRE"", ""veACRE""]","[""ACRE"", ""veACRE""]","[""https://docs.acre.fi/tokenomics""]",medium,yes
588702-25,Rayy,rayy.tech,protocol_or_network,yes,"[""RENTALCOINS""]","[""Rentalcoins""]","[""https://docs.rayy.tech/network-components/rentalcoins""]",medium,yes
588776-95,Vexanium,vexanium.com,protocol_or_network,yes,"[""VEX""]","[""Vexanium Coin""]","[""https://www.vexanium.com/faq""]",high,no
588821-95,Degen,degen.tips,protocol_or_network,yes,"[""DEGEN""]","[""DEGEN""]","[""https://www.degen.tips/""]",high,no
588839-05,Reya Labs,reya.xyz,protocol_or_network,yes,"[""REYA"", ""sREYA""]","[""REYA"", ""sREYA""]","[""https://blog.reya.network/reya-design-distribution-and-differentiation/""]",medium,yes
588898-09,Chainway Labs,chainway.xyz,protocol_or_network,yes,"[""cBTC"", ""CTR""]","[""Citrea Bitcoin"", ""Citrea""]","[""https://docs.citrea.xyz/essentials/execution-environment"", ""https://citrea.xyz/ctr-token""]",high,no
588915-64,AUXO (Financial Software),auxo.fi,protocol_or_network,yes,"[""AUXO"", ""ARV"", ""PRV""]","[""AUXO"", ""ARV"", ""PRV""]","[""https://docs.auxo.fi/auxo-docs/usdauxo"", ""https://docs.auxo.fi/auxo-docs/rewards-vaults/arv-active-rewards-vault"", ""https://docs.auxo.fi/auxo-docs/rewards-vaults/prv-passive-rewards-vault""]",high,no
589051-00,Dexcheck AI,dexcheck.ai,infrastructure_or_data,yes,"[""DCK""]","[""DexCheck""]","[""https://docs.dexcheck.ai/dexcheck-token/dexcheck-dck-token-utility""]",high,no
589055-86,Zircuit,zircuit.com,protocol_or_network,yes,"[""ZRC""]","[""Zircuit""]","[""https://docs.zircuit.com/build/zrc""]",high,no
589095-19,Avail (Software Development Applications),availproject.org,protocol_or_network,yes,"[""AVAIL""]","[""AVAIL""]","[""https://token.availproject.org/""]",high,no
589106-89,Talus Network,talus.network,protocol_or_network,yes,"[""US""]","[""$US Token""]","[""https://docs.talus.foundation/token/us""]",high,no
589111-30,Dechat,dechat.io,protocol_or_network,yes,"[""DECHAT""]","[""DECHAT""]","[""https://dechat.gitbook.io/dechat/dechat-token""]",medium,no
589120-84,VOYA Games,voya.games,gaming_or_nft,yes,"[""DYNO""]","[""Dyno Coin""]","[""https://voya-games.gitbook.io/voya-games-litepaper/dyno-coin""]",medium,yes
589222-90,Immutable Labs,immu.ai,infrastructure_or_data,yes,"[""IMMU""]","[""IMMU""]","[""https://immu.ai/wp-content/uploads/2024/06/Immutable-LabsDeck.pdf""]",high,no
589234-60,Kroma Network,kroma.network,protocol_or_network,yes,"[""KRO""]","[""KRO""]","[""https://coinmarketcap.com/currencies/kroma/""]",high,no
589335-13,Drop Wireless,dropwireless.io,infrastructure_or_data,yes,"[""DWIN""]","[""Drop Wireless Infrastructure""]","[""https://dropwireless.io/ecosystem/""]",high,no
589376-53,BounceBit,bouncebit.io,protocol_or_network,yes,"[""BB"", ""BBUSD"", ""BBTC""]","[""BB Coin"", ""BBUSD"", ""BBTC""]","[""https://docs.bouncebit.io/token/bouncebit-tokenomics/bb-coin"", ""https://docs.bouncebit.io/token/bouncebit-tokenomics/stablecoins-on-bouncebit-bbusd"", ""https://docs.bouncebit.io/token/bouncebit-tokenomics/bitcoin-on-bouncebit-bbtc""]",high,no
589426-93,GraphLinq,graphlinq.io,protocol_or_network,yes,"[""GLQ""]","[""GraphLinq Chain""]","[""https://docs.graphlinq.io/graphlinq-chain/glq""]",high,no
589512-07,Humanity Protocol,humanity.org,protocol_or_network,yes,"[""H""]","[""H token""]","[""https://www.humanity.org/h-token""]",high,no
589677-04,Lista Dao,lista.org,protocol_or_network,yes,"[""LISTA"", ""lisUSD"", ""slisBNB""]","[""LISTA"", ""lisUSD"", ""slisBNB""]","[""https://docs.bsc.lista.org/governance/lista"", ""https://docs.bsc.lista.org/introduction/faq"", ""https://docs.bsc.lista.org/introduction/liquid-staking-slisbnb/about-slisbnb""]",high,no
589677-58,BitU Protocol,bitu.io,protocol_or_network,yes,"[""BITU"", ""sBITU""]","[""BITU"", ""sBITU""]","[""https://docs.bitu.io/bitu"", ""https://docs.bitu.io/bitu/overview/glossary""]",high,no
589678-66,Nesa (Financial Software),nesa.ai,protocol_or_network,yes,"[""NES""]","[""Nesa""]","[""https://nesa.ai/token""]",high,no
589699-27,Symmio,symm.io,protocol_or_network,yes,"[""SYMM""]","[""$SYMM""]","[""https://docs.symmio.foundation/token-related/tokenomics""]",high,no
589715-56,Qubic,qubic.org,protocol_or_network,yes,"[""QUBIC""]","[""QUBIC""]","[""https://coinmarketcap.com/currencies/qubic/""]",high,no
589765-78,Sahara AI,saharaai.com,protocol_or_network,yes,"[""SAHARA""]","[""SAHARA token""]","[""https://docs.saharaai.com/tokenomics""]",high,no
589797-55,Glitch Finance,glitch.finance,protocol_or_network,yes,"[""GLCH""]","[""GLCH""]","[""https://glitch.finance/docs-sub/glitch-developer-documentation/""]",medium,yes
589811-86,Dollero Technology,dollero.tech,exchange_or_broker,yes,"[""DLLR""]","[""Dollero""]","[""https://www.dollero.tech/en""]",high,no
589912-66,NAV Finance,nav.finance,dapp_or_product,yes,"[""NAV""]","[""NAV""]","[""https://docs.nav.finance/nav-economy/usdnav""]",high,no
589924-45,EcoCreds,ecocreds.com,dapp_or_product,yes,"[""ECO""]","[""$ECO""]","[""https://docs-ecocreds.vercel.app/tokenomics/""]",high,no
589984-48,Edu3labs,edu3labs.com,dapp_or_product,yes,"[""NFE""]","[""NFE Token""]","[""https://docs.edu3labs.com/the-company/edu3labs-ecosystem/nfe-token""]",high,no
590083-66,Frak,frak.id,protocol_or_network,yes,"[""FRK""]","[""FRK""]","[""https://whitepaper.frak.id/frak-protocol/tokenomics/the-token-usdfrk""]",high,no
590189-59,Trestle (Financial Services),trestleprotocol.io,protocol_or_network,yes,"[""TRESTLE""]","[""TRESTLE""]","[""https://coinmarketcap.com/currencies/trestle/""]",medium,no
590335-75,Mner Club,mner.club,protocol_or_network,yes,"[""ltMNER"", ""rtMNER""]","[""ltMNER"", ""rtMNER""]","[""https://www.mner.club/"", ""https://docs.mner.club/""]",high,no
590470-03,UXLINK,uxlink.io,protocol_or_network,yes,"[""UXLINK""]","[""UXLINK""]","[""https://docs.uxlink.io/layer/technology/one-gas-universal-gas-usduxlink""]",high,no
590614-12,Blue Circular Innovation,bluecircularinnovation.com,infrastructure_or_data,yes,"[""CIL""]","[""Circula""]","[""https://circularport.eu/portnet/""]",high,no
590694-40,Aerodrome Finance,aerodrome.finance,protocol_or_network,yes,"[""AERO""]","[""AERO""]","[""https://coinmarketcap.com/currencies/aerodrome-finance/""]",high,no
590745-70,Octavia Labs,octavia.one,dapp_or_product,yes,"[""VIA""]","[""VIA""]","[""https://coinmarketcap.com/currencies/octavia/""]",high,no
590848-48,Kawa.,kawa.finance,protocol_or_network,yes,"[""KAWA""]","[""Kawa""]","[""https://kawa-fi.gitbook.io/kawa-litepaper""]",high,no
590922-01,Avalon Labs,avalonfinance.xyz,protocol_or_network,yes,"[""AVL"", ""sAVL"", ""USDa"", ""sUSDa""]","[""AVL"", ""sAVL"", ""USDa"", ""sUSDa""]","[""https://docs.avalonfinance.xyz/avl-governance-token/introducing-avl"", ""https://docs.avalonfinance.xyz/start/faq"", ""https://docs.avalonfinance.xyz/avalon-btcfi-products/cedefi-cdp-usda""]",high,no
591084-28,Veelancing,ico.veelancing.io,dapp_or_product,yes,"[""SLBZ""]","[""Veelancing""]","[""https://coinmarketcap.com/currencies/veelancing/""]",high,no
591125-41,HEALE,healelabs.com,protocol_or_network,yes,"[""HEALE""]","[""HEALE""]","[""https://www.heale.org/tokenomics""]",high,no
591195-97,DFI.Money,dfi.money,protocol_or_network,yes,"[""YFII""]","[""YFII""]","[""https://etherscan.io/token/0xa1d0e215a23d7030842fc67ce582a6afa3ccab83""]",high,no
591198-04,Covenant Labs (South Korea),covenantchild.game,gaming_or_nft,yes,"[""COVN""]","[""Covenant""]","[""https://coinmarketcap.com/currencies/covenant-child/""]",high,no
591198-40,Konpay,konpay.io,protocol_or_network,yes,"[""KON""]","[""KONPAY""]","[""https://coinmarketcap.com/currencies/konpay/""]",high,no
591372-19,Yama Finance,yama.finance,protocol_or_network,yes,"[""YAMA""]","[""Yama""]","[""https://docs.yama.finance/technical-summary/""]",high,no
591477-04,Ponder (Financial Services),ponder.one,dapp_or_product,yes,"[""PNDR""]","[""Ponder""]","[""https://coinmarketcap.com/currencies/ponder/""]",high,no
591630-04,Bank of Memories,bankofmemories.org,dapp_or_product,yes,"[""GBM""]","[""GBM""]","[""https://bankofmemories.medium.com/bank-of-memories-to-reward-users-for-growing-family-tree-and-achieving-digital-immortality-68d01d4f4de2""]",high,no
592332-04,KernelDAO,kerneldao.com,protocol_or_network,yes,"[""KERNEL""]","[""KernelDAO""]","[""https://kerneldao.gitbook.io/kernel/getting-started/usdkernel-tokenomics""]",high,no
592333-84,Tuna Chain,tunachain.io,protocol_or_network,yes,"[""TUNA"", ""TORO""]","[""TunaChain Token"", ""Toro""]","[""https://tunachain.gitbook.io/tunachain/token/usdtuna-token"", ""https://tunachain.gitbook.io/tunachain/core-features/usdtoro""]",high,no
592438-33,Olympus Labs,olympuslabs.io,protocol_or_network,yes,"[""MOT""]","[""Olympus Labs""]","[""https://coinmarketcap.com/currencies/olympus-labs/""]",high,no
592445-71,Playa3ull Games,playa3ull.games,gaming_or_nft,yes,"[""3ULL"", ""w3ULL""]","[""PLAYA3ULL GAMES"", ""Wrapped 3ULL""]","[""https://playa3ull.games/3ULL-coin"", ""https://docs.playa3ull.games/how-to/trade-3ull""]",high,no
592468-21,PWR Chain,pwrlabs.io,protocol_or_network,yes,"[""PWR""]","[""PWR Coin""]","[""https://whitepaperv2.pwrlabs.io/pwr-coin-utility""]",high,no
592538-23,BOB (Other Financial Services),gobob.xyz,protocol_or_network,yes,"[""BOB""]","[""BOB""]","[""https://www.gobob.xyz/token""]",high,no
592583-41,Angular Finance,angular.finance,protocol_or_network,yes,"[""ANGL""]","[""Angular Finance""]","[""https://coinmarketcap.com/currencies/angular-finance/""]",high,no
592629-58,Reppo Labs,reppo.xyz,protocol_or_network,yes,"[""REPPO""]","[""Reppo""]","[""https://coinmarketcap.com/currencies/reppo/""]",high,no
592721-02,Wayfinder (Financial Software),wayfinder.ai,protocol_or_network,yes,"[""PROMPT""]","[""PROMPT""]","[""https://coinmarketcap.com/currencies/wayfinder/""]",high,no
592889-77,Deeplink,deeplink.cloud,protocol_or_network,yes,"[""DLC""]","[""DeepLink Protocol""]","[""https://coinmarketcap.com/currencies/deeplink-protocol/""]",high,no
592912-45,Pact labs,pactlabs.com,infrastructure_or_data,yes,"[""PACT""]","[""PACT""]","[""https://pactfoundation.com/""]",high,no
592972-66,AxonDAO,axondao.io,protocol_or_network,yes,"[""AXGT""]","[""AXGT""]","[""https://whitepaper.axondao.io/""]",high,no
592992-10,Agora (Financial Services),agora.finance,protocol_or_network,yes,"[""AUSD""]","[""AUSD""]","[""https://coinmarketcap.com/currencies/agora-finance/""]",high,no
592993-09,Camp Network,campnetwork.xyz,protocol_or_network,yes,"[""CAMP""]","[""Camp Network""]","[""https://coinmarketcap.com/currencies/camp-network/""]",high,no
593003-89,Bitlayer,bitlayer.org,protocol_or_network,yes,"[""BTR""]","[""BTR Token""]","[""https://coinmarketcap.com/currencies/bitlayer/""]",high,no
593068-87,Gno.land,gno.land,protocol_or_network,yes,"[""GNOT""]","[""GNOT""]","[""https://gno.land/r/gnoland/blog%3Ap/beta-mainnet""]",high,no
593233-30,Kuroro Beasts,kuroro.com,gaming_or_nft,yes,"[""KURO""]","[""Kuroro""]","[""https://www.kuroro.com/""]",medium,no
593267-32,StakeStone,stakestone.io,protocol_or_network,yes,"[""STO"", ""STONE"", ""SBTC"", ""STONEBTC"", ""STONEUSD""]","[""StakeStone"", ""STONE"", ""StakeStoneBTC"", ""STONEBTC"", ""STONEUSD""]","[""https://coinmarketcap.com/currencies/stakestone/"", ""https://docs.stakestone.io/stakestone/stone-eth/how-it-works"", ""https://docs.stakestone.io/stakestone/sbtc-and-stonebtc/sbtc"", ""https://docs.stakestone.io/stakestone/sbtc-and-stonebtc/stonebtc"", ""https://www.stakestone.io/""]",high,no
593318-17,Cellula (Entertainment Software),cellula.life,gaming_or_nft,yes,"[""CELA""]","[""Cellula""]","[""https://coinmarketcap.com/currencies/cellula/""]",high,no
593386-84,Zulu Network,zulunetwork.io,protocol_or_network,yes,"[""ZULU""]","[""Zulu Network""]","[""https://docs.zulunetwork.io/tools-and-resources/usdzulu-utility""]",high,no
593437-87,Voi Network,voi.network,protocol_or_network,yes,"[""VOI""]","[""Voi""]","[""https://docs.voi.network/ecosystem/tokenomics/""]",high,no
593477-65,Bitmark - The Original Marking Cryptocurrency,bitmark.io,protocol_or_network,yes,"[""BTM""]","[""Bitmark""]","[""https://coinmarketcap.com/currencies/bitmark/""]",high,no
593500-69,Galileo Network,galileoprotocol.io,protocol_or_network,yes,"[""LEOX""]","[""LEOX""]","[""https://dual-staking.galileoprotocol.io/""]",medium,no
593506-54,U-topia,u-topia.com,dapp_or_product,yes,"[""UCOIN""]","[""U-Coin""]","[""https://coinmarketcap.com/currencies/utopia-u/""]",medium,yes
593560-45,Spark (Finance Software),spark.xyz,protocol_or_network,yes,"[""SPK""]","[""Spark""]","[""https://spark.fi/""]",high,no
593610-94,Mezo (Financial Services),mezo.org,protocol_or_network,yes,"[""MEZO"", ""MUSD""]","[""Mezo"", ""MUSD""]","[""https://coinmarketcap.com/currencies/mezo/"", ""https://coinmarketcap.com/currencies/musd-mezo/""]",high,no
593809-39,HomeDAO,home-dao.com,protocol_or_network,yes,"[""HOME"", ""RENT"", ""sRENT""]","[""HOME"", ""RENT"", ""sRENT""]","[""https://docs.homedao.org/""]",high,no
593810-56,Zunami,zunami.io,protocol_or_network,yes,"[""ZUN""]","[""Zunami Governance Token""]","[""https://www.forbes.com/digital-assets/assets/zunami-governance-token-zun/""]",high,no
593885-08,Synergetics.ai,synergetics.ai,protocol_or_network,yes,"[""SGTX""]","[""SGTX""]","[""https://token.synergetics.ai/""]",medium,no
593951-23,Getaverse,getaverses.com,protocol_or_network,yes,"[""GETA""]","[""GETA""]","[""https://coinmarketcap.com/currencies/getaverse/""]",high,no
593985-79,Quranium,quranium.org,protocol_or_network,yes,"[""QRN""]","[""QRN""]","[""https://coinmarketcap.com/currencies/quranium/""]",high,no
594027-46,Creditcoin,creditcoin.org,protocol_or_network,yes,"[""CTC"", ""G-CRE""]","[""Creditcoin""]","[""https://docs.creditcoin.org/what-is-creditcoin/ctc-token-101"", ""https://docs.creditcoin.org/cc-enterprise/faq""]",high,no
594032-14,Glow,glow.org,protocol_or_network,yes,"[""GLW"", ""GCTL"", ""USDG""]","[""GLW"", ""Glow Control Token"", ""USDG""]","[""https://glow.org/blog/glow-tokenomics-overview""]",high,no
594184-69,Usual Labs,usual.money,protocol_or_network,yes,"[""USUAL"", ""USUALx"", ""USD0"", ""EUR0"", ""sUSD0"", ""bUSD0"", ""USD0a""]","[""USUAL"", ""USUALx"", ""USD0"", ""EUR0"", ""sUSD0"", ""bUSD0"", ""USD0a""]","[""https://docs.usual.money/resources-and-ecosystem/fact-sheets/usual-products/usual"", ""https://docs.usual.money/resources-and-ecosystem/fact-sheets/usual-products/usual/usualx"", ""https://docs.usual.money/resources-and-ecosystem/fact-sheets/usual-products/usd0"", ""https://docs.usual.money/resources-and-ecosystem/fact-sheets/usual-products/eur0"", ""https://docs.usual.money/resources-and-ecosystem/fact-sheets/usual-products/susd0"", ""https://docs.usual.money/resources-and-ecosystem/fact-sheets/usual-products/busd0"", ""https://docs.usual.money/resources-and-ecosystem/fact-sheets/usual-products/usd0a""]",high,no
594239-95,Prisma Finance,prismafinance.com,protocol_or_network,yes,"[""PRISMA"", ""MKUSD"", ""ULTRA""]","[""Prisma Governance Token"", ""Prisma mkUSD"", ""ULTRA Prisma Finance""]","[""https://coinmarketcap.com/currencies/prisma-finance/"", ""https://coinmarketcap.com/currencies/prisma-mkusd/"", ""https://coinmarketcap.com/currencies/ultra-prisma-finance/""]",high,yes
594300-34,CETI,taoceti.ai,infrastructure_or_data,yes,"[""CETI""]","[""CETI""]","[""https://taoceti.ai/""]",high,no
595832-32,Roam Network,roam.network,protocol_or_network,yes,"[""ROAM""]","[""Roam""]","[""https://coinmarketcap.com/currencies/roam/""]",high,no
595974-25,HeLa,helalabs.com,protocol_or_network,yes,"[""HELA""]","[""HeLa""]","[""https://docs.helalabs.com/ecosystem-overview/hela-tokenomics""]",high,no
596064-79,Bool Network,bool.network,protocol_or_network,yes,"[""BOL""]","[""Bool Network""]","[""https://docs.bool.network/develop-guide/system-configuration""]",high,no
596168-02,Earn Finex,earnfinex.com,protocol_or_network,yes,"[""EFX""]","[""Earnfinex""]","[""https://coinmarketcap.com/currencies/earnfinex/""]",low,yes
59621-14,01 Quantum,01com.com,security_or_compliance,yes,"[""QONE""]","[""qONE""]","[""https://coinmarketcap.com/currencies/qone/""]",high,no
596305-90,Vanar Chain,vanarchain.com,protocol_or_network,yes,"[""VANRY""]","[""Vanar Chain""]","[""https://vanarchain.com/vanry""]",high,no
596456-47,Cangea,cangea.com,protocol_or_network,yes,"[""CNGA""]","[""CNGA""]","[""https://cangea.com/token/""]",high,no
596556-10,Inferix,inferix.io,infrastructure_or_data,yes,"[""IFX""]","[""Inferix""]","[""https://docs.inferix.io/inferix-whitepaper/economic-model/usdifx-token""]",high,no
596613-52,Utgard,utgard.io,gaming_or_nft,yes,"[""UTG""]","[""Utgard""]","[""https://utgard.io/""]",high,no
596703-88,Rivalz Network,rivalz.ai,protocol_or_network,yes,"[""RIZ""]","[""RIZ""]","[""https://docs.rivalz.ai/riz-token""]",high,no
596706-04,MilkyWay Zone,milkyway.zone,protocol_or_network,yes,"[""MILK""]","[""MILK""]","[""https://docs.milkyway.zone/about/milk-tokenomics/tokenomics""]",high,no
596815-93,Janction,janction.ai,protocol_or_network,yes,"[""JCT""]","[""Janction""]","[""https://docs.janction.ai/token/tokenomics""]",high,no
596817-19,Satschain Labs,satz.one,protocol_or_network,yes,"[""SATZ""]","[""SATZ""]","[""https://static.icoholder.com/files/1073730/bc1baf311683592f971e67a3c7de2656.pdf""]",medium,yes
596846-08,1WorldBlockchain,1worldblockchain.com,dapp_or_product,yes,"[""WBD""]","[""WBD""]","[""https://icomarks.ai/ico/1worldblockchain""]",low,yes
596892-43,Newfoundation,new.foundation,protocol_or_network,yes,"[""NCO""]","[""Newcoin""]","[""https://www.newcoin.org/overview""]",high,no
596892-61,PPX,ppx.ai,protocol_or_network,yes,"[""PPX""]","[""PPX token""]","[""https://www.ppx.ai/""]",low,yes
596905-66,BitBay,bitbay.market,protocol_or_network,yes,"[""BAY""]","[""BitBay""]","[""https://coinmarketcap.com/currencies/bitbay/""]",high,no
596920-06,Solayer,solayer.org,protocol_or_network,yes,"[""LAYER""]","[""LAYER Token""]","[""https://docs.solayer.org/documentation/Tokenomics""]",high,no
596955-43,Flash Protocol,flashprotocol.xyz,protocol_or_network,yes,"[""FLASH""]","[""Flash Protocol""]","[""https://coinmarketcap.com/currencies/flash-protocol/""]",medium,yes
597004-21,TNA,tna-btc.com,protocol_or_network,yes,"[""BN""]","[""Bitcoin Names""]","[""https://tna-btc.gitbook.io/tna-whitepaper-2/ecosystem/tokenomics""]",medium,yes
597028-69,TreeCoin,treecoin.global,protocol_or_network,yes,"[""XCC"", ""XCR""]","[""TreeCoin"", ""TreeCoin+""]","[""https://www.treecoin.global/terms-conditions"", ""https://www.treecoin.global/purchase""]",high,no
597053-08,Sanpō Association,sanpobc.io,protocol_or_network,yes,"[""SPT""]","[""Sanpō Token""]","[""https://sanpobc.io/features/""]",high,no
597065-59,Hybrid (Financial Software),buildonhybrid.com,protocol_or_network,yes,"[""HYB""]","[""Hybrid""]","[""https://docs.buildonhybrid.com/hyb/tokenomics""]",high,no
597067-30,Anomaly (Software Development Applications),anomalygames.ai,gaming_or_nft,yes,"[""NOM""]","[""NOM Token""]","[""https://blockleaders.io/introducing-anomaly-ai-powered-layer-3-for-gaming-powered-by-arbitrum-orbit-built-on-gelato-raas/""]",medium,yes
597076-84,Atticc Labs,atticc.xyz,dapp_or_product,yes,"[""EARLY""]","[""EARLY""]","[""https://blastscan.io/token/0x7135B32e9903BdB4e19a8b1D22fC2038964B8451""]",high,no
597126-88,Ambios Network,ambios.network,protocol_or_network,yes,"[""AMBIOS""]","[""AMBIOS""]","[""https://ambios.network/token""]",high,no
597132-46,ZKM,zkm.io,protocol_or_network,yes,"[""ZKM""]","[""ZKM Token""]","[""https://www.zkmnetwork.net/""]",medium,yes
59716-00,RevoluGROUP Canada,revolugroup.com,dapp_or_product,yes,"[""₡CU""]","[""CCU Coin""]","[""https://www.cuvventures.com/fintech/ccu-cryptotoken/""]",medium,yes
597206-98,Owlto,owlto.finance,protocol_or_network,yes,"[""OWL""]","[""OWL""]","[""https://docs.owlto.finance/owl/tokenomics""]",high,no
597242-44,Elys Network,elys.network,protocol_or_network,yes,"[""ELYS""]","[""ELYS""]","[""https://coinmarketcap.com/currencies/elys-network/""]",high,no
597282-58,Xswap,xswap.link,protocol_or_network,yes,"[""XSWAP""]","[""XSwap""]","[""https://docs.xswap.link/xswap/introduction/usdxswap""]",high,no
597348-10,CruiseFi,cruise.fi,protocol_or_network,yes,"[""USDx"", ""PRT"", ""plETH""]","[""USDx"", ""Price Recovery Token"", ""Price Locked Ethereum""]","[""https://medium.com/%40cruise_fi/can-defi-lending-work-without-liquidation-risk-731765e2efe4"", ""https://www.einpresswire.com/article/664385949/cruise-fi-token-rewards-ethereum-enthusiasts-who-believe-prices-will-hit-2000""]",medium,yes
597387-70,Metaphone Blockchain,metaphone.io,dapp_or_product,yes,"[""PHONE""]","[""PHONE""]","[""https://tonviewer.com/EQA7YwpxBQFXX657RV7DdhI_UZP9kwgshFKtZjR4gPOkCVWZ""]",medium,no
597600-73,Frac,frac.io,infrastructure_or_data,yes,"[""FRAC""]","[""FRAC""]","[""https://www.frac.io/the-frac-token""]",high,no
599633-92,3air,3air.io,protocol_or_network,yes,"[""3AIR""]","[""3air""]","[""https://coinmarketcap.com/currencies/3air/""]",high,no
599707-72,TNB,tnb.fund,protocol_or_network,yes,"[""TNB""]","[""Time New Bank""]","[""https://coinmarketcap.com/currencies/time-new-bank/""]",high,no
599724-91,Engine ( Business/Productivity Software),egcchain.com,protocol_or_network,yes,"[""EGCC""]","[""Engine""]","[""https://www.allcryptowhitepapers.com/wp-content/uploads/2022/10/Engine-Chain.pdf""]",low,yes
599817-52,eOracle,eo.app,infrastructure_or_data,yes,"[""EO""]","[""EO""]","[""https://cryptototem.com/eoracle-eo/""]",high,no
599891-23,Refraction,refractionfestival.com,media_or_education,yes,"[""REFRACT""]","[""Refraction""]","[""https://www.refractionfestival.com/membership""]",high,no
600009-22,Nexis Network,nex-t1.ai,protocol_or_network,yes,"[""NZT""]","[""Nexis""]","[""https://nexisfoundation.mintlify.app/tokenomics/token-details""]",high,no
600017-32,MUA DAO,muadao.build,protocol_or_network,yes,"[""MUA""]","[""MUA""]","[""https://docs.muadao.build/mua-dao/what-is-mua""]",high,no
600033-25,WSPN,wspn.io,protocol_or_network,yes,"[""WUSD""]","[""WUSD""]","[""https://developer.wspn.io/5768563m0""]",high,no
600143-50,Gaia (California),gaianet.ai,protocol_or_network,yes,"[""GAIA""]","[""Gaia Token""]","[""https://dapp.gaianet.ai/ecosystem""]",high,no
600160-33,Defi.money,defi.money,protocol_or_network,yes,"[""MONEY""]","[""MONEY""]","[""https://www.coingecko.com/en/coins/defi-money""]",high,no
600229-99,Ethgas,ethgas.com,protocol_or_network,yes,"[""GWEI""]","[""GWEI""]","[""https://docs.ethgas.com/foundation/tokenomics""]",high,no
600242-41,Sentient,sentient.foundation,protocol_or_network,yes,"[""SENT""]","[""Sentient""]","[""https://www.coingecko.com/en/coins/sentient""]",high,no
600266-62,Play AI (Entertainment Software),playai.network,protocol_or_network,yes,"[""PLAI""]","[""Play AI""]","[""https://www.coingecko.com/en/coins/play-ai""]",high,no
600299-47,Mint Blockchain,mintchain.io,protocol_or_network,yes,"[""MINT""]","[""Mint Blockchain""]","[""https://docs.mintchain.io/tokenomics""]",high,no
600352-93,Shido,shido.io,protocol_or_network,yes,"[""SHIDO""]","[""Shido Network""]","[""https://www.coingecko.com/en/coins/shido""]",high,no
600353-02,Elvish Magic,elvishmagic.com,protocol_or_network,yes,"[""EMAGIC""]","[""EMAGIC""]","[""https://coinmarketcap.com/currencies/elvishmagic/""]",high,no
600353-83,Dehub,dehub.net,protocol_or_network,yes,"[""DHB""]","[""DeHub""]","[""https://www.coingecko.com/en/coins/dehub""]",high,no
600402-79,Chakra (Financial Software),chakrachain.io,protocol_or_network,yes,"[""CKR""]","[""CKR""]","[""https://explorer-tn.chakrachain.io/tokens""]",high,no
600403-69,Trala Lab,trala.me,gaming_or_nft,yes,"[""TRALA"", ""TOPAZ""]","[""TRALA TOKEN"", ""TOPAZ""]","[""https://coinmarketcap.com/currencies/trala/"", ""https://github.com/tralalab/public_trala_home/blob/main/TRALA%20Whitepaper_v1.pdf""]",medium,yes
600418-27,UpRock,uprock.com,infrastructure_or_data,yes,"[""UPT""]","[""UpRock""]","[""https://docs.uprock.com/tokenomics-whitepaper""]",high,no
600445-81,DarkFi,dark.fi,protocol_or_network,yes,"[""DRK""]","[""DRK""]","[""https://dark.fi/book/testnet/token.html""]",high,no
600447-97,TARS Protocol,tars.pro,protocol_or_network,yes,"[""TAI""]","[""TARS AI""]","[""https://www.coingecko.com/en/coins/tars-protocol""]",high,no
600749-83,NexBridge,nexbridge.io,infrastructure_or_data,yes,"[""USTBL""]","[""USTBL""]","[""https://sv.nexbridge.finance/issuances""]",high,no
600800-77,Maya (Financial Services),mayaprotocol.com,protocol_or_network,yes,"[""CACAO"", ""MAYA"", ""AZTEC""]","[""CACAO"", ""MAYA token"", ""AZTEC token""]","[""https://docs.mayaprotocol.com/introduction/readme/cacao"", ""https://docs.mayaprotocol.com/white-paper/readme-1-1/usdmaya-token"", ""https://docs.mayaprotocol.com/white-paper/readme-1-1/aztec-chain-and-usdaztec-token""]",high,no
601106-23,Heurist,heurist.ai,infrastructure_or_data,yes,"[""HEU""]","[""HEU""]","[""https://docs.heurist.ai/protocol-overview/tokenomics""]",high,no
60145-57,Circle,circle.com,service_provider,yes,"[""USDC""]","[""USD Coin""]","[""https://www.circle.com/usdc""]",high,no
601555-87,Dill,dill.xyz,protocol_or_network,yes,"[""DL""]","[""Dill""]","[""https://www.coingecko.com/en/coins/dill""]",high,no
601758-64,Epoch Protocol,epochprotocol.xyz,protocol_or_network,yes,"[""EPOCH""]","[""Epoch""]","[""https://www.coingecko.com/en/coins/epoch""]",high,no
601809-40,Pixelverse,pixelverse.xyz,gaming_or_nft,yes,"[""PIXFI""]","[""PIXFI""]","[""https://docs.pixelverse.xyz/pixelverse/economy/usdpixfi-token""]",high,no
601823-17,Optopia AI,optopia.ai,protocol_or_network,yes,"[""OPAI""]","[""OPAI""]","[""https://docs.optopia.ai/introduction/tokenomics""]",high,no
60485-86,CP Labs,cplabs.io,wallet_or_custody,yes,"[""META""]","[""Metadium""]","[""https://www.coingecko.com/en/coins/metadium""]",low,no
606205-27,Codatta,codatta.io,protocol_or_network,yes,"[""XNY""]","[""Codatta""]","[""https://docs.codatta.io/en/protocol-token/token-info""]",high,no
606205-90,RepoSwap,reposwap.io,protocol_or_network,yes,"[""REPX""]","[""RepoSwap""]","[""https://www.coingecko.com/en/coins/reposwap""]",medium,no
606251-71,Dico (Financial Services),dico.io,protocol_or_network,yes,"[""DICO""]","[""DICO""]","[""https://parachains.info/details/dico""]",medium,no
606252-34,INS3.FINANCE,ins3.insure,protocol_or_network,yes,"[""ITFX""]","[""ITFX""]","[""https://coinmarketcap.com/currencies/ins3-finance/""]",high,no
606328-03,Loka Mining,lokamining.com,mining_or_validator,yes,"[""LKMN"", ""lokBTC""]","[""LKMN"", ""lokBTC""]","[""https://www.lokamining.com/""]",high,no
606397-42,AgoraDex,agorahub.io,gaming_or_nft,yes,"[""AGA""]","[""AGA""]","[""https://www.agorahub.io/aga-token""]",high,no
606495-79,Glue (Blockchain),glue.net,protocol_or_network,yes,"[""GLUE""]","[""Glue""]","[""https://glue.net/token/""]",high,no
606717-19,A.D.SYSTEMS,a-d.systems,protocol_or_network,yes,"[""PEACE""]","[""PEACE COIN""]","[""https://coinmarketcap.com/currencies/peace/""]",high,no
606748-33,Compute labs,computelabs.ai,protocol_or_network,yes,"[""miniGPU""]","[""miniGPU""]","[""https://compute-labs.gitbook.io/compute-labs/compute-tokenization-protocol/gnfts-and-minigpu""]",medium,no
606836-89,SoSoValue,sosovalue.com,infrastructure_or_data,yes,"[""SOSO""]","[""SOSO Token""]","[""https://ssi.sosovalue.com/soso-token""]",high,no
606895-21,EARN'M Loyalty Ecosystem,earnm.com,protocol_or_network,yes,"[""EARNM""]","[""EARNM""]","[""https://www.earnm.com/tokenomics""]",high,no
606907-36,Talentre,talentre.com,dapp_or_product,yes,"[""TAL""]","[""$TAL Token""]","[""https://docs.talentre.com/tokenomics/usdtal-token""]",high,no
607012-84,Ponchiqs,ponchiqs.com,gaming_or_nft,yes,"[""PONCH""]","[""PONCH""]","[""https://toypaper.ponchiqs.com/usdponch-token/distribution""]",high,no
607082-59,CratD2C,cratd2csmartchain.io,protocol_or_network,yes,"[""CRAT""]","[""CRAT""]","[""https://coinmarketcap.com/currencies/cratd2c/""]",high,no
607095-37,Kita (Social/Platform Software),kita.foundation,dapp_or_product,yes,"[""KITA""]","[""KITA""]","[""https://www.globenewswire.com/news-release/2024/06/28/2906061/0/en/Kita-Foundation-Secures-VC-Investment-from-FZF-Ventures-in-H1-2024.html""]",high,no
607096-00,CreBit,crebit.ai,protocol_or_network,yes,"[""CBAB""]","[""CreBit""]","[""https://crebit.ai/Content/WhitePaper/Whitepaper_CREBIT.html""]",medium,no
607124-17,Lombard (Financial Software),lombard.finance,protocol_or_network,yes,"[""BARD"", ""LBTC""]","[""BARD"", ""LBTC""]","[""https://docs.lombard.finance/lbtc-liquid-bitcoin/usdbard-lombards-token"", ""https://docs.lombard.finance/use/use-lbtc""]",high,no
607299-76,AQLA Token,aqlatoken.com,protocol_or_network,yes,"[""AQLA""]","[""AQLA Token""]","[""https://aqlatoken.com/tokenomics/""]",high,no
607299-94,Nitrofinance,nitrofinance.xyz,protocol_or_network,yes,"[""NIT"", ""xNIT""]","[""NIT"", ""xNIT""]","[""https://nitrofinance.xyz/""]",high,no
607303-00,Monai,monai.dev,protocol_or_network,yes,"[""MONAI""]","[""MonAI Token""]","[""https://docs.monai.gg/information/usdmonai-token""]",high,no
607305-07,Satoshisync,satoshisync.com,protocol_or_network,yes,"[""SSNC""]","[""SatoshiSync""]","[""https://coinmarketcap.com/currencies/satoshisync/""]",high,no
607306-69,Architex,architex.ai,mining_or_validator,yes,"[""ARCX""]","[""Architex""]","[""https://www.coingecko.com/en/coins/architex""]",high,no
607307-41,Zero1 Labs,z1labs.ai,protocol_or_network,yes,"[""DEAI""]","[""DEAI""]","[""https://coinmarketcap.com/currencies/zero1-labs/""]",high,no
607307-95,Ordiswap,ordiswap.fi,protocol_or_network,yes,"[""ORDS""]","[""Ordiswap Token""]","[""https://ordiswap.gitbook.io/ordiswap/ordiswap-token/ords-token""]",high,no
607308-49,Base Terminal,baseterminal.org,protocol_or_network,yes,"[""BASEX""]","[""Base Terminal""]","[""https://coinmarketcap.com/currencies/base-terminal/""]",high,no
607309-30,Waba,wabanetwork.org,protocol_or_network,yes,"[""WABA""]","[""WABA""]","[""https://www.coingecko.com/en/coins/waba""]",medium,no
607311-10,Lilypad (Financial Software),lilypad.tech,protocol_or_network,yes,"[""LP""]","[""Lilypad""]","[""https://docs.lilypad.tech/lilypad/rewards""]",high,no
607311-82,Photon (Financial Software),photonchain.io,protocol_or_network,yes,"[""PBTC"", ""PTON""]","[""PBTC"", ""Photon""]","[""https://docs.photonchain.io/pbtc-overview"", ""https://blog.photonchain.io/photon-aurora-testnet-is-live""]",medium,yes
607314-79,SatoshiVM,satoshivm.io,protocol_or_network,yes,"[""SAVM""]","[""SatoshiVM""]","[""https://www.coingecko.com/en/coins/satoshivm""]",high,no
607578-22,MegaETH,,protocol_or_network,yes,"[""MEGA""]","[""MEGA""]","[""https://token.megaeth.com/""]",high,no
607729-15,Solum Global,solum.global,protocol_or_network,yes,"[""sgUSD""]","[""sgUSD""]","[""https://www.solum.global/post/solum-global-dfinity""]",high,no
607770-73,Nubila,nubila.ai,protocol_or_network,yes,"[""NB""]","[""NB""]","[""https://nubila.gitbook.io/nubila/nubila-network/usdnb-tokenomics""]",high,no
607858-84,Agorafinance.xyz,agorafinance.xyz,protocol_or_network,yes,"[""AUSD""]","[""AUSD""]","[""https://docs.agora.finance/""]",high,no
607863-16,TURF Network,turf.network,protocol_or_network,yes,"[""TURF""]","[""TURF Token""]","[""https://docs.turf.network/default-guide/data-economy/turf-token-value-drivers""]",high,no
607921-57,Carrot Network,carrot.eco,protocol_or_network,yes,"[""CARROT""]","[""CARROT""]","[""https://whitepaper.carrot.eco/documentation/the-product/carrot-network""]",high,no
607942-36,Openledger (Business/Productivity Software),openledger.xyz,protocol_or_network,yes,"[""OPEN""]","[""Openledger Token""]","[""https://openledger.gitbook.io/openledger/token/openledger-token""]",medium,yes
607966-93,InpulseX,inpulsex.io,protocol_or_network,yes,"[""IPX""]","[""IPX""]","[""https://docs.inpulsex.io/the-mission/ecosystems-native-token""]",high,no
607969-99,Sardis,mysardis.com,protocol_or_network,yes,"[""SRDS"", ""SRDX""]","[""SRDS"", ""SRDX""]","[""https://www.coingecko.com/en/coins/sardis-network"", ""https://docs.sardisnetwork.com/docs/About%20Sardis/""]",medium,no
607972-42,SeaPad,seafi.ai,protocol_or_network,yes,"[""SPT""]","[""SeaFi""]","[""https://coinmarketcap.com/currencies/seapad/""]",high,no
608060-62,Block Agent,blockagent.org,protocol_or_network,yes,"[""BONUS""]","[""BONUS""]","[""https://docs.bonusblock.io/docs/tokenomics""]",medium,yes
608125-06,Tren Finance,tren.finance,protocol_or_network,yes,"[""XY"", ""TREN""]","[""XY"", ""TREN""]","[""https://docs.tren.finance/tokens/xy"", ""https://docs.tren.finance/tokens/tren-and-vetren""]",high,no
608155-84,CoNET Technologies (Network Management Software),conettech.ca,protocol_or_network,yes,"[""CONET""]","[""CONET""]","[""https://doceng.conet.network/tokenomics/utilities-and-economic""]",high,no
608160-88,Plaza Finance,plaza.finance,protocol_or_network,yes,"[""bondETH"", ""levETH""]","[""bondETH"", ""levETH""]","[""https://docs.plaza.finance/plaza-assets/"", ""https://docs.plaza.finance/plaza-assets/leveth-levered-ethereum""]",medium,no
608219-38,Premia (Financial Services),premia.blue,protocol_or_network,yes,"[""PREMIA""]","[""PREMIA""]","[""https://docs.premia.blue/""]",high,no
608465-26,NavyAI,navyai.xyz,protocol_or_network,yes,"[""NAVY""]","[""NAVY""]","[""https://navyai.gitbook.io/docs/usdnavy""]",high,no
608530-06,Fasttoken,fasttoken.com,protocol_or_network,yes,"[""FTN""]","[""Fasttoken""]","[""https://fasttoken.com/""]",high,no
608552-11,cSigma Finance,csigma.finance,protocol_or_network,yes,"[""SIGMA"", ""csUSD"", ""csLYD""]","[""SIGMA Token"", ""csUSD"", ""csLYD""]","[""https://www.csigma.finance/articles/announcing-the-sigma-token-institutional-grade-defi-in-real-world-private-credit"", ""https://www.csigma.finance/csusd"", ""https://www.csigma.finance/cslyd""]",high,no
608607-01,Palliora,palliora.org,protocol_or_network,yes,"[""PALI""]","[""PALI""]","[""https://palliora.org/""]",high,no
608609-44,Via (Commercial Products),buildonvia.org,protocol_or_network,yes,"[""VIA""]","[""VIA""]","[""https://blog.onvia.org/via-a-bitcoin-l2-built-for-productive-liquidity/""]",medium,yes
608660-11,Bima Labs,bima.money,protocol_or_network,yes,"[""USBD""]","[""USBD""]","[""https://coinmarketcap.com/currencies/bima/""]",high,no
608680-99,Hemi Labs,hemi.xyz,protocol_or_network,yes,"[""HEMI""]","[""HEMI""]","[""https://hemi.xyz/token""]",high,no
608700-70,Stable Jack,stablejack.xyz,protocol_or_network,yes,"[""JACK"", ""sJACK"", ""YT"", ""VT""]","[""JACK"", ""sJACK"", ""Yield Token"", ""Volatility Token""]","[""https://docs.stablejack.xyz/stablejack/usdjack-tokenomics/usdjack-token"", ""https://docs.stablejack.xyz/stablejack/introduction-to-stable-jack/the-mechanism-behind-stable-jack""]",high,no
608714-29,B137,b137.io,protocol_or_network,yes,"[""B137-DID""]","[""B137-DID""]","[""https://docs.b137.io/general/b137-protocol""]",high,no
608717-71,LayerEdge,layeredge.io,protocol_or_network,yes,"[""EDGEN""]","[""EDGEN""]","[""https://docs.layeredge.io/docs/tokenomics-and-economic-model/EDGEN-Token/""]",high,no
608727-43,Shentu Chain,shentu.org,protocol_or_network,yes,"[""CTK""]","[""Shentu""]","[""https://shentu.org/whitepaper""]",high,no
608747-14,Mira (Singapore),mira.network,protocol_or_network,yes,"[""MIRA""]","[""MIRA""]","[""https://coinmarketcap.com/currencies/mira-network/""]",high,no
608829-49,Permacast,permacast.dev,protocol_or_network,yes,"[""PWT""]","[""PWT""]","[""https://permacast.gitbook.io/permacast-docs/7.-tokenomics""]",high,no
608922-64,Uptick Network,uptick.network,protocol_or_network,yes,"[""UPTICK""]","[""UPTICK""]","[""https://www.uptick.network/index.html""]",high,no
608956-84,Randamu,randa.mu,infrastructure_or_data,yes,"[""DCIPHER""]","[""dcipher""]","[""https://www.globenewswire.com/news-release/2025/05/19/3083949/0/en/Randamu-Launches-Swiss-Based-Threshold-Association-to-Advance-Decentralized-Governance-Standards.html""]",medium,no
608995-00,BTClayer,btclayer.org,protocol_or_network,yes,"[""BTCLAYER""]","[""BTCLAYER""]","[""https://btclayer.io/en""]",high,no
60921-19,Kraken,kraken.com,exchange_or_broker,yes,"[""INK""]","[""INK""]","[""https://coinmarketcap.com/currencies/ink-token/""]",medium,no
615397-78,Echelon Prime,echelon.io,gaming_or_nft,yes,"[""PRIME""]","[""PRIME Token""]","[""https://docs.echelon.io/echelon-prime-foundation/2.0-prime-token""]",high,no
615446-38,NPC Labs,npclabs.org,gaming_or_nft,yes,"[""B3""]","[""B3""]","[""https://docs.b3.fun/protocol/tokenomics""]",high,no
615510-19,Circular (Financial Software),circularlabs.io,protocol_or_network,yes,"[""CIRX""]","[""Circular Protocol""]","[""https://coinmarketcap.com/currencies/circular-protocol/""]",high,no
615512-26,Orochi Network,orochi.network,protocol_or_network,yes,"[""ON""]","[""ON""]","[""https://docs.orochi.network/additional-info/on-token/""]",high,no
615555-37,KAIO,kaio.xyz,protocol_or_network,yes,"[""KAIO""]","[""KAIO""]","[""https://www.coingecko.com/en/coins/kaio""]",medium,no
616053-52,SatLayer,satlayer.xyz,protocol_or_network,yes,"[""SLAY""]","[""SatLayer""]","[""https://www.coingecko.com/en/coins/satlayer""]",high,no
616413-25,Pichi Finance,pichi.finance,protocol_or_network,yes,"[""PCH""]","[""Pichi Finance""]","[""https://coinmarketcap.com/currencies/pichi-finance/""]",high,no
616479-85,Tour Billion,tourbillion.app,protocol_or_network,yes,"[""TBC""]","[""Tour Billion Coin""]","[""https://coinmarketcap.com/currencies/tour-billion/""]",high,no
616539-79,Infinity Ground,infinityg.ai,dapp_or_product,yes,"[""AIN""]","[""Infinity Ground""]","[""https://coinmarketcap.com/currencies/infinity-ground/""]",high,no
616545-64,Chateau Capital,chateau.capital,protocol_or_network,yes,"[""CHUSD"", ""SCHUSD"", ""CHT""]","[""Chateau USD"", ""Staked chUSD"", ""CHT""]","[""https://www.coingecko.com/en/coins/chateau-usd"", ""https://www.coingecko.com/en/coins/staked-chusd"", ""https://docs.chateau.capital/chateau""]",medium,no
616559-50,aZen,azenprotocol.io,infrastructure_or_data,yes,"[""AZEN""]","[""aZen""]","[""https://www.coingecko.com/en/coins/azen""]",high,no
619346-53,Stabolut,stabolut.com,protocol_or_network,yes,"[""USB""]","[""USB stablecoin""]","[""https://www.stabolut.com/""]",high,no
61974-55,OKCoin,okcoin.com,exchange_or_broker,yes,"[""OKB"", ""OKT""]","[""OKB"", ""OKTC Token""]","[""https://www.okx.com/en-us/price/okb-okb"", ""https://www.okx.com/en-us/price/oktc-token-okt""]",high,no
62200-09,Augmate,augmate.io,traditional_business,yes,"[""MATE""]","[""MATE Token""]","[""https://www.globenewswire.com/news-release/2017/12/18/1263252/0/en/augmate-introduces-mate-token-to-power-iot-security-and-interoperability.html""]",high,no
62210-71,PayStand,paystand.com,service_provider,yes,"[""USDb""]","[""USDb Stablecoin""]","[""https://www.paystand.com/blog/stablecoin-for-businesses""]",high,no
622407-52,GGX,ggxchain.io,protocol_or_network,yes,"[""GGX""]","[""GGX""]","[""https://docs.ggxchain.io/sydney-testnet/tokenomics.html""]",high,no
622410-22,Dinero,dinero.xyz,protocol_or_network,yes,"[""DINERO"", ""pxETH"", ""apxETH"", ""pxUSD"", ""pxSOL"", ""apxSOL""]","[""DINERO"", ""pxETH"", ""apxETH"", ""pxUSD"", ""pxSOL"", ""apxSOL""]","[""https://dinero.xyz/docs/dinero-tokenomics"", ""https://dinero.xyz/docs/px-eth-overview"", ""https://dinero.xyz/docs"", ""https://dinero.xyz/docs/px-sol-overview""]",high,no
622777-24,TheBadge,thebadge.xyz,protocol_or_network,yes,"[""BADGE""]","[""BADGE""]","[""https://www.thebadge.xyz/en/oracle""]",medium,no
62298-10,BitGo,bitgo.com,wallet_or_custody,yes,"[""WBTC""]","[""Wrapped Bitcoin""]","[""https://www.wbtc.network/""]",high,no
623002-06,Tokenwised,tokenwised.com,dapp_or_product,yes,"[""GGTK"", ""SRC""]","[""GG Token"", ""Simracer Coin""]","[""https://ggdapp.com/"", ""https://simracercoin.org/""]",high,no
624396-70,NES.TECH,nes.tech,infrastructure_or_data,yes,"[""VLRY""]","[""Volary""]","[""https://nes.tech/volary/""]",high,no
625936-78,UniWorlds,uniworlds.io,protocol_or_network,yes,"[""UNW""]","[""UniWorld Cash""]","[""https://uniworld.io/media/2020/07/UniChain_WhitePaper-v1.0.pdf""]",high,no
625949-02,Accumulate (Financial Software),accumulatenetwork.io,protocol_or_network,yes,"[""ACME""]","[""ACME""]","[""https://accumulatenetwork.io/learn/""]",high,no
629201-26,AXK.ORG,afrikabal.org,protocol_or_network,yes,"[""AXK""]","[""AXK""]","[""https://www.axkcoin.com/""]",medium,yes
630182-71,EstateX,estatex.eu,protocol_or_network,yes,"[""ESX""]","[""EstateX""]","[""https://www.coingecko.com/en/coins/estatex""]",high,no
631417-87,DeAgentAI,deagent.ai,protocol_or_network,yes,"[""AIA""]","[""AIA""]","[""https://coinmarketcap.com/currencies/deagentai/""]",high,no
631519-39,Haven1,haven1.org,protocol_or_network,yes,"[""H1""]","[""H1""]","[""https://coinmarketcap.com/currencies/haven1/""]",high,no
631767-79,TBC,turingbitchain.io,protocol_or_network,yes,"[""TBC""]","[""TBC""]","[""https://www.coingecko.com/en/coins/turingbitchain""]",high,no
631776-88,Shieldeum,shieldeum.net,protocol_or_network,yes,"[""SDM""]","[""Shieldeum""]","[""https://coinmarketcap.com/currencies/shieldeum/""]",high,no
633159-64,Sugarverse,sugarverse.io,gaming_or_nft,yes,"[""CNDY""]","[""Sugarverse""]","[""https://www.coingecko.com/en/coins/sugarverse""]",high,no
634909-69,The Binary Holdings,thebinaryholdings.com,protocol_or_network,yes,"[""BNRY""]","[""BNRY Token""]","[""https://docs.thebinaryholdings.com/usdbnry/usdbnry-tokenomics""]",high,no
635927-23,Goldilocks DAO,goldilocks.io,protocol_or_network,yes,"[""LOCKS""]","[""LOCKS""]","[""https://goldilocks.gitbook.io/goldidocs/locks""]",high,no
638103-79,PlaysOut,playsout.com,gaming_or_nft,yes,"[""PLAY""]","[""PLAY""]","[""https://coinmarketcap.com/currencies/playsout/""]",high,no
638175-79,Evaa Protocol,evaa.finance,protocol_or_network,yes,"[""EVAA""]","[""EVAA Protocol""]","[""https://token.evaa.finance/""]",high,no
638598-34,Sports Pie,sportspie.io,dapp_or_product,yes,"[""PIE""]","[""SportsPie""]","[""https://coinmarketcap.com/currencies/sportspie/""]",high,no
638604-82,Sequentia (Financial Software),sequentia.io,protocol_or_network,yes,"[""SEQ""]","[""Sequence""]","[""https://docs.sequentia.io/white-paper/2.-sequentia-overview""]",high,no
638605-63,Kim Exchange,kim.exchange,traditional_business,yes,"[""KIM""]","[""Kim Exchange""]","[""https://www.coincarp.com/currencies/kim-exchange/project-info/""]",low,yes
638606-44,Ironclad Finance,ironclad.finance,protocol_or_network,yes,"[""ICL"", ""iUSD"", ""oICL""]","[""ICL"", ""iUSD"", ""oICL""]","[""https://www.ironclad.finance/introducing-icl-tokenomics/"", ""https://www.ironclad.finance/iusd-modes-most-advanced-native-stablecoin/"", ""https://www.ironclad.finance/ironclad-updates-s1-sale-tokenomics-and-the-future-of-icl/""]",high,no
638614-45,Convergence Protocol,cvg.finance,protocol_or_network,yes,"[""CVG""]","[""CVG""]","[""https://docs.cvg.finance/cvg-token/understanding-cvg""]",high,no
638787-25,Lumia (Financial Software),lumia.org,protocol_or_network,yes,"[""LUMIA""]","[""Lumia""]","[""https://docs.lumia.org/lumia/lumia-token""]",high,no
639039-25,Kvants,kvants.ai,dapp_or_product,yes,"[""KVAI""]","[""KVAI Token""]","[""https://www.kvants.ai/token-terms""]",high,no
639108-55,Eternal AI,eternalai.org,protocol_or_network,yes,"[""EAI""]","[""Eternal AI""]","[""https://eternalai.org/eai""]",high,no
639119-80,Coimex,coimex.co,dapp_or_product,yes,"[""EXIM""]","[""EXIM Token""]","[""https://eximtoken.coimex.co/whitepaper/tokenomics""]",high,no
639673-21,PsyDAO,psydao.io,protocol_or_network,yes,"[""PSY""]","[""PsyDAO Token""]","[""https://etherscan.io/token/0x2196B84EaCe74867b73fb003AfF93C11FcE1D47A""]",high,no
639678-97,Nakamo.to,nakamo.to,traditional_business,yes,"[""PEAQ""]","[""peaq""]","[""https://www.coingecko.com/en/coins/peaq""]",low,yes
639704-80,BTA Protocol,btaprotocol.com,traditional_business,yes,"[""BTAP""]","[""BTA Protocol""]","[""https://coinmarketcap.com/currencies/bta-protocol/""]",low,yes
640094-59,SOON (New York),soo.network,traditional_business,yes,"[""SOON""]","[""SOON""]","[""https://docs.soo.network/introduction/tokenomics""]",low,yes
64018-18,Ripio,ripio.com,exchange_or_broker,yes,"[""RCN""]","[""RCN Finance""]","[""https://coinmarketcap.com/currencies/ripio-credit-network/""]",high,no
640210-06,Puffpaw,puffpaw.xyz,traditional_business,yes,"[""VAPE""]","[""Puffpaw""]","[""https://coinmarketcap.com/currencies/puffpaw/""]",low,yes
640282-33,Level Money,level.money,traditional_business,yes,"[""LVLUSD"", ""SLVLUSD""]","[""Level USD"", ""Staked Level USD""]","[""https://www.coingecko.com/en/coins/level-usd"", ""https://www.coingecko.com/en/coins/staked-level-usd""]",low,yes
640479-34,Kaisar,kaisar.io,traditional_business,yes,"[""KAI""]","[""Kaisar Network""]","[""https://kaisar.io/blog/kaisar-network-depin-protocol-for-decentralized-compute-and-ai/""]",low,yes
640480-15,Moreliquid,moreliquid.io,traditional_business,yes,"[""MMMEUR""]","[""Moreliquid Money Market EUR""]","[""https://www.moreliquid.io/investor-details/money-market-euro""]",low,yes
640481-32,ROVR (Business/Productivity Software),rovr.network,traditional_business,yes,"[""ROVR""]","[""ROVR Network""]","[""https://rovr-network.gitbook.io/rovr-docs/rovr-tokenomics/rovr-tokenomics""]",low,yes
640482-13,Stateless Solutions,stateless.solutions,traditional_business,yes,"[""SSL""]","[""SSL Token""]","[""https://github.com/stateless-solutions/litepaper""]",low,yes
640559-71,Edge Matrix Chain,emc.network,traditional_business,yes,"[""EMC""]","[""Edge Matrix Computing""]","[""https://www.coingecko.com/en/coins/edge-matrix-computing""]",low,yes
640683-19,Uniquid Layer,uniquid.io,protocol_or_network,yes,"[""LiqBTC""]","[""LiqBTC""]","[""https://uniquid-layer.gitbook.io/uniquid-layer/liqbtc-uniquid-bitcoin/introduction-to-liqbtc""]",high,no
641292-67,IDA Finance,idafi.xyz,traditional_business,yes,"[""HKDA""]","[""HKDA""]","[""https://www.prnewswire.com/news-releases/ida-a-hong-kong-based-fiat-referenced-stablecoin-issuer-raised-usd6-million-seed-round-led-by-cmcc-global-and-hashed-302235602.html""]",low,yes
641356-39,Nusa Finance,nusa.finance,traditional_business,yes,"[""NUSA""]","[""Nusa""]","[""https://www.coingecko.com/en/coins/nusa-finance""]",low,yes
641363-23,Nuon Finance,nuon.fi,traditional_business,yes,"[""NUON"", ""MAXCAP""]","[""Nuon"", ""MaxCap""]","[""https://nuon.fi/""]",low,yes
641369-17,Heroglyphs,heroglyphs.com,traditional_business,yes,"[""HCT""]","[""Heroglyphs Name Changing Token""]","[""https://docs.heroglyphs.com/obelisk/hct""]",low,yes
641389-06,Stegos,stegos.com,traditional_business,yes,"[""STG""]","[""Stegos""]","[""https://www.coincarp.com/currencies/stegos/""]",low,yes
641793-52,xDollar,xdollar.fi,traditional_business,yes,"[""XDO"", ""XUSD""]","[""xDollar"", ""xDollar Stablecoin""]","[""https://coinmarketcap.com/currencies/xdollar/"", ""https://www.coingecko.com/en/coins/xdollar-stablecoin""]",low,yes
643796-65,XR One,xrone.network,protocol_or_network,yes,"[""XR""]","[""XR""]","[""https://xr-one.gitbook.io/xr/tokenomics/usdxr-token""]",high,no
649166-59,PIN AI,pinai.com,protocol_or_network,yes,"[""PIN""]","[""PIN token""]","[""https://docs.pinai.io/PIN-Economy/PIN-Utility""]",low,yes
650355-31,Cork,cork.tech,protocol_or_network,yes,"[""cPT"", ""cST""]","[""Cork Principal Token"", ""Cork Swap Token""]","[""https://docs.cork.tech/core-concepts/principal-token"", ""https://docs.cork.tech/core-concepts/swap-token""]",medium,no
65039-59,Animoca Brands,animocabrands.com,investment_or_holdings,yes,"[""MOCA""]","[""$MOCA Coin""]","[""https://docs.moca.network/learn/moca-coin""]",high,no
654678-46,Hyperbridge,hyperbridge.network,protocol_or_network,yes,"[""BRIDGE""]","[""BRIDGE""]","[""https://hyperbridge.network/bridge""]",high,no
654690-43,Titan Network (Systems and Information Management),titannet.io,infrastructure_or_data,yes,"[""TNT""]","[""TITAN""]","[""https://www.titannet.io/learn/titan/titan-network-tokenomics-lightpaper""]",high,no
656067-34,Context Protocol,ctx.xyz,protocol_or_network,yes,"[""TEX""]","[""TEX""]","[""https://docs.ctx.xyz/protocol-overview/tex-token""]",high,no
65613-88,Stellar,stellar.org,protocol_or_network,yes,"[""XLM""]","[""Lumens""]","[""https://stellar.org/lumens""]",high,no
656687-44,Amped Finance,amped.finance,protocol_or_network,yes,"[""AMPED""]","[""AMPED""]","[""https://docs.amped.finance/protocol-tokens/amped/overview""]",high,no
656828-65,Infinit,infinit.tech,protocol_or_network,yes,"[""IN""]","[""IN""]","[""https://docs.infinit.tech/tokenomics/in-token""]",high,no
657108-46,BANGK,bangk.app,dapp_or_product,yes,"[""BGK""]","[""BGK Coin""]","[""https://bangk-1.gitbook.io/whitepaper-bangk/initial-coin-offering/tokenomics""]",high,no
657821-53,Blazpay,blazpay.com,dapp_or_product,yes,"[""BLAZ""]","[""Blazpay Token""]","[""https://blazpay.com/whitepaper""]",high,no
657946-45,BitMind,bitmind.ai,dapp_or_product,yes,"[""SN34""]","[""BitMind""]","[""https://www.coingecko.com/en/coins/bitmind""]",high,no
658197-19,Fasqon,fasqon.com,dapp_or_product,yes,"[""FSQN""]","[""FSQN""]","[""https://fasqon.com/tokenomics/""]",high,no
658247-14,OpenMotion (Media and Information Services (B2B)),openmotion.io,dapp_or_product,yes,"[""ANME""]","[""ANME""]","[""https://openmotion.io/token-metrics/""]",high,no
658262-89,Spot,,protocol_or_network,yes,"[""SPOT""]","[""SPOT""]","[""https://docs.spot.cash/spot-documentation/spot-documentation/about-spot""]",high,no
658924-48,Crynux,crynux.io,protocol_or_network,yes,"[""CNX""]","[""Crynux Token""]","[""https://docs.crynux.io/crynux-token/wallet-configuration""]",high,no
658925-83,Tac,tac.build,protocol_or_network,yes,"[""TAC""]","[""TAC Token""]","[""https://docs.tac.build/ecosystem/token-list""]",high,no
65910-79,Omni Foundation,omnilayer.org,protocol_or_network,yes,"[""OMNI""]","[""Omni""]","[""https://coinmarketcap.com/currencies/omni/""]",high,no
65968-48,Incent Loyalty,incent.com,dapp_or_product,yes,"[""INCNT""]","[""Incent""]","[""https://coinmarketcap.com/currencies/incent/""]",high,no
66019-51,Namecoin,namecoin.org,protocol_or_network,yes,"[""NMC""]","[""Namecoin""]","[""https://coinmarketcap.com/currencies/namecoin/""]",high,no
66032-65,Stacks (Software Development Applications),stacks.co,protocol_or_network,yes,"[""STX""]","[""Stacks""]","[""https://www.stacks.co/explore/get-stx""]",high,no
66113-56,Omise,omise.co,service_provider,yes,"[""OMG""]","[""OMG Network""]","[""https://coinmarketcap.com/currencies/omg/""]",medium,yes
66195-64,Chain,chain.com,infrastructure_or_data,yes,"[""XCN""]","[""Onyxcoin""]","[""https://onyx.org/""]",medium,no
66257-83,GMO Internet Group,group.gmo,traditional_business,yes,"[""GYEN"", ""ZUSD""]","[""GYEN"", ""ZUSD""]","[""https://group.gmo/en/news/article/809/"", ""https://group.gmo/en/news/article/821/""]",high,no
662797-63,KiteAI,gokite.ai,protocol_or_network,yes,"[""KITE""]","[""Kite""]","[""https://coinmarketcap.com/currencies/kite/""]",high,no
663700-24,Magpie (Financial Services),magpiexyz.io,protocol_or_network,yes,"[""MGP""]","[""MGP""]","[""https://docs.magpiexyz.io/mgp-token""]",high,no
663832-36,OpenGradient,opengradient.ai,protocol_or_network,yes,"[""OPG""]","[""OPG Token""]","[""https://opengradient.foundation/tokenomics""]",medium,no
663843-43,RISE (Singapore),risechain.com,protocol_or_network,yes,"[""RISE""]","[""RISE Token""]","[""https://blog.risechain.com/rise-acquires-bsx-perp-dex/""]",medium,no
664023-79,StreamEx,streamex.com,infrastructure_or_data,yes,"[""GLDY""]","[""GLDY""]","[""https://www.streamex.com/GLDY""]",high,no
664534-54,Agant,agant.io,infrastructure_or_data,yes,"[""GBPA""]","[""GBPA Stablecoin""]","[""https://www.agant.io/gbpa/""]",high,no
664746-40,Tx24,beta.tx24.io,exchange_or_broker,yes,"[""TXT""]","[""TXT""]","[""https://www.tx24.io/""]",high,no
665011-54,Balance (Entertainment Software),balance.fun,gaming_or_nft,yes,"[""EPT""]","[""EPT""]","[""https://balance.fun/""]",high,no
665343-91,Hermetica,hermetica.fi,protocol_or_network,yes,"[""USDh"", ""hBTC"", ""sUSDh""]","[""USDh"", ""hBTC"", ""sUSDh""]","[""https://docs.hermetica.fi/usdh/how-it-works/mint"", ""https://docs.hermetica.fi/hbtc/how-it-works/flows"", ""https://docs.hermetica.fi/usdh/how-it-works/technical-primitives""]",high,no
665964-37,Octra,octra.org,protocol_or_network,yes,"[""OCT""]","[""OCT""]","[""https://docs.octra.org/oct-docs/octranomics""]",high,no
675210-34,Open Custody Protocol,opencustody.org,wallet_or_custody,yes,"[""LVVA""]","[""Levva Protocol Token""]","[""https://docs.opencustody.org/open-to-lvva""]",medium,no
675321-31,Tenzro Labs,tenzro.org,protocol_or_network,yes,"[""TNZO""]","[""TNZO Token""]","[""https://www.tenzro.com/products/tnzo""]",high,no
675901-72,Fractal Bitcoin,fractalbitcoin.io,protocol_or_network,yes,"[""FB""]","[""Fractal Token""]","[""https://docs.fractalbitcoin.io/faqs/token-utility""]",high,no
676212-67,Infinitar,infinitar.com,gaming_or_nft,yes,"[""IGT"", ""INF""]","[""IGT"", ""INF""]","[""https://infinitar.gitbook.io/whitepaper/infinitar-economics/tokenomics""]",medium,no
676263-34,RuneSoul,runesoul.com,gaming_or_nft,yes,"[""RST"", ""RG"", ""RUC""]","[""Runesoul Token"", ""Runesoul Governance Token"", ""Runesoul Utility Coin""]","[""https://runesoul.gitbook.io/whitepaper/runesoul-economy/tokenomics/usdrst"", ""https://runesoul.gitbook.io/whitepaper/runesoul-economy/tokenomics/usdrg-and-usdruc""]",medium,no
676896-22,HNB Protocol,hnbprotocol.io,protocol_or_network,yes,"[""HNB""]","[""HNB Protocol""]","[""https://coinmarketcap.com/currencies/hnb-protocol/""]",high,no
677102-59,Minutes Network,minutesnetwork.io,infrastructure_or_data,yes,"[""MNT""]","[""Minutes Network Token""]","[""https://minutesnetworktoken.io/discover/minutes-network-token""]",high,no
677102-77,Schmeckles,schmeckles.io,gaming_or_nft,yes,"[""SCHMECKLES""]","[""Schmeckles""]","[""https://coinmarketcap.com/currencies/schmeckles/""]",high,no
681911-29,Shape (Multimedia and Design Software),shape.network,protocol_or_network,yes,"[""SHAPE""]","[""Shape""]","[""https://shape.network/token""]",high,no
682848-37,Color Protocol,colorprotocol.com,protocol_or_network,yes,"[""COLOR""]","[""COLOR Token""]","[""https://color-protocol.github.io/""]",high,no
685218-79,LIFE AI,lifenetwork.ai,protocol_or_network,yes,"[""LIFE""]","[""Life AI""]","[""https://coinmarketcap.com/currencies/life-ai/""]",high,no
685888-30,Yala,yala.org,protocol_or_network,yes,"[""YALA"", ""YU"", ""sYU""]","[""Yala"", ""Yala Stablecoin"", ""Savings YU""]","[""https://coinmarketcap.com/currencies/yala/"", ""https://www.coingecko.com/en/coins/yu"", ""https://docs.yala.org/metamint/syu/savings-yu-mechanism""]",medium,yes
686103-13,Svim Labs,svim.io,protocol_or_network,yes,"[""SVIM""]","[""SVIM""]","[""https://docs.svim.io/getting-started/tokenomics/our-token""]",high,no
686246-59,Botanika (Business/Productivity Software),botanika.ai,infrastructure_or_data,yes,"[""BONSAI""]","[""BONSAI""]","[""https://messari.io/project/botanika/profile""]",medium,no
686679-13,Fragmetric,fragmetric.xyz,protocol_or_network,yes,"[""FRAG""]","[""Fragmetric""]","[""https://www.coingecko.com/en/coins/fragmetric""]",high,no
686775-70,OKZOO,okzoo.app,protocol_or_network,yes,"[""AIOT""]","[""OKZOO""]","[""https://coinmarketcap.com/currencies/okzoo/""]",high,no
687933-28,PinGo.Work,pingo.work,protocol_or_network,yes,"[""PINGO""]","[""PINGO""]","[""https://www.coingecko.com/en/coins/pingo""]",high,no
690821-47,Soul (Financial Software),soul.io,protocol_or_network,yes,"[""SO""]","[""SO""]","[""https://app.soul.io/ico""]",high,no
690840-91,MetaDAO,metadao.fi,protocol_or_network,yes,"[""META""]","[""META""]","[""https://docs.metadao.fi/token/details""]",high,no
690894-82,HOT Protocol,hot-labs.org,protocol_or_network,yes,"[""HOT""]","[""HOT""]","[""https://hot-labs.org/""]",high,no
691707-70,Mimunga,mimunga.com,gaming_or_nft,yes,"[""LOST""]","[""The Lost Glitches""]","[""https://playlostglitches.com/additional-bonuses-of-the-booster-drop/""]",low,yes
691995-07,Pell Network,pell.network,protocol_or_network,yes,"[""PELL""]","[""PELL""]","[""https://docs.pell.network/pell-tokenomics""]",high,no
692727-58,DKloud,dkloud.io,protocol_or_network,yes,"[""DKT""]","[""dKloud""]","[""https://docs.dkloud.io/docs/concept/payment/""]",high,no
697027-33,ZeroBase,zerobase.pro,protocol_or_network,yes,"[""ZBT""]","[""ZBT""]","[""https://zerobase.pro/docs/economic-model-roadmap/""]",high,no
697028-14,Plasma (Financial Software),plasma.to,protocol_or_network,yes,"[""XPL""]","[""XPL""]","[""https://www.plasma.to/docs/get-started/xpl/tokenomics""]",high,no
703613-98,Schuman Financial,schuman.io,protocol_or_network,yes,"[""EUROP""]","[""EURØP""]","[""https://www.coingecko.com/en/coins/schuman-europ""]",high,no
706450-87,Units.Network,units.network,protocol_or_network,yes,"[""UNIT0"", ""WUNIT0""]","[""Unit0"", ""Wrapped Unit0""]","[""https://docs.units.network/how-it-works/key-components/tokens/unit0"", ""https://docs.units.network/how-it-works/key-components/tokens/wunit0""]",high,no
706664-17,USPD,uspd.io,protocol_or_network,yes,"[""USPD"", ""cUSPD"", ""stUSPD""]","[""USPD"", ""cUSPD"", ""stUSPD""]","[""https://uspd.io/"", ""https://uspd.io/docs/uspd/architecture"", ""https://uspd.io/institutional""]",high,no
706742-20,Vixichain,vixichain.org,protocol_or_network,yes,"[""VIXC""]","[""VIXC""]","[""https://vixichain.org/vixc-token/""]",high,no
706869-64,SeedOn,seedon.io,dapp_or_product,yes,"[""SEON""]","[""SeedOn""]","[""https://coinmarketcap.com/currencies/seedon/""]",high,no
706897-90,Alliance Games,alliancegames.xyz,infrastructure_or_data,yes,"[""COA""]","[""COA""]","[""https://alliancegames.xyz/blog/coa-tokenomics-aligning-infrastructure-gameplay-and-governance""]",medium,yes
706907-44,BBAChain,bbachain.com,protocol_or_network,yes,"[""BBA""]","[""BBA Coin""]","[""https://bbachain.com/""]",high,no
707165-56,Cap Labs,caplabs.io,protocol_or_network,yes,"[""CAP"", ""cUSD"", ""stcUSD""]","[""CAP"", ""cUSD"", ""stcUSD""]","[""https://docs.cap.app/cap-tokens"", ""https://docs.cap.app/protocol-overview/cusd-mechanics"", ""https://docs.cap.app/protocol-overview/stcusd-mechanics""]",high,no
707175-91,Ducat( Other Financial Services),ducatprotocol.com,protocol_or_network,yes,"[""DUCAT"", ""UNIT""]","[""DUCAT"", ""UNIT""]","[""https://docs.ducatprotocol.com/ducat/the-ducat-protocol"", ""https://docs.ducatprotocol.com/""]",high,no
707292-37,PlayArts (Financial Services),playarts.ai,dapp_or_product,yes,"[""PLART"", ""ARTS""]","[""PlayArts Token"", ""ARTS""]","[""https://playarts.gitbook.io/playarts/playarts-token-overview"", ""https://app-renewal.playarts.ai/""]",medium,yes
707343-22,Orange Protocol,orangeprotocol.io,protocol_or_network,yes,"[""ORNG""]","[""Orange Token""]","[""https://docs.orangeweb3.com/orange/the-orange-protocol/tokenomics/orange-token""]",high,no
707367-34,BDollar,bdollar.fi,protocol_or_network,yes,"[""BDO"", ""SBDO"", ""BBDO""]","[""bDollar"", ""bDollar Share"", ""bDollar Bond""]","[""https://www.coingecko.com/en/coins/bdollar"", ""https://coinpaprika.com/coin/sbdo-bdollar-share/"", ""https://coinpaprika.com/coin/bbdo-bdollar-bond/""]",high,no
707379-49,Sense4Fit,nft.sense4fit.com,dapp_or_product,yes,"[""4FIT""]","[""4FIT Token""]","[""https://4fit.io/""]",medium,yes
707383-00,Nature+,natureplus.io,protocol_or_network,yes,"[""NATURE"", ""NUSD""]","[""Nature Token"", ""NUSD""]","[""https://natureplus.io/nature-token/"", ""https://natureplus.io/us/""]",high,no
707573-62,KIOS,kios9.com,dapp_or_product,yes,"[""KIOS""]","[""KIOS""]","[""https://www.kios9.com/_files/ugd/42f30f_97098e0310b749e39607eccc80b026c3.pdf""]",high,no
707635-00,Perena,perena.org,protocol_or_network,yes,"[""USD*""]","[""USD*""]","[""https://perena.org/product""]",high,no
707710-33,Parabol (Financial Services),parabol.fi,protocol_or_network,yes,"[""PARAUSD""]","[""Parabol USD""]","[""https://www.coingecko.com/en/coins/parabol-usd/usd""]",high,no
707767-75,Hamilton (Financial Services),hamilton.xyz,protocol_or_network,yes,"[""USDh"", ""sUSDh"", ""HUST""]","[""USDh"", ""sUSDh"", ""HUST""]","[""https://docs.hamilton.xyz/"", ""https://gamesbeat.com/hamilton-raises-1-7m-to-tokenize-real-world-assets-on-bitcoin/""]",high,no
707779-09,SkyX (Environmental Services (B2B)),skyxglobal.com,infrastructure_or_data,yes,"[""SKYX""]","[""SKYX""]","[""https://coinmarketcap.com/currencies/skyx-token/""]",high,no
707791-15,LAKE,lak3.io,protocol_or_network,yes,"[""LAK3""]","[""LAK3""]","[""https://coinmarketcap.com/currencies/lake-lak3/""]",high,no
708052-06,Teneo Protocol,teneo-protocol.ai,infrastructure_or_data,yes,"[""TENEO""]","[""TENEO""]","[""https://www.coingecko.com/en/coins/teneo-protocol""]",medium,no
708076-36,Po.et,po.et,dapp_or_product,yes,"[""POE""]","[""Po.et""]","[""https://coinmarketcap.com/currencies/poet/""]",high,no
710379-19,GAIB,gaib.ai,protocol_or_network,yes,"[""GAIB"", ""AID"", ""sAID""]","[""GAIB"", ""AID"", ""staked AID""]","[""https://docs.gaib.ai/gaib-overview/usdgaib-token"", ""https://docs.gaib.ai/products/gaib-products/ai-dollar-aid"", ""https://docs.gaib.ai/products/gaib-products/staked-ai-dollar-said""]",high,no
711213-40,GoRecruit (Business/Productivity Software),gorecruit.ru,service_provider,yes,"[""GRT""]","[""RecruitCoin""]","[""https://medium.com/gorecruit/grt-token-what-is-it-cb16b4328197""]",medium,yes
711220-06,Donthepia,,protocol_or_network,yes,"[""DONO""]","[""DONO""]","[""https://donthepia.io/""]",high,no
711379-72,Nim Network,nim.network,protocol_or_network,yes,"[""NIM""]","[""Nim Network""]","[""https://coinmarketcap.com/currencies/nim-network/""]",high,no
711587-26,Lulu Chain,luluchain.xyz,protocol_or_network,yes,"[""LULU""]","[""LULU""]","[""https://luluchainglobals-white-paper.gitbook.io/luluchain-white-paper/6.-the-tokenomics""]",medium,yes
711689-41,Pulsara (Financial Services),pulsara.io,dapp_or_product,yes,"[""SARA""]","[""Pulsara Utility Token""]","[""https://www.pulsara.io/tokenomics""]",high,no
711731-62,COFI Money,cofi.money,protocol_or_network,yes,"[""COFI"", ""ETHFI"", ""BTCFI""]","[""COFI Dollar"", ""COFI Ethereum"", ""COFI Bitcoin""]","[""https://docs.cofi.money/overview/cofi-stablecoins""]",high,no
711763-75,World Liberty Financial,worldlibertyfinancial.com,protocol_or_network,yes,"[""WLFI""]","[""WLFI""]","[""https://docs.worldlibertyfinancial.com/wlfi-token/tokenomics""]",high,no
711795-97,RWADEPIN,rwadepin.io,dapp_or_product,yes,"[""SUIRWAPIN""]","[""RWADepin Protocol""]","[""https://docs.rwadepin.io/token-overview/token-utility""]",high,no
711800-29,Haedal,haedal.xyz,protocol_or_network,yes,"[""HAEDAL"", ""HASUI"", ""HAWAL""]","[""Haedal Protocol"", ""Haedal Staked SUI"", ""Haedal Staked WAL""]","[""https://haedal-protocol.gitbook.io/haedal-protocol-docs/tokenomics/haedal"", ""https://haedal-protocol.gitbook.io/haedal-protocol-docs/haedal-liquid-staking/hasui"", ""https://haedal-protocol.gitbook.io/haedal-protocol-docs/hawal""]",high,no
711940-24,Avant,avantprotocol.com,protocol_or_network,yes,"[""AVANT"", ""avUSD"", ""savUSD"", ""avUSDx"", ""avBTC"", ""savBTC"", ""avBTCx"", ""avETH"", ""savETH"", ""avETHx""]","[""Avant governance token"", ""Avant USD"", ""Staked Avant USD"", ""Avant USD Max"", ""Avant BTC"", ""Staked Avant BTC"", ""Avant BTC Max"", ""Avant ETH"", ""Staked Avant ETH"", ""Avant ETH Max""]","[""https://docs.avantprotocol.com/overview/core-tokens""]",high,no
713179-90,Soil (Financial Software),soil.co,protocol_or_network,yes,"[""SOIL""]","[""Soil""]","[""https://soil.co/""]",high,no
714405-43,Colb Finance,colb.finance,protocol_or_network,yes,"[""USC""]","[""USC""]","[""https://www.colb.finance/whitepaper""]",high,no
718180-12,Astherus,astherus.com,protocol_or_network,yes,"[""ASTER""]","[""Aster""]","[""https://coinmarketcap.com/currencies/aster/""]",high,no
718225-30,usdx.money,usdx.money,protocol_or_network,yes,"[""USDX"", ""sUSDX""]","[""USDX"", ""sUSDX""]","[""https://coinmarketcap.com/currencies/usdx-money/"", ""https://coinmarketcap.com/currencies/susdx/""]",high,no
718442-83,Reality (Financial Software),realitynet.xyz,protocol_or_network,yes,"[""NET""]","[""NET""]","[""https://docs.realitynet.xyz/cell-api""]",high,no
718892-38,Neurochain,neurochain.ai,protocol_or_network,yes,"[""NCN""]","[""NCN""]","[""https://coinmarketcap.com/currencies/neurochainai/""]",high,no
719079-58,Nano ( Financial Software),nano.org,protocol_or_network,yes,"[""XNO""]","[""XNO""]","[""https://nano.org/en/blog/say-hello-to-xno--c4bb1c25""]",high,no
719363-98,BLIFE Protocol,blifeprotocol.com,protocol_or_network,yes,"[""BLIFE""]","[""BLife Protocol""]","[""https://www.coingecko.com/en/coins/blife-protocol""]",high,no
719823-34,DuckChain,duckchain.io,protocol_or_network,yes,"[""DUCK""]","[""DuckChain Token""]","[""https://duckchain.io/micar/DuckChain_MiCAR_WP""]",high,no
719862-22,XPIN Network,xpin.network,protocol_or_network,yes,"[""XPIN""]","[""XPIN Network""]","[""https://docs.xpin.network/tokenomics""]",high,no
719876-08,Mandala Chain,mandalachain.io,protocol_or_network,yes,"[""KPG""]","[""Kepeng Token""]","[""https://docs.mandalachain.io/docs/learn/network-token/""]",high,no
719947-54,Palladium Labs,palladiumlabs.org,protocol_or_network,yes,"[""PUSD""]","[""PUSD""]","[""https://docs.palladiumlabs.org/user-guide-and-faqs/general""]",high,no
720009-73,Amplified (Financial Services),amplified.fi,protocol_or_network,yes,"[""LLT"", ""aiUSD"", ""aiETH"", ""aiBTC""]","[""Liquidity Layer Token"", ""aiUSD"", ""aiETH"", ""aiBTC""]","[""https://docs.amplified.fi/governance-and-tokenomics/protocol-governance-and-liquidity-generation-model"", ""https://docs.amplified.fi/governance-and-tokenomics/aiusd-aieth-aibtc""]",high,no
720013-24,Mint Cash,mintca.sh,protocol_or_network,yes,"[""MINT"", ""CASH""]","[""Mint"", ""Cash""]","[""https://www.mintca.sh/"", ""https://www.mintca.sh/docs/whitepaper.pdf""]",high,no
720079-66,Pulsar Games,pulsar.12rw.io,gaming_or_nft,yes,"[""PLSR""]","[""Pulsar""]","[""https://wiki.pulsar.game/tokenomics-and-game-economy/token-utility""]",high,no
720131-59,Allo (Financial Software),allo.xyz,protocol_or_network,yes,"[""RWA""]","[""Allo""]","[""https://www.coingecko.com/en/coins/allo""]",high,no
720204-58,Vlokr,vlokr.us,dapp_or_product,yes,"[""VTV""]","[""VTV""]","[""https://whitepaper.vlokr.us/iii.2.-the-tokens-model""]",high,no
720722-62,Swisscoast,swisscoast.ch,protocol_or_network,yes,"[""dCHF"", ""HCHF"", ""HLQT""]","[""dCHF"", ""HCHF"", ""HLQT""]","[""https://etherscan.io/token/0xf412af62269a0b3b10ea727df81231cdc5bb6364"", ""https://docs.hliquity.org/"", ""https://docs.hliquity.org/fundamentals/hlqt-tokenomics""]",high,no
721038-25,Beefy,beefy.com,protocol_or_network,yes,"[""BIFI""]","[""BIFI Token""]","[""https://docs.beefy.finance/ecosystem/bifi-token""]",high,no
721143-73,The Root Network,therootnetwork.com,protocol_or_network,yes,"[""ROOT"", ""VTX""]","[""ROOT"", ""Vortex tokens""]","[""https://docs.therootnetwork.com/learn/tokenomics""]",high,no
724307-14,ChainOpera AI,chainopera.ai,protocol_or_network,yes,"[""COAI""]","[""ChainOpera AI""]","[""https://paper.chainopera.ai/tokenomics-and-protocol-design/coai-tokenomics""]",high,no
725082-49,RAAY Real Estate,raay.estate,service_provider,yes,"[""CONX""]","[""Connex""]","[""https://coinmarketcap.com/currencies/connex/""]",high,no
725819-95,SETAI Agents,aisentient.net,dapp_or_product,yes,"[""SETAI""]","[""SETAI Agents""]","[""https://coinmarketcap.com/currencies/setai-agents/""]",high,no
728156-26,The Avy Project,theavyproject.io,dapp_or_product,yes,"[""AVYB""]","[""Avy Token""]","[""https://coinmooner.com/coins/the-avy-network-avyb""]",medium,no
728260-12,Serveup.AI,serveup.ai,protocol_or_network,yes,"[""AISUP""]","[""AISUP""]","[""https://darren-g9531.gitbook.io/serveup/initial-agent-offering-iao-coming-soon/aisup-token-utility""]",medium,yes
730015-21,Real Finance (Asset Management),real.finance,protocol_or_network,yes,"[""ASSET""]","[""REAL Finance""]","[""https://www.coingecko.com/en/coins/real-asset""]",medium,no
731210-77,Suzaku,suzaku.network,protocol_or_network,yes,"[""SUZ""]","[""SUZ""]","[""https://docs.suzaku.network/suz-token""]",high,no
731420-38,World3,world3.ai,protocol_or_network,yes,"[""WAI""]","[""World3""]","[""https://docs.world3.ai/world3/readme/tokenomics""]",high,no
731742-04,Unique Network,unique.network,protocol_or_network,yes,"[""UNQ""]","[""Unique Token""]","[""https://unique.network/token/""]",high,no
731864-89,The Innovation Game,tig.foundation,protocol_or_network,yes,"[""TIG""]","[""The Innovation Game""]","[""https://docs.tig.foundation/tokenomics""]",medium,no
734745-25,1Money Network,1moneynetwork.com,traditional_business,yes,"[""1MNT""]","[""1Money Network Token""]","[""https://www.1moneynetwork.com/token/0x03e8faa3cd1fdec9983e373e4f3e6874bb658d6b?network=mainnet""]",low,yes
736369-12,Sheertopia,sheertopia.io,gaming_or_nft,yes,"[""AMBO""]","[""AMBO""]","[""https://www.sheertopia.io/""]",high,no
737483-68,Apex Fusion,apexfusion.org,protocol_or_network,yes,"[""AP3X""]","[""AP3X""]","[""https://foundation.apexfusion.org/ap3x""]",high,no
739657-99,Destra Network,destra.network,protocol_or_network,yes,"[""DSYNC""]","[""DSYNC""]","[""https://coinmarketcap.com/currencies/destra-network/""]",high,no
739658-35,NodeAI,nodes.ai,protocol_or_network,yes,"[""GPU""]","[""GPU""]","[""https://nodes.ai/gpu-token""]",medium,yes
740203-75,CrossFi,crossfi.org,protocol_or_network,yes,"[""MPX"", ""XFI""]","[""Mint Power"", ""CrossFi""]","[""https://crossfi.org/mpx/"", ""https://docs.crossfi.org/docs/economy-overview/xfi-coin/""]",high,no
740229-04,GOAT Network,goat.network,protocol_or_network,yes,"[""GOATED""]","[""GOAT Network""]","[""https://coinmarketcap.com/currencies/goat-network/""]",high,no
740573-11,Betarena,about.betarena.com,gaming_or_nft,yes,"[""BTA""]","[""Bitarena Token""]","[""https://betarena.com/presale""]",high,no
741115-72,Swarm Network,swarmnetwork.ai,infrastructure_or_data,yes,"[""TRUTH""]","[""Swarm Network""]","[""https://gitbook.swarmnetwork.ai/tokenomics/""]",medium,no
741221-65,PolyFlow,polyflow.tech,infrastructure_or_data,yes,"[""PID""]","[""PID""]","[""https://polyflows.tech/token""]",high,no
741268-36,MinionLab,minionlab.ai,infrastructure_or_data,yes,"[""MINION""]","[""MINION""]","[""https://docs.minionlab.ai/tokenomics""]",low,yes
741448-72,DoubleZero Protocol,doublezero.xyz,protocol_or_network,yes,"[""2Z""]","[""2Z""]","[""https://doublezero.xyz/2z-tokenomics-disclosure.pdf""]",high,no
741635-02,SWISS 6022,swiss6022.ch,protocol_or_network,yes,"[""6022""]","[""6022 token""]","[""https://www.swiss6022.ch/eternal-life/""]",high,no
741880-90,Dignow,dignow.io,infrastructure_or_data,yes,"[""DIGN""]","[""DIGN""]","[""https://www.dignow.io/dign-token""]",high,no
742363-12,King Protocol,kingprotocol.org,protocol_or_network,yes,"[""KING""]","[""King""]","[""https://docs.kingprotocol.org/king-token.html""]",high,no
743337-91,Galactica,galactica.com,protocol_or_network,yes,"[""GNET""]","[""GNET""]","[""https://coinmarketcap.com/currencies/galactica/""]",high,no
745258-87,NodeGo,docs.nodego.ai,protocol_or_network,yes,"[""GO""]","[""NodeGo""]","[""https://docs.nodego.ai/introduction/usdgo-token""]",high,no
746589-61,W Chain,w-chain.com,protocol_or_network,yes,"[""WCO"", ""WAVE""]","[""W Coin"", ""WAVE""]","[""https://w-chain.com/products/wco/"", ""https://w-chain.com/products/wave/""]",high,no
746607-79,DePINed,depined.org,protocol_or_network,yes,"[""DEPIN"", ""dUSD""]","[""DEPIN"", ""dUSD""]","[""https://coinmarketcap.com/currencies/depined/"", ""https://depined.org/""]",high,no
746658-37,Hyperliquid,hyperfoundation.org,protocol_or_network,yes,"[""HYPE""]","[""HYPE""]","[""https://www.coingecko.com/en/coins/hyperliquid""]",high,no
746953-57,The Food Chainers,thefoodchainers.io,protocol_or_network,yes,"[""CITE""]","[""CITE""]","[""https://thefoodchainers.io/faq/""]",high,no
748619-38,Quip Network,quip.network,protocol_or_network,yes,"[""QUIP""]","[""QUIP""]","[""https://quip.gitbook.io/docs/network/token""]",high,no
749361-97,Fireverse,fireverse.ai,gaming_or_nft,yes,"[""FIR""]","[""FIR""]","[""https://coinmarketcap.com/currencies/fireverse/""]",high,no
749373-76,Mango Network,mangonet.io,protocol_or_network,yes,"[""MGO""]","[""MGO""]","[""https://mangonet.io/""]",high,no
752592-79,InfiniFi,infinifi.xyz,protocol_or_network,yes,"[""IUSD"", ""SIUSD"", ""LIUSD""]","[""InfiniFi USD"", ""InfiniFi Staked iUSD"", ""infiniFi Locked iUSD (8week)""]","[""https://www.coingecko.com/en/coins/infinifi-usd"", ""https://www.coingecko.com/en/coins/infinifi-staked-iusd"", ""https://www.coingecko.com/en/coins/infinifi-locked-iusd-8week""]",high,no
752599-90,Whale (Other Financial Services),whale.tg,gaming_or_nft,yes,"[""WHALE""]","[""Whale Token""]","[""https://whale.io/token""]",high,no
752692-42,Harmonix (Financial Software),harmonix.fi,protocol_or_network,yes,"[""HAR""]","[""Harmonix Finance""]","[""https://www.coingecko.com/en/coins/harmonix-finance""]",high,no
752811-22,Corridor Finance,corridor.finance,protocol_or_network,yes,"[""OOOI""]","[""Corridor Finance""]","[""https://www.coingecko.com/en/coins/corridor-finance""]",high,no
752875-12,Supersize,supersize.gg,gaming_or_nft,yes,"[""SUPER""]","[""SUPER""]","[""https://docs.supersize.gg/fully-onchain/usdsuper""]",high,no
752876-92,The OCT Consortium,,gaming_or_nft,yes,"[""OCT""]","[""The OCT""]","[""https://theoct.xyz/""]",low,yes
752877-91,MORE,more.markets,protocol_or_network,yes,"[""MORE""]","[""MORE Token""]","[""https://coinmarketcap.com/currencies/moremoney-finance/""]",high,no
752904-55,Cygnus Labs,cygnus.finance,protocol_or_network,yes,"[""CGN""]","[""Cygnus""]","[""https://www.coingecko.com/en/coins/cygnus""]",high,no
753236-74,MemeMarket,mememarket.fun,dapp_or_product,yes,"[""MFUN""]","[""MemeMarket""]","[""https://coinmarketcap.com/currencies/mememarket/""]",high,no
753249-16,Aegis (Financial Services),aegis.im,protocol_or_network,yes,"[""YUSD"", ""jUSD""]","[""YUSD"", ""jUSD""]","[""https://aegis.im/""]",high,no
753265-63,Notcoin,notcoin.org,gaming_or_nft,yes,"[""NOT""]","[""Notcoin""]","[""https://www.coingecko.com/en/coins/notcoin""]",high,no
753371-74,Endless (Financial Services),endless.link,infrastructure_or_data,yes,"[""EDS""]","[""Endless""]","[""https://docs.endless.link/endless/devbuild/technical-documentation/endless-native-token""]",high,no
756017-11,TBen,,protocol_or_network,yes,"[""SHC2""]","[""ShowPlus Chain 2.0""]","[""https://www.showplus-chain.io/intro""]",medium,no
756076-69,Gata Teachnology,gata.net,protocol_or_network,yes,"[""GATA""]","[""Gata""]","[""https://coinmarketcap.com/currencies/gata/""]",high,no
756115-30,Nucleum AI,nucleum.ai,dapp_or_product,yes,"[""XNAI""]","[""XNAI Utility Token""]","[""https://docs.nucleum.ai/ecosystem/token/tokenomics""]",high,no
756136-00,Galaxy Lab,galaxygamestudio.io,gaming_or_nft,yes,"[""GAGA""]","[""Galaxy Lab""]","[""https://www.coingecko.com/en/coins/galaxy-lab""]",high,no
756457-57,Receivabull,receivabull.com,dapp_or_product,yes,"[""BULL""]","[""BULL""]","[""https://receivabull.com/tokenomics/""]",high,no
756554-77,Fortytwo,fortytwo.network,protocol_or_network,yes,"[""FOR""]","[""FOR(DEVNET)""]","[""https://docs.fortytwo.network/docs/faq""]",medium,no
756617-95,Coreum,coreum.com,protocol_or_network,yes,"[""COREUM""]","[""Coreum""]","[""https://coinmarketcap.com/currencies/coreum/""]",high,no
756844-03,Enjoy Tech,enjoy.tech,dapp_or_product,yes,"[""ENJOY""]","[""ENJOY""]","[""https://www.enjoy.tech/enjoyanomics""]",high,no
762483-25,DAOLama,daolama.co,dapp_or_product,yes,"[""LLAMA""]","[""Llama""]","[""https://www.coingecko.com/en/coins/llama""]",low,no
769500-46,TG20,tg20.com,dapp_or_product,yes,"[""TGRAM""]","[""TG20 TGram""]","[""https://coinmarketcap.com/currencies/tg20-tgram/""]",high,no
769636-27,EVDC Network,evdc.network,protocol_or_network,yes,"[""EVDC""]","[""EVDC Token""]","[""https://evdc.network/pages/about-us""]",high,no
770116-87,Infineo (Financial Software),infineo.ai,dapp_or_product,yes,"[""SOUND""]","[""SOUND Token""]","[""https://infineo.ai/resources/blog/what-is-sound-token""]",medium,yes
770131-72,NodeFoundry,nodefoundry.ai,protocol_or_network,yes,"[""NEF""]","[""Nodefoundry.ai Token""]","[""https://nodefoundry.ai/pages/airdrop""]",high,no
770471-38,Cherry AI,cherrybot.ai,dapp_or_product,yes,"[""AIBOT""]","[""Cherry AI Token""]","[""https://docs.cherrybot.co/cherry-bot/cherry-economy/why-cherry-ai-token""]",high,no
772515-10,ChainStats,chainstats.pro,infrastructure_or_data,yes,"[""STATS""]","[""STATS""]","[""https://chainstats.pro/whitepaper.pdf""]",high,no
772554-97,Ripe (Other Financial Services),ripe.finance,protocol_or_network,yes,"[""RIPE"", ""GREEN"", ""sGREEN""]","[""RIPE"", ""GREEN Stablecoin"", ""Savings Green""]","[""https://docs.ripe.finance/governance-and-economics/08-ripe-tokenomics"", ""https://docs.ripe.finance/core-protocol/01-green-stablecoin"", ""https://docs.ripe.finance/earning-and-rewards/05-sgreen""]",high,no
772615-99,PARTI,parti.com,dapp_or_product,yes,"[""PARTI""]","[""Parti""]","[""https://coinmarketcap.com/currencies/parti/""]",medium,yes
772779-52,Cap (New York),cap.app,protocol_or_network,yes,"[""CAP""]","[""CAP""]","[""https://docs.cap.app/cap-tokens""]",high,no
772832-80,Weilliptic,weilliptic.ai,infrastructure_or_data,yes,"[""WUSD""]","[""WUSD Stablecoin""]","[""https://docs.weilliptic.ai/docs/wusd/""]",medium,no
772859-98,Flow3 Network,flow3.network,protocol_or_network,yes,"[""FL3""]","[""FL3""]","[""https://flow3network.gitbook.io/docs/roadmap""]",high,no
773185-33,Oner Network,oner.network,infrastructure_or_data,yes,"[""ONER""]","[""ONER""]","[""https://www.oner.network/""]",low,yes
791546-23,OpenZK,openzk.net,protocol_or_network,yes,"[""OZK"", ""ozETH"", ""ozUSD""]","[""OpenZK Network"", ""ozETH"", ""ozUSD""]","[""https://coinmarketcap.com/currencies/openzk-network/"", ""https://portal.openzk.net/pdf/OpenZK.-.User.Terms.and.Conditions.250403.pdf""]",high,no
791557-03,DecentralGPT,decentralgpt.org,protocol_or_network,yes,"[""DGC""]","[""DGC""]","[""https://coinmarketcap.com/currencies/decentralgpt/""]",high,no
791965-00,Neutrl (Financial Software),neutrl.fi,protocol_or_network,yes,"[""NUSD"", ""sNUSD""]","[""NUSD"", ""sNUSD""]","[""https://coinmarketcap.com/currencies/neutrl-nusd/"", ""https://coinmarketcap.com/currencies/neutrl-snusd/""]",high,no
803106-28,BitradeX,bitradex.com,exchange_or_broker,yes,"[""BTX"", ""BXC""]","[""BTX"", ""BXC""]","[""https://help.bitradex.com/hc/en-001/articles/12788201609487-BitradeX-Platform-Token-BTX-Official-Introduction"", ""https://www.bitradex.ai/en/blog/ecosystem/what-is-bxc-a-complete-guide-to-the-bitradex-ecosystem-token/""]",high,no
818653-42,RCO Finance,rcofinance.com,dapp_or_product,yes,"[""RCOF""]","[""RCO Finance""]","[""https://rcofinance.gitbook.io/whitepaper/tokenomics/token-allocation""]",high,no
818775-73,Autonity,autonity.org,protocol_or_network,yes,"[""ATN"", ""NTN""]","[""Auton"", ""Newton""]","[""https://docs.autonity.org/concepts/protocol-assets/auton/"", ""https://docs.autonity.org/concepts/protocol-assets/newton/""]",high,no
818776-45,PaidPex,paidpex.com,exchange_or_broker,yes,"[""PAIDX""]","[""PAIDX Token""]","[""https://paidx.paidpex.com/""]",medium,no
818788-42,Project Solo,projectsolo.xyz,protocol_or_network,yes,"[""SOLO""]","[""SOLO""]","[""https://docs.solo.tech/solo-token/token-utility""]",medium,no
819005-95,Infinita City,infinita.city,dapp_or_product,yes,"[""LIVES""]","[""LIVES""]","[""https://www.infinita.city/lives/landing""]",high,no
819550-00,Junction (Financial Services),junction.exchange,exchange_or_broker,yes,"[""JUN""]","[""Junction Token""]","[""https://medium.com/@junctionfi/tokenomics-of-the-junction-token-jun-06fe95d8905e""]",medium,no
820376-38,Mile Green,milegreen.co.th,traditional_business,yes,"[""EVPC"", ""EVMA"", ""MESONG"", ""LQPC""]","[""EVPC"", ""EVMA"", ""MESONG"", ""LQPC""]","[""https://dapps.evolverwa.io/"", ""https://www.milegreen.co.th/news-page/evolve-multi-asset-multi-chain-rwa-launch""]",high,yes
820413-37,Avalanche,avax.network,protocol_or_network,yes,"[""AVAX""]","[""AVAX""]","[""https://build.avax.network/docs/primary-network/avax-token""]",high,no
820442-98,Openverse Network,openverse.network,protocol_or_network,yes,"[""BTG""]","[""BitGold""]","[""https://www.coingecko.com/en/coins/openverse-network""]",high,no
820769-14,CnGn,cngn.co,protocol_or_network,yes,"[""cNGN""]","[""Compliant Naira""]","[""https://docs.cngn.co/""]",high,no
820803-97,DoubleUp Fun,doubleup.fun,gaming_or_nft,yes,"[""UP"", ""gUP""]","[""DoubleUp"", ""gUP Unihouse""]","[""https://www.coingecko.com/en/coins/doubleup"", ""https://www.doubleup.fun/unihouse/gUP""]",high,no
832436-92,Litheum,litheum.com,protocol_or_network,yes,"[""LTH""]","[""LTH""]","[""https://litheum.com/community/faqs""]",low,yes
83299-24,ssv.network,ssv.network,protocol_or_network,yes,"[""SSV""]","[""SSV Token""]","[""https://docs.ssv.network/learn/introduction/ssv-token/""]",high,no
839217-07,SourceLess Blockchain,sourceless.net,protocol_or_network,yes,"[""STR"", ""wSTR"", ""CCOS"", ""ARSS"", ""eSTR""]","[""STR"", ""wSTR"", ""CCOS"", ""ARSS"", ""eSTR""]","[""https://www.sourceless.net/blog/ignitehex-explained-staking-swaps-governance""]",medium,no
84026-80,EverdreamSoft,everdreamsoft.com,gaming_or_nft,yes,"[""BCY"", ""WAKU""]","[""BitCrystals"", ""WAKU""]","[""https://edsx.everdreamsoft.com/about.php"", ""https://everdreamsoft.com/blog/wakweli-launch""]",medium,yes
84327-22,Fragbite Group,fragbitegroup.com,gaming_or_nft,yes,"[""KOBAN""]","[""KOBAN""]","[""https://fragbitegroup.com/en/press/koban-token-released-for-public-trade-on-14-may/""]",high,no
844621-93,Universal Health Token,universalhealthtoken.xyz,dapp_or_product,yes,"[""UHT""]","[""UHT""]","[""https://uht.gitbook.io/universal-health-token/universal-health-token/how-uht-will-work/uht-utility""]",high,no
844652-35,iAgent Protocol,iagentpro.com,protocol_or_network,yes,"[""AGNT""]","[""AGNT""]","[""https://docs.iagentpro.com/usdagnt-tokenomics""]",high,no
844989-49,The Coop Network,thecoopnetwork.io,protocol_or_network,yes,"[""GMD""]","[""The Coop Network""]","[""https://coinmarketcap.com/currencies/the-coop-network/""]",medium,no
845308-90,Kerc,kerc.io,dapp_or_product,yes,"[""KERC""]","[""KERC""]","[""https://kerc.gitbook.io/kerc/tokenomics/usdkerc-token""]",high,no
845816-41,Maiga,maiga.ai,dapp_or_product,yes,"[""MAIGA""]","[""MAIGA""]","[""https://www.maiga.ai/proof-of-trading""]",high,no
845816-68,LiquidOS (Financial Software),liquidos.fun,protocol_or_network,yes,"[""IOU""]","[""IOU""]","[""https://docs.liquidos.fun/tokenomics/tokenomics""]",medium,yes
845832-52,MiniTon,docs.miniton.games,gaming_or_nft,yes,"[""MTC""]","[""MiniTon Coin""]","[""https://docs.miniton.games/about-miniton/tokenomic-usdmtc""]",high,no
846515-89,Clanker,clanker.world,dapp_or_product,yes,"[""CLANKER""]","[""Official Clanker Token""]","[""https://clanker.world/clanker/0x2dafc36ef7b52ccc446b855df3ff9f276b298f34""]",high,no
846519-22,DeSciWorld,desci.world,dapp_or_product,yes,"[""KNOW""]","[""KNOW""]","[""https://docs.desci.world/ecosystem/science.tech/proof-of-knowledge-pok""]",high,no
846578-71,Freysa,freysa.ai,dapp_or_product,yes,"[""FAI""]","[""FAI Token""]","[""https://framework.freysa.ai/overview/fai""]",high,no
84730-06,Bitso,bitso.com,exchange_or_broker,yes,"[""MXNB""]","[""MXNB stablecoin""]","[""https://bitso.com/business/products/mxnb-stablecoin""]",low,no
84801-97,Gigawatt (Financial Software),,mining_or_validator,yes,"[""WTT""]","[""Giga Watt Token""]","[""https://coinmarketcap.com/currencies/giga-watt-token/""]",low,no
85687-03,Everclear,everclear.org,protocol_or_network,yes,"[""CLEAR""]","[""CLEAR""]","[""https://dao-docs.everclear.org/clear/clear-tokenomics""]",high,no
85943-71,WePower,wepower.network,dapp_or_product,yes,"[""WPR""]","[""WePower""]","[""https://coinmarketcap.com/currencies/wepower/""]",high,no
862700-59,AINX,ainx.io,protocol_or_network,yes,"[""AINX""]","[""AINX""]","[""https://ainx.io/ainx-testnet-live-bit-incentive-program-launches-nodex-100-official-release-on-25-july-2025/""]",medium,no
862702-03,Top Hat AI,tophat.one,dapp_or_product,yes,"[""HAT""]","[""HAT""]","[""https://docs.tophat.one/docs/Readme/usdhat-tokenomics""]",high,no
862929-82,Veil (Oakland),veil.cash,wallet_or_custody,yes,"[""VEIL""]","[""VEIL Token""]","[""https://docs.veil.cash/veil-token/veil-token""]",high,no
863157-79,Lunch Protocol,lunchlunch.xyz,dapp_or_product,yes,"[""LUNCH""]","[""LUNCH""]","[""https://lunch-protocol.gitbook.io/lunch-protocol-docs/lunch-token/readme""]",high,no
863272-27,HashPower,hashpowerx.com,mining_or_validator,yes,"[""HPX""]","[""HPX""]","[""https://www.hashpowerx.com/blog/hash-power-redefining-on-chain-mining-for-the-future""]",medium,no
864345-52,Akashic(Communication Software),akashic.cool,protocol_or_network,yes,"[""NRG""]","[""Energy""]","[""https://akashic.cool/tokenomics/energy""]",high,no
864402-04,Chiss Protocol,chissprotocol.io,protocol_or_network,yes,"[""chNaira"", ""chLira""]","[""chNaira"", ""chLira""]","[""https://docs.chissprotocol.io/core-concepts/pegged-derivatives-tokens/""]",medium,no
864568-99,Decenter AI,decenterai.com,protocol_or_network,yes,"[""DCEN""]","[""DCEN Token""]","[""https://www.decenterai.com/presale""]",high,no
864819-82,Football.Fun,football.fun,gaming_or_nft,yes,"[""FUN""]","[""FUN""]","[""https://docs.sport.fun/usdfun-token/whitepaper/tokenomics""]",high,no
865543-69,Stable Foundation,stable.xyz,protocol_or_network,yes,"[""STABLE""]","[""STABLE""]","[""https://docs.stable.xyz/en/reference/tokenomics""]",high,no
865609-39,EdgeX Labs,edgex.one,protocol_or_network,yes,"[""EX""]","[""EdgeX""]","[""https://edgex-labs.gitbook.io/edgex-whitepaper/tokenomics/overview-of-token-economy-and-incentive-system/token-categories-and-supply/total-supply-and-distribution-of-usdex""]",high,no
865688-68,SparkChain AI,sparkchain.ai,protocol_or_network,yes,"[""SPARK""]","[""SPARK""]","[""https://docs.sparkchain.ai/spark""]",high,no
865707-22,Own. App,ownapp.co,dapp_or_product,yes,"[""OWN""]","[""OWN""]","[""https://www.ownapp.co/own-creator-fund""]",high,no
88023-52,Ohanae DE,ohanae.com,dapp_or_product,yes,"[""OUSD""]","[""Ohanae Coin""]","[""https://www.ohanae.com/blog/ohanae-coin-ousd-the-covered-payment-token-powering-regulated-digital-settlement/""]",high,no
893635-39,Y2k Finance,y2k.finance,protocol_or_network,yes,"[""Y2K"", ""vlY2K""]","[""Y2K"", ""vlY2K""]","[""https://coinmarketcap.com/currencies/y2k/"", ""https://y2k-finance.gitbook.io/y2k-finance/tokenomics/y2k""]",high,no
893662-48,Zenrock,zenrocklabs.io,protocol_or_network,yes,"[""ROCK""]","[""Zenrock""]","[""https://docs.zenrocklabs.io/rock-token/introduction""]",high,no
893739-16,Makina,makina.finance,protocol_or_network,yes,"[""MAK""]","[""MAK""]","[""https://makina.finance/legal""]",medium,yes
893741-41,CodexField,codexfield.com,protocol_or_network,yes,"[""CODEX""]","[""CODEX""]","[""https://coinmarketcap.com/currencies/codexfield/""]",medium,no
893746-63,Somnia Blockchain,somnia.network,protocol_or_network,yes,"[""SOMI""]","[""SOMI""]","[""https://docs.somnia.network/concepts/tokenomics/overview""]",high,no
893930-95,Mirage Protocol,mirage.money,protocol_or_network,yes,"[""mUSD"", ""MIRA""]","[""mUSD"", ""MIRA""]","[""https://docs.mirage.money/musd"", ""https://docs.mirage.money/mira-token""]",high,no
893949-67,ARO Network,aro.network,infrastructure_or_data,yes,"[""ARO""]","[""ARO""]","[""https://docs.aro.network/aro-tokenomics/tokenomics/""]",high,no
894130-75,Zypher Network,zypher.network,protocol_or_network,yes,"[""POP""]","[""Zypher Network""]","[""https://www.coingecko.com/en/coins/pop-2""]",high,no
895736-71,Midl,midl.xyz,protocol_or_network,yes,"[""MIDL""]","[""MIDL""]","[""https://bootstrap.midl.xyz/""]",medium,yes
897502-60,Toyow,toyow.com,protocol_or_network,yes,"[""TTN""]","[""Toyow""]","[""https://www.toyowtoken.com/""]",high,no
898858-54,Kanon (Financial Software),kanon.art,gaming_or_nft,yes,"[""K21""]","[""K21""]","[""https://docs.kanon.art/k21/k21-token""]",high,no
902483-74,Data Guardians Network,dataguardians.network,protocol_or_network,yes,"[""DGN""]","[""Data Guardians Network""]","[""https://coincodex.com/crypto/data-guardians-network/""]",high,no
902626-30,Power Finance (Financial Services),powerfinance.io,protocol_or_network,yes,"[""PWRd"", ""PWRs""]","[""PWRd"", ""PWRs""]","[""https://docs.powerfinance.io/solution/pwrd/"", ""https://docs.powerfinance.io/solution/pwrs/""]",high,no
902865-52,Falcon Finance,falcon.finance,protocol_or_network,yes,"[""USDf"", ""sUSDf"", ""FF""]","[""USDf"", ""sUSDf"", ""FF Token""]","[""https://docs.falcon.finance/mechanism/usdf-synthetic-dollar"", ""https://docs.falcon.finance/earn/susdf-yield-bearing-token"", ""https://docs.falcon.finance/ff-token/ff-tokenomics""]",high,no
904238-65,PepeCoin,pepecoin.org,protocol_or_network,yes,"[""PEPECOIN""]","[""PEPECOIN token""]","[""https://coinmarketcap.com/currencies/pepecoin/""]",high,no
904812-76,Forest Protocols,forest-ai.org,protocol_or_network,yes,"[""FOREST""]","[""FOREST""]","[""https://github.com/Forest-Protocols/forest-AI/blob/main/contracts/README.md""]",high,no
91141-75,Improbable Worlds,improbable.io,gaming_or_nft,yes,"[""SOMI""]","[""Somnia""]","[""https://docs.somnia.network/concepts/tokenomics/overview""]",medium,no
91231-84,Triip,triip.me,dapp_or_product,yes,"[""TIIM""]","[""TriipMiles""]","[""https://coinmarketcap.com/currencies/triipmiles/""]",high,no
912949-48,Kii Global,kiiglobal.io,protocol_or_network,yes,"[""KII""]","[""KII""]","[""https://docs.kiiglobal.io/docs/learn/tokenomics/utility""]",high,no
91700-29,PikcioChain,pikcio.com,protocol_or_network,yes,"[""PKC""]","[""PKC""]","[""https://coinmarketcap.com/currencies/pikciochain/""]",high,no
920663-38,BitcoinOS,bitcoinos.build,protocol_or_network,yes,"[""BOS""]","[""BitcoinOS Token""]","[""https://www.bitcoinos.build/token""]",high,no
93264-31,MegaHoot Technologies,megahoot.com,protocol_or_network,yes,"[""USXM"", ""AUXM"", ""AGXM""]","[""USXM"", ""AUXM"", ""AGXM""]","[""https://www.megahoot.com/2024/07/10/xmg-digital-asset-network-whitepaper-june-2024/""]",medium,no
93675-52,Skynet (Systems and Information Management),nebulous.tech,infrastructure_or_data,yes,"[""SC""]","[""Siacoin""]","[""https://www.coingecko.com/en/coins/siacoin""]",low,yes
937204-75,T-Rize,rizenet.io,infrastructure_or_data,yes,"[""RIZE""]","[""RIZE Token""]","[""https://www.t-rize.io/""]",high,no
937205-02,Alchemist AI,alchemistai.app,dapp_or_product,yes,"[""ALCH""]","[""ALCH""]","[""https://docs.alchemistai.app/docs/token-usdalch""]",high,no
937206-73,MoveGPT,movegpt.io,dapp_or_product,yes,"[""MGPT""]","[""MoveGPT""]","[""https://www.coingecko.com/en/coins/movegpt""]",high,no
937217-71,Suede AI,suedeai.xyz,dapp_or_product,yes,"[""SUEDE""]","[""Suede""]","[""https://suedeai.org/guide/""]",high,no
937218-16,Veritas Protocol,veritasprotocol.com,protocol_or_network,yes,"[""VPT""]","[""VPT""]","[""https://docs.veritasprotocol.com/veritas-protocol/tokenomics""]",high,no
937527-13,Digital Landia,digitallandia.com,infrastructure_or_data,yes,"[""PETAI""]","[""PETAI""]","[""https://digitallandia.com/projects/""]",high,no
937558-63,Ensemble Codes,ensemble.codes,dapp_or_product,yes,"[""EC""]","[""EnsembleCredits""]","[""https://docs.ensemble.codes/developers/smart-contracts""]",high,no
93872-71,Hifi,hifi.finance,protocol_or_network,yes,"[""HIFI""]","[""HIFI""]","[""https://docs.hifi.finance/protocol/technical-reference/governor-bravo/hifi/""]",high,no
941679-73,TubeDAO,tube-dao.vercel.app,protocol_or_network,yes,"[""TDAO""]","[""TubeDAO Tokens""]","[""https://www.tubedao.org/how-it-works""]",high,no
942239-98,Hummus,app.hummus.exchange,protocol_or_network,yes,"[""HUM""]","[""HUM""]","[""https://coinmarketcap.com/currencies/hummus/""]",high,no
94847-68,Sirin Labs,sirinlabs.com,dapp_or_product,yes,"[""SRN""]","[""SIRIN LABS Token""]","[""https://www.coingecko.com/en/coins/sirin-labs-token""]",high,no
958577-68,Quack AI (Network Management Software),quackai.ai,protocol_or_network,yes,"[""Q""]","[""Q""]","[""https://quackai.ai/blog/introducing-q-powering-the-future-of-ai-governance""]",high,no
960462-64,SYNTETIKA,syntetika.io,protocol_or_network,yes,"[""SYNT"", ""hBTC"", ""shBTC""]","[""SYNT"", ""hBTC"", ""shBTC""]","[""https://syntetika.io/"", ""https://docs.syntetika.io/""]",high,no
960786-64,FinChain,finchain.global,protocol_or_network,yes,"[""FUSD""]","[""FinChain Dollar""]","[""https://fusd.finchain.global/""]",high,no
962019-73,Mecca,meccain.com,protocol_or_network,yes,"[""MEA""]","[""MECCA""]","[""https://meccain.com/mea-token/""]",high,no
962044-57,MAGNE AI,magne.ai,protocol_or_network,yes,"[""MHA"", ""mBGT""]","[""MHA"", ""mBGT""]","[""https://web3.magne.ai/learning/mha"", ""https://web3.magne.ai/learning/tokenomics""]",high,no
964168-30,Reflect Money,reflect.money,protocol_or_network,yes,"[""USDC+"", ""USDT+"", ""USTR+""]","[""USDC+"", ""USDT+"", ""USTR+""]","[""https://docs.reflect.money/strategies/USDC"", ""https://docs.reflect.money/introduction""]",high,no
969432-22,UCO Network,uco.network,protocol_or_network,yes,"[""UCOIL""]","[""UCOIL""]","[""https://www.uco.network/investor""]",high,no
971332-12,Vaultedge,vaultedge.fi,protocol_or_network,yes,"[""USDVE""]","[""USDVE""]","[""https://docs.vaultedge.fi/the-protocol/usdve""]",high,no
971360-83,Unitas (Financial Software),unitas.so,protocol_or_network,yes,"[""USDu"", ""sUSDu"", ""UP""]","[""USDu"", ""sUSDu"", ""UP""]","[""https://docs.unitas.so/"", ""https://docs.unitas.so/staking-usdu"", ""https://docs.unitas.so/overview/up""]",medium,yes
97506-55,LXCCoin,lxccoin.com,protocol_or_network,yes,"[""XWBC""]","[""LXCCoin""]","[""https://contracts.justia.com/companies/nxchain-inc-8820/contract/332645/""]",medium,no
97662-70,Ethereum,ethereum.org,protocol_or_network,yes,"[""ETH""]","[""Ether""]","[""https://ethereum.org/what-is-ether/""]",high,no
97943-05,Nova Labs (Telecommunications Service Providers),helium.com,protocol_or_network,yes,"[""HNT""]","[""Helium Network Token""]","[""https://www.helium.com/hnt""]",high,no
98327-71,Namahe,namahe.io,service_provider,yes,"[""NMH""]","[""Namahe""]","[""https://www.coindesk.com/price/nmh""]",medium,no
99033-22,Prom,prom.io,protocol_or_network,yes,"[""PROM""]","[""Prom""]","[""https://prom.io/""]",high,no
99073-90,SatoshiPay,satoshipay.io,service_provider,yes,"[""PEN"", ""AMPE""]","[""Pendulum"", ""Amplitude""]","[""https://www.pendulumchain.org/pen-tokens"", ""https://www.pendulumchain.org/ampe-tokens""]",medium,no
