task_index,InvestorID,InvestorName,InvestorAlsoKnownAs,InvestorFormerName,InvestorLegalName,Website,normalized_domain,ParentCompany,Exchange,Ticker,HQLocation,HQCountry,PrimaryInvestorType,OtherInvestorTypes,PreferredInvestmentTypes,PreferredVerticals,OtherInvestmentPreferences,LastClosedFundName,LastClosedFundType,Description,MatchedKeywords,MatchedColumns,InvestorCapabilityContext,SearchPolicy,AgentTaskScope
1,56877-76,Goldman Sachs Growth Equity,"GS Growth, Goldman Sachs Asset Management",,,www.growth.gs.com,growth.gs.com,The Goldman Sachs Group,,,"New York, NY",United States,Growth/Expansion,"Mezzanine, PE/Buyout, Venture Capital","Buyout/LBO, Early Stage VC, Later Stage VC, Mezzanine, PE Growth/Expansion, PIPE, Seed Round","AdTech, Artificial Intelligence & Machine Learning, B2B Payments, Big Data, CleanTech, CloudTech & DevOps, Cybersecurity, Digital Health, E-Commerce, EdTech, FinTech, HealthTech, Impact Investing, Infrastructure, InsurTech, Internet of Things, Life Sciences, Marketing Tech, Mobile, Mobile Commerce, Oil & Gas, SaaS, TMT, Virtual Reality","Invests in MWBE (Minority and Women-owned), Prefers majority stake, Prefers minority stake, Seeks Impact investments, Will lead on a deal, Will syndicate",,,"Goldman Sachs Growth Equity is a growth equity firm based in New York. The firm prefers to invest through means of buyouts, mezzanine, and growth capital. The firm prefers to invest in consumer, enterprise technology, fintech, and healthcare sectors based in the United States, Canada, and Europe.",part5_rule_b_company|source:company_investor_relation|source:deal_investor_relation|source:investor_investment_relation,CompanyInvestorRelation.CompanyID|CompanyInvestorRelation.InvestorID|Deal.CompanyID|DealInvestorRelation.DealID|DealInvestorRelation.InvestorID|InvestorInvestmentRelation.CompanyID|InvestorInvestmentRelation.InvestorID,"Part5 Rule B company investor graph: 2 token companies, 3 deals, 0 funds | source_methods=company_investor_relation,deal_investor_relation,investor_investment_relation | PrimaryInvestorType: Growth/Expansion | OtherInvestorTypes: Mezzanine, PE/Buyout, Venture Capital | PreferredVerticals: AdTech, Artificial Intelligence & Machine Learning, B2B Payments, Big Data, CleanTech, CloudTech & DevOps, Cybe",part5_token_company_investor_graph_then_web_search_with_primary_source_priority,investor_router|capability_classification
2,115592-86,Nelstone Ventures,,,"Nelstone Ventures Advsiors, LLC",www.nelstoneventures.com,nelstoneventures.com,,,,"New York, NY",United States,Venture Capital,,"Early Stage VC, Later Stage VC, Seed Round","B2B Payments, Esports, Gaming, HealthTech, TMT","Prefers minority stake, Will syndicate",,,"Founded in 2013, Nelstone Ventures is a venture capital firm based in New York, New York. The firm prefers to invest in enterprise software, gaming, healthcare, consumer internet, and technology-enabled business-to-business sectors.",part5_rule_b_company|source:company_investor_relation|source:deal_investor_relation|source:investor_investment_relation,CompanyInvestorRelation.CompanyID|CompanyInvestorRelation.InvestorID|Deal.CompanyID|DealInvestorRelation.DealID|DealInvestorRelation.InvestorID|InvestorInvestmentRelation.CompanyID|InvestorInvestmentRelation.InvestorID,"Part5 Rule B company investor graph: 2 token companies, 3 deals, 0 funds | source_methods=company_investor_relation,deal_investor_relation,investor_investment_relation | PrimaryInvestorType: Venture Capital | PreferredVerticals: B2B Payments, Esports, Gaming, HealthTech, TMT | PreferredInvestmentTypes: Early Stage VC, Later Stage VC, Seed Round | CompanyInvestorRelation: Kraken; status=Pending (Sel",part5_token_company_investor_graph_then_web_search_with_primary_source_priority,investor_router|capability_classification
3,52589-44,Hummingbird Ventures,Hummingbird,Big Bang Ventures,Hummingbird Ventures Comm. VA,www.hummingbird.vc,hummingbird.vc,,,,"London, United Kingdom",United Kingdom,Venture Capital,,"Early Stage VC, Seed Round","AdTech, AgTech, Artificial Intelligence & Machine Learning, B2B Payments, Big Data, CleanTech, Climate Tech, Cryptocurrency/Blockchain, Cybersecurity, Digital Health, E-Commerce, EdTech, Esports, FemTech, FinTech, FoodTech, Gaming, HealthTech, HR Tech, Infrastructure, InsurTech, Internet of Things, Life Sciences, Manufacturing, Mobile, Mobile Commerce, Mobility Tech, Nanotechnology, Oncology, Ridesharing, Robotics and Drones, SaaS, Space Technology, TMT, Virtual Reality","Long-Term Investor, Prefers minority stake, Will lead on a deal, Will syndicate",Hummingbird Ventures IV,Venture Capital - Early Stage,"Founded in 2010, Hummingbird Ventures is a venture capital investment firm based in London, United Kingdom. The firm seeks to invest in companies operating in the blockchain, healthcare, deep tech, finance technology, marketplace, gaming, hardware, software as a service & biotech sectors.",part5_rule_b_company|source:company_investor_relation|source:deal_investor_relation|source:investor_investment_relation|source:fund_investment_relation|lead_investor|fund_linked,CompanyInvestorRelation.CompanyID|CompanyInvestorRelation.InvestorID|Deal.CompanyID|DealInvestorRelation.DealID|DealInvestorRelation.InvestorID|InvestorInvestmentRelation.CompanyID|InvestorInvestmentRelation.InvestorID|FundInvestmentRelation.CompanyID|FundInvestorRelation.FundID|FundInvestorRelation.InvestorID,"Part5 Rule B company investor graph: 2 token companies, 2 deals, 3 funds | source_methods=company_investor_relation,deal_investor_relation,investor_investment_relation,fund_investment_relation | PrimaryInvestorType: Venture Capital | PreferredVerticals: AdTech, AgTech, Artificial Intelligence & Machine Learning, B2B Payments, Big Data, CleanTech, Climate Tech, Cryptocurrency/Blockchain, Cybersecuri",part5_token_company_investor_graph_then_web_search_with_primary_source_priority,investor_router|capability_classification
4,55869-04,Haystack Management Company,Haystack,,"Haystack Management Company, LLC.",haystack.vc,haystack.vc,,,,"San Francisco, CA",United States,Venture Capital,,"Early Stage VC, Seed Round",,"Prefers minority stake, Will syndicate",HMC Needles III,Venture Capital - Early Stage,"Founded in 2013, Haystack Management Company is a venture capital firm based in San Francisco, California. The firm prefers to invest in the software and technology sectors.",part5_rule_b_company|source:company_investor_relation|source:deal_investor_relation|source:investor_investment_relation|source:fund_investment_relation|fund_linked,CompanyInvestorRelation.CompanyID|CompanyInvestorRelation.InvestorID|Deal.CompanyID|DealInvestorRelation.DealID|DealInvestorRelation.InvestorID|InvestorInvestmentRelation.CompanyID|InvestorInvestmentRelation.InvestorID|FundInvestmentRelation.CompanyID|FundInvestorRelation.FundID|FundInvestorRelation.InvestorID,"Part5 Rule B company investor graph: 2 token companies, 2 deals, 1 funds | source_methods=company_investor_relation,deal_investor_relation,investor_investment_relation,fund_investment_relation | PrimaryInvestorType: Venture Capital | PreferredInvestmentTypes: Early Stage VC, Seed Round | CompanyInvestorRelation: Chain; status=Former; holding=Minority; since=08/20/2014 | CompanyInvestorRelation: Set",part5_token_company_investor_graph_then_web_search_with_primary_source_priority,investor_router|capability_classification
5,121955-23,K2 Global,K2 VC,,K2 Global L.P.,www.k2global.co,k2global.co,,,,"Singapore, Singapore",Singapore,Venture Capital,Growth/Expansion,"Early Stage VC, Later Stage VC, Seed Round","3D Printing, Advanced Manufacturing, AgTech, Artificial Intelligence & Machine Learning, Augmented Reality, Autonomous cars, Big Data, Cannabis, CleanTech, Climate Tech, Construction Technology, Cryptocurrency/Blockchain, Cybersecurity, Digital Health, E-Commerce, EdTech, FinTech, FoodTech, HealthTech, Ridesharing, Robotics and Drones, SaaS, Space Technology, TMT, Wearables & Quantified Self","Prefers minority stake, Will syndicate",K2 Global Growth Fund,Venture - General,"Founded in 2015, K2 Global is a venture capital firm based in Singapore. The firm invests from seed to growth in internet, software, and technology-enabled companies.",part5_rule_b_company|source:company_investor_relation|source:deal_investor_relation|source:investor_investment_relation|source:fund_investment_relation|fund_linked,CompanyInvestorRelation.CompanyID|CompanyInvestorRelation.InvestorID|Deal.CompanyID|DealInvestorRelation.DealID|DealInvestorRelation.InvestorID|InvestorInvestmentRelation.CompanyID|InvestorInvestmentRelation.InvestorID|FundInvestmentRelation.CompanyID|FundInvestorRelation.FundID|FundInvestorRelation.InvestorID,"Part5 Rule B company investor graph: 2 token companies, 2 deals, 1 funds | source_methods=company_investor_relation,deal_investor_relation,investor_investment_relation,fund_investment_relation | PrimaryInvestorType: Venture Capital | OtherInvestorTypes: Growth/Expansion | PreferredVerticals: 3D Printing, Advanced Manufacturing, AgTech, Artificial Intelligence & Machine Learning, Augmented Reality,",part5_token_company_investor_graph_then_web_search_with_primary_source_priority,investor_router|capability_classification
6,459617-23,Shinhan Venture Investment,,,"Shinhan Venture Investment Co, Ltd.",www.shinhanvc.com,shinhanvc.com,Shinhan Financial Group,,,"Seoul, South Korea",South Korea,Venture Capital,PE/Buyout,"Buyout/LBO, Early Stage VC, Later Stage VC, PE Growth/Expansion, Secondary Buyout, Seed Round","CleanTech, Climate Tech, E-Commerce, Gaming, HealthTech, Industrials, Infrastructure, Life Sciences, LOHAS & Wellness, TMT","Long-Term Investor, Prefers majority stake, Prefers minority stake, Seeks ESG investments, Will syndicate",Shinhan Hyper Futures Investment Association No. 2,Venture - General,"Founded in 2000, Shinhan Venture Investment is a venture capital firm based in Seoul, South Korea. The firm invests in healthcare, gaming, industrials, power, energy, consumer, retail, aging population, disruptive technologies and communications technology sectors.",part5_rule_b_company|source:company_investor_relation|source:deal_investor_relation|source:investor_investment_relation|source:fund_investment_relation|fund_linked,CompanyInvestorRelation.CompanyID|CompanyInvestorRelation.InvestorID|Deal.CompanyID|DealInvestorRelation.DealID|DealInvestorRelation.InvestorID|InvestorInvestmentRelation.CompanyID|InvestorInvestmentRelation.InvestorID|FundInvestmentRelation.CompanyID|FundInvestorRelation.FundID|FundInvestorRelation.InvestorID,"Part5 Rule B company investor graph: 2 token companies, 2 deals, 1 funds | source_methods=company_investor_relation,deal_investor_relation,investor_investment_relation,fund_investment_relation | PrimaryInvestorType: Venture Capital | OtherInvestorTypes: PE/Buyout | PreferredVerticals: CleanTech, Climate Tech, E-Commerce, Gaming, HealthTech, Industrials, Infrastructure, Life Sciences, LOHAS & Wellne",part5_token_company_investor_graph_then_web_search_with_primary_source_priority,investor_router|capability_classification
7,224096-41,StraightPath Venture Partners,,,StraightPath Venture Partners LLC,www.straightpathventurepartners.com,straightpathventurepartners.com,,,,"New York, NY",United States,Secondary Buyer,"Growth/Expansion, PE/Buyout, Venture Capital","Buyout/LBO, Early Stage VC, Later Stage VC, PE Growth/Expansion, Secondary Buyout, Secondary Transaction - Open Market, Secondary Transaction - Private, Seed Round","CloudTech & DevOps, E-Commerce, FinTech, Life Sciences, Mobile Commerce, Real Estate Technology, SaaS, TMT","Prefers majority stake, Prefers minority stake, Will syndicate",SP Ventures Fund 9,Buyout,"Founded in 2017, StraightPath Venture Partners was a private equity firm based in New York, New York. The firm specialized in pre-IPO startups operating in cloud computing, software-as-a-service, social media, banking, and biotechnology sectors. The firm has shut down operations as of 13th May 2022.",part5_rule_b_company|source:company_investor_relation|source:deal_investor_relation|source:investor_investment_relation|source:fund_investment_relation|fund_linked,CompanyInvestorRelation.CompanyID|CompanyInvestorRelation.InvestorID|Deal.CompanyID|DealInvestorRelation.DealID|DealInvestorRelation.InvestorID|InvestorInvestmentRelation.CompanyID|InvestorInvestmentRelation.InvestorID|FundInvestmentRelation.CompanyID|FundInvestorRelation.FundID|FundInvestorRelation.InvestorID,"Part5 Rule B company investor graph: 2 token companies, 2 deals, 1 funds | source_methods=company_investor_relation,deal_investor_relation,investor_investment_relation,fund_investment_relation | PrimaryInvestorType: Secondary Buyer | OtherInvestorTypes: Growth/Expansion, PE/Buyout, Venture Capital | PreferredVerticals: CloudTech & DevOps, E-Commerce, FinTech, Life Sciences, Mobile Commerce, Real Es",part5_token_company_investor_graph_then_web_search_with_primary_source_priority,investor_router|capability_classification
8,439802-74,TSG Invest,,,The Spaventa Group LLC,tsginvest.com,tsginvest.com,,,,"Ronkonkoma, NY",United States,Secondary Buyer,"Hedge Fund, Venture Capital","Early Stage VC, Later Stage VC, Secondary Transaction - Private, Seed Round","AgTech, Artificial Intelligence & Machine Learning, Augmented Reality, Cannabis, Cryptocurrency/Blockchain, E-Commerce, Esports, FinTech, FoodTech, Gaming, HealthTech, Infrastructure, Internet of Things, Life Sciences, Mobile, Real Estate Technology, Robotics and Drones, Space Technology, Virtual Reality, Wearables & Quantified Self","Prefers minority stake, Will syndicate",TSG Secondary Fund 6,Buyout,"Founded in 2020, TSG Invest is a secondary buyer based in Ronkonkoma, New York. The firm seeks to invest in early-stage and later-stage companies. The firm prefers to make investments in the space, military technology, fintech, food tech, gaming, artificial intelligence, robotics, and life sciences sectors. The firm also seeks to invest in multi-family, industrial and commercial real estate assets.",part5_rule_b_company|source:company_investor_relation|source:deal_investor_relation|source:investor_investment_relation|source:fund_investment_relation|fund_linked,CompanyInvestorRelation.CompanyID|CompanyInvestorRelation.InvestorID|Deal.CompanyID|DealInvestorRelation.DealID|DealInvestorRelation.InvestorID|InvestorInvestmentRelation.CompanyID|InvestorInvestmentRelation.InvestorID|FundInvestmentRelation.CompanyID|FundInvestorRelation.FundID|FundInvestorRelation.InvestorID,"Part5 Rule B company investor graph: 2 token companies, 2 deals, 1 funds | source_methods=company_investor_relation,deal_investor_relation,investor_investment_relation,fund_investment_relation | PrimaryInvestorType: Secondary Buyer | OtherInvestorTypes: Hedge Fund, Venture Capital | PreferredVerticals: AgTech, Artificial Intelligence & Machine Learning, Augmented Reality, Cannabis, Cryptocurrency/B",part5_token_company_investor_graph_then_web_search_with_primary_source_priority,investor_router|capability_classification
9,231202-90,Wells Investment,,,"The Wells Investment, Inc.",www.investwells.com,investwells.com,,,,"Seoul, South Korea",South Korea,Growth/Expansion,Venture Capital,"Accelerator/Incubator, Buyout/LBO, Early Stage VC, Later Stage VC, PE Growth/Expansion, Secondary Transaction - Private","Digital Health, HealthTech, SaaS, TMT","Long-Term Investor, Prefers majority stake, Will syndicate",The Wells-Kiwoom Growth Capital Investment Association,Venture - General,"Founded in 2016, Wells Investment is a venture capital firm based in Seoul, South Korea. The firm seeks to invest in deep technology, information technology, bio-healthcare, services, commerce, hardware, material, consumer goods, sustainability, commercial products, and business services sectors.",part5_rule_b_company|source:company_investor_relation|source:deal_investor_relation|source:investor_investment_relation|source:fund_investment_relation|fund_linked,CompanyInvestorRelation.CompanyID|CompanyInvestorRelation.InvestorID|Deal.CompanyID|DealInvestorRelation.DealID|DealInvestorRelation.InvestorID|InvestorInvestmentRelation.CompanyID|InvestorInvestmentRelation.InvestorID|FundInvestmentRelation.CompanyID|FundInvestorRelation.FundID|FundInvestorRelation.InvestorID,"Part5 Rule B company investor graph: 2 token companies, 2 deals, 1 funds | source_methods=company_investor_relation,deal_investor_relation,investor_investment_relation,fund_investment_relation | PrimaryInvestorType: Growth/Expansion | OtherInvestorTypes: Venture Capital | PreferredVerticals: Digital Health, HealthTech, SaaS, TMT | PreferredInvestmentTypes: Accelerator/Incubator, Buyout/LBO, Early S",part5_token_company_investor_graph_then_web_search_with_primary_source_priority,investor_router|capability_classification
10,459274-33,Blazing Equity,,,"Blazing Equity, LLC",www.blazingequity.com,blazingequity.com,,,,"Plymouth, MN",United States,Venture Capital,Growth/Expansion,"Early Stage VC, Later Stage VC, PE Growth/Expansion, Seed Round",,"Prefers minority stake, Will syndicate",,,"Blazing Equity was a venture capital firm based in Minneapolis, Minnesota. The firm used to make seed, early, late, and growth-stage investments.",part5_rule_b_company|source:company_investor_relation|source:deal_investor_relation|source:investor_investment_relation,CompanyInvestorRelation.CompanyID|CompanyInvestorRelation.InvestorID|Deal.CompanyID|DealInvestorRelation.DealID|DealInvestorRelation.InvestorID|InvestorInvestmentRelation.CompanyID|InvestorInvestmentRelation.InvestorID,"Part5 Rule B company investor graph: 2 token companies, 2 deals, 0 funds | source_methods=company_investor_relation,deal_investor_relation,investor_investment_relation | PrimaryInvestorType: Venture Capital | OtherInvestorTypes: Growth/Expansion | PreferredInvestmentTypes: Early Stage VC, Later Stage VC, PE Growth/Expansion, Seed Round | CompanyInvestorRelation: Uphold Worldwide; status=Active; hol",part5_token_company_investor_graph_then_web_search_with_primary_source_priority,investor_router|capability_classification
11,467969-50,GHC Capital,,,"GHC Capital, LLC",www.ghc-capital.com,ghc-capital.com,,,,"Los Angeles, CA",United States,PE/Buyout,Real Estate,"Buyout/LBO, PE Growth/Expansion",,Prefers majority stake,,,"Founded in 2008, GHC Capital was a private equity firm based in Los Angeles, California. The firm also invested in the real estate sector.",part5_rule_b_company|source:company_investor_relation|source:deal_investor_relation|source:investor_investment_relation,CompanyInvestorRelation.CompanyID|CompanyInvestorRelation.InvestorID|Deal.CompanyID|DealInvestorRelation.DealID|DealInvestorRelation.InvestorID|InvestorInvestmentRelation.CompanyID|InvestorInvestmentRelation.InvestorID,"Part5 Rule B company investor graph: 2 token companies, 2 deals, 0 funds | source_methods=company_investor_relation,deal_investor_relation,investor_investment_relation | PrimaryInvestorType: PE/Buyout | OtherInvestorTypes: Real Estate | PreferredInvestmentTypes: Buyout/LBO, PE Growth/Expansion | CompanyInvestorRelation: Uphold Worldwide; status=Former; holding=Minority; since=10/01/2020 | CompanyIn",part5_token_company_investor_graph_then_web_search_with_primary_source_priority,investor_router|capability_classification
12,491121-55,MDSV Capital,,,,www.mdsv.vc,mdsv.vc,,,,"Palo Alto, CA",United States,Venture Capital,Fund of Funds,"Early Stage VC, Later Stage VC, Seed Round","Internet of Things, SaaS, TMT","Prefers minority stake, Will syndicate",MDSV Fund,Venture - General,"Founded in 2021, MDSV Capital is a venture capital firm based in Palo Alto, California. The firm seeks to invest in early-to-early-growth stage companies and funds.",part5_rule_b_company|source:company_investor_relation|source:deal_investor_relation|source:investor_investment_relation,CompanyInvestorRelation.CompanyID|CompanyInvestorRelation.InvestorID|Deal.CompanyID|DealInvestorRelation.DealID|DealInvestorRelation.InvestorID|InvestorInvestmentRelation.CompanyID|InvestorInvestmentRelation.InvestorID,"Part5 Rule B company investor graph: 2 token companies, 2 deals, 0 funds | source_methods=company_investor_relation,deal_investor_relation,investor_investment_relation | PrimaryInvestorType: Venture Capital | OtherInvestorTypes: Fund of Funds | PreferredVerticals: Internet of Things, SaaS, TMT | PreferredInvestmentTypes: Early Stage VC, Later Stage VC, Seed Round | CompanyInvestorRelation: Uphold W",part5_token_company_investor_graph_then_web_search_with_primary_source_priority,investor_router|capability_classification
13,110802-34,Pamir Gelenbe,,,,,,,,,"London, United Kingdom",United Kingdom,Angel (individual),,,TMT,,,,"Mr. Pamir Gelenbe is the Founder serves a Director at Libertus Capital. He serves as Board Member at Kraken. He is an Angel Investor. He focuses on decentralized systems, enterprise blockchain, and digital currency. He serves as Board Member at Peak Games, On Device Research, Souq Al Mal, Eon Aligners, and Eatupp. Previously, he served as a Partner at Hummingbird Ventures and also worked at Morgan Stanley and D.E. Shaw. He graduated from Duke University and Columbia University with a BSc. in Electrical Engineering and MSc. in Operations Research.",part5_rule_b_company|source:company_investor_relation|source:deal_investor_relation|source:investor_investment_relation,CompanyInvestorRelation.CompanyID|CompanyInvestorRelation.InvestorID|Deal.CompanyID|DealInvestorRelation.DealID|DealInvestorRelation.InvestorID|InvestorInvestmentRelation.CompanyID|InvestorInvestmentRelation.InvestorID,"Part5 Rule B company investor graph: 2 token companies, 2 deals, 0 funds | source_methods=company_investor_relation,deal_investor_relation,investor_investment_relation | PrimaryInvestorType: Angel (individual) | PreferredVerticals: TMT | CompanyInvestorRelation: Kraken; status=Pending (Sell Side); holding=Minority; since=08/23/2024 | CompanyInvestorRelation: Molecule; status=Active; holding=Minorit",part5_token_company_investor_graph_then_web_search_with_primary_source_priority,investor_router|capability_classification
14,106960-78,Ronjon Nag,,,,,,,,,"Palo Alto, CA",United States,Angel (individual),"Family Office, Venture Capital",Angel (individual),,,Skydeck Fund I,Venture Capital - Early Stage,"Dr. Ronjon Nag is a Co-Founder and serves as Chairman at Superbio.ai. He is the Founder of Brightswitch. He is a Co-Founder and serves as Chief Executive Officer & Board Member at Agemica. He is a Co-Founder and serves as Chief Executive Officer and President at Ikshana Therapeutics. He served as Board Member, Board Observer & Advisor at Celeris Therapeutics. He is an inventor, teacher and entrepreneur. He is an Adjunct Professor in Genetics at the Stanford School of Medicine, becoming a Stanford Distinguished Careers Institute Fellow in 2016. He teaches AI, Genes, Ethics, Longevity Science and Venture Capital. He is a founder and advisor/board member of multiple start-ups and President of t",part5_rule_b_company|source:company_investor_relation|source:deal_investor_relation|source:investor_investment_relation,CompanyInvestorRelation.CompanyID|CompanyInvestorRelation.InvestorID|Deal.CompanyID|DealInvestorRelation.DealID|DealInvestorRelation.InvestorID|InvestorInvestmentRelation.CompanyID|InvestorInvestmentRelation.InvestorID,"Part5 Rule B company investor graph: 2 token companies, 2 deals, 0 funds | source_methods=company_investor_relation,deal_investor_relation,investor_investment_relation | PrimaryInvestorType: Angel (individual) | OtherInvestorTypes: Family Office, Venture Capital | PreferredInvestmentTypes: Angel (individual) | CompanyInvestorRelation: PayStand; status=Active; holding=Minority; since=06/30/2014 | Co",part5_token_company_investor_graph_then_web_search_with_primary_source_priority,investor_router|capability_classification
15,741363-67,Sparkwave Capital,,,,www.sparkwavecap.com,sparkwavecap.com,,,,"San Francisco, CA",United States,Venture Capital,,"Early Stage VC, Later Stage VC, Seed Round",,"Prefers minority stake, Will syndicate",,,"Founded in 2024, Sparkwave Capital is a venture capital firm based in San Francisco, California.",part5_rule_b_company|source:company_investor_relation|source:deal_investor_relation|source:investor_investment_relation,CompanyInvestorRelation.CompanyID|CompanyInvestorRelation.InvestorID|Deal.CompanyID|DealInvestorRelation.DealID|DealInvestorRelation.InvestorID|InvestorInvestmentRelation.CompanyID|InvestorInvestmentRelation.InvestorID,"Part5 Rule B company investor graph: 2 token companies, 2 deals, 0 funds | source_methods=company_investor_relation,deal_investor_relation,investor_investment_relation | PrimaryInvestorType: Venture Capital | PreferredInvestmentTypes: Early Stage VC, Later Stage VC, Seed Round | CompanyInvestorRelation: Uphold Worldwide; status=Active; holding=Minority; since=08/01/2025 | CompanyInvestorRelation: K",part5_token_company_investor_graph_then_web_search_with_primary_source_priority,investor_router|capability_classification
16,466985-89,Sparq Capital (United States),,,"Sparq Capital, LLC",www.sparq-capital.com,sparq-capital.com,,,,"Palo Alto, CA",United States,Venture Capital,,"Early Stage VC, Later Stage VC, Seed Round","Cryptocurrency/Blockchain, Cybersecurity, EdTech, FinTech, TMT","Prefers minority stake, Will syndicate",,,"Sparq Capital is a venture capital investment firm based in Palo Alto, California. The firm prefers to invest in companies operating in cybersecurity, e-learning, ed tech, information technology, fintech, and blockchain sectors.",part5_rule_b_company|source:company_investor_relation|source:deal_investor_relation|source:investor_investment_relation,CompanyInvestorRelation.CompanyID|CompanyInvestorRelation.InvestorID|Deal.CompanyID|DealInvestorRelation.DealID|DealInvestorRelation.InvestorID|InvestorInvestmentRelation.CompanyID|InvestorInvestmentRelation.InvestorID,"Part5 Rule B company investor graph: 2 token companies, 2 deals, 0 funds | source_methods=company_investor_relation,deal_investor_relation,investor_investment_relation | PrimaryInvestorType: Venture Capital | PreferredVerticals: Cryptocurrency/Blockchain, Cybersecurity, EdTech, FinTech, TMT | PreferredInvestmentTypes: Early Stage VC, Later Stage VC, Seed Round | CompanyInvestorRelation: Uphold Worl",part5_token_company_investor_graph_then_web_search_with_primary_source_priority,investor_router|capability_classification
17,491271-49,The Fintech Fund,,,"The Fintech Fund, LLC",www.thefintechfund.com,thefintechfund.com,,,,"New York, NY",United States,Venture Capital,,"Early Stage VC, Seed Round","Cryptocurrency/Blockchain, FinTech","Prefers minority stake, Will syndicate",Fintech Fund II,Venture Capital - Early Stage,"Founded in 2021, The Fintech Fund is a venture capital firm based in New York, New York. The firm prefers to invest in early-stage companies operating in the fintech, cryptocurrency, and DeFi sectors.",part5_rule_b_company|source:company_investor_relation|source:deal_investor_relation|source:investor_investment_relation,CompanyInvestorRelation.CompanyID|CompanyInvestorRelation.InvestorID|Deal.CompanyID|DealInvestorRelation.DealID|DealInvestorRelation.InvestorID|InvestorInvestmentRelation.CompanyID|InvestorInvestmentRelation.InvestorID,"Part5 Rule B company investor graph: 2 token companies, 2 deals, 0 funds | source_methods=company_investor_relation,deal_investor_relation,investor_investment_relation | PrimaryInvestorType: Venture Capital | PreferredVerticals: Cryptocurrency/Blockchain, FinTech | PreferredInvestmentTypes: Early Stage VC, Seed Round | CompanyInvestorRelation: 3Box Labs; status=Pending (Sell Side); holding=Minority",part5_token_company_investor_graph_then_web_search_with_primary_source_priority,investor_router|capability_classification
18,510541-84,VARIV,,,,variv.com,variv.com,,,,"Mexico City, Mexico",Mexico,Venture Capital,Accelerator/Incubator,"Early Stage VC, Later Stage VC, Seed Round",TMT,"Prefers minority stake, Will syndicate",,,"Founded in 2007, VARIV is a venture capital firm based in Mexico City, Mexico. The firm prefers to invest in early-stage technology companies in Mexico and Latin America.",part5_rule_b_company|source:company_investor_relation|source:deal_investor_relation|source:investor_investment_relation,CompanyInvestorRelation.CompanyID|CompanyInvestorRelation.InvestorID|Deal.CompanyID|DealInvestorRelation.DealID|DealInvestorRelation.InvestorID|InvestorInvestmentRelation.CompanyID|InvestorInvestmentRelation.InvestorID,"Part5 Rule B company investor graph: 2 token companies, 2 deals, 0 funds | source_methods=company_investor_relation,deal_investor_relation,investor_investment_relation | PrimaryInvestorType: Venture Capital | OtherInvestorTypes: Accelerator/Incubator | PreferredVerticals: TMT | PreferredInvestmentTypes: Early Stage VC, Later Stage VC, Seed Round | CompanyInvestorRelation: Bitso; status=Active; hold",part5_token_company_investor_graph_then_web_search_with_primary_source_priority,investor_router|capability_classification
19,10727-11,PayPal Holdings,PayPal,Confinity,"PayPal Holdings, Inc.",www.paypal.com,paypal.com,,NAS,PYPL,"San Jose, CA",United States,Corporation,,"Early Stage VC, Later Stage VC, Merger/Acquisition","B2B Payments, FinTech",Prefers majority stake,,,"PayPal was spun off from eBay in 2015 and provides electronic payment solutions to merchants and consumers, with a focus on online transactions. The company had 434 million active accounts at the end of 2024. The company also owns Venmo, a person-to-person payment platform.",part5_rule_b_company|source:company_investor_relation|source:deal_investor_relation|source:investor_investment_relation,CompanyInvestorRelation.CompanyID|CompanyInvestorRelation.InvestorID|Deal.CompanyID|DealInvestorRelation.DealID|DealInvestorRelation.InvestorID|InvestorInvestmentRelation.CompanyID|InvestorInvestmentRelation.InvestorID,"Part5 Rule B company investor graph: 2 token companies, 2 deals, 0 funds | source_methods=company_investor_relation,deal_investor_relation,investor_investment_relation | PrimaryInvestorType: Corporation | PreferredVerticals: B2B Payments, FinTech | PreferredInvestmentTypes: Early Stage VC, Later Stage VC, Merger/Acquisition | CompanyInvestorRelation: Paxos; status=Active; holding=Minority; since=12",part5_token_company_investor_graph_then_web_search_with_primary_source_priority,investor_router|capability_classification
20,55388-53,Blue Star Capital (Private Equity),"Blue Star, Blue Star Capital",,Blue Star Capital PLC,www.bluestarcapital.co.uk,bluestarcapital.co.uk,,LON,BLU,"Brighton, United Kingdom",United Kingdom,PE/Buyout,"Growth/Expansion, Lender/Debt Provider, Venture Capital","Buyout/LBO, Convertible Debt, Debt - General, PE Growth/Expansion, Secured Debt","B2B Payments, Cryptocurrency/Blockchain, Esports, FinTech, Gaming, Mobile Commerce","Prefers majority stake, Prefers minority stake, Will syndicate",,,"Founded in 2004, Blue Star Capital is a private equity firm headquartered in Crawley, United Kingdom. The firm seeks to invest in companies operating in the esports, media, gaming, mobile, fintech, cryptocurrency, payments, blockchain, and technology sectors.",part5_rule_b_company|source:company_investor_relation|source:deal_investor_relation|source:investor_investment_relation|lead_investor,CompanyInvestorRelation.CompanyID|CompanyInvestorRelation.InvestorID|Deal.CompanyID|DealInvestorRelation.DealID|DealInvestorRelation.InvestorID|InvestorInvestmentRelation.CompanyID|InvestorInvestmentRelation.InvestorID,"Part5 Rule B company investor graph: 1 token companies, 4 deals, 0 funds | source_methods=company_investor_relation,deal_investor_relation,investor_investment_relation | PrimaryInvestorType: PE/Buyout | OtherInvestorTypes: Growth/Expansion, Lender/Debt Provider, Venture Capital | PreferredVerticals: B2B Payments, Cryptocurrency/Blockchain, Esports, FinTech, Gaming, Mobile Commerce | PreferredInvest",part5_token_company_investor_graph_then_web_search_with_primary_source_priority,investor_router|capability_classification
21,51625-90,Thrive Capital,Thrive,,"Thrive Capital Management, LLC",www.thrivecap.com,thrivecap.com,,,,"New York, NY",United States,Venture Capital,Accelerator/Incubator,"Accelerator/Incubator, Early Stage VC, Later Stage VC, Seed Round","Artificial Intelligence & Machine Learning, Cybersecurity, SaaS, TMT","Prefers minority stake, Will syndicate",North River Angel Investments IX,Angel Fund,"Founded in 2009, Thrive Capital is a venture capital firm based in New York. The firm seeks to invest in the internet, software, and technology-enabled sectors. This firm is a Registered Investment Adviser (RIA).",part5_rule_b_company|source:company_investor_relation|source:deal_investor_relation|source:investor_investment_relation|source:fund_investment_relation|fund_linked,CompanyInvestorRelation.CompanyID|CompanyInvestorRelation.InvestorID|Deal.CompanyID|DealInvestorRelation.DealID|DealInvestorRelation.InvestorID|InvestorInvestmentRelation.CompanyID|InvestorInvestmentRelation.InvestorID|FundInvestmentRelation.CompanyID|FundInvestorRelation.FundID|FundInvestorRelation.InvestorID,"Part5 Rule B company investor graph: 1 token companies, 3 deals, 2 funds | source_methods=company_investor_relation,deal_investor_relation,investor_investment_relation,fund_investment_relation | PrimaryInvestorType: Venture Capital | OtherInvestorTypes: Accelerator/Incubator | PreferredVerticals: Artificial Intelligence & Machine Learning, Cybersecurity, SaaS, TMT | PreferredInvestmentTypes: Accele",part5_token_company_investor_graph_then_web_search_with_primary_source_priority,investor_router|capability_classification
22,51552-19,Cervin Ventures,,Cervin,"Cervin Ventures Management, L.L.C.",www.cervinventures.com,cervinventures.com,,,,"Palo Alto, CA",United States,Venture Capital,Angel Group,"Early Stage VC, Later Stage VC, Seed Round","AdTech, Artificial Intelligence & Machine Learning, B2B Payments, Big Data, CloudTech & DevOps, Cybersecurity, E-Commerce, FinTech, Infrastructure, Marketing Tech, Restaurant Technology, SaaS, Supply Chain Tech","Long-Term Investor, Prefers minority stake, Seeks Impact investments, Will lead on a deal, Will syndicate",Cervin Ventures Fund V,Venture - General,"Founded in 2011, Cervin is a venture capital firm based in Palo Alto, California. The firm focuses on B2B, enterprise technology startups. The firm is an Exempt Registered Advisor.",part5_rule_b_company|source:company_investor_relation|source:deal_investor_relation|source:investor_investment_relation|source:fund_investment_relation|fund_linked,CompanyInvestorRelation.CompanyID|CompanyInvestorRelation.InvestorID|Deal.CompanyID|DealInvestorRelation.DealID|DealInvestorRelation.InvestorID|InvestorInvestmentRelation.CompanyID|InvestorInvestmentRelation.InvestorID|FundInvestmentRelation.CompanyID|FundInvestorRelation.FundID|FundInvestorRelation.InvestorID,"Part5 Rule B company investor graph: 1 token companies, 3 deals, 2 funds | source_methods=company_investor_relation,deal_investor_relation,investor_investment_relation,fund_investment_relation | PrimaryInvestorType: Venture Capital | OtherInvestorTypes: Angel Group | PreferredVerticals: AdTech, Artificial Intelligence & Machine Learning, B2B Payments, Big Data, CloudTech & DevOps, Cybersecurity, E-",part5_token_company_investor_graph_then_web_search_with_primary_source_priority,investor_router|capability_classification
23,59319-28,ASX,,"Australian Stock Exchange, Australian Securities Exchange",ASX Limited,www.asx.com.au,asx.com.au,,ASX,ASX,"Sydney, Australia",Australia,Corporation,,Merger/Acquisition,"FinTech, TMT",Prefers majority stake,,,"ASX is a vertically integrated securities exchange business offering listing, data, trading, clearing, and settlement services across equities, debt, and derivatives. ASX benefits from various effective monopolies across its business and a disproportionately large listings business from Australia's outsize natural resources sector.",part5_rule_b_company|source:company_investor_relation|source:deal_investor_relation|source:investor_investment_relation|lead_investor,CompanyInvestorRelation.CompanyID|CompanyInvestorRelation.InvestorID|Deal.CompanyID|DealInvestorRelation.DealID|DealInvestorRelation.InvestorID|InvestorInvestmentRelation.CompanyID|InvestorInvestmentRelation.InvestorID,"Part5 Rule B company investor graph: 1 token companies, 3 deals, 0 funds | source_methods=company_investor_relation,deal_investor_relation,investor_investment_relation | PrimaryInvestorType: Corporation | PreferredVerticals: FinTech, TMT | PreferredInvestmentTypes: Merger/Acquisition | CompanyInvestorRelation: Digital Asset; status=Former; holding=Minority; since=02/03/2016 | DealInvestorRelation:",part5_token_company_investor_graph_then_web_search_with_primary_source_priority,investor_router|capability_classification
24,52869-52,Excell Partners,Excell,,"Excell Partners, Inc.",www.excellny.com,excellny.com,University of Rochester Endowment,,,"Rochester, NY",United States,Venture Capital,Not-For-Profit Venture Capital,"Accelerator/Incubator, Early Stage VC, Later Stage VC, Seed Round","AdTech, Advanced Manufacturing, AgTech, Artificial Intelligence & Machine Learning, Big Data, CleanTech, Climate Tech, CloudTech & DevOps, Cybersecurity, Digital Health, E-Commerce, Esports, FoodTech, HealthTech, Internet of Things, Life Sciences, Manufacturing, Mobile Commerce, Mobility Tech, Nanotechnology, SaaS, Supply Chain Tech, Wearables & Quantified Self","Prefers minority stake, Will syndicate",Upstate Biotech Ventures,Venture Capital - Early Stage,"Founded in 2005, Excell Partners is a venture capital firm based in Rochester, New York. The firm performs to make seed and early-stage investments in the medical device, material, energy, biotechnology, ag-tech, imaging, information technology, and software sectors.",part5_rule_b_company|source:company_investor_relation|source:deal_investor_relation|source:investor_investment_relation|source:fund_investment_relation|fund_linked,CompanyInvestorRelation.CompanyID|CompanyInvestorRelation.InvestorID|Deal.CompanyID|DealInvestorRelation.DealID|DealInvestorRelation.InvestorID|InvestorInvestmentRelation.CompanyID|InvestorInvestmentRelation.InvestorID|FundInvestmentRelation.CompanyID|FundInvestorRelation.FundID|FundInvestorRelation.InvestorID,"Part5 Rule B company investor graph: 1 token companies, 2 deals, 2 funds | source_methods=company_investor_relation,deal_investor_relation,investor_investment_relation,fund_investment_relation | PrimaryInvestorType: Venture Capital | OtherInvestorTypes: Not-For-Profit Venture Capital | PreferredVerticals: AdTech, Advanced Manufacturing, AgTech, Artificial Intelligence & Machine Learning, Big Data,",part5_token_company_investor_graph_then_web_search_with_primary_source_priority,investor_router|capability_classification
25,64885-60,First Star Ventures,First Star,Procyon Ventures,First Star Ventures LP,www.firststar.vc,firststar.vc,,,,"Cambridge, MA",United States,Venture Capital,,"Early Stage VC, Seed Round","Advanced Manufacturing, AgTech, Artificial Intelligence & Machine Learning, Augmented Reality, Big Data, CleanTech, Climate Tech, CloudTech & DevOps, Cryptocurrency/Blockchain, Cybersecurity, Digital Health, FoodTech, HealthTech, Impact Investing, Internet of Things, Life Sciences, Manufacturing, Oncology, SaaS, Supply Chain Tech, TMT, Virtual Reality","Seeks Impact investments, Will lead on a deal, Will syndicate",First Star Venture Fund III,Venture Capital - Early Stage,"Founded in 2017, First Star Ventures is a venture capital firm based in Cambridge, Massachusetts. The firm invests in early-stage startups with strong, defensible technology in hard data and computing tech. The firm anticipates offering LPs additional and early access opportunities through SPVs or direct investments.",part5_rule_b_company|source:company_investor_relation|source:deal_investor_relation|source:investor_investment_relation|source:fund_investment_relation|lead_investor|fund_linked,CompanyInvestorRelation.CompanyID|CompanyInvestorRelation.InvestorID|Deal.CompanyID|DealInvestorRelation.DealID|DealInvestorRelation.InvestorID|InvestorInvestmentRelation.CompanyID|InvestorInvestmentRelation.InvestorID|FundInvestmentRelation.CompanyID|FundInvestorRelation.FundID|FundInvestorRelation.InvestorID,"Part5 Rule B company investor graph: 1 token companies, 2 deals, 2 funds | source_methods=company_investor_relation,deal_investor_relation,investor_investment_relation,fund_investment_relation | PrimaryInvestorType: Venture Capital | PreferredVerticals: Advanced Manufacturing, AgTech, Artificial Intelligence & Machine Learning, Augmented Reality, Big Data, CleanTech, Climate Tech, CloudTech & DevOp",part5_token_company_investor_graph_then_web_search_with_primary_source_priority,investor_router|capability_classification
26,184803-49,LEAP Global Partners,LEAP,,"LEAP Innovations Ventures Management Company, LLC",www.leapglobalpartners.com,leapglobalpartners.com,,,,"Castro Valley, CA",United States,Venture Capital,,"Early Stage VC, Later Stage VC, Seed Round","Artificial Intelligence & Machine Learning, E-Commerce, FinTech, Marketing Tech, SaaS, TMT","Long-Term Investor, Prefers minority stake, Will syndicate",LEAP Partners I,Venture - General,"Founded in 2017, LEAP Global Partners is a venture capital firm based in Castro Valley, California. The firm seeks to invest in software, artificial intelligence, machine learning, SaaS, and financial services sectors. This firm is a Registered Investment Adviser (RIA).",part5_rule_b_company|source:company_investor_relation|source:deal_investor_relation|source:investor_investment_relation|source:fund_investment_relation|fund_linked,CompanyInvestorRelation.CompanyID|CompanyInvestorRelation.InvestorID|Deal.CompanyID|DealInvestorRelation.DealID|DealInvestorRelation.InvestorID|InvestorInvestmentRelation.CompanyID|InvestorInvestmentRelation.InvestorID|FundInvestmentRelation.CompanyID|FundInvestorRelation.FundID|FundInvestorRelation.InvestorID,"Part5 Rule B company investor graph: 1 token companies, 2 deals, 1 funds | source_methods=company_investor_relation,deal_investor_relation,investor_investment_relation,fund_investment_relation | PrimaryInvestorType: Venture Capital | PreferredVerticals: Artificial Intelligence & Machine Learning, E-Commerce, FinTech, Marketing Tech, SaaS, TMT | PreferredInvestmentTypes: Early Stage VC, Later Stage",part5_token_company_investor_graph_then_web_search_with_primary_source_priority,investor_router|capability_classification
27,55889-20,Rothenberg Ventures,Frontier Tech Venture Capital,,Rothenberg Ventures LLC,www.themillennial.vc,themillennial.vc,,,,"San Francisco, CA",United States,Venture Capital,,"Early Stage VC, Later Stage VC, Seed Round","TMT, Virtual Reality","Prefers minority stake, Will syndicate",Rothenberg Ventures 2016 Fund,Venture - General,"Founded in 2012, Rothenberg Ventures was a venture capital investment firm headquartered in San Francisco, California. The firm sought to invest in virtual reality, augmented reality, robotics and electric vehicles, artificial intelligence and machine intelligence, space, drones, and hardware sectors.",part5_rule_b_company|source:company_investor_relation|source:deal_investor_relation|source:investor_investment_relation|source:fund_investment_relation|fund_linked,CompanyInvestorRelation.CompanyID|CompanyInvestorRelation.InvestorID|Deal.CompanyID|DealInvestorRelation.DealID|DealInvestorRelation.InvestorID|InvestorInvestmentRelation.CompanyID|InvestorInvestmentRelation.InvestorID|FundInvestmentRelation.CompanyID|FundInvestorRelation.FundID|FundInvestorRelation.InvestorID,"Part5 Rule B company investor graph: 1 token companies, 2 deals, 2 funds | source_methods=company_investor_relation,deal_investor_relation,investor_investment_relation,fund_investment_relation | PrimaryInvestorType: Venture Capital | PreferredVerticals: TMT, Virtual Reality | PreferredInvestmentTypes: Early Stage VC, Later Stage VC, Seed Round | CompanyInvestorRelation: Augmate; status=Former; hold",part5_token_company_investor_graph_then_web_search_with_primary_source_priority,investor_router|capability_classification
28,52359-49,Serra Ventures,Serra,,"Serra Ventures, LLC",www.serraventures.com,serraventures.com,,,,"Champaign, IL",United States,Venture Capital,,"Early Stage VC, Later Stage VC, PE Growth/Expansion, Seed Round","AgTech, Artificial Intelligence & Machine Learning, CleanTech, Climate Tech, Cybersecurity, FinTech, FoodTech, Internet of Things, Restaurant Technology, Robotics and Drones, SaaS, Supply Chain Tech","Prefers minority stake, Seeks Impact investments, Will lead on a deal, Will syndicate",Serra Capital Ag Tech Fund II,Venture Capital - Early Stage,"Founded in 2008, Serra Ventures is a venture capital investment firm based in Champaign, Illinois. The firm prefers to invest in early-stage growth companies operating in information technology, deep technology, instrumentation, B2B, software-as-a-service, device, and agricultural technologies sectors.",part5_rule_b_company|source:company_investor_relation|source:deal_investor_relation|source:investor_investment_relation|source:fund_investment_relation|fund_linked,CompanyInvestorRelation.CompanyID|CompanyInvestorRelation.InvestorID|Deal.CompanyID|DealInvestorRelation.DealID|DealInvestorRelation.InvestorID|InvestorInvestmentRelation.CompanyID|InvestorInvestmentRelation.InvestorID|FundInvestmentRelation.CompanyID|FundInvestorRelation.FundID|FundInvestorRelation.InvestorID,"Part5 Rule B company investor graph: 1 token companies, 2 deals, 1 funds | source_methods=company_investor_relation,deal_investor_relation,investor_investment_relation,fund_investment_relation | PrimaryInvestorType: Venture Capital | PreferredVerticals: AgTech, Artificial Intelligence & Machine Learning, CleanTech, Climate Tech, Cybersecurity, FinTech, FoodTech, Internet of Things, Restaurant Techn",part5_token_company_investor_graph_then_web_search_with_primary_source_priority,investor_router|capability_classification
29,61025-32,TiE LaunchPad,,,,www.tielaunchpad.com,tielaunchpad.com,,,,"Sunnyvale, CA",United States,Accelerator/Incubator,,Accelerator/Incubator,"Big Data, CloudTech & DevOps, Infrastructure, Mobile, TMT","Prefers minority stake, Will syndicate",TiE LaunchPad Fund I,Venture Capital - Early Stage,"Founded in 2014, TiE LaunchPad is an accelerator based in Sunnyvale, California. The firm seeks to make investments in start-up companies operating in the cloud, infrastructure, big data, and mobile.",part5_rule_b_company|source:company_investor_relation|source:deal_investor_relation|source:investor_investment_relation|source:fund_investment_relation|fund_linked,CompanyInvestorRelation.CompanyID|CompanyInvestorRelation.InvestorID|Deal.CompanyID|DealInvestorRelation.DealID|DealInvestorRelation.InvestorID|InvestorInvestmentRelation.CompanyID|InvestorInvestmentRelation.InvestorID|FundInvestmentRelation.CompanyID|FundInvestorRelation.FundID|FundInvestorRelation.InvestorID,"Part5 Rule B company investor graph: 1 token companies, 2 deals, 1 funds | source_methods=company_investor_relation,deal_investor_relation,investor_investment_relation,fund_investment_relation | PrimaryInvestorType: Accelerator/Incubator | PreferredVerticals: Big Data, CloudTech & DevOps, Infrastructure, Mobile, TMT | PreferredInvestmentTypes: Accelerator/Incubator | CompanyInvestorRelation: PaySta",part5_token_company_investor_graph_then_web_search_with_primary_source_priority,investor_router|capability_classification
30,11318-41,UPS Ventures,,,,,,United Parcel Service of America,,,"Atlanta, GA",United States,Corporate Venture Capital,,"Early Stage VC, Later Stage VC, Seed Round","Advanced Manufacturing, CleanTech, E-Commerce, Internet of Things, LOHAS & Wellness, SaaS, TMT, Wearables & Quantified Self","Prefers minority stake, Will syndicate",UPS Strategic Enterprise Fund,Venture Capital - Early Stage,"Founded in 1997, UPS Ventures is the corporate venture capital arm of United Parcel Service based in Atlanta, Georgia. The firm prefers to invest in early-stage private companies operating in the retail, warehousing, logistics, healthcare, alternative fuel, wireless and biometric sectors.",part5_rule_b_company|source:company_investor_relation|source:deal_investor_relation|source:investor_investment_relation|source:fund_investment_relation|fund_linked,CompanyInvestorRelation.CompanyID|CompanyInvestorRelation.InvestorID|Deal.CompanyID|DealInvestorRelation.DealID|DealInvestorRelation.InvestorID|InvestorInvestmentRelation.CompanyID|InvestorInvestmentRelation.InvestorID|FundInvestmentRelation.CompanyID|FundInvestorRelation.FundID|FundInvestorRelation.InvestorID,"Part5 Rule B company investor graph: 1 token companies, 2 deals, 1 funds | source_methods=company_investor_relation,deal_investor_relation,investor_investment_relation,fund_investment_relation | PrimaryInvestorType: Corporate Venture Capital | PreferredVerticals: Advanced Manufacturing, CleanTech, E-Commerce, Internet of Things, LOHAS & Wellness, SaaS, TMT, Wearables & Quantified Self | PreferredIn",part5_token_company_investor_graph_then_web_search_with_primary_source_priority,investor_router|capability_classification
31,183883-78,Crowberry Capital,Crowberry,,,www.crowberrycapital.com,crowberrycapital.com,,,,"Reykjavik, Iceland",Iceland,Venture Capital,,"Early Stage VC, Seed Round","Artificial Intelligence & Machine Learning, Augmented Reality, B2B Payments, CleanTech, Climate Tech, CloudTech & DevOps, Cryptocurrency/Blockchain, Cybersecurity, Digital Health, E-Commerce, EdTech, Esports, FinTech, FoodTech, Gaming, HealthTech, HR Tech, Marketing Tech, Mobile, Restaurant Technology, SaaS, TMT, Virtual Reality","Prefers minority stake, Seeks ESG investments, Will syndicate",Crowberry II,Venture Capital - Early Stage,"Founded in 2017, Crowberry Capital is a venture capital firm based in Reykjavik, Iceland. The firm prefers to invest in seed and early-stage technology startups across the Nordics region.",part5_rule_b_company|source:company_investor_relation|source:deal_investor_relation|source:investor_investment_relation|source:fund_investment_relation|lead_investor|fund_linked,CompanyInvestorRelation.CompanyID|CompanyInvestorRelation.InvestorID|Deal.CompanyID|DealInvestorRelation.DealID|DealInvestorRelation.InvestorID|InvestorInvestmentRelation.CompanyID|InvestorInvestmentRelation.InvestorID|FundInvestmentRelation.CompanyID|FundInvestorRelation.FundID|FundInvestorRelation.InvestorID,"Part5 Rule B company investor graph: 1 token companies, 2 deals, 1 funds | source_methods=company_investor_relation,deal_investor_relation,investor_investment_relation,fund_investment_relation | PrimaryInvestorType: Venture Capital | PreferredVerticals: Artificial Intelligence & Machine Learning, Augmented Reality, B2B Payments, CleanTech, Climate Tech, CloudTech & DevOps, Cryptocurrency/Blockchain",part5_token_company_investor_graph_then_web_search_with_primary_source_priority,investor_router|capability_classification
32,459625-24,7RIDGE,,,7RIDGE Inc.,7ridge.com,7ridge.com,,,,"New York, NY",United States,PE/Buyout,"Growth/Expansion, Venture Capital","Buyout/LBO, Later Stage VC, PE Growth/Expansion","B2B Payments, FinTech, InsurTech, SaaS, TMT","Prefers majority stake, Prefers minority stake, Will syndicate",7RIDGE Trading Technologies CV,Buyout,"Founded in 2021, 7Ridge is a private equity investment firm based in New York, New York. The firm targets enterprise-facing technologies for trading, capital markets, and investment management in Europe and North America. This firm is a Registered Investment Adviser (RIA).",part5_rule_b_company|source:company_investor_relation|source:deal_investor_relation|source:investor_investment_relation,CompanyInvestorRelation.CompanyID|CompanyInvestorRelation.InvestorID|Deal.CompanyID|DealInvestorRelation.DealID|DealInvestorRelation.InvestorID|InvestorInvestmentRelation.CompanyID|InvestorInvestmentRelation.InvestorID,"Part5 Rule B company investor graph: 1 token companies, 2 deals, 0 funds | source_methods=company_investor_relation,deal_investor_relation,investor_investment_relation | PrimaryInvestorType: PE/Buyout | OtherInvestorTypes: Growth/Expansion, Venture Capital | PreferredVerticals: B2B Payments, FinTech, InsurTech, SaaS, TMT | PreferredInvestmentTypes: Buyout/LBO, Later Stage VC, PE Growth/Expansion |",part5_token_company_investor_graph_then_web_search_with_primary_source_priority,investor_router|capability_classification
33,65036-08,Archangel (New York),,,,,,,,,"New York, NY",United States,Angel Group,Venture Capital,"Early Stage VC, Seed Round",TMT,"Prefers minority stake, Will syndicate",,,"Founded in 2014, Archangel is an angel group investment firm based in New York, New York.",part5_rule_b_company|source:company_investor_relation|source:deal_investor_relation|source:investor_investment_relation,CompanyInvestorRelation.CompanyID|CompanyInvestorRelation.InvestorID|Deal.CompanyID|DealInvestorRelation.DealID|DealInvestorRelation.InvestorID|InvestorInvestmentRelation.CompanyID|InvestorInvestmentRelation.InvestorID,"Part5 Rule B company investor graph: 1 token companies, 2 deals, 0 funds | source_methods=company_investor_relation,deal_investor_relation,investor_investment_relation | PrimaryInvestorType: Angel Group | OtherInvestorTypes: Venture Capital | PreferredVerticals: TMT | PreferredInvestmentTypes: Early Stage VC, Seed Round | CompanyInvestorRelation: Augmate; status=Former; holding=Minority; since=07/3",part5_token_company_investor_graph_then_web_search_with_primary_source_priority,investor_router|capability_classification
34,106135-03,Bill Lee,,,,www.backtoreality.com,backtoreality.com,,,,CA,United States,Angel (individual),,,TMT,"Prefers minority stake, Will syndicate",,,Mr. Bill Lee is an Angel Investor. Mr. Lee co-founded and served as Chief Executive Officer at Remarq. He graduated Beta Gamma Sigma from UC Berkeley with a B.S. in accounting/finance and received a JD/MBA from UCLA.,part5_rule_b_company|source:company_investor_relation|source:deal_investor_relation|source:investor_investment_relation,CompanyInvestorRelation.CompanyID|CompanyInvestorRelation.InvestorID|Deal.CompanyID|DealInvestorRelation.DealID|DealInvestorRelation.InvestorID|InvestorInvestmentRelation.CompanyID|InvestorInvestmentRelation.InvestorID,"Part5 Rule B company investor graph: 1 token companies, 2 deals, 0 funds | source_methods=company_investor_relation,deal_investor_relation,investor_investment_relation | PrimaryInvestorType: Angel (individual) | PreferredVerticals: TMT | CompanyInvestorRelation: BitGo; status=Former; holding=Minority; since=06/16/2014 | DealInvestorRelation: BitGo; deal=98491-42T; date=10/18/2018; type=Later Stage",part5_token_company_investor_graph_then_web_search_with_primary_source_priority,investor_router|capability_classification
35,107691-85,Borsenmedien,,,Börsenmedien AG,www.boersenmedien.de,boersenmedien.de,,,,"Kulmbach, Germany",Germany,Corporation,,Merger/Acquisition,"E-Commerce, TMT",Prefers majority stake,,,"Operator of a financial media publishing intended for providing investment insights and market information. The company offers various services including subscription-based financial newsletters and market analysis, enabling investors to access valuable data and recommendations that assist in making informed investment decisions while staying updated on market trends and opportunities.",part5_rule_b_company|source:company_investor_relation|source:deal_investor_relation|source:investor_investment_relation,CompanyInvestorRelation.CompanyID|CompanyInvestorRelation.InvestorID|Deal.CompanyID|DealInvestorRelation.DealID|DealInvestorRelation.InvestorID|InvestorInvestmentRelation.CompanyID|InvestorInvestmentRelation.InvestorID,"Part5 Rule B company investor graph: 1 token companies, 2 deals, 0 funds | source_methods=company_investor_relation,deal_investor_relation,investor_investment_relation | PrimaryInvestorType: Corporation | PreferredVerticals: E-Commerce, TMT | PreferredInvestmentTypes: Merger/Acquisition | CompanyInvestorRelation: SatoshiPay; status=Active; holding=Minority; since=05/01/2019 | DealInvestorRelation:",part5_token_company_investor_graph_then_web_search_with_primary_source_priority,investor_router|capability_classification
36,56368-99,Consensus Capital Group,Consensus Capital,Consensus Capital Private Equity,Consensus Capital Group Ltd,ccplc.com,ccplc.com,,,,"Edinburgh, United Kingdom",United Kingdom,Asset Manager,"PE/Buyout, Real Estate, Venture Capital","Buyout/LBO, Later Stage VC, PE Growth/Expansion, Recapitalization, Seed Round","Cryptocurrency/Blockchain, FinTech, Infrastructure","Prefers majority stake, Prefers minority stake, Seeks distressed investments, Will syndicate",Consensus Capital Private Equity Fund,Real Estate Value Added,"Consensus Capital Private Equity is an asset management firm based in Edinburgh, United Kingdom. The firm seeks to invest in real estate, energy infrastructure, private equity, and venture capital asset classes.",part5_rule_b_company|source:company_investor_relation|source:deal_investor_relation|source:investor_investment_relation,CompanyInvestorRelation.CompanyID|CompanyInvestorRelation.InvestorID|Deal.CompanyID|DealInvestorRelation.DealID|DealInvestorRelation.InvestorID|InvestorInvestmentRelation.CompanyID|InvestorInvestmentRelation.InvestorID,"Part5 Rule B company investor graph: 1 token companies, 2 deals, 0 funds | source_methods=company_investor_relation,deal_investor_relation,investor_investment_relation | PrimaryInvestorType: Asset Manager | OtherInvestorTypes: PE/Buyout, Real Estate, Venture Capital | PreferredVerticals: Cryptocurrency/Blockchain, FinTech, Infrastructure | PreferredInvestmentTypes: Buyout/LBO, Later Stage VC, PE Gr",part5_token_company_investor_graph_then_web_search_with_primary_source_priority,investor_router|capability_classification
37,465275-80,Daniel Masters,,,,,,,,,"London, United Kingdom",United Kingdom,Angel (individual),,,,,,,"Mr. Daniel Masters is a Co-Founder and serves as Director, Co-Principal, and Chief Investment Officer at Global Advisors (Jersey). He serves as a Board Member at SatoshiPay. He serves as an Advisor at Pendulum. He also served as a Board Member at Globacap. He serves as Lead Investor and Board Member at Aventus. He is a Co-Founder and serves as the Director & Chief Investment Officer at Global Advisors Bitcoin Investment. Previously, he served as a Global Head of Energy Trading at JPMorgan. He is a director of GAJL and a director and shareholder of GA Holdings. He is registered with the NFA as a Principal, an Associated Person, and an NFA associate member of GAJL and is approved as a Key Pers",part5_rule_b_company|source:company_investor_relation|source:deal_investor_relation|source:investor_investment_relation,CompanyInvestorRelation.CompanyID|CompanyInvestorRelation.InvestorID|Deal.CompanyID|DealInvestorRelation.DealID|DealInvestorRelation.InvestorID|InvestorInvestmentRelation.CompanyID|InvestorInvestmentRelation.InvestorID,"Part5 Rule B company investor graph: 1 token companies, 2 deals, 0 funds | source_methods=company_investor_relation,deal_investor_relation,investor_investment_relation | PrimaryInvestorType: Angel (individual) | CompanyInvestorRelation: SatoshiPay; status=Active; holding=Minority; since=07/26/2018 | DealInvestorRelation: SatoshiPay; deal=110219-23T; date=07/26/2018; type=Angel (individual); lead=No",part5_token_company_investor_graph_then_web_search_with_primary_source_priority,investor_router|capability_classification
38,436815-28,Dedicated Venture Capital,,,Dedicated s.à.r.l.,dedicated.lu,dedicated.lu,,,,"Luxembourg, Luxembourg",Luxembourg,Venture Capital,,"Early Stage VC, Later Stage VC",,"Prefers minority stake, Will syndicate",,,"Founded in 2019, Dedicated Venture Capital is a venture capital firm based in Luxembourg. The firm sources the venture capital investment opportunities, structures the SPVs as investors pick & choose in Dedicated' selection of deals.",part5_rule_b_company|source:company_investor_relation|source:deal_investor_relation|source:investor_investment_relation,CompanyInvestorRelation.CompanyID|CompanyInvestorRelation.InvestorID|Deal.CompanyID|DealInvestorRelation.DealID|DealInvestorRelation.InvestorID|InvestorInvestmentRelation.CompanyID|InvestorInvestmentRelation.InvestorID,"Part5 Rule B company investor graph: 1 token companies, 2 deals, 0 funds | source_methods=company_investor_relation,deal_investor_relation,investor_investment_relation | PrimaryInvestorType: Venture Capital | PreferredInvestmentTypes: Early Stage VC, Later Stage VC | CompanyInvestorRelation: Kraken; status=Pending (Sell Side); holding=Minority; since=06/25/2019 | DealInvestorRelation: Kraken; deal=",part5_token_company_investor_graph_then_web_search_with_primary_source_priority,investor_router|capability_classification
39,64684-18,Depository Trust & Clearing,DTCC,Depository Trust Company,Depository Trust & Clearing Corporation,www.dtcc.com,dtcc.com,,,,"Jersey City, NJ",United States,Corporation,,Merger/Acquisition,TMT,Prefers majority stake,,,"Operator of a financial market infrastructure firm intended to optimize the post-trade ecosystem. The company offers institutional trade processing, clearing and settlement services, asset services, wealth management services, digital assets and consulting services, enabling customers to optimize their post-trade processes.",part5_rule_b_company|source:company_investor_relation|source:deal_investor_relation|source:investor_investment_relation,CompanyInvestorRelation.CompanyID|CompanyInvestorRelation.InvestorID|Deal.CompanyID|DealInvestorRelation.DealID|DealInvestorRelation.InvestorID|InvestorInvestmentRelation.CompanyID|InvestorInvestmentRelation.InvestorID,"Part5 Rule B company investor graph: 1 token companies, 2 deals, 0 funds | source_methods=company_investor_relation,deal_investor_relation,investor_investment_relation | PrimaryInvestorType: Corporation | PreferredVerticals: TMT | PreferredInvestmentTypes: Merger/Acquisition | CompanyInvestorRelation: Digital Asset; status=Active; holding=Minority; since=02/03/2016 | DealInvestorRelation: Digital A",part5_token_company_investor_graph_then_web_search_with_primary_source_priority,investor_router|capability_classification
40,459973-72,Dominik Vacikar,,,,,,,,,"Plzen, Czech Republic",Czech Republic,Angel (individual),,,,,,,"Mr. Dominik Vacikar is a Co-Founder of Specter. He is also the Founder of rentomato. He serves as Executive at Cmd + N. He co-founded and served as Chief Executive Officer and Board Member at Byte Trading. He served as a Venture Partner at Giant Ventures. He served as an Associate at Hummingbird Ventures. He served as Chief Marketing Officer at Nestpick Global Services. He was a founder of Labelgram and served as a Sales Intern at ALFA KOVO, s.r.o. He obtained a B.S. degree in Communication and Media from Erasmus University Rotterdam.",part5_rule_b_company|source:company_investor_relation|source:deal_investor_relation|source:investor_investment_relation,CompanyInvestorRelation.CompanyID|CompanyInvestorRelation.InvestorID|Deal.CompanyID|DealInvestorRelation.DealID|DealInvestorRelation.InvestorID|InvestorInvestmentRelation.CompanyID|InvestorInvestmentRelation.InvestorID,"Part5 Rule B company investor graph: 1 token companies, 2 deals, 0 funds | source_methods=company_investor_relation,deal_investor_relation,investor_investment_relation | PrimaryInvestorType: Angel (individual) | CompanyInvestorRelation: Kraken; status=Pending (Sell Side); holding=Minority; since=06/25/2019 | DealInvestorRelation: Kraken; deal=175339-18T; date=06/25/2019; type=Later Stage VC; lead=N",part5_token_company_investor_graph_then_web_search_with_primary_source_priority,investor_router|capability_classification
41,434326-42,Firework Ventures,,,Firework Ventures Management LLC,www.firework.vc,firework.vc,,,,"Sacramento, CA",United States,Venture Capital,,"Early Stage VC, Later Stage VC, Seed Round",TMT,"Prefers minority stake, Will syndicate",Firework Ventures Fund,Venture - General,"Founded in 2019, Firework Ventures is a venture capital firm headquartered in Menlo Park, California. The firm invests in early-stage companies.",part5_rule_b_company|source:company_investor_relation|source:deal_investor_relation|source:investor_investment_relation,CompanyInvestorRelation.CompanyID|CompanyInvestorRelation.InvestorID|Deal.CompanyID|DealInvestorRelation.DealID|DealInvestorRelation.InvestorID|InvestorInvestmentRelation.CompanyID|InvestorInvestmentRelation.InvestorID,"Part5 Rule B company investor graph: 1 token companies, 2 deals, 0 funds | source_methods=company_investor_relation,deal_investor_relation,investor_investment_relation | PrimaryInvestorType: Venture Capital | PreferredVerticals: TMT | PreferredInvestmentTypes: Early Stage VC, Later Stage VC, Seed Round | CompanyInvestorRelation: Braintrust; status=Active; holding=Minority; since=01/01/2018 | DealIn",part5_token_company_investor_graph_then_web_search_with_primary_source_priority,investor_router|capability_classification
42,469375-66,Frontline One Capital,,,Frontline One Capital LLC,www.fl1capital.com,fl1capital.com,,,,"Dover, DE",United States,Venture Capital,,"Debt - General, IPO, Later Stage VC","B2B Payments, Big Data, Cryptocurrency/Blockchain, Cybersecurity, EdTech, FinTech, FoodTech, Gaming, InsurTech, LOHAS & Wellness, SaaS","Prefers minority stake, Will syndicate",,,"Founded in 2021, Frontline One Capital is a venture capital firm based in Dover, Delaware. The firm seeks to invest in information technology, B2B payments, big data, cryptocurrency, blockchain, education technology, financial technology, AI, food technology, gaming, cybersecurity, wellness, SaaS, and technology sectors based in the United States region.",part5_rule_b_company|source:company_investor_relation|source:deal_investor_relation|source:investor_investment_relation,CompanyInvestorRelation.CompanyID|CompanyInvestorRelation.InvestorID|Deal.CompanyID|DealInvestorRelation.DealID|DealInvestorRelation.InvestorID|InvestorInvestmentRelation.CompanyID|InvestorInvestmentRelation.InvestorID,"Part5 Rule B company investor graph: 1 token companies, 2 deals, 0 funds | source_methods=company_investor_relation,deal_investor_relation,investor_investment_relation | PrimaryInvestorType: Venture Capital | PreferredVerticals: B2B Payments, Big Data, Cryptocurrency/Blockchain, Cybersecurity, EdTech, FinTech, FoodTech, Gaming, InsurTech, LOHAS & Wellness, SaaS | PreferredInvestmentTypes: Debt - Ge",part5_token_company_investor_graph_then_web_search_with_primary_source_priority,investor_router|capability_classification
43,468975-34,Globaleye Ventures,,"GE VC, GE Venture Capital, GE Ventures AG, GE Ventures",Globaleye Ventures AG,globaleye.ventures,globaleye.ventures,Globaleye,,,"Ruggell, Liechtenstein",Liechtenstein,Venture Capital,Family Office,"Early Stage VC, Later Stage VC, Seed Round",TMT,"Long-Term Investor, Prefers minority stake, Will syndicate",,,"Founded in 2020, Globaleye Ventures is a venture capital firm based in Ruggell, Liechtenstein. The firm seeks to invest primarily across Europe.",part5_rule_b_company|source:company_investor_relation|source:deal_investor_relation|source:investor_investment_relation,CompanyInvestorRelation.CompanyID|CompanyInvestorRelation.InvestorID|Deal.CompanyID|DealInvestorRelation.DealID|DealInvestorRelation.InvestorID|InvestorInvestmentRelation.CompanyID|InvestorInvestmentRelation.InvestorID,"Part5 Rule B company investor graph: 1 token companies, 2 deals, 0 funds | source_methods=company_investor_relation,deal_investor_relation,investor_investment_relation | PrimaryInvestorType: Venture Capital | OtherInvestorTypes: Family Office | PreferredVerticals: TMT | PreferredInvestmentTypes: Early Stage VC, Later Stage VC, Seed Round | CompanyInvestorRelation: Kraken; status=Pending (Sell Side)",part5_token_company_investor_graph_then_web_search_with_primary_source_priority,investor_router|capability_classification
44,112051-72,Government of Finland,,,,,,,,,"Helsinki, Finland",Finland,Government,Corporation,,,,,,,part5_rule_b_company|source:company_investor_relation|source:deal_investor_relation|source:investor_investment_relation,CompanyInvestorRelation.CompanyID|CompanyInvestorRelation.InvestorID|Deal.CompanyID|DealInvestorRelation.DealID|DealInvestorRelation.InvestorID|InvestorInvestmentRelation.CompanyID|InvestorInvestmentRelation.InvestorID,"Part5 Rule B company investor graph: 1 token companies, 2 deals, 0 funds | source_methods=company_investor_relation,deal_investor_relation,investor_investment_relation | PrimaryInvestorType: Government | OtherInvestorTypes: Corporation | CompanyInvestorRelation: Soma Protocol; status=Former; holding=; since=08/30/2018 | DealInvestorRelation: Soma Protocol; deal=118412-65T; date=04/25/2019; type=Ear",part5_token_company_investor_graph_then_web_search_with_primary_source_priority,investor_router|capability_classification
45,187896-34,Id4 Ventures,,,Id4 Ventures Limited,www.id4.vc,id4.vc,,,,"Luxemborg, Luxembourg",Luxembourg,Venture Capital,Fund of Funds,"Early Stage VC, Seed Round","Advanced Manufacturing, Artificial Intelligence & Machine Learning, Big Data, CleanTech, Climate Tech, CloudTech & DevOps, Cybersecurity, Digital Health, FinTech, HealthTech, HR Tech, Infrastructure, SaaS, Space Technology, Supply Chain Tech",,Id4 Seed II,Venture Capital - Early Stage,"Founded in 2017, Id4 Ventures is venture capital firm based in Luxembourg. The firm seeks to make investments in breakthrough technologies and has a preference for global companies from Europe.",part5_rule_b_company|source:company_investor_relation|source:deal_investor_relation|source:investor_investment_relation,CompanyInvestorRelation.CompanyID|CompanyInvestorRelation.InvestorID|Deal.CompanyID|DealInvestorRelation.DealID|DealInvestorRelation.InvestorID|InvestorInvestmentRelation.CompanyID|InvestorInvestmentRelation.InvestorID,"Part5 Rule B company investor graph: 1 token companies, 2 deals, 0 funds | source_methods=company_investor_relation,deal_investor_relation,investor_investment_relation | PrimaryInvestorType: Venture Capital | OtherInvestorTypes: Fund of Funds | PreferredVerticals: Advanced Manufacturing, Artificial Intelligence & Machine Learning, Big Data, CleanTech, Climate Tech, CloudTech & DevOps, Cybersecurity",part5_token_company_investor_graph_then_web_search_with_primary_source_priority,investor_router|capability_classification
46,229198-96,Jay Jordan,,,,,,,,,,,Angel (individual),,,"Cryptocurrency/Blockchain, FinTech, TMT",,,,Mr. Jay Jordan is an Angel Investor.,part5_rule_b_company|source:company_investor_relation|source:deal_investor_relation|source:investor_investment_relation,CompanyInvestorRelation.CompanyID|CompanyInvestorRelation.InvestorID|Deal.CompanyID|DealInvestorRelation.DealID|DealInvestorRelation.InvestorID|InvestorInvestmentRelation.CompanyID|InvestorInvestmentRelation.InvestorID,"Part5 Rule B company investor graph: 1 token companies, 2 deals, 0 funds | source_methods=company_investor_relation,deal_investor_relation,investor_investment_relation | PrimaryInvestorType: Angel (individual) | PreferredVerticals: Cryptocurrency/Blockchain, FinTech, TMT | CompanyInvestorRelation: Paxos; status=Active; holding=Minority; since=11/11/2013 | DealInvestorRelation: Paxos; deal=120771-37",part5_token_company_investor_graph_then_web_search_with_primary_source_priority,investor_router|capability_classification
47,223466-41,Jefferson River Capital,,,Jefferson River Capital LLC,www.jrivercapital.com,jrivercapital.com,,,,"New York, NY",United States,Family Office,,,,,,,"Established in 2016, Jefferson River Capital is a family office based in New York, New York.",part5_rule_b_company|source:company_investor_relation|source:deal_investor_relation|source:investor_investment_relation|lead_investor,CompanyInvestorRelation.CompanyID|CompanyInvestorRelation.InvestorID|Deal.CompanyID|DealInvestorRelation.DealID|DealInvestorRelation.InvestorID|InvestorInvestmentRelation.CompanyID|InvestorInvestmentRelation.InvestorID,"Part5 Rule B company investor graph: 1 token companies, 2 deals, 0 funds | source_methods=company_investor_relation,deal_investor_relation,investor_investment_relation | PrimaryInvestorType: Family Office | CompanyInvestorRelation: Digital Asset; status=Active; holding=Minority; since=10/16/2017 | DealInvestorRelation: Digital Asset; deal=127965-07T; date=02/04/2020; type=Later Stage VC; lead=Yes;",part5_token_company_investor_graph_then_web_search_with_primary_source_priority,investor_router|capability_classification
48,106456-96,Kevin Ryan,,,,,,,,,"New York, NY",United States,Angel (individual),,"Angel (individual), Early Stage VC, Seed Round",TMT,"Prefers minority stake, Will syndicate",,,Mr. Kevin Ryan is the Founder and serves as Chief Executive Officer at AlleyCorp. Mr. Ryan serves as a Board Member at Conduce Health. He is a Co-Founder & serves as Co-Chairman at ShopWiki. He also serves as a Board Observer at Pi Health. He is also a co-founder and chairman at Zola. He is an angel investor. He serves as an Ambassador at Endeavor Global. He is a Co-Founder & serves as Chairman at Transcend Therapeutics. He served as Chairman of the Board at Zevv. He serves as a Board Member at Tertulia. He is a Co-Founder and serves as a Board Member at Reside Health. He is a Co-Founder and serves as a Board Member at Pearl Health. He serves as Vice Chairman at Partnership for New York City,part5_rule_b_company|source:company_investor_relation|source:deal_investor_relation|source:investor_investment_relation,CompanyInvestorRelation.CompanyID|CompanyInvestorRelation.InvestorID|Deal.CompanyID|DealInvestorRelation.DealID|DealInvestorRelation.InvestorID|InvestorInvestmentRelation.CompanyID|InvestorInvestmentRelation.InvestorID,"Part5 Rule B company investor graph: 1 token companies, 2 deals, 0 funds | source_methods=company_investor_relation,deal_investor_relation,investor_investment_relation | PrimaryInvestorType: Angel (individual) | PreferredVerticals: TMT | PreferredInvestmentTypes: Angel (individual), Early Stage VC, Seed Round | CompanyInvestorRelation: Chain; status=Former; holding=Minority; since=08/20/2014 | Deal",part5_token_company_investor_graph_then_web_search_with_primary_source_priority,investor_router|capability_classification
49,322827-76,Korea Asset Investment Securities,,,"Korea Asset Investment Securities Co., Ltd.",www.kasset.co.kr,kasset.co.kr,,KRX,190650,"Seoul, South Korea",South Korea,Investment Bank,"Hedge Fund, Real Estate, Venture Capital","Acquisition Financing, Buyout/LBO, Early Stage VC, IPO, Later Stage VC, Seed Round",,"Prefers majority stake, Prefers minority stake, Seeks ESG investments, Will syndicate",KAI-KVIC Smart Factory Fund,Venture - General,"Founded in 2000, Korea Asset Investment Securities is a venture capital investment firm headquartered in Seoul, South Korea. The firm specializes in the field of corporate finance for small and medium-sized enterprises, OTC stock trading, alternative investment, and crowdfunding.",part5_rule_b_company|source:company_investor_relation|source:deal_investor_relation|source:investor_investment_relation,CompanyInvestorRelation.CompanyID|CompanyInvestorRelation.InvestorID|Deal.CompanyID|DealInvestorRelation.DealID|DealInvestorRelation.InvestorID|InvestorInvestmentRelation.CompanyID|InvestorInvestmentRelation.InvestorID,"Part5 Rule B company investor graph: 1 token companies, 2 deals, 0 funds | source_methods=company_investor_relation,deal_investor_relation,investor_investment_relation | PrimaryInvestorType: Investment Bank | OtherInvestorTypes: Hedge Fund, Real Estate, Venture Capital | PreferredInvestmentTypes: Acquisition Financing, Buyout/LBO, Early Stage VC, IPO, Later Stage VC, Seed Round | CompanyInvestorRel",part5_token_company_investor_graph_then_web_search_with_primary_source_priority,investor_router|capability_classification
50,403972-03,Laureus Capital,,,Laureus Capital GmbH,www.laureuscapital.com,laureuscapital.com,,,,"Hamburg, Germany",Germany,Venture Capital,,"Early Stage VC, Later Stage VC, Seed Round","Life Sciences, SaaS","Prefers minority stake, Will syndicate",,,"Founded in 2014, Laureus Capital is a venture capital firm based in Hamburg, Germany. The firm prefers to invest in companies operating in the technology, artificial intelligence, and biotechnology sectors.",part5_rule_b_company|source:company_investor_relation|source:deal_investor_relation|source:investor_investment_relation|lead_investor,CompanyInvestorRelation.CompanyID|CompanyInvestorRelation.InvestorID|Deal.CompanyID|DealInvestorRelation.DealID|DealInvestorRelation.InvestorID|InvestorInvestmentRelation.CompanyID|InvestorInvestmentRelation.InvestorID,"Part5 Rule B company investor graph: 1 token companies, 2 deals, 0 funds | source_methods=company_investor_relation,deal_investor_relation,investor_investment_relation | PrimaryInvestorType: Venture Capital | PreferredVerticals: Life Sciences, SaaS | PreferredInvestmentTypes: Early Stage VC, Later Stage VC, Seed Round | CompanyInvestorRelation: Impossible Cloud; status=Active; holding=Minority; sin",part5_token_company_investor_graph_then_web_search_with_primary_source_priority,investor_router|capability_classification
51,465523-66,Matthew Reiser,,,,,,,,,,,Angel (individual),,,,,,,Mr. Matthew Reiser is an Angel Investor.,part5_rule_b_company|source:company_investor_relation|source:deal_investor_relation|source:investor_investment_relation,CompanyInvestorRelation.CompanyID|CompanyInvestorRelation.InvestorID|Deal.CompanyID|DealInvestorRelation.DealID|DealInvestorRelation.InvestorID|InvestorInvestmentRelation.CompanyID|InvestorInvestmentRelation.InvestorID,"Part5 Rule B company investor graph: 1 token companies, 2 deals, 0 funds | source_methods=company_investor_relation,deal_investor_relation,investor_investment_relation | PrimaryInvestorType: Angel (individual) | CompanyInvestorRelation: Kraken; status=Pending (Sell Side); holding=Minority; since=06/25/2019 | DealInvestorRelation: Kraken; deal=175339-18T; date=06/25/2019; type=Later Stage VC; lead=N",part5_token_company_investor_graph_then_web_search_with_primary_source_priority,investor_router|capability_classification
52,465523-30,Patricio Rinamesto,,,,,,,,,,,Angel (individual),,,,,,,Mr. Patricio Rinamesto is an Angel Investor.,part5_rule_b_company|source:company_investor_relation|source:deal_investor_relation|source:investor_investment_relation,CompanyInvestorRelation.CompanyID|CompanyInvestorRelation.InvestorID|Deal.CompanyID|DealInvestorRelation.DealID|DealInvestorRelation.InvestorID|InvestorInvestmentRelation.CompanyID|InvestorInvestmentRelation.InvestorID,"Part5 Rule B company investor graph: 1 token companies, 2 deals, 0 funds | source_methods=company_investor_relation,deal_investor_relation,investor_investment_relation | PrimaryInvestorType: Angel (individual) | CompanyInvestorRelation: Kraken; status=Pending (Sell Side); holding=Minority; since=06/25/2019 | DealInvestorRelation: Kraken; deal=175339-18T; date=06/25/2019; type=Later Stage VC; lead=N",part5_token_company_investor_graph_then_web_search_with_primary_source_priority,investor_router|capability_classification
53,64185-76,Simon Venture Group,"SVG, Simon",Simon Ventures Group,,simonventuregroup.com,simonventuregroup.com,Simon Property Group,,,"New York, NY",United States,Corporate Venture Capital,"Growth/Expansion, Venture Capital","Early Stage VC, Later Stage VC, PE Growth/Expansion, Seed Round",TMT,"Prefers majority stake, Prefers minority stake, Will syndicate",,,"Simon Venture Group was the former early stage venture capital and growth equity fund that combined the approach of an institutional investor with the insights, access and operational support of a strategic partner. Simon Venture Group invested in early stage to growth companies that were innovating at the intersection of retail and technology to drive forward innovative consumer experiences and which can benefit from the sponsorship of Simon Property Group. The firm was founded in 2015 and was based in New York, New York. This firm has been succeeded by Simon Ventures.",part5_rule_b_company|source:company_investor_relation|source:deal_investor_relation|source:investor_investment_relation,CompanyInvestorRelation.CompanyID|CompanyInvestorRelation.InvestorID|Deal.CompanyID|DealInvestorRelation.DealID|DealInvestorRelation.InvestorID|InvestorInvestmentRelation.CompanyID|InvestorInvestmentRelation.InvestorID,"Part5 Rule B company investor graph: 1 token companies, 2 deals, 0 funds | source_methods=company_investor_relation,deal_investor_relation,investor_investment_relation | PrimaryInvestorType: Corporate Venture Capital | OtherInvestorTypes: Growth/Expansion, Venture Capital | PreferredVerticals: TMT | PreferredInvestmentTypes: Early Stage VC, Later Stage VC, PE Growth/Expansion, Seed Round | CompanyI",part5_token_company_investor_graph_then_web_search_with_primary_source_priority,investor_router|capability_classification
54,458113-87,Socially Financed,,,Socially Financed Management LLC,www.sociallyfinanced.com,sociallyfinanced.com,,,,"Chatham, NJ",United States,Venture Capital,,"Early Stage VC, Later Stage VC, Seed Round",FinTech,"Prefers minority stake, Will syndicate",,,"Founded in 2021, Socially Financed is a venture capital firm based in Chatham, New Jersey. The firm prefers to invest in the financial services & technology sectors.",part5_rule_b_company|source:company_investor_relation|source:deal_investor_relation|source:investor_investment_relation,CompanyInvestorRelation.CompanyID|CompanyInvestorRelation.InvestorID|Deal.CompanyID|DealInvestorRelation.DealID|DealInvestorRelation.InvestorID|InvestorInvestmentRelation.CompanyID|InvestorInvestmentRelation.InvestorID,"Part5 Rule B company investor graph: 1 token companies, 2 deals, 0 funds | source_methods=company_investor_relation,deal_investor_relation,investor_investment_relation | PrimaryInvestorType: Venture Capital | PreferredVerticals: FinTech | PreferredInvestmentTypes: Early Stage VC, Later Stage VC, Seed Round | CompanyInvestorRelation: Kraken; status=Pending (Sell Side); holding=Minority; since=06/25/",part5_token_company_investor_graph_then_web_search_with_primary_source_priority,investor_router|capability_classification
55,465522-94,Tuur Demeester,,,,,,,,,,,Angel (individual),,,,,,,Mr. Tuur Demeester is an Angel Investor.,part5_rule_b_company|source:company_investor_relation|source:deal_investor_relation|source:investor_investment_relation,CompanyInvestorRelation.CompanyID|CompanyInvestorRelation.InvestorID|Deal.CompanyID|DealInvestorRelation.DealID|DealInvestorRelation.InvestorID|InvestorInvestmentRelation.CompanyID|InvestorInvestmentRelation.InvestorID,"Part5 Rule B company investor graph: 1 token companies, 2 deals, 0 funds | source_methods=company_investor_relation,deal_investor_relation,investor_investment_relation | PrimaryInvestorType: Angel (individual) | CompanyInvestorRelation: Kraken; status=Pending (Sell Side); holding=Minority; since=06/25/2019 | DealInvestorRelation: Kraken; deal=175339-18T; date=06/25/2019; type=Later Stage VC; lead=N",part5_token_company_investor_graph_then_web_search_with_primary_source_priority,investor_router|capability_classification
56,279553-24,What If Ventures,,,"What If Capital, LLC",www.whatif.vc,whatif.vc,,,,"Frisco, TX",United States,Venture Capital,,"Early Stage VC, Later Stage VC, Secondary Transaction - Private, Seed Round","Advanced Manufacturing, Artificial Intelligence & Machine Learning, Cannabis, Digital Health, FinTech, HealthTech, Impact Investing, Industrials, InsurTech, Life Sciences, Oncology, Space Technology, Wearables & Quantified Self","Invests in MWBE (Minority and Women-owned), Long-Term Investor, Prefers minority stake, Seeks ESG investments, Seeks Impact investments, Will syndicate",,,"Founded in 2020, What If Ventures is a venture capital firm based in Dallas, Texas. The firm invests in startups in the following sectors: Artificial Intelligence, Aerospace & Defense, Energy, FinTech, Healthcare, and Quantum Computing. The firm seeks to invest in a wide variety of startups at multiple stages from seed to growth equity.",part5_rule_b_company|source:company_investor_relation|source:deal_investor_relation|source:investor_investment_relation,CompanyInvestorRelation.CompanyID|CompanyInvestorRelation.InvestorID|Deal.CompanyID|DealInvestorRelation.DealID|DealInvestorRelation.InvestorID|InvestorInvestmentRelation.CompanyID|InvestorInvestmentRelation.InvestorID,"Part5 Rule B company investor graph: 1 token companies, 2 deals, 0 funds | source_methods=company_investor_relation,deal_investor_relation,investor_investment_relation | PrimaryInvestorType: Venture Capital | PreferredVerticals: Advanced Manufacturing, Artificial Intelligence & Machine Learning, Cannabis, Digital Health, FinTech, HealthTech, Impact Investing, Industrials, InsurTech, Life Sciences,",part5_token_company_investor_graph_then_web_search_with_primary_source_priority,investor_router|capability_classification
57,11807-74,Yodlee,,,"Yodlee, Inc.",www.yodlee.com,yodlee.com,,,,"Raleigh, NC",United States,PE-Backed Company,"Accelerator/Incubator, Corporation, VC-Backed Company",Accelerator/Incubator,FinTech,,,,"Founded in 1999, Envestnet Yodlee is a division of Envestnet based in San Mateo, California. The firm used to provide acceleration funding to fintech startups but not it provides solutions for wealth managers, banks, merchants and more.",part5_rule_b_company|source:company_investor_relation|source:deal_investor_relation|source:investor_investment_relation|lead_investor,CompanyInvestorRelation.CompanyID|CompanyInvestorRelation.InvestorID|Deal.CompanyID|DealInvestorRelation.DealID|DealInvestorRelation.InvestorID|InvestorInvestmentRelation.CompanyID|InvestorInvestmentRelation.InvestorID,"Part5 Rule B company investor graph: 1 token companies, 2 deals, 0 funds | source_methods=company_investor_relation,deal_investor_relation,investor_investment_relation | PrimaryInvestorType: PE-Backed Company | OtherInvestorTypes: Accelerator/Incubator, Corporation, VC-Backed Company | PreferredVerticals: FinTech | PreferredInvestmentTypes: Accelerator/Incubator | CompanyInvestorRelation: Coinbase",part5_token_company_investor_graph_then_web_search_with_primary_source_priority,investor_router|capability_classification
58,11613-97,United Parcel Service of America,UPS,Merchants Parcel Delivery,"United Parcel Service of America, Inc.",www.ups.com,ups.com,,NYS,UPS,"Atlanta, GA",United States,Corporation,,Merger/Acquisition,Industrials,Prefers majority stake,UPS Strategic Enterprise Fund,Venture Capital - Early Stage,"As the world's largest parcel delivery company, UPS manages a massive fleet of more than 500 planes and 100,000 vehicles, along with many hundreds of sorting facilities, to deliver an average of about 22 million packages per day to residences and businesses across the globe. UPS' domestic US package operations generate around 64% of total revenue while international package makes up 20%. Air and ocean freight forwarding, truckload brokerage, and contract logistics make up the remainder. UPS is currently pursuing ""strategic alternatives"" for its truck brokerage unit, Coyote, which it acquired in 2015.",part5_rule_b_company|source:fund_investment_relation|fund_linked,FundInvestmentRelation.CompanyID|FundInvestorRelation.FundID|FundInvestorRelation.InvestorID,"Part5 Rule B company investor graph: 1 token companies, 2 deals, 1 funds | source_methods=fund_investment_relation | PrimaryInvestorType: Corporation | PreferredVerticals: Industrials | PreferredInvestmentTypes: Merger/Acquisition | FundInvestmentRelation: Augmate; fund=UPS Strategic Enterprise Fund; deal=37679-95T; date=07/30/2014; status=Former Investment | FundInvestmentRelation: Augmate; fund=U",part5_token_company_investor_graph_then_web_search_with_primary_source_priority,investor_router|capability_classification
59,63866-62,Next Play Capital,Next Play,,"Next Play Capital, LLC",www.nextplaycapital.com,nextplaycapital.com,,,,"Redwood City, CA",United States,Venture Capital,"Fund of Funds, Limited Partner","Early Stage VC, Later Stage VC, Seed Round","AgTech, B2B Payments, E-Commerce, EdTech, Esports, FinTech, Mobile Commerce, Real Estate Technology, Restaurant Technology, SaaS","Prefers minority stake, Will syndicate",Next Legacy Emerging Leaders 1,Venture Capital - Early Stage,"Founded in 2014, Next Play Capital was a venture capital firm headquartered in Redwood City, California.",part5_rule_b_company|source:company_investor_relation|source:deal_investor_relation|source:investor_investment_relation|source:fund_investment_relation|fund_linked,CompanyInvestorRelation.CompanyID|CompanyInvestorRelation.InvestorID|Deal.CompanyID|DealInvestorRelation.DealID|DealInvestorRelation.InvestorID|InvestorInvestmentRelation.CompanyID|InvestorInvestmentRelation.InvestorID|FundInvestmentRelation.CompanyID|FundInvestorRelation.FundID|FundInvestorRelation.InvestorID,"Part5 Rule B company investor graph: 1 token companies, 1 deals, 2 funds | source_methods=company_investor_relation,deal_investor_relation,investor_investment_relation,fund_investment_relation | PrimaryInvestorType: Venture Capital | OtherInvestorTypes: Fund of Funds, Limited Partner | PreferredVerticals: AgTech, B2B Payments, E-Commerce, EdTech, Esports, FinTech, Mobile Commerce, Real Estate Techn",part5_token_company_investor_graph_then_web_search_with_primary_source_priority,investor_router|capability_classification
60,442552-42,Transform Capital (San Francisco),,Transform Capital (Menlo Park),"Transform Capital, LLC.",www.transform-cap.com,transform-cap.com,,,,"San Francisco, CA",United States,Venture Capital,,Later Stage VC,"Advanced Manufacturing, Artificial Intelligence & Machine Learning, B2B Payments, Big Data, Cybersecurity, Digital Health, E-Commerce, Esports, FemTech, FinTech, HealthTech, Infrastructure, InsurTech, Marketing Tech, Mobile Commerce, Pet Technology, Real Estate Technology, Restaurant Technology, SaaS, Supply Chain Tech, TMT, Virtual Reality","Prefers minority stake, Will syndicate",Transform Capital III,Venture Capital - Later Stage,"Founded in 2018, Transform Capital is a venture capital investment firm based in San Francisco, California. The firm invest in later stage companies operating in the enterprise software and Future of Work sectors. Transform Capital has a unique and innovative approach to impact that aligns the success of the fund with the philanthropic interests of its CEOs and LPs.",part5_rule_b_company|source:company_investor_relation|source:deal_investor_relation|source:investor_investment_relation|source:fund_investment_relation|fund_linked,CompanyInvestorRelation.CompanyID|CompanyInvestorRelation.InvestorID|Deal.CompanyID|DealInvestorRelation.DealID|DealInvestorRelation.InvestorID|InvestorInvestmentRelation.CompanyID|InvestorInvestmentRelation.InvestorID|FundInvestmentRelation.CompanyID|FundInvestorRelation.FundID|FundInvestorRelation.InvestorID,"Part5 Rule B company investor graph: 1 token companies, 1 deals, 2 funds | source_methods=company_investor_relation,deal_investor_relation,investor_investment_relation,fund_investment_relation | PrimaryInvestorType: Venture Capital | PreferredVerticals: Advanced Manufacturing, Artificial Intelligence & Machine Learning, B2B Payments, Big Data, Cybersecurity, Digital Health, E-Commerce, Esports, Fem",part5_token_company_investor_graph_then_web_search_with_primary_source_priority,investor_router|capability_classification
61,10411-93,360 Capital,360 Capital Partners,,360 Capital Partners SAS,www.360cap.vc,360cap.vc,,,,"Paris, France",France,Venture Capital,,"Early Stage VC, Seed Round","Advanced Manufacturing, Artificial Intelligence & Machine Learning, Autonomous cars, Big Data, CleanTech, Climate Tech, Construction Technology, Cybersecurity, Digital Health, E-Commerce, FemTech, FinTech, FoodTech, Impact Investing, InsurTech, Internet of Things, Manufacturing, Marketing Tech, Mobile, Mobility Tech, Robotics and Drones, SaaS, Space Technology, TMT","Prefers minority stake, Seeks ESG investments, Seeks Impact investments, Will lead on a deal, Will syndicate",360 Life II,Venture Capital - Early Stage,"Founded in 1997, 360 Capital is a venture capital investment firm based in Paris, France. The firm prefers to invest in early-stage startups operating in deep technology, climate technology, and digital sectors.",part5_rule_b_company|source:company_investor_relation|source:deal_investor_relation|source:investor_investment_relation|source:fund_investment_relation|fund_linked,CompanyInvestorRelation.CompanyID|CompanyInvestorRelation.InvestorID|Deal.CompanyID|DealInvestorRelation.DealID|DealInvestorRelation.InvestorID|InvestorInvestmentRelation.CompanyID|InvestorInvestmentRelation.InvestorID|FundInvestmentRelation.CompanyID|FundInvestorRelation.FundID|FundInvestorRelation.InvestorID,"Part5 Rule B company investor graph: 1 token companies, 1 deals, 1 funds | source_methods=company_investor_relation,deal_investor_relation,investor_investment_relation,fund_investment_relation | PrimaryInvestorType: Venture Capital | PreferredVerticals: Advanced Manufacturing, Artificial Intelligence & Machine Learning, Autonomous cars, Big Data, CleanTech, Climate Tech, Construction Technology, Cy",part5_token_company_investor_graph_then_web_search_with_primary_source_priority,investor_router|capability_classification
62,52604-38,A-Grade Investments,,,"A-Grade Investments, LLC",www.agradeinvestments.com,agradeinvestments.com,,,,"Los Angeles, CA",United States,Venture Capital,,"Angel (individual), Early Stage VC, Later Stage VC, Seed Round","Internet of Things, Mobile, SaaS, TMT","Prefers minority stake, Will syndicate",A Grade Fund I,Venture - General,"Founded in 2010, A-Grade Investments is a venture capital investment firm based in Los Angeles, California. The firm prefers to invest in the consumer-based internet and consumer-oriented technology sectors. This firm is a Registered Investment Adviser (RIA).",part5_rule_b_company|source:company_investor_relation|source:deal_investor_relation|source:investor_investment_relation|source:fund_investment_relation|fund_linked,CompanyInvestorRelation.CompanyID|CompanyInvestorRelation.InvestorID|Deal.CompanyID|DealInvestorRelation.DealID|DealInvestorRelation.InvestorID|InvestorInvestmentRelation.CompanyID|InvestorInvestmentRelation.InvestorID|FundInvestmentRelation.CompanyID|FundInvestorRelation.FundID|FundInvestorRelation.InvestorID,"Part5 Rule B company investor graph: 1 token companies, 1 deals, 1 funds | source_methods=company_investor_relation,deal_investor_relation,investor_investment_relation,fund_investment_relation | PrimaryInvestorType: Venture Capital | PreferredVerticals: Internet of Things, Mobile, SaaS, TMT | PreferredInvestmentTypes: Angel (individual), Early Stage VC, Later Stage VC, Seed Round | CompanyInvestorR",part5_token_company_investor_graph_then_web_search_with_primary_source_priority,investor_router|capability_classification
63,399060-91,Accuro Fund Solutions,,,Accuro Fund Solutions AG,,,,,,"Vaduz, Liechtenstein",Liechtenstein,Asset Manager,,,,,,,"Accuro Fund Solutions is an asset management firm based in Vaduz, Liechtenstein.",part5_rule_b_company|source:company_investor_relation|source:deal_investor_relation|source:investor_investment_relation|source:fund_investment_relation|fund_linked,CompanyInvestorRelation.CompanyID|CompanyInvestorRelation.InvestorID|Deal.CompanyID|DealInvestorRelation.DealID|DealInvestorRelation.InvestorID|InvestorInvestmentRelation.CompanyID|InvestorInvestmentRelation.InvestorID|FundInvestmentRelation.CompanyID|FundInvestorRelation.FundID|FundInvestorRelation.InvestorID,"Part5 Rule B company investor graph: 1 token companies, 1 deals, 1 funds | source_methods=company_investor_relation,deal_investor_relation,investor_investment_relation,fund_investment_relation | PrimaryInvestorType: Asset Manager | CompanyInvestorRelation: nChain; status=Former; holding=Majority; since=04/12/2017 | DealInvestorRelation: nChain; deal=86297-59T; date=04/12/2017; type=Buyout/LBO; lead",part5_token_company_investor_graph_then_web_search_with_primary_source_priority,investor_router|capability_classification
64,472231-09,Adventure Fund,,,,www.adventure.fund,adventure.fund,,,,"Brookllyn, NY",United States,Venture Capital,Accelerator/Incubator,"Accelerator/Incubator, Early Stage VC, Seed Round","Big Data, E-Commerce, FinTech, Mobile, SaaS","Prefers minority stake, Will syndicate",Adventure Fund,Venture Capital - Early Stage,"Founded in 2012, Adventure Fund is a venture capital firm based in Brooklyn, New York. The firm prefers to invest in e-commerce, marketplace, social platforms, and the fintech industry. The firm seeks to invest in early-stage startups.",part5_rule_b_company|source:company_investor_relation|source:deal_investor_relation|source:investor_investment_relation|source:fund_investment_relation|fund_linked,CompanyInvestorRelation.CompanyID|CompanyInvestorRelation.InvestorID|Deal.CompanyID|DealInvestorRelation.DealID|DealInvestorRelation.InvestorID|InvestorInvestmentRelation.CompanyID|InvestorInvestmentRelation.InvestorID|FundInvestmentRelation.CompanyID|FundInvestorRelation.FundID|FundInvestorRelation.InvestorID,"Part5 Rule B company investor graph: 1 token companies, 1 deals, 1 funds | source_methods=company_investor_relation,deal_investor_relation,investor_investment_relation,fund_investment_relation | PrimaryInvestorType: Venture Capital | OtherInvestorTypes: Accelerator/Incubator | PreferredVerticals: Big Data, E-Commerce, FinTech, Mobile, SaaS | PreferredInvestmentTypes: Accelerator/Incubator, Early St",part5_token_company_investor_graph_then_web_search_with_primary_source_priority,investor_router|capability_classification
65,233906-95,Amplifyher Ventures,,,Amplifyher Ventures LLC,www.amplifyherventures.com,amplifyherventures.com,,,,"New York, NY",United States,Venture Capital,,"Early Stage VC, Seed Round","Digital Health, E-Commerce, HealthTech, Infrastructure, TMT","Invests in MWBE (Minority and Women-owned), Prefers minority stake, Will syndicate",,,"Founded in 2018, Amplifyher Ventures is a venture capital firm based in New York. The firm seeks to invest in logistics, commerce, consumer health, hospital infrastructure, and technology. sectors",part5_rule_b_company|source:company_investor_relation|source:deal_investor_relation|source:investor_investment_relation|source:fund_investment_relation|fund_linked,CompanyInvestorRelation.CompanyID|CompanyInvestorRelation.InvestorID|Deal.CompanyID|DealInvestorRelation.DealID|DealInvestorRelation.InvestorID|InvestorInvestmentRelation.CompanyID|InvestorInvestmentRelation.InvestorID|FundInvestmentRelation.CompanyID|FundInvestorRelation.FundID|FundInvestorRelation.InvestorID,"Part5 Rule B company investor graph: 1 token companies, 1 deals, 1 funds | source_methods=company_investor_relation,deal_investor_relation,investor_investment_relation,fund_investment_relation | PrimaryInvestorType: Venture Capital | PreferredVerticals: Digital Health, E-Commerce, HealthTech, Infrastructure, TMT | PreferredInvestmentTypes: Early Stage VC, Seed Round | CompanyInvestorRelation: PureS",part5_token_company_investor_graph_then_web_search_with_primary_source_priority,investor_router|capability_classification
66,184808-26,Base Partners,,,"Base Growth I, LLC",www.basepar.com,basepar.com,,,,"Sao Paulo, Brazil",Brazil,Venture Capital,Growth/Expansion,"Early Stage VC, Later Stage VC, PE Growth/Expansion, Seed Round","CloudTech & DevOps, SaaS, TMT","Prefers minority stake, Will syndicate",OneBase Fund,Buyout,"Founded in 2016, Base Partners is a venture capital firm based in São Paulo, Brazil. The firm seeks to invest in the software-as-a-service, cloud tech, and DevOps sectors in Central and South America.",part5_rule_b_company|source:company_investor_relation|source:deal_investor_relation|source:investor_investment_relation|source:fund_investment_relation|fund_linked,CompanyInvestorRelation.CompanyID|CompanyInvestorRelation.InvestorID|Deal.CompanyID|DealInvestorRelation.DealID|DealInvestorRelation.InvestorID|InvestorInvestmentRelation.CompanyID|InvestorInvestmentRelation.InvestorID|FundInvestmentRelation.CompanyID|FundInvestorRelation.FundID|FundInvestorRelation.InvestorID,"Part5 Rule B company investor graph: 1 token companies, 1 deals, 1 funds | source_methods=company_investor_relation,deal_investor_relation,investor_investment_relation,fund_investment_relation | PrimaryInvestorType: Venture Capital | OtherInvestorTypes: Growth/Expansion | PreferredVerticals: CloudTech & DevOps, SaaS, TMT | PreferredInvestmentTypes: Early Stage VC, Later Stage VC, PE Growth/Expansio",part5_token_company_investor_graph_then_web_search_with_primary_source_priority,investor_router|capability_classification
67,462954-88,Bloom.CAPITAL,,,Bloom Capital Partners Pte. Ltd.,www.bloom.fund,bloom.fund,,,,"Singapore, Singapore",Singapore,PE/Buyout,Growth/Expansion,"Buyout/LBO, PE Growth/Expansion","Advanced Manufacturing, Construction Technology, Industrials","Prefers majority stake, Will syndicate",,,"Founded in 2021, Bloom.CAPITAL is a private equity firm based in Singapore. The firm prefers to invest in specialty vehicle manufacturing, power electronics, fleet maintenance services, industrials, software, and safety equipment sectors.",part5_rule_b_company|source:company_investor_relation|source:deal_investor_relation|source:investor_investment_relation|source:fund_investment_relation|fund_linked,CompanyInvestorRelation.CompanyID|CompanyInvestorRelation.InvestorID|Deal.CompanyID|DealInvestorRelation.DealID|DealInvestorRelation.InvestorID|InvestorInvestmentRelation.CompanyID|InvestorInvestmentRelation.InvestorID|FundInvestmentRelation.CompanyID|FundInvestorRelation.FundID|FundInvestorRelation.InvestorID,"Part5 Rule B company investor graph: 1 token companies, 1 deals, 1 funds | source_methods=company_investor_relation,deal_investor_relation,investor_investment_relation,fund_investment_relation | PrimaryInvestorType: PE/Buyout | OtherInvestorTypes: Growth/Expansion | PreferredVerticals: Advanced Manufacturing, Construction Technology, Industrials | PreferredInvestmentTypes: Buyout/LBO, PE Growth/Exp",part5_token_company_investor_graph_then_web_search_with_primary_source_priority,investor_router|capability_classification
68,11255-59,BlueRun Ventures,BRV,Nokia Venture Partners,"BRV Management Co, L.L.C.",www.brv.com,brv.com,,,,"San Francisco, CA",United States,Venture Capital,,"Early Stage VC, Later Stage VC, Seed Round","B2B Payments, Digital Health, HealthTech",,BlueRun Ventures VI,Venture - General,"Founded in 1998, BlueRun Ventures is a venture capital investment firm based in San Mateo, California. The firm prefers to invest in the fintech, digital health, enterprise software, and consumer experiences sectors. This firm is a Registered Investment Adviser (RIA).",part5_rule_b_company|source:company_investor_relation|source:deal_investor_relation|source:investor_investment_relation|source:fund_investment_relation|lead_investor|fund_linked,CompanyInvestorRelation.CompanyID|CompanyInvestorRelation.InvestorID|Deal.CompanyID|DealInvestorRelation.DealID|DealInvestorRelation.InvestorID|InvestorInvestmentRelation.CompanyID|InvestorInvestmentRelation.InvestorID|FundInvestmentRelation.CompanyID|FundInvestorRelation.FundID|FundInvestorRelation.InvestorID,"Part5 Rule B company investor graph: 1 token companies, 1 deals, 1 funds | source_methods=company_investor_relation,deal_investor_relation,investor_investment_relation,fund_investment_relation | PrimaryInvestorType: Venture Capital | PreferredVerticals: B2B Payments, Digital Health, HealthTech | PreferredInvestmentTypes: Early Stage VC, Later Stage VC, Seed Round | CompanyInvestorRelation: PayStand",part5_token_company_investor_graph_then_web_search_with_primary_source_priority,investor_router|capability_classification
69,185512-69,Bracket Capital,,,"Bracket Ventures Management, LLC",www.bracketcapital.com,bracketcapital.com,,,,"West Hollywood, CA",United States,Growth/Expansion,"Secondary Buyer, Venture Capital","Convertible Debt, Early Stage VC, Later Stage VC, PE Growth/Expansion, Secondary Transaction - Private","Artificial Intelligence & Machine Learning, CleanTech, CloudTech & DevOps, Digital Health, EdTech, FinTech, Gaming, HealthTech, SaaS, Space Technology, Supply Chain Tech, TMT","Prefers minority stake, Will syndicate",Bracket Capital SS Fund,Buyout,"Founded in 2017, Bracket Capital is a growth equity firm based in West Hollywood, California. The firm prefers to invest in technology companies. This firm is a Registered Investment Adviser (RIA).",part5_rule_b_company|source:company_investor_relation|source:deal_investor_relation|source:investor_investment_relation|source:fund_investment_relation|fund_linked,CompanyInvestorRelation.CompanyID|CompanyInvestorRelation.InvestorID|Deal.CompanyID|DealInvestorRelation.DealID|DealInvestorRelation.InvestorID|InvestorInvestmentRelation.CompanyID|InvestorInvestmentRelation.InvestorID|FundInvestmentRelation.CompanyID|FundInvestorRelation.FundID|FundInvestorRelation.InvestorID,"Part5 Rule B company investor graph: 1 token companies, 1 deals, 1 funds | source_methods=company_investor_relation,deal_investor_relation,investor_investment_relation,fund_investment_relation | PrimaryInvestorType: Growth/Expansion | OtherInvestorTypes: Secondary Buyer, Venture Capital | PreferredVerticals: Artificial Intelligence & Machine Learning, CleanTech, CloudTech & DevOps, Digital Health,",part5_token_company_investor_graph_then_web_search_with_primary_source_priority,investor_router|capability_classification
70,62389-27,Cometa (Mexico),,Variv Capital,,www.cometa.vc,cometa.vc,,,,"Mexico City, Mexico",Mexico,Venture Capital,,"Early Stage VC, Later Stage VC, Seed Round","AgTech, Artificial Intelligence & Machine Learning, B2B Payments, Climate Tech, CloudTech & DevOps, Cryptocurrency/Blockchain, Cybersecurity, Digital Health, E-Commerce, EdTech, FinTech, HealthTech, HR Tech, InsurTech, Internet of Things, Marketing Tech, Mobile, Mobile Commerce, Mortgage Tech, Oncology, Real Estate Technology, Restaurant Technology, SaaS, Supply Chain Tech, TMT","Prefers minority stake, Will syndicate",Cometa III,Venture Capital - Early Stage,"Founded in 2012, Cometa is a venture capital investment firm based in Mexico City, Mexico. The firm prefers to invest in early-stage technology companies operating in the finance technology, e-commerce, marketplaces, and mobile sectors.",part5_rule_b_company|source:company_investor_relation|source:deal_investor_relation|source:investor_investment_relation|source:fund_investment_relation|fund_linked,CompanyInvestorRelation.CompanyID|CompanyInvestorRelation.InvestorID|Deal.CompanyID|DealInvestorRelation.DealID|DealInvestorRelation.InvestorID|InvestorInvestmentRelation.CompanyID|InvestorInvestmentRelation.InvestorID|FundInvestmentRelation.CompanyID|FundInvestorRelation.FundID|FundInvestorRelation.InvestorID,"Part5 Rule B company investor graph: 1 token companies, 1 deals, 1 funds | source_methods=company_investor_relation,deal_investor_relation,investor_investment_relation,fund_investment_relation | PrimaryInvestorType: Venture Capital | PreferredVerticals: AgTech, Artificial Intelligence & Machine Learning, B2B Payments, Climate Tech, CloudTech & DevOps, Cryptocurrency/Blockchain, Cybersecurity, Digit",part5_token_company_investor_graph_then_web_search_with_primary_source_priority,investor_router|capability_classification
71,82688-41,Counterview Capital,,BDS Capital,Counterview Capital Management LLC,www.counterview.vc,counterview.vc,,,,"Jericho, NY",United States,Venture Capital,,"Early Stage VC, Seed Round",,"Prefers minority stake, Will syndicate",Counterview Venture Select Fund,Venture Capital - Early Stage,"Founded in 2007, Counterview Capital is a venture capital firm based in New York. The firm seeks to invest in information technology, financial services, B2B & B2C sectors based in the United States region.",part5_rule_b_company|source:company_investor_relation|source:deal_investor_relation|source:investor_investment_relation|source:fund_investment_relation|fund_linked,CompanyInvestorRelation.CompanyID|CompanyInvestorRelation.InvestorID|Deal.CompanyID|DealInvestorRelation.DealID|DealInvestorRelation.InvestorID|InvestorInvestmentRelation.CompanyID|InvestorInvestmentRelation.InvestorID|FundInvestmentRelation.CompanyID|FundInvestorRelation.FundID|FundInvestorRelation.InvestorID,"Part5 Rule B company investor graph: 1 token companies, 1 deals, 1 funds | source_methods=company_investor_relation,deal_investor_relation,investor_investment_relation,fund_investment_relation | PrimaryInvestorType: Venture Capital | PreferredInvestmentTypes: Early Stage VC, Seed Round | CompanyInvestorRelation: Gensyn; status=Active; holding=Minority; since=03/14/2022 | DealInvestorRelation: Gensy",part5_token_company_investor_graph_then_web_search_with_primary_source_priority,investor_router|capability_classification
72,122999-50,COVA Capital Partners,COVA Capital,"Bannockburn Partners, Apex Millennium Group, Llc, Bannockburn Partners, Llc","COVA Capital Partners, LLC",www.covacp.com,covacp.com,,,,"Syosset, NY",United States,Corporation,,Merger/Acquisition,"Industrials, Manufacturing, TMT",Prefers majority stake,Big Sky Opportunities Fund,Venture Capital - Early Stage,"COVA Capital Partners is a provider of financial services. The company specializes in growth capital, recapitalizations, acquisition financing, restructuring of existing debt, reverse mergers, shareholder enhancement plans and corporate directors and executive placement. The company was founded in 2000 and is headquartered in Syosset, New York.",part5_rule_b_company|source:company_investor_relation|source:deal_investor_relation|source:investor_investment_relation|source:fund_investment_relation|fund_linked,CompanyInvestorRelation.CompanyID|CompanyInvestorRelation.InvestorID|Deal.CompanyID|DealInvestorRelation.DealID|DealInvestorRelation.InvestorID|InvestorInvestmentRelation.CompanyID|InvestorInvestmentRelation.InvestorID|FundInvestmentRelation.CompanyID|FundInvestorRelation.FundID|FundInvestorRelation.InvestorID,"Part5 Rule B company investor graph: 1 token companies, 1 deals, 1 funds | source_methods=company_investor_relation,deal_investor_relation,investor_investment_relation,fund_investment_relation | PrimaryInvestorType: Corporation | PreferredVerticals: Industrials, Manufacturing, TMT | PreferredInvestmentTypes: Merger/Acquisition | CompanyInvestorRelation: Kraken; status=Pending (Sell Side); holding=M",part5_token_company_investor_graph_then_web_search_with_primary_source_priority,investor_router|capability_classification
73,51249-34,DFJ Growth,DFJ,Draper Fisher Jurvetson Fund Ix Lp,"DFJ Growth Management, LLC",dfjgrowth.com,dfjgrowth.com,,,,"San Mateo, CA",United States,Venture Capital,"Corporation, VC-Backed Company","Early Stage VC, Later Stage VC, PE Growth/Expansion","Artificial Intelligence & Machine Learning, Big Data, CleanTech, Cybersecurity, E-Commerce, Internet of Things, Mobile, SaaS","Prefers minority stake, Will lead on a deal, Will syndicate",DJF Growth AI Investors III,Venture - General,"Founded in 2006, DFJ Growth is a venture capital firm based in San Mateo, California. The firm prefers to make investments in early-stage and growth-stage companies operating in commercial space exploration, robotics, artificial intelligence and machine learning, SaaS, e-commerce, big data, clean-tech, and sustainable transportation sectors.",part5_rule_b_company|source:company_investor_relation|source:deal_investor_relation|source:investor_investment_relation|source:fund_investment_relation|lead_investor|fund_linked,CompanyInvestorRelation.CompanyID|CompanyInvestorRelation.InvestorID|Deal.CompanyID|DealInvestorRelation.DealID|DealInvestorRelation.InvestorID|InvestorInvestmentRelation.CompanyID|InvestorInvestmentRelation.InvestorID|FundInvestmentRelation.CompanyID|FundInvestorRelation.FundID|FundInvestorRelation.InvestorID,"Part5 Rule B company investor graph: 1 token companies, 1 deals, 1 funds | source_methods=company_investor_relation,deal_investor_relation,investor_investment_relation,fund_investment_relation | PrimaryInvestorType: Venture Capital | OtherInvestorTypes: Corporation, VC-Backed Company | PreferredVerticals: Artificial Intelligence & Machine Learning, Big Data, CleanTech, Cybersecurity, E-Commerce, In",part5_token_company_investor_graph_then_web_search_with_primary_source_priority,investor_router|capability_classification
74,54079-75,DNX Ventures,DNX,"DFJ JAIC Venture, Draper Nexus","Draper Nexus Venture Partners, LLC",www.dnx.vc,dnx.vc,,,,"San Mateo, CA",United States,Venture Capital,Accelerator/Incubator,"Early Stage VC, Seed Round","CloudTech & DevOps, Cybersecurity, FinTech, SaaS","Prefers minority stake, Will syndicate",Japan Annex Fund No. 4,Venture - General,"Founded in 2011, DNX Ventures is a venture capital investment firm based in San Mateo, California, and in Tokyo, Japan. The firm seeks to invest in Seed and Series A startups. The firm focuses on SaaS/cloud, cybersecurity, deep tech, sustainability, hardware, retail, and finance sectors. This firm is a Registered Investment Adviser (RIA).",part5_rule_b_company|source:company_investor_relation|source:deal_investor_relation|source:investor_investment_relation|source:fund_investment_relation|fund_linked,CompanyInvestorRelation.CompanyID|CompanyInvestorRelation.InvestorID|Deal.CompanyID|DealInvestorRelation.DealID|DealInvestorRelation.InvestorID|InvestorInvestmentRelation.CompanyID|InvestorInvestmentRelation.InvestorID|FundInvestmentRelation.CompanyID|FundInvestorRelation.FundID|FundInvestorRelation.InvestorID,"Part5 Rule B company investor graph: 1 token companies, 1 deals, 1 funds | source_methods=company_investor_relation,deal_investor_relation,investor_investment_relation,fund_investment_relation | PrimaryInvestorType: Venture Capital | OtherInvestorTypes: Accelerator/Incubator | PreferredVerticals: CloudTech & DevOps, Cybersecurity, FinTech, SaaS | PreferredInvestmentTypes: Early Stage VC, Seed Round",part5_token_company_investor_graph_then_web_search_with_primary_source_priority,investor_router|capability_classification
75,56126-71,Element Capital Management,"Element Capital, Element",,Element Capital Management LLC,www.elementcapital.com,elementcapital.com,,,,"New York, NY",United States,Hedge Fund,,,,,,,"Founded in 2005, Element Capital Management is a hedge fund manager based in New York. The firm employs a global macro strategy.",part5_rule_b_company|source:company_investor_relation|source:deal_investor_relation|source:investor_investment_relation|source:fund_investment_relation|fund_linked,CompanyInvestorRelation.CompanyID|CompanyInvestorRelation.InvestorID|Deal.CompanyID|DealInvestorRelation.DealID|DealInvestorRelation.InvestorID|InvestorInvestmentRelation.CompanyID|InvestorInvestmentRelation.InvestorID|FundInvestmentRelation.CompanyID|FundInvestorRelation.FundID|FundInvestorRelation.InvestorID,"Part5 Rule B company investor graph: 1 token companies, 1 deals, 1 funds | source_methods=company_investor_relation,deal_investor_relation,investor_investment_relation,fund_investment_relation | PrimaryInvestorType: Hedge Fund | CompanyInvestorRelation: Decent (Network Management Software); status=Former; holding=Minority; since=01/01/2016 | DealInvestorRelation: Decent (Network Management Software",part5_token_company_investor_graph_then_web_search_with_primary_source_priority,investor_router|capability_classification
76,11331-91,EPIC Ventures,EPIC,Wasatch Venture Fund,"EPIC Ventures, LLC",www.epicvc.com,epicvc.com,,,,"Salt Lake City, UT",United States,Venture Capital,,"Early Stage VC, Later Stage VC, Seed Round","Artificial Intelligence & Machine Learning, B2B Payments, Big Data, CloudTech & DevOps, Cybersecurity, Digital Health, EdTech, FinTech, HealthTech, HR Tech, Infrastructure, Internet of Things, Life Sciences, Manufacturing, Marketing Tech, Mobile, SaaS, TMT","Prefers minority stake, Will syndicate",Epic Ventures VI,Venture Capital - Early Stage,"Founded in 1994, EPIC Ventures is a venture capital firm based in Salt Lake City, Utah. The firm prefers to invest in technology companies with a focus on software-as-a-service, healthcare, security, and the future of work sectors. This firm is a Registered Investment Adviser (RIA).",part5_rule_b_company|source:company_investor_relation|source:deal_investor_relation|source:investor_investment_relation|source:fund_investment_relation|fund_linked,CompanyInvestorRelation.CompanyID|CompanyInvestorRelation.InvestorID|Deal.CompanyID|DealInvestorRelation.DealID|DealInvestorRelation.InvestorID|InvestorInvestmentRelation.CompanyID|InvestorInvestmentRelation.InvestorID|FundInvestmentRelation.CompanyID|FundInvestorRelation.FundID|FundInvestorRelation.InvestorID,"Part5 Rule B company investor graph: 1 token companies, 1 deals, 1 funds | source_methods=company_investor_relation,deal_investor_relation,investor_investment_relation,fund_investment_relation | PrimaryInvestorType: Venture Capital | PreferredVerticals: Artificial Intelligence & Machine Learning, B2B Payments, Big Data, CloudTech & DevOps, Cybersecurity, Digital Health, EdTech, FinTech, HealthTech,",part5_token_company_investor_graph_then_web_search_with_primary_source_priority,investor_router|capability_classification
77,234148-96,Ericsenz Capital,,,Ericsenz Capital Pte Ltd,www.ericsenzcapital.com,ericsenzcapital.com,,,,"Singapore, Singapore",Singapore,PE/Buyout,"Growth/Expansion, Venture Capital","Buyout/LBO, Early Stage VC, Later Stage VC, PE Growth/Expansion, Seed Round",HealthTech,"Prefers majority stake, Prefers minority stake, Will syndicate",Ericsenz-K2 Global Unicorn Fund II,Venture - General,"Founded in 2016, Ericsenz Capital is a private equity investment firm based in Singapore. The firm seeks to invest in the space frontier, energy technology, digital health, artificial intelligence, metaverse, and fintech sectors across the United States, Europe, and Asia.",part5_rule_b_company|source:company_investor_relation|source:deal_investor_relation|source:investor_investment_relation|source:fund_investment_relation|fund_linked,CompanyInvestorRelation.CompanyID|CompanyInvestorRelation.InvestorID|Deal.CompanyID|DealInvestorRelation.DealID|DealInvestorRelation.InvestorID|InvestorInvestmentRelation.CompanyID|InvestorInvestmentRelation.InvestorID|FundInvestmentRelation.CompanyID|FundInvestorRelation.FundID|FundInvestorRelation.InvestorID,"Part5 Rule B company investor graph: 1 token companies, 1 deals, 1 funds | source_methods=company_investor_relation,deal_investor_relation,investor_investment_relation,fund_investment_relation | PrimaryInvestorType: PE/Buyout | OtherInvestorTypes: Growth/Expansion, Venture Capital | PreferredVerticals: HealthTech | PreferredInvestmentTypes: Buyout/LBO, Early Stage VC, Later Stage VC, PE Growth/Expa",part5_token_company_investor_graph_then_web_search_with_primary_source_priority,investor_router|capability_classification
78,180890-20,Expanding Capital,,,,www.xcap.vc,xcap.vc,,,,"Burlingame, CA",United States,Venture Capital,,"Early Stage VC, Later Stage VC, Seed Round","AgTech, Artificial Intelligence & Machine Learning, AudioTech, B2B Payments, CloudTech & DevOps, Cryptocurrency/Blockchain, Cybersecurity, Digital Health, FinTech, HealthTech, HR Tech, InsurTech, Legal Tech, LOHAS & Wellness, Marketing Tech, Mobile, Mobile Commerce, Mobility Tech, Mortgage Tech, Real Estate Technology, Restaurant Technology, Robotics and Drones, SaaS, Space Technology, Supply Chain Tech, TMT","Prefers minority stake, Will syndicate",Expanding Capital II,Venture - General,"Expanding Capital is a venture capital investment firm based in Burlingame, California. The firm prefers to make investments in consumer and enterprise sectors. This firm is a Registered Investment Adviser (RIA).",part5_rule_b_company|source:company_investor_relation|source:deal_investor_relation|source:investor_investment_relation|source:fund_investment_relation|fund_linked,CompanyInvestorRelation.CompanyID|CompanyInvestorRelation.InvestorID|Deal.CompanyID|DealInvestorRelation.DealID|DealInvestorRelation.InvestorID|InvestorInvestmentRelation.CompanyID|InvestorInvestmentRelation.InvestorID|FundInvestmentRelation.CompanyID|FundInvestorRelation.FundID|FundInvestorRelation.InvestorID,"Part5 Rule B company investor graph: 1 token companies, 1 deals, 1 funds | source_methods=company_investor_relation,deal_investor_relation,investor_investment_relation,fund_investment_relation | PrimaryInvestorType: Venture Capital | PreferredVerticals: AgTech, Artificial Intelligence & Machine Learning, AudioTech, B2B Payments, CloudTech & DevOps, Cryptocurrency/Blockchain, Cybersecurity, Digital",part5_token_company_investor_graph_then_web_search_with_primary_source_priority,investor_router|capability_classification
79,185410-54,Focus Opportunity Fund,,,"Focus Opportunity Fund, L.P.",www.focusopportunity.com,focusopportunity.com,,,,"Palo Alto, CA",United States,Growth/Expansion,"Fund of Funds, Venture Capital","Early Stage VC, Later Stage VC, PE Growth/Expansion, Seed Round","Artificial Intelligence & Machine Learning, Big Data, Cybersecurity, FinTech, Internet of Things, Mobile, SaaS, TMT","Prefers minority stake, Will syndicate",Focus Opportunity Fund,Venture Capital - Early Stage,"Founded in 2015, Focus Opportunity Fund is a growth equity investment firm based in Palo Alto, California. The firm seeks to invest in enterprise software, mobile, financial technology, data, artificial intelligence, internet of things, and cyber security sectors.",part5_rule_b_company|source:company_investor_relation|source:deal_investor_relation|source:investor_investment_relation|source:fund_investment_relation|fund_linked,CompanyInvestorRelation.CompanyID|CompanyInvestorRelation.InvestorID|Deal.CompanyID|DealInvestorRelation.DealID|DealInvestorRelation.InvestorID|InvestorInvestmentRelation.CompanyID|InvestorInvestmentRelation.InvestorID|FundInvestmentRelation.CompanyID|FundInvestorRelation.FundID|FundInvestorRelation.InvestorID,"Part5 Rule B company investor graph: 1 token companies, 1 deals, 1 funds | source_methods=company_investor_relation,deal_investor_relation,investor_investment_relation,fund_investment_relation | PrimaryInvestorType: Growth/Expansion | OtherInvestorTypes: Fund of Funds, Venture Capital | PreferredVerticals: Artificial Intelligence & Machine Learning, Big Data, Cybersecurity, FinTech, Internet of Thi",part5_token_company_investor_graph_then_web_search_with_primary_source_priority,investor_router|capability_classification
80,55694-08,GMO Venture Partners,"GMO, GMO VP",,"GMO VenturePartners, Inc.",www.gmo-vp.com,gmo-vp.com,GMO Internet Group,,,"Tokyo, Japan",Japan,Corporate Venture Capital,Accelerator/Incubator,"Accelerator/Incubator, Early Stage VC, Later Stage VC, Seed Round","B2B Payments, E-Commerce, FinTech, SaaS, TMT","Prefers minority stake, Will syndicate",GMO Fintech Fund 7,Venture - General,"Founded in 2005, GMO Venture Partners is a corporate venture capital arm of GMO Internet Group based in Tokyo, Japan. The firm prefers to invest in companies operating in information technology, financial services, e-commerce, business-to-business payments, and fintech sectors across the United States and Asia.",part5_rule_b_company|source:company_investor_relation|source:deal_investor_relation|source:investor_investment_relation|source:fund_investment_relation|fund_linked,CompanyInvestorRelation.CompanyID|CompanyInvestorRelation.InvestorID|Deal.CompanyID|DealInvestorRelation.DealID|DealInvestorRelation.InvestorID|InvestorInvestmentRelation.CompanyID|InvestorInvestmentRelation.InvestorID|FundInvestmentRelation.CompanyID|FundInvestorRelation.FundID|FundInvestorRelation.InvestorID,"Part5 Rule B company investor graph: 1 token companies, 1 deals, 1 funds | source_methods=company_investor_relation,deal_investor_relation,investor_investment_relation,fund_investment_relation | PrimaryInvestorType: Corporate Venture Capital | OtherInvestorTypes: Accelerator/Incubator | PreferredVerticals: B2B Payments, E-Commerce, FinTech, SaaS, TMT | PreferredInvestmentTypes: Accelerator/Incubato",part5_token_company_investor_graph_then_web_search_with_primary_source_priority,investor_router|capability_classification
81,462878-38,Greenbird Capital,,,"Greenbird Capital, LLC",www.mygreenbird.com,mygreenbird.com,,,,"Boca Raton, FL",United States,Growth/Expansion,Venture Capital,"Bonds, Bonds (Convertible), Buyout/LBO, Corporate, Later Stage VC, PE Growth/Expansion",TMT,"Prefers minority stake, Will syndicate",Greenbird Intelligence Fund,Buyout,"Founded in 2015, Greenbird Capital is a growth equity firm based in Boca Raton, Florida. The firm seeks to invest in mid to late-stage pre-IPO technology and services companies.",part5_rule_b_company|source:company_investor_relation|source:deal_investor_relation|source:investor_investment_relation|source:fund_investment_relation|fund_linked,CompanyInvestorRelation.CompanyID|CompanyInvestorRelation.InvestorID|Deal.CompanyID|DealInvestorRelation.DealID|DealInvestorRelation.InvestorID|InvestorInvestmentRelation.CompanyID|InvestorInvestmentRelation.InvestorID|FundInvestmentRelation.CompanyID|FundInvestorRelation.FundID|FundInvestorRelation.InvestorID,"Part5 Rule B company investor graph: 1 token companies, 1 deals, 1 funds | source_methods=company_investor_relation,deal_investor_relation,investor_investment_relation,fund_investment_relation | PrimaryInvestorType: Growth/Expansion | OtherInvestorTypes: Venture Capital | PreferredVerticals: TMT | PreferredInvestmentTypes: Bonds, Bonds (Convertible), Buyout/LBO, Corporate, Later Stage VC, PE Growth",part5_token_company_investor_graph_then_web_search_with_primary_source_priority,investor_router|capability_classification
82,100643-50,InvestX,,,InvestX Capital Ltd.,www.investx.com,investx.com,,,,"Vancouver, Canada",Canada,PE-Backed Company,"Corporation, VC-Backed Company",Later Stage VC,,Prefers majority stake,InvestX Fund III,Venture Capital - Later Stage,"Operator of a technology platform designed to democratize private equity investing. The company's platform partners with private equity firms that have a strong track record and brings retail investors to access to investment in private equity firms, enabling small investors to invest in any of the private equity deals with a minimum investment.",part5_rule_b_company|source:company_investor_relation|source:deal_investor_relation|source:investor_investment_relation|source:fund_investment_relation|fund_linked,CompanyInvestorRelation.CompanyID|CompanyInvestorRelation.InvestorID|Deal.CompanyID|DealInvestorRelation.DealID|DealInvestorRelation.InvestorID|InvestorInvestmentRelation.CompanyID|InvestorInvestmentRelation.InvestorID|FundInvestmentRelation.CompanyID|FundInvestorRelation.FundID|FundInvestorRelation.InvestorID,"Part5 Rule B company investor graph: 1 token companies, 1 deals, 1 funds | source_methods=company_investor_relation,deal_investor_relation,investor_investment_relation,fund_investment_relation | PrimaryInvestorType: PE-Backed Company | OtherInvestorTypes: Corporation, VC-Backed Company | PreferredInvestmentTypes: Later Stage VC | CompanyInvestorRelation: Kraken; status=Pending (Sell Side); holding=",part5_token_company_investor_graph_then_web_search_with_primary_source_priority,investor_router|capability_classification
83,452764-54,La Maison Partners,,,,www.lamaisonpartners.fr,lamaisonpartners.fr,,,,"Paris, France",France,Venture Capital,"Fund of Funds, Growth/Expansion, Other Private Equity, PE/Buyout, Real Estate","Add-on, Bonds (Convertible), Buyout/LBO, Convertible Debt, Debt Refinancing, Early Stage VC, Investor Buyout by Management, Later Stage VC, Management Buy-In, Management Buyout, PE Growth/Expansion, Secondary Buyout, Seed Round, Share Repurchase","3D Printing, AdTech, Advanced Manufacturing, AgTech, Artificial Intelligence & Machine Learning, AudioTech, Augmented Reality, Autonomous cars, B2B Payments, Beauty, Big Data, Car-Sharing, CleanTech, Climate Tech, CloudTech & DevOps, Construction Technology, Cryptocurrency/Blockchain, Cybersecurity, Digital Health, E-Commerce, EdTech, Ephemeral Content, Esports, FemTech, FinTech, FoodTech, Gaming, HealthTech, HR Tech, Impact Investing, Industrials, Infrastructure, Internet of Things, Mobile, SaaS","Prefers minority stake, Will syndicate",La Maison NextGen,Growth/Expansion,"Founded in 2014, La Maison Partners is a venture capital firm based in Paris, France. The firm prefers to invest in seed-stage, early-stage, and later-stage companies. The firm seeks to invest in software, financial services, artificial intelligence, mobility, health tech, cybersecurity, and information technology sectors in the United States, Israel, Southeast Asia, and China.",part5_rule_b_company|source:company_investor_relation|source:deal_investor_relation|source:investor_investment_relation|source:fund_investment_relation|fund_linked,CompanyInvestorRelation.CompanyID|CompanyInvestorRelation.InvestorID|Deal.CompanyID|DealInvestorRelation.DealID|DealInvestorRelation.InvestorID|InvestorInvestmentRelation.CompanyID|InvestorInvestmentRelation.InvestorID|FundInvestmentRelation.CompanyID|FundInvestorRelation.FundID|FundInvestorRelation.InvestorID,"Part5 Rule B company investor graph: 1 token companies, 1 deals, 1 funds | source_methods=company_investor_relation,deal_investor_relation,investor_investment_relation,fund_investment_relation | PrimaryInvestorType: Venture Capital | OtherInvestorTypes: Fund of Funds, Growth/Expansion, Other Private Equity, PE/Buyout, Real Estate | PreferredVerticals: 3D Printing, AdTech, Advanced Manufacturing, Ag",part5_token_company_investor_graph_then_web_search_with_primary_source_priority,investor_router|capability_classification
84,125262-64,Moderne Ventures,Moderne,,"Moderne Capital, LP",www.moderneventures.com,moderneventures.com,,,,"Chicago, IL",United States,Venture Capital,Accelerator/Incubator,"Accelerator/Incubator, Early Stage VC, Later Stage VC, Seed Round","3D Printing, Advanced Manufacturing, Artificial Intelligence & Machine Learning, Big Data, CleanTech, Climate Tech, CloudTech & DevOps, FinTech, InsurTech, Internet of Things, Marketing Tech, Mortgage Tech, Real Estate Technology, Robotics and Drones, SaaS, Space Technology, TMT","Prefers minority stake, Will syndicate",Moderne Ventures Core Fund III,Venture - General,"Founded in 2015, Moderne Ventures is a venture capital firm based in Chicago, Illinois. The firm prefers to invest in enterprise software-as-a-service (SaaS), robotics, deep technology, sustainability, data, and digital transaction management sectors.",part5_rule_b_company|source:company_investor_relation|source:deal_investor_relation|source:investor_investment_relation|source:fund_investment_relation|fund_linked,CompanyInvestorRelation.CompanyID|CompanyInvestorRelation.InvestorID|Deal.CompanyID|DealInvestorRelation.DealID|DealInvestorRelation.InvestorID|InvestorInvestmentRelation.CompanyID|InvestorInvestmentRelation.InvestorID|FundInvestmentRelation.CompanyID|FundInvestorRelation.FundID|FundInvestorRelation.InvestorID,"Part5 Rule B company investor graph: 1 token companies, 1 deals, 1 funds | source_methods=company_investor_relation,deal_investor_relation,investor_investment_relation,fund_investment_relation | PrimaryInvestorType: Venture Capital | OtherInvestorTypes: Accelerator/Incubator | PreferredVerticals: 3D Printing, Advanced Manufacturing, Artificial Intelligence & Machine Learning, Big Data, CleanTech, C",part5_token_company_investor_graph_then_web_search_with_primary_source_priority,investor_router|capability_classification
85,234961-84,NewView Capital,,,"NewView Capital Management, LLC",www.nvc.vc,nvc.vc,,,,"Burlingame, CA",United States,Venture Capital,"Growth/Expansion, Secondary Buyer","Early Stage VC, Later Stage VC, Secondary Transaction - Private, Secondary Transaction - Stock Distribution","AdTech, Artificial Intelligence & Machine Learning, B2B Payments, CloudTech & DevOps, Digital Health, EdTech, FinTech, HealthTech, HR Tech, InsurTech, Legal Tech, Marketing Tech, SaaS, TMT","Prefers minority stake, Will lead on a deal, Will syndicate",GENNVC I,Venture - General,"Founded in 2018, NewView Capital is a venture capital investment firm based in Burlingame, California. The firm prefers to invest in high-potential, thematic companies primarily in enterprise software and fintech, where the sector experience and operational expertise provide differentiated access and value-added, and can be a partner to founders and other VCs by providing secondary, primary, and hybrid capital solutions. This firm is a Registered Investment Adviser (RIA).",part5_rule_b_company|source:company_investor_relation|source:deal_investor_relation|source:investor_investment_relation|source:fund_investment_relation|lead_investor|fund_linked,CompanyInvestorRelation.CompanyID|CompanyInvestorRelation.InvestorID|Deal.CompanyID|DealInvestorRelation.DealID|DealInvestorRelation.InvestorID|InvestorInvestmentRelation.CompanyID|InvestorInvestmentRelation.InvestorID|FundInvestmentRelation.CompanyID|FundInvestorRelation.FundID|FundInvestorRelation.InvestorID,"Part5 Rule B company investor graph: 1 token companies, 1 deals, 1 funds | source_methods=company_investor_relation,deal_investor_relation,investor_investment_relation,fund_investment_relation | PrimaryInvestorType: Venture Capital | OtherInvestorTypes: Growth/Expansion, Secondary Buyer | PreferredVerticals: AdTech, Artificial Intelligence & Machine Learning, B2B Payments, CloudTech & DevOps, Digit",part5_token_company_investor_graph_then_web_search_with_primary_source_priority,investor_router|capability_classification
86,185103-73,NP Capital,,,NP Capital GP S.à r.l.,www.npcapital.lu,npcapital.lu,,,,"Luxembourg, Luxembourg",Luxembourg,Venture Capital,Secondary Buyer,"Early Stage VC, Later Stage VC, Seed Round","Artificial Intelligence & Machine Learning, Cryptocurrency/Blockchain, FinTech, Gaming, TMT","Prefers minority stake, Will syndicate",NP Global Opportunities Fund,Venture Capital - Later Stage,"Founded in 2018, NP Capital is a venture capital firm based in Luxembourg. The firm seeks to invest in finance technology, cybersecurity, data management, cloud, education technology, supply chain & delivery technology, artificial intelligence, machine learning, gaming, and blockchain sectors.",part5_rule_b_company|source:company_investor_relation|source:deal_investor_relation|source:investor_investment_relation|source:fund_investment_relation|fund_linked,CompanyInvestorRelation.CompanyID|CompanyInvestorRelation.InvestorID|Deal.CompanyID|DealInvestorRelation.DealID|DealInvestorRelation.InvestorID|InvestorInvestmentRelation.CompanyID|InvestorInvestmentRelation.InvestorID|FundInvestmentRelation.CompanyID|FundInvestorRelation.FundID|FundInvestorRelation.InvestorID,"Part5 Rule B company investor graph: 1 token companies, 1 deals, 1 funds | source_methods=company_investor_relation,deal_investor_relation,investor_investment_relation,fund_investment_relation | PrimaryInvestorType: Venture Capital | OtherInvestorTypes: Secondary Buyer | PreferredVerticals: Artificial Intelligence & Machine Learning, Cryptocurrency/Blockchain, FinTech, Gaming, TMT | PreferredInvest",part5_token_company_investor_graph_then_web_search_with_primary_source_priority,investor_router|capability_classification
87,221948-47,O.G. Venture Partners,,,OG Tech Ventures Ltd,og-vp.com,og-vp.com,Ofer Global,,,"London, United Kingdom",United Kingdom,Venture Capital,Growth/Expansion,"Early Stage VC, Later Stage VC, PE Growth/Expansion","AdTech, AgTech, Big Data, Digital Health, E-Commerce, Internet of Things, Mobile, SaaS, TMT","Long-Term Investor, Prefers minority stake, Will syndicate",O.G. Tech Fund II,Venture - General,"Founded in 2017, O.G. Venture Partners is a venture capital firm based in London, United Kingdom. The firm seeks to invest in the technology sector.",part5_rule_b_company|source:company_investor_relation|source:deal_investor_relation|source:investor_investment_relation|source:fund_investment_relation|fund_linked,CompanyInvestorRelation.CompanyID|CompanyInvestorRelation.InvestorID|Deal.CompanyID|DealInvestorRelation.DealID|DealInvestorRelation.InvestorID|InvestorInvestmentRelation.CompanyID|InvestorInvestmentRelation.InvestorID|FundInvestmentRelation.CompanyID|FundInvestorRelation.FundID|FundInvestorRelation.InvestorID,"Part5 Rule B company investor graph: 1 token companies, 1 deals, 1 funds | source_methods=company_investor_relation,deal_investor_relation,investor_investment_relation,fund_investment_relation | PrimaryInvestorType: Venture Capital | OtherInvestorTypes: Growth/Expansion | PreferredVerticals: AdTech, AgTech, Big Data, Digital Health, E-Commerce, Internet of Things, Mobile, SaaS, TMT | PreferredInves",part5_token_company_investor_graph_then_web_search_with_primary_source_priority,investor_router|capability_classification
88,453333-79,Pacer Ventures,,,,www.pacer.vc,pacer.vc,,,,"Lagos, Nigeria",Nigeria,Venture Capital,,"Early Stage VC, Seed Round",,"Prefers minority stake, Will syndicate",Pacer Ventures Sub-Saharan Africa Fund,Venture Capital - Early Stage,"Founded in 2020, Pacer Ventures is a venture capital investment firm based in Lagos, Nigeria. The firm focuses on seed-stage investments in high-growth technology companies",part5_rule_b_company|source:company_investor_relation|source:deal_investor_relation|source:investor_investment_relation|source:fund_investment_relation|fund_linked,CompanyInvestorRelation.CompanyID|CompanyInvestorRelation.InvestorID|Deal.CompanyID|DealInvestorRelation.DealID|DealInvestorRelation.InvestorID|InvestorInvestmentRelation.CompanyID|InvestorInvestmentRelation.InvestorID|FundInvestmentRelation.CompanyID|FundInvestorRelation.FundID|FundInvestorRelation.InvestorID,"Part5 Rule B company investor graph: 1 token companies, 1 deals, 1 funds | source_methods=company_investor_relation,deal_investor_relation,investor_investment_relation,fund_investment_relation | PrimaryInvestorType: Venture Capital | PreferredInvestmentTypes: Early Stage VC, Seed Round | CompanyInvestorRelation: Domineum; status=Active; holding=Minority; since=01/01/2025 | DealInvestorRelation: Dom",part5_token_company_investor_graph_then_web_search_with_primary_source_priority,investor_router|capability_classification
89,592507-54,Palo Alto Growth Capital,,,Palo Alto Growth Capital LLC,www.paloalto.capital,paloalto.capital,,,,"Palo Alto, CA",United States,Growth/Expansion,Venture Capital,"Later Stage VC, PE Growth/Expansion","Artificial Intelligence & Machine Learning, Autonomous cars, Big Data, CloudTech & DevOps, Cybersecurity, EdTech, FinTech, Robotics and Drones, SaaS, Space Technology, TMT",Prefers minority stake,,,"Founded in 2024, Palo Alto Growth Capital is a growth equity firm based in Palo Alto, California. The firm focuses on artificial intelligence, cloud technologies, data, fintech, robotics, and space technology sectors.",part5_rule_b_company|source:company_investor_relation|source:deal_investor_relation|source:investor_investment_relation|source:fund_investment_relation|fund_linked,CompanyInvestorRelation.CompanyID|CompanyInvestorRelation.InvestorID|Deal.CompanyID|DealInvestorRelation.DealID|DealInvestorRelation.InvestorID|InvestorInvestmentRelation.CompanyID|InvestorInvestmentRelation.InvestorID|FundInvestmentRelation.CompanyID|FundInvestorRelation.FundID|FundInvestorRelation.InvestorID,"Part5 Rule B company investor graph: 1 token companies, 1 deals, 1 funds | source_methods=company_investor_relation,deal_investor_relation,investor_investment_relation,fund_investment_relation | PrimaryInvestorType: Growth/Expansion | OtherInvestorTypes: Venture Capital | PreferredVerticals: Artificial Intelligence & Machine Learning, Autonomous cars, Big Data, CloudTech & DevOps, Cybersecurity, Ed",part5_token_company_investor_graph_then_web_search_with_primary_source_priority,investor_router|capability_classification
90,435173-23,R42 Group,,,R42 Group LLC,www.r42group.com,r42group.com,,,,"Stanford, CA",United States,Venture Capital,"Family Office, Fund of Funds","Early Stage VC, Seed Round","Artificial Intelligence & Machine Learning, Big Data, Digital Health, HealthTech, Internet of Things, Life Sciences, Nanotechnology, SaaS, TMT","Prefers minority stake, Will lead on a deal, Will syndicate",R42 Seed Fund,Venture Capital - Early Stage,"Founded in 2004, R42 Group is a venture capital firm based in Stanford, California. The firm seeks to invest in information technology, healthcare, life sciences, big data, the internet of things, artificial intelligence, machine learning, and technology-based sectors.",part5_rule_b_company|source:company_investor_relation|source:deal_investor_relation|source:investor_investment_relation|source:fund_investment_relation|fund_linked,CompanyInvestorRelation.CompanyID|CompanyInvestorRelation.InvestorID|Deal.CompanyID|DealInvestorRelation.DealID|DealInvestorRelation.InvestorID|InvestorInvestmentRelation.CompanyID|InvestorInvestmentRelation.InvestorID|FundInvestmentRelation.CompanyID|FundInvestorRelation.FundID|FundInvestorRelation.InvestorID,"Part5 Rule B company investor graph: 1 token companies, 1 deals, 1 funds | source_methods=company_investor_relation,deal_investor_relation,investor_investment_relation,fund_investment_relation | PrimaryInvestorType: Venture Capital | OtherInvestorTypes: Family Office, Fund of Funds | PreferredVerticals: Artificial Intelligence & Machine Learning, Big Data, Digital Health, HealthTech, Internet of Th",part5_token_company_investor_graph_then_web_search_with_primary_source_priority,investor_router|capability_classification
91,53452-18,Red Swan Ventures,Red Swan,,"Red Swan Ventures Management, LLC",www.redswanventures.com,redswanventures.com,,,,"New York, NY",United States,Venture Capital,Angel Group,"Angel (individual), Early Stage VC, Seed Round","Artificial Intelligence & Machine Learning, B2B Payments, FinTech, Real Estate Technology, SaaS, Supply Chain Tech, TMT","Prefers minority stake, Will syndicate",Red Swan Ventures IV,Venture - General,"Founded in 2011, Red Swan Ventures is a venture capital investment firm based in New York, New York. The firm prefers to invest in pre-seed to seed-stage companies.",part5_rule_b_company|source:company_investor_relation|source:deal_investor_relation|source:investor_investment_relation|source:fund_investment_relation|fund_linked,CompanyInvestorRelation.CompanyID|CompanyInvestorRelation.InvestorID|Deal.CompanyID|DealInvestorRelation.DealID|DealInvestorRelation.InvestorID|InvestorInvestmentRelation.CompanyID|InvestorInvestmentRelation.InvestorID|FundInvestmentRelation.CompanyID|FundInvestorRelation.FundID|FundInvestorRelation.InvestorID,"Part5 Rule B company investor graph: 1 token companies, 1 deals, 1 funds | source_methods=company_investor_relation,deal_investor_relation,investor_investment_relation,fund_investment_relation | PrimaryInvestorType: Venture Capital | OtherInvestorTypes: Angel Group | PreferredVerticals: Artificial Intelligence & Machine Learning, B2B Payments, FinTech, Real Estate Technology, SaaS, Supply Chain Tec",part5_token_company_investor_graph_then_web_search_with_primary_source_priority,investor_router|capability_classification
92,163274-95,Scale-Up (Venture Capital),Scale-Up,,,www.scale-up.vc,scale-up.vc,,,,"San Francisco, CA",United States,Venture Capital,Corporate Development,"Later Stage VC, PE Growth/Expansion","Artificial Intelligence & Machine Learning, Augmented Reality, Big Data, Cybersecurity, E-Commerce, FinTech, InsurTech, Mobile, Mobile Commerce, Robotics and Drones, SaaS, TMT, Virtual Reality","Prefers minority stake, Will syndicate",Scale-Up Unicorn Fund I,Venture Capital - Later Stage,"Founded in 2015, Scale-Up Venture Capital is a venture capital firm based in San Francisco, California. The firm seeks to make minority investments in later-stage and growth equity. The firm prefers to invest in media, communications, networking, software, insurance, software as a service, mobile, big data, virtual reality, cybersecurity, artificial intelligence, machine learning, augmented reality, e-commerce, fintech, robotics, drones, and insurtech sectors in the United States. This firm is a Registered Investment Adviser (RIA).",part5_rule_b_company|source:company_investor_relation|source:deal_investor_relation|source:investor_investment_relation|source:fund_investment_relation|fund_linked,CompanyInvestorRelation.CompanyID|CompanyInvestorRelation.InvestorID|Deal.CompanyID|DealInvestorRelation.DealID|DealInvestorRelation.InvestorID|InvestorInvestmentRelation.CompanyID|InvestorInvestmentRelation.InvestorID|FundInvestmentRelation.CompanyID|FundInvestorRelation.FundID|FundInvestorRelation.InvestorID,"Part5 Rule B company investor graph: 1 token companies, 1 deals, 1 funds | source_methods=company_investor_relation,deal_investor_relation,investor_investment_relation,fund_investment_relation | PrimaryInvestorType: Venture Capital | OtherInvestorTypes: Corporate Development | PreferredVerticals: Artificial Intelligence & Machine Learning, Augmented Reality, Big Data, Cybersecurity, E-Commerce, Fin",part5_token_company_investor_graph_then_web_search_with_primary_source_priority,investor_router|capability_classification
93,266573-17,Serena Ventures,,,,www.serenaventures.com,serenaventures.com,,,,"Washington, DC",United States,Venture Capital,Angel Group,"Early Stage VC, Seed Round","Climate Tech, E-Commerce, EdTech, FinTech, HealthTech, LOHAS & Wellness, SaaS, Supply Chain Tech","Long-Term Investor, Will lead on a deal",Serena Ventures Fund I,Venture Capital - Early Stage,"Founded in 2014, Serena Ventures is a venture capital firm investing in seed and Series A startups. The US based fund looks for tech-enabled and AI-native companies that solve critical, underserved problems in e-commerce, fintech, health, ed tech, enterprise, social, and climate tech sectors. This firm is a Registered Investment Adviser (RIA).",part5_rule_b_company|source:company_investor_relation|source:deal_investor_relation|source:investor_investment_relation|source:fund_investment_relation|fund_linked,CompanyInvestorRelation.CompanyID|CompanyInvestorRelation.InvestorID|Deal.CompanyID|DealInvestorRelation.DealID|DealInvestorRelation.InvestorID|InvestorInvestmentRelation.CompanyID|InvestorInvestmentRelation.InvestorID|FundInvestmentRelation.CompanyID|FundInvestorRelation.FundID|FundInvestorRelation.InvestorID,"Part5 Rule B company investor graph: 1 token companies, 1 deals, 1 funds | source_methods=company_investor_relation,deal_investor_relation,investor_investment_relation,fund_investment_relation | PrimaryInvestorType: Venture Capital | OtherInvestorTypes: Angel Group | PreferredVerticals: Climate Tech, E-Commerce, EdTech, FinTech, HealthTech, LOHAS & Wellness, SaaS, Supply Chain Tech | PreferredInves",part5_token_company_investor_graph_then_web_search_with_primary_source_priority,investor_router|capability_classification
94,467135-74,SoftBank Latin America Fund,,SBLA,SoftBank Latin America Fund L.P.,www.latinamericafund.com,latinamericafund.com,SoftBank Group,,,"Miami, FL",United States,Venture Capital,Real Estate,"Early Stage VC, Later Stage VC, Seed Round","AdTech, Advanced Manufacturing, Cryptocurrency/Blockchain, Digital Health, E-Commerce, EdTech, FinTech, HealthTech, InsurTech, LOHAS & Wellness, Micro-Mobility, Mobility Tech, Real Estate Technology, SaaS","Prefers minority stake, Will syndicate",SoftBank Latin America Fund II,Venture Capital - Early Stage,"Founded in 2019, SoftBank Latin America Fund is a venture capital firm based in Miami, Florida. The firm prefers to invest in companies operating in authentication, auto marketplace, blockchain, e-commerce, education, fintech, frontier tech, health & wellness, information services, insurance, logistics, media, mobility, real estate, and software as a service sectors. This firm is a Registered Investment Adviser (RIA).",part5_rule_b_company|source:company_investor_relation|source:deal_investor_relation|source:investor_investment_relation|source:fund_investment_relation|fund_linked,CompanyInvestorRelation.CompanyID|CompanyInvestorRelation.InvestorID|Deal.CompanyID|DealInvestorRelation.DealID|DealInvestorRelation.InvestorID|InvestorInvestmentRelation.CompanyID|InvestorInvestmentRelation.InvestorID|FundInvestmentRelation.CompanyID|FundInvestorRelation.FundID|FundInvestorRelation.InvestorID,"Part5 Rule B company investor graph: 1 token companies, 1 deals, 1 funds | source_methods=company_investor_relation,deal_investor_relation,investor_investment_relation,fund_investment_relation | PrimaryInvestorType: Venture Capital | OtherInvestorTypes: Real Estate | PreferredVerticals: AdTech, Advanced Manufacturing, Cryptocurrency/Blockchain, Digital Health, E-Commerce, EdTech, FinTech, HealthTec",part5_token_company_investor_graph_then_web_search_with_primary_source_priority,investor_router|capability_classification
95,462768-22,TLG Capital Management,,,"TLG Capital Management, LLC",www.tlgholding.com,tlgholding.com,,,,"West Palm Beach, FL",United States,PE/Buyout,Growth/Expansion,"Buyout/LBO, PE Growth/Expansion",TMT,"Long-Term Investor, Prefers majority stake",TLG Fund I,Growth/Expansion,"Founded in 2020, TLG Capital Management is a private equity investment firm headquartered in West Palm Beach, Florida. The firm focuses on information technology companies.",part5_rule_b_company|source:company_investor_relation|source:deal_investor_relation|source:investor_investment_relation|source:fund_investment_relation|fund_linked,CompanyInvestorRelation.CompanyID|CompanyInvestorRelation.InvestorID|Deal.CompanyID|DealInvestorRelation.DealID|DealInvestorRelation.InvestorID|InvestorInvestmentRelation.CompanyID|InvestorInvestmentRelation.InvestorID|FundInvestmentRelation.CompanyID|FundInvestorRelation.FundID|FundInvestorRelation.InvestorID,"Part5 Rule B company investor graph: 1 token companies, 1 deals, 1 funds | source_methods=company_investor_relation,deal_investor_relation,investor_investment_relation,fund_investment_relation | PrimaryInvestorType: PE/Buyout | OtherInvestorTypes: Growth/Expansion | PreferredVerticals: TMT | PreferredInvestmentTypes: Buyout/LBO, PE Growth/Expansion | CompanyInvestorRelation: Digital Asset; status=A",part5_token_company_investor_graph_then_web_search_with_primary_source_priority,investor_router|capability_classification
96,340912-45,#adm Ventures,,,#adm ventures SA,www.adm-ventures.com,adm-ventures.com,,,,"Lugano, Switzerland",Switzerland,Venture Capital,Growth/Expansion,"Early Stage VC, Later Stage VC, Seed Round","AdTech, Advanced Manufacturing, AgTech, Artificial Intelligence & Machine Learning, AudioTech, B2B Payments, CleanTech, Cryptocurrency/Blockchain, Digital Health, E-Commerce, EdTech, FemTech, FinTech, FoodTech, HealthTech, HR Tech, Impact Investing, InsurTech, Marketing Tech, Mobile, Mobile Commerce, Mortgage Tech, Nanotechnology, Real Estate Technology, Restaurant Technology, SaaS, TMT, Wearables & Quantified Self","Prefers minority stake, Will syndicate",,,"Founded in 2015, #Adm ventures was a venture capital firm based in Lugano, Switzerland. The firm preferred to make investments in the digital, hi-tech, marketplaces, fintech, and innovation sectors.",part5_rule_b_company|source:company_investor_relation|source:deal_investor_relation|source:investor_investment_relation,CompanyInvestorRelation.CompanyID|CompanyInvestorRelation.InvestorID|Deal.CompanyID|DealInvestorRelation.DealID|DealInvestorRelation.InvestorID|InvestorInvestmentRelation.CompanyID|InvestorInvestmentRelation.InvestorID,"Part5 Rule B company investor graph: 1 token companies, 1 deals, 0 funds | source_methods=company_investor_relation,deal_investor_relation,investor_investment_relation | PrimaryInvestorType: Venture Capital | OtherInvestorTypes: Growth/Expansion | PreferredVerticals: AdTech, Advanced Manufacturing, AgTech, Artificial Intelligence & Machine Learning, AudioTech, B2B Payments, CleanTech, Cryptocurrenc",part5_token_company_investor_graph_then_web_search_with_primary_source_priority,investor_router|capability_classification
97,168820-12,10X Capital Management,,,"10X Capital Management, LLC",,,,,,"ATLANTA, GA",United States,Hedge Fund,,,Life Sciences,,,,"10X Capital Management is a hedge fund manager based in Atlanta, Georgia. The firm employs a long/short, sector-oriented equity strategy and primarily focuses on the biotechnology sector.",part5_rule_b_company|source:company_investor_relation|source:deal_investor_relation|source:investor_investment_relation,CompanyInvestorRelation.CompanyID|CompanyInvestorRelation.InvestorID|Deal.CompanyID|DealInvestorRelation.DealID|DealInvestorRelation.InvestorID|InvestorInvestmentRelation.CompanyID|InvestorInvestmentRelation.InvestorID,"Part5 Rule B company investor graph: 1 token companies, 1 deals, 0 funds | source_methods=company_investor_relation,deal_investor_relation,investor_investment_relation | PrimaryInvestorType: Hedge Fund | PreferredVerticals: Life Sciences | CompanyInvestorRelation: Bitso; status=Active; holding=Minority; since=05/13/2016 | DealInvestorRelation: Bitso; deal=69608-98T; date=05/13/2016; type=Early Stag",part5_token_company_investor_graph_then_web_search_with_primary_source_priority,investor_router|capability_classification
98,469939-60,1Sharpe Ventures,,,"1Sharpe Ventures I, L.P.",www.1sharpe.ventures,1sharpe.ventures,1Sharpe Capital,,,"Piedmont, CA",United States,Venture Capital,,"Early Stage VC, Later Stage VC, Seed Round",Real Estate Technology,"Prefers minority stake, Will syndicate",1Sharpe Ventures I,Venture Capital - Early Stage,"Founded in 2022, 1Sharpe Ventures is a venture capital firm based in Piedmont, California. The firm seeks to invest in the real estate, construction, insurance, and financial services sectors.",part5_rule_b_company|source:company_investor_relation|source:deal_investor_relation|source:investor_investment_relation,CompanyInvestorRelation.CompanyID|CompanyInvestorRelation.InvestorID|Deal.CompanyID|DealInvestorRelation.DealID|DealInvestorRelation.InvestorID|InvestorInvestmentRelation.CompanyID|InvestorInvestmentRelation.InvestorID,"Part5 Rule B company investor graph: 1 token companies, 1 deals, 0 funds | source_methods=company_investor_relation,deal_investor_relation,investor_investment_relation | PrimaryInvestorType: Venture Capital | PreferredVerticals: Real Estate Technology | PreferredInvestmentTypes: Early Stage VC, Later Stage VC, Seed Round | CompanyInvestorRelation: Bitso; status=Active; holding=Minority; since=05/05",part5_token_company_investor_graph_then_web_search_with_primary_source_priority,investor_router|capability_classification
99,538163-11,28 Ventures,,,"28 Ventures Group, LLC",www.28.ventures,28.ventures,,,,"Oyster Bay, NY",United States,Venture Capital,Growth/Expansion,"Early Stage VC, Later Stage VC, Seed Round","CleanTech, Cryptocurrency/Blockchain, Life Sciences, LOHAS & Wellness","Prefers minority stake, Seeks ESG investments, Will syndicate",,,"Founded in 2020, 28 Ventures is a venture capital firm based in Oyster Bay, New York. The firm seeks to invest in healthcare, information technology, clean technology, life science, lohas & wellness sectors.",part5_rule_b_company|source:company_investor_relation|source:deal_investor_relation|source:investor_investment_relation,CompanyInvestorRelation.CompanyID|CompanyInvestorRelation.InvestorID|Deal.CompanyID|DealInvestorRelation.DealID|DealInvestorRelation.InvestorID|InvestorInvestmentRelation.CompanyID|InvestorInvestmentRelation.InvestorID,"Part5 Rule B company investor graph: 1 token companies, 1 deals, 0 funds | source_methods=company_investor_relation,deal_investor_relation,investor_investment_relation | PrimaryInvestorType: Venture Capital | OtherInvestorTypes: Growth/Expansion | PreferredVerticals: CleanTech, Cryptocurrency/Blockchain, Life Sciences, LOHAS & Wellness | PreferredInvestmentTypes: Early Stage VC, Later Stage VC, See",part5_token_company_investor_graph_then_web_search_with_primary_source_priority,investor_router|capability_classification
100,458408-62,2B Global Capital,,,,www.2bgc.vc,2bgc.vc,,,,"Luxembourg, Luxembourg",Luxembourg,Growth/Expansion,"PE/Buyout, Venture Capital","Early Stage VC, Later Stage VC, PE Growth/Expansion, PIPE","3D Printing, AgTech, Artificial Intelligence & Machine Learning, Augmented Reality, B2B Payments, Big Data, Car-Sharing, CleanTech, Climate Tech, CloudTech & DevOps, Cryptocurrency/Blockchain, Digital Health, E-Commerce, EdTech, Esports, FinTech, FoodTech, Gaming, HealthTech, HR Tech, InsurTech, Legal Tech, Micro-Mobility, Mobility Tech, Mortgage Tech, Pet Technology, Restaurant Technology, Ridesharing, Robotics and Drones, SaaS, Space Technology, Supply Chain Tech, TMT, Virtual Reality, Wearables & Quantified Self","Long-Term Investor, Prefers majority stake, Will syndicate",,,2B Global Capital is a growth equity investment firm based in Luxembourg. The firm provides growth capital to later-stage ventures in all sectors of technology.,part5_rule_b_company|source:company_investor_relation|source:deal_investor_relation|source:investor_investment_relation,CompanyInvestorRelation.CompanyID|CompanyInvestorRelation.InvestorID|Deal.CompanyID|DealInvestorRelation.DealID|DealInvestorRelation.InvestorID|InvestorInvestmentRelation.CompanyID|InvestorInvestmentRelation.InvestorID,"Part5 Rule B company investor graph: 1 token companies, 1 deals, 0 funds | source_methods=company_investor_relation,deal_investor_relation,investor_investment_relation | PrimaryInvestorType: Growth/Expansion | OtherInvestorTypes: PE/Buyout, Venture Capital | PreferredVerticals: 3D Printing, AgTech, Artificial Intelligence & Machine Learning, Augmented Reality, B2B Payments, Big Data, Car-Sharing, C",part5_token_company_investor_graph_then_web_search_with_primary_source_priority,investor_router|capability_classification
101,711801-28,2K INVESTMENTS PTE. LTD.,,,,,,,,,,,Corporation,,Merger/Acquisition,,Prefers majority stake,,,,part5_rule_b_company|source:company_investor_relation|source:deal_investor_relation|source:investor_investment_relation,CompanyInvestorRelation.CompanyID|CompanyInvestorRelation.InvestorID|Deal.CompanyID|DealInvestorRelation.DealID|DealInvestorRelation.InvestorID|InvestorInvestmentRelation.CompanyID|InvestorInvestmentRelation.InvestorID,"Part5 Rule B company investor graph: 1 token companies, 1 deals, 0 funds | source_methods=company_investor_relation,deal_investor_relation,investor_investment_relation | PrimaryInvestorType: Corporation | PreferredInvestmentTypes: Merger/Acquisition | CompanyInvestorRelation: Anquan; status=Active; holding=Minority; since=02/22/2019 | DealInvestorRelation: Anquan; deal=208664-20T; date=02/22/2019;",part5_token_company_investor_graph_then_web_search_with_primary_source_priority,investor_router|capability_classification
102,481175-65,55 Ventures,,,,,,,,,"Lago Vista, TX",United States,Venture Capital,,"Early Stage VC, Later Stage VC, Seed Round",,"Prefers minority stake, Will syndicate",,,,part5_rule_b_company|source:company_investor_relation|source:deal_investor_relation|source:investor_investment_relation,CompanyInvestorRelation.CompanyID|CompanyInvestorRelation.InvestorID|Deal.CompanyID|DealInvestorRelation.DealID|DealInvestorRelation.InvestorID|InvestorInvestmentRelation.CompanyID|InvestorInvestmentRelation.InvestorID,"Part5 Rule B company investor graph: 1 token companies, 1 deals, 0 funds | source_methods=company_investor_relation,deal_investor_relation,investor_investment_relation | PrimaryInvestorType: Venture Capital | PreferredInvestmentTypes: Early Stage VC, Later Stage VC, Seed Round | CompanyInvestorRelation: MetaMall; status=Active; holding=Minority; since=01/14/2022 | DealInvestorRelation: MetaMall; de",part5_token_company_investor_graph_then_web_search_with_primary_source_priority,investor_router|capability_classification
103,498573-46,8 Blocks Capital,,,,www.8blocks.capital,8blocks.capital,,,,"Hong Kong, Hong Kong",Hong Kong,Corporation,,Merger/Acquisition,,Prefers majority stake,,,,part5_rule_b_company|source:company_investor_relation|source:deal_investor_relation|source:investor_investment_relation,CompanyInvestorRelation.CompanyID|CompanyInvestorRelation.InvestorID|Deal.CompanyID|DealInvestorRelation.DealID|DealInvestorRelation.InvestorID|InvestorInvestmentRelation.CompanyID|InvestorInvestmentRelation.InvestorID,"Part5 Rule B company investor graph: 1 token companies, 1 deals, 0 funds | source_methods=company_investor_relation,deal_investor_relation,investor_investment_relation | PrimaryInvestorType: Corporation | PreferredInvestmentTypes: Merger/Acquisition | CompanyInvestorRelation: Degis Global; status=Active; holding=Minority; since=02/01/2022 | DealInvestorRelation: Degis Global; deal=196504-66T; date=",part5_token_company_investor_graph_then_web_search_with_primary_source_priority,investor_router|capability_classification
104,11688-67,AAM,Asset Allocation & Management,,Asset Allocation & Management Company LLC,www.aamcompany.com,aamcompany.com,Securian Financial Group,,,"Chicago, IL",United States,Asset Manager,"Hedge Fund, Lender/Debt Provider, PE/Buyout",,,,,,"Founded in 1982, AAM is an asset management firm based in Chicago, Illinois.",part5_rule_b_company|source:company_investor_relation|source:deal_investor_relation|source:investor_investment_relation,CompanyInvestorRelation.CompanyID|CompanyInvestorRelation.InvestorID|Deal.CompanyID|DealInvestorRelation.DealID|DealInvestorRelation.InvestorID|InvestorInvestmentRelation.CompanyID|InvestorInvestmentRelation.InvestorID,"Part5 Rule B company investor graph: 1 token companies, 1 deals, 0 funds | source_methods=company_investor_relation,deal_investor_relation,investor_investment_relation | PrimaryInvestorType: Asset Manager | OtherInvestorTypes: Hedge Fund, Lender/Debt Provider, PE/Buyout | CompanyInvestorRelation: UNION(Financial Software); status=Former; holding=Minority; since=11/09/2020 | DealInvestorRelation: UN",part5_token_company_investor_graph_then_web_search_with_primary_source_priority,investor_router|capability_classification
105,463399-84,Aarthi Ramamurthy,,,,,,,,,India,India,Angel (individual),,,,,,,"Ms. Aarthi Ramamurthy is the Founder of Schema Ventures. Ms. Ramamurthyserves as Chief Technology & Product Officer at Rithum. She serves as an Advisor at Careerflow.ai. She co-founded and served as the Chief Executive Officer at Lumoid. She was previously the Product Manager at Netflix. Before this, she co-founded and served in Tech and product at True and Co. She has a master's degree in Software Engineering from PSG College of Technology.",part5_rule_b_company|source:company_investor_relation|source:deal_investor_relation|source:investor_investment_relation,CompanyInvestorRelation.CompanyID|CompanyInvestorRelation.InvestorID|Deal.CompanyID|DealInvestorRelation.DealID|DealInvestorRelation.InvestorID|InvestorInvestmentRelation.CompanyID|InvestorInvestmentRelation.InvestorID,"Part5 Rule B company investor graph: 1 token companies, 1 deals, 0 funds | source_methods=company_investor_relation,deal_investor_relation,investor_investment_relation | PrimaryInvestorType: Angel (individual) | CompanyInvestorRelation: Cypher (Bellevue); status=Active; holding=Minority; since=01/19/2023 | DealInvestorRelation: Cypher (Bellevue); deal=194762-80T; date=01/19/2023; type=Seed Round; l",part5_token_company_investor_graph_then_web_search_with_primary_source_priority,investor_router|capability_classification
106,741541-42,Abhimanyu Bansal,,,,,,,,,,,Angel (individual),,,,,,,Mr. Abhimanyu Bansal serves as Angel Investor at Abhimanyu Bansal.,part5_rule_b_company|source:company_investor_relation|source:deal_investor_relation|source:investor_investment_relation,CompanyInvestorRelation.CompanyID|CompanyInvestorRelation.InvestorID|Deal.CompanyID|DealInvestorRelation.DealID|DealInvestorRelation.InvestorID|InvestorInvestmentRelation.CompanyID|InvestorInvestmentRelation.InvestorID,"Part5 Rule B company investor graph: 1 token companies, 1 deals, 0 funds | source_methods=company_investor_relation,deal_investor_relation,investor_investment_relation | PrimaryInvestorType: Angel (individual) | CompanyInvestorRelation: SOON (New York); status=Active; holding=Minority; since=08/27/2024 | DealInvestorRelation: SOON (New York); deal=270970-48T; date=08/27/2024; type=Seed Round; lead=",part5_token_company_investor_graph_then_web_search_with_primary_source_priority,investor_router|capability_classification
107,747972-46,Abishek Kannan,,,,,,,,,,,Angel (individual),,,,,,,Mr. Abishek Kannan serves as Angel Investor at Abishek Kannan.,part5_rule_b_company|source:company_investor_relation|source:deal_investor_relation|source:investor_investment_relation,CompanyInvestorRelation.CompanyID|CompanyInvestorRelation.InvestorID|Deal.CompanyID|DealInvestorRelation.DealID|DealInvestorRelation.InvestorID|InvestorInvestmentRelation.CompanyID|InvestorInvestmentRelation.InvestorID,"Part5 Rule B company investor graph: 1 token companies, 1 deals, 0 funds | source_methods=company_investor_relation,deal_investor_relation,investor_investment_relation | PrimaryInvestorType: Angel (individual) | CompanyInvestorRelation: Drosera; status=Active; holding=Minority; since=02/10/2025 | DealInvestorRelation: Drosera; deal=284720-32T; date=02/10/2025; type=Later Stage VC; lead=No; fund= |",part5_token_company_investor_graph_then_web_search_with_primary_source_priority,investor_router|capability_classification
108,56220-76,ABN AMRO Bank,"ABN AMRO, ABN","Fortis Bank Nederland, Amsterdamsche en Rotterdamsche Bank",ABN AMRO Bank N.V.,www.abnamro.com,abnamro.com,,AMS,ABN,"Amsterdam, Netherlands",Netherlands,Corporation,,Merger/Acquisition,"CleanTech, FinTech, LOHAS & Wellness, Manufacturing, TMT",Prefers majority stake,ABN AMRO Sustainable Impact Fund,Growth/Expansion,"ABN Amro Bank is a Dutch bank, and the Netherlands accounts for around 90% of its operating profit. Operationally, retail and commercial banking contributes the majority of its operating profit, while ABN Amro continues to reduce its exposure to corporate and investment banking. It views private banking as one of its key growth areas.",part5_rule_b_company|source:company_investor_relation|source:deal_investor_relation|source:investor_investment_relation,CompanyInvestorRelation.CompanyID|CompanyInvestorRelation.InvestorID|Deal.CompanyID|DealInvestorRelation.DealID|DealInvestorRelation.InvestorID|InvestorInvestmentRelation.CompanyID|InvestorInvestmentRelation.InvestorID,"Part5 Rule B company investor graph: 1 token companies, 1 deals, 0 funds | source_methods=company_investor_relation,deal_investor_relation,investor_investment_relation | PrimaryInvestorType: Corporation | PreferredVerticals: CleanTech, FinTech, LOHAS & Wellness, Manufacturing, TMT | PreferredInvestmentTypes: Merger/Acquisition | CompanyInvestorRelation: Digital Asset; status=Active; holding=Minorit",part5_token_company_investor_graph_then_web_search_with_primary_source_priority,investor_router|capability_classification
109,227129-32,Accelerator Technology Gliwice,,,Technology Accelerator Gliwice ASI Sp. z o.o.,akceleratorgliwice.pl,akceleratorgliwice.pl,,,,"Gliwice, Poland",Poland,Accelerator/Incubator,,"Accelerator/Incubator, Early Stage VC, Seed Round","Gaming, TMT",Prefers minority stake,,,"Founded in 2015, Accelerator Technology Gliwice is an accelerator based in Gliwice, Poland. The firm seeks to invest in seed-stage companies. The firm also aims to invest in the information technology sector.",part5_rule_b_company|source:company_investor_relation|source:deal_investor_relation|source:investor_investment_relation,CompanyInvestorRelation.CompanyID|CompanyInvestorRelation.InvestorID|Deal.CompanyID|DealInvestorRelation.DealID|DealInvestorRelation.InvestorID|InvestorInvestmentRelation.CompanyID|InvestorInvestmentRelation.InvestorID,"Part5 Rule B company investor graph: 1 token companies, 1 deals, 0 funds | source_methods=company_investor_relation,deal_investor_relation,investor_investment_relation | PrimaryInvestorType: Accelerator/Incubator | PreferredVerticals: Gaming, TMT | PreferredInvestmentTypes: Accelerator/Incubator, Early Stage VC, Seed Round | CompanyInvestorRelation: Cypherdog; status=Active; holding=Minority; since",part5_token_company_investor_graph_then_web_search_with_primary_source_priority,investor_router|capability_classification
110,455173-66,Acuity Partners.,,,Acuity Partners LLC,www.acuitypartnersnyc.com,acuitypartnersnyc.com,,,,"New York, NY",United States,Real Estate,Venture Capital,"Early Stage VC, Later Stage VC, Secondary Buyout, Secondary Transaction - Private, Seed Round",Real Estate Technology,"Prefers minority stake, Will syndicate",,,"Founded in 2017, Acuity Partners is a real estate investment firm headquartered in New York. The firm seeks to invest in multifamily and commercial real estate assets.",part5_rule_b_company|source:company_investor_relation|source:deal_investor_relation|source:investor_investment_relation,CompanyInvestorRelation.CompanyID|CompanyInvestorRelation.InvestorID|Deal.CompanyID|DealInvestorRelation.DealID|DealInvestorRelation.InvestorID|InvestorInvestmentRelation.CompanyID|InvestorInvestmentRelation.InvestorID,"Part5 Rule B company investor graph: 1 token companies, 1 deals, 0 funds | source_methods=company_investor_relation,deal_investor_relation,investor_investment_relation | PrimaryInvestorType: Real Estate | OtherInvestorTypes: Venture Capital | PreferredVerticals: Real Estate Technology | PreferredInvestmentTypes: Early Stage VC, Later Stage VC, Secondary Buyout, Secondary Transaction - Private, Seed",part5_token_company_investor_graph_then_web_search_with_primary_source_priority,investor_router|capability_classification
111,438093-64,Adam Benayoun,,,,,,,,,"Tel Aviv, Israel",Israel,Angel (individual),,"Angel (individual), Early Stage VC, Seed Round",,"Prefers minority stake, Will syndicate",,,"Mr. Adam Benayoun is a Founding Partner of Collider Ventures. Mr. Benayoun served as Venture Partner at 500 Startups Management Company. He serves as Board Member at Efficient Frontier (fintech). Prior 500, he co-founded Binpress (accelerator Batch 6 at 500). He holds a Degree in Animation from Minshar - School of Arts.",part5_rule_b_company|source:company_investor_relation|source:deal_investor_relation|source:investor_investment_relation,CompanyInvestorRelation.CompanyID|CompanyInvestorRelation.InvestorID|Deal.CompanyID|DealInvestorRelation.DealID|DealInvestorRelation.InvestorID|InvestorInvestmentRelation.CompanyID|InvestorInvestmentRelation.InvestorID,"Part5 Rule B company investor graph: 1 token companies, 1 deals, 0 funds | source_methods=company_investor_relation,deal_investor_relation,investor_investment_relation | PrimaryInvestorType: Angel (individual) | PreferredInvestmentTypes: Angel (individual), Early Stage VC, Seed Round | CompanyInvestorRelation: Barrel Protocol; status=Former; holding=Minority; since=09/06/2018 | DealInvestorRelation",part5_token_company_investor_graph_then_web_search_with_primary_source_priority,investor_router|capability_classification
112,105997-87,Adam Draper,,,,,,,,,"San Francisco, CA",United States,Angel (individual),,,TMT,"Prefers minority stake, Will syndicate",,,"Mr. Adam Draper is a Co-Founder & serves as Managing Director at Boost VC. Mr. Draper serves as Advisor at 7shifts, Momentum Capital & Ava. He is an Angel Investor. He served as an Advisor at Alpha Investing. He was a Board Member of Make School. He co-founded and served as Director and Board Member at Ender's Fund. He is a member of the board for several firms including Makegameswith.us and Xpert Financial where he is also the Founder. He served as an advisor at Coinage. In 2009, the same year that he graduated from UCLA, he founded Xpert Financial, a secondary market for private securities. After settling millions of dollars in private security transactions and becoming a registered broker",part5_rule_b_company|source:company_investor_relation|source:deal_investor_relation|source:investor_investment_relation,CompanyInvestorRelation.CompanyID|CompanyInvestorRelation.InvestorID|Deal.CompanyID|DealInvestorRelation.DealID|DealInvestorRelation.InvestorID|InvestorInvestmentRelation.CompanyID|InvestorInvestmentRelation.InvestorID,"Part5 Rule B company investor graph: 1 token companies, 1 deals, 0 funds | source_methods=company_investor_relation,deal_investor_relation,investor_investment_relation | PrimaryInvestorType: Angel (individual) | PreferredVerticals: TMT | CompanyInvestorRelation: Coinbase Global; status=Former; holding=Minority; since=04/04/2013 | DealInvestorRelation: Coinbase Global; deal=25832-26T; date=04/04/201",part5_token_company_investor_graph_then_web_search_with_primary_source_priority,investor_router|capability_classification
113,512921-35,Adshares,,,Adshares sp. z oo,www.adshares.net,adshares.net,,,,"Warsaw, Poland",Poland,Corporation,,Merger/Acquisition,,Prefers majority stake,,,"Operator of an ad tech company intended to provide blockchain digital marketing services to companies. The company provides a variety of services such as adnetworks, a marketplace for influencers, web3 analysis, and adtech data analysis, thus enabling the companies to avail a complete ecosystem to boost their business presence online.",part5_rule_b_company|source:company_investor_relation|source:deal_investor_relation|source:investor_investment_relation,CompanyInvestorRelation.CompanyID|CompanyInvestorRelation.InvestorID|Deal.CompanyID|DealInvestorRelation.DealID|DealInvestorRelation.InvestorID|InvestorInvestmentRelation.CompanyID|InvestorInvestmentRelation.InvestorID,"Part5 Rule B company investor graph: 1 token companies, 1 deals, 0 funds | source_methods=company_investor_relation,deal_investor_relation,investor_investment_relation | PrimaryInvestorType: Corporation | PreferredInvestmentTypes: Merger/Acquisition | CompanyInvestorRelation: Swash; status=Active; holding=Minority; since=10/11/2021 | DealInvestorRelation: Swash; deal=180762-04T; date=10/11/2021; ty",part5_token_company_investor_graph_then_web_search_with_primary_source_priority,investor_router|capability_classification
114,52339-78,AEP Capital,AEP,,AEP Capital LLC,www.aepcapital.com,aepcapital.com,,,,"New York, NY",United States,PE/Buyout,"Growth/Expansion, Real Estate","Buyout/LBO, Debt - General, PE Growth/Expansion","AdTech, TMT","Long-Term Investor, Prefers majority stake, Prefers minority stake, Will syndicate",,,"Founded in 1990, AEP Capital is a private equity investment firm headquartered in New York. The firm seeks to invest in media, entertainment, communications, business services, real estate, and financial services sectors.",part5_rule_b_company|source:company_investor_relation|source:deal_investor_relation|source:investor_investment_relation,CompanyInvestorRelation.CompanyID|CompanyInvestorRelation.InvestorID|Deal.CompanyID|DealInvestorRelation.DealID|DealInvestorRelation.InvestorID|InvestorInvestmentRelation.CompanyID|InvestorInvestmentRelation.InvestorID,"Part5 Rule B company investor graph: 1 token companies, 1 deals, 0 funds | source_methods=company_investor_relation,deal_investor_relation,investor_investment_relation | PrimaryInvestorType: PE/Buyout | OtherInvestorTypes: Growth/Expansion, Real Estate | PreferredVerticals: AdTech, TMT | PreferredInvestmentTypes: Buyout/LBO, Debt - General, PE Growth/Expansion | CompanyInvestorRelation: PlatON (Bus",part5_token_company_investor_graph_then_web_search_with_primary_source_priority,investor_router|capability_classification
115,268194-34,Aeternity,,,Aeternity Foundation,www.aeternity.com,aeternity.com,,,,"Sofia, Bulgaria",Bulgaria,VC-Backed Company,Corporation,Merger/Acquisition,,Prefers majority stake,,,"Aeternity is a developer of a blockchain platform designed to address some of the most fundamental challenges native to earlier blockchains. The company's platform enables speed transacting, purely-functional smart contracts and decentralized oracles and has enabled the core protocol to understand and integrate a rich set of functionalities out of the box, enabling clients to have scalable smart contracts interfacing with real-world data.",part5_rule_b_company|source:company_investor_relation|source:deal_investor_relation|source:investor_investment_relation,CompanyInvestorRelation.CompanyID|CompanyInvestorRelation.InvestorID|Deal.CompanyID|DealInvestorRelation.DealID|DealInvestorRelation.InvestorID|InvestorInvestmentRelation.CompanyID|InvestorInvestmentRelation.InvestorID,"Part5 Rule B company investor graph: 1 token companies, 1 deals, 0 funds | source_methods=company_investor_relation,deal_investor_relation,investor_investment_relation | PrimaryInvestorType: VC-Backed Company | OtherInvestorTypes: Corporation | PreferredInvestmentTypes: Merger/Acquisition | CompanyInvestorRelation: SatoshiPay; status=Active; holding=Minority; since=05/01/2019 | DealInvestorRelation",part5_token_company_investor_graph_then_web_search_with_primary_source_priority,investor_router|capability_classification
116,462009-97,AHP Investments,,,"AHP Investments, LP",,,,,,"Seattle, WA",United States,Venture Capital,,"Early Stage VC, Later Stage VC, Seed Round",,"Prefers minority stake, Will syndicate",,,"Founded in 2021, AHP Investments was a venture capital firm based in Seattle, Washington.",part5_rule_b_company|source:company_investor_relation|source:deal_investor_relation|source:investor_investment_relation,CompanyInvestorRelation.CompanyID|CompanyInvestorRelation.InvestorID|Deal.CompanyID|DealInvestorRelation.DealID|DealInvestorRelation.InvestorID|InvestorInvestmentRelation.CompanyID|InvestorInvestmentRelation.InvestorID,"Part5 Rule B company investor graph: 1 token companies, 1 deals, 0 funds | source_methods=company_investor_relation,deal_investor_relation,investor_investment_relation | PrimaryInvestorType: Venture Capital | PreferredInvestmentTypes: Early Stage VC, Later Stage VC, Seed Round | CompanyInvestorRelation: Mask Network; status=Former; holding=Minority; since=02/16/2021 | DealInvestorRelation: Mask Net",part5_token_company_investor_graph_then_web_search_with_primary_source_priority,investor_router|capability_classification
117,465629-23,AIP Venture Partners,,,AIP Venture Partners Co. Ltd.,aipinvestment.com,aipinvestment.com,AIP Asset Management (Korea),,,"Seoul, South Korea",South Korea,Venture Capital,"Accelerator/Incubator, Asset Manager, PE/Buyout, Real Estate, Special Purpose Acquisition Company (SPAC)","Accelerator/Incubator, Early Stage VC, IPO, Later Stage VC, Seed Round","3D Printing, Advanced Manufacturing, AgTech, Artificial Intelligence & Machine Learning, Augmented Reality, Autonomous cars, Big Data, CleanTech, Climate Tech, Cybersecurity, Digital Health, FemTech, FoodTech, HealthTech, Internet of Things, Life Sciences, LOHAS & Wellness, Manufacturing, Mobility Tech, Nanotechnology, Oncology, Robotics and Drones, SaaS, TMT, Virtual Reality, Wearables & Quantified Self","Prefers minority stake, Will syndicate",AIP M3X Venture Investment Association No. 17,Venture - General,"Founded in 2010, AIP Venture Partners is a venture capital firm based in Singapore. The firm also seeks to invest in real estate, technology, robotics, wireless communications, biotechnology, and artificial intelligence sectors.",part5_rule_b_company|source:company_investor_relation|source:deal_investor_relation|source:investor_investment_relation,CompanyInvestorRelation.CompanyID|CompanyInvestorRelation.InvestorID|Deal.CompanyID|DealInvestorRelation.DealID|DealInvestorRelation.InvestorID|InvestorInvestmentRelation.CompanyID|InvestorInvestmentRelation.InvestorID,"Part5 Rule B company investor graph: 1 token companies, 1 deals, 0 funds | source_methods=company_investor_relation,deal_investor_relation,investor_investment_relation | PrimaryInvestorType: Venture Capital | OtherInvestorTypes: Accelerator/Incubator, Asset Manager, PE/Buyout, Real Estate, Special Purpose Acquisition Company (SPAC) | PreferredVerticals: 3D Printing, Advanced Manufacturing, AgTech,",part5_token_company_investor_graph_then_web_search_with_primary_source_priority,investor_router|capability_classification
118,731714-14,AJAX Capital Partners,,,,www.ajax.capital,ajax.capital,,,,"Sparta, NJ",United States,Venture Capital,,"Early Stage VC, Later Stage VC, Seed Round",,"Prefers minority stake, Will syndicate",,,"Founded in 2020, AJAX Capital Partners is a venture capital firm based in Sparta, New Jersey.",part5_rule_b_company|source:company_investor_relation|source:deal_investor_relation|source:investor_investment_relation,CompanyInvestorRelation.CompanyID|CompanyInvestorRelation.InvestorID|Deal.CompanyID|DealInvestorRelation.DealID|DealInvestorRelation.InvestorID|InvestorInvestmentRelation.CompanyID|InvestorInvestmentRelation.InvestorID,"Part5 Rule B company investor graph: 1 token companies, 1 deals, 0 funds | source_methods=company_investor_relation,deal_investor_relation,investor_investment_relation | PrimaryInvestorType: Venture Capital | PreferredInvestmentTypes: Early Stage VC, Later Stage VC, Seed Round | CompanyInvestorRelation: Kraken; status=Pending (Sell Side); holding=Minority; since=05/01/2025 | DealInvestorRelation: K",part5_token_company_investor_graph_then_web_search_with_primary_source_priority,investor_router|capability_classification
119,500935-69,Ajay Rayasam,,,,,,,,,,,Angel (individual),,,,,,,Mr. Ajay Rayasam is an Angel Investor.,part5_rule_b_company|source:company_investor_relation|source:deal_investor_relation|source:investor_investment_relation,CompanyInvestorRelation.CompanyID|CompanyInvestorRelation.InvestorID|Deal.CompanyID|DealInvestorRelation.DealID|DealInvestorRelation.InvestorID|InvestorInvestmentRelation.CompanyID|InvestorInvestmentRelation.InvestorID,"Part5 Rule B company investor graph: 1 token companies, 1 deals, 0 funds | source_methods=company_investor_relation,deal_investor_relation,investor_investment_relation | PrimaryInvestorType: Angel (individual) | CompanyInvestorRelation: Molecule; status=Active; holding=Minority; since=06/22/2022 | DealInvestorRelation: Molecule; deal=196016-50T; date=06/22/2022; type=Seed Round; lead=No; fund= | In",part5_token_company_investor_graph_then_web_search_with_primary_source_priority,investor_router|capability_classification
120,741531-88,Alex Kehaya,,,,,,,,,,,Angel (individual),,,,,,,Mr. Alex Kehaya serves as Angel Investor at Alex Kehaya.,part5_rule_b_company|source:company_investor_relation|source:deal_investor_relation|source:investor_investment_relation,CompanyInvestorRelation.CompanyID|CompanyInvestorRelation.InvestorID|Deal.CompanyID|DealInvestorRelation.DealID|DealInvestorRelation.InvestorID|InvestorInvestmentRelation.CompanyID|InvestorInvestmentRelation.InvestorID,"Part5 Rule B company investor graph: 1 token companies, 1 deals, 0 funds | source_methods=company_investor_relation,deal_investor_relation,investor_investment_relation | PrimaryInvestorType: Angel (individual) | CompanyInvestorRelation: SOON (New York); status=Active; holding=Minority; since=08/27/2024 | DealInvestorRelation: SOON (New York); deal=270970-48T; date=08/27/2024; type=Seed Round; lead=",part5_token_company_investor_graph_then_web_search_with_primary_source_priority,investor_router|capability_classification
121,517646-08,Alexandre Raffin,,,,,,,,,"Kingstown, Saint Vincent",Saint Vincent,Angel (individual),,,,,,,Mr. Alexandre Raffin is a Co-Founder and serves as Chief Executive Officer at Gains Associates. He is an Angel Investor.,part5_rule_b_company|source:company_investor_relation|source:deal_investor_relation|source:investor_investment_relation,CompanyInvestorRelation.CompanyID|CompanyInvestorRelation.InvestorID|Deal.CompanyID|DealInvestorRelation.DealID|DealInvestorRelation.InvestorID|InvestorInvestmentRelation.CompanyID|InvestorInvestmentRelation.InvestorID,"Part5 Rule B company investor graph: 1 token companies, 1 deals, 0 funds | source_methods=company_investor_relation,deal_investor_relation,investor_investment_relation | PrimaryInvestorType: Angel (individual) | CompanyInvestorRelation: Quant; status=Active; holding=Minority; since=07/21/2020 | DealInvestorRelation: Quant; deal=140252-77T; date=07/21/2020; type=Later Stage VC; lead=No; fund= | Inve",part5_token_company_investor_graph_then_web_search_with_primary_source_priority,investor_router|capability_classification
122,108968-59,AlleyCorp,,,"AlleyCorp Advisers, LLC",www.alleycorp.com,alleycorp.com,,,,"New York, NY",United States,Venture Capital,Accelerator/Incubator,"Accelerator/Incubator, Early Stage VC, Seed Round","AdTech, Construction Technology, Digital Health, E-Commerce, FinTech, HealthTech, Impact Investing, Infrastructure, Robotics and Drones, SaaS, TMT","Prefers minority stake, Seeks Impact investments, Will syndicate",AlleyCorp Fund,Venture - General,"Founded in 2007, AlleyCorp is a venture capital firm based in New York. The firm prefers to invest in technology, economic infrastructure, deep tech, enterprise software, consumer tech, healthcare, and robotics sectors. This firm is a Registered Investment Adviser (RIA).",part5_rule_b_company|source:company_investor_relation|source:deal_investor_relation|source:investor_investment_relation,CompanyInvestorRelation.CompanyID|CompanyInvestorRelation.InvestorID|Deal.CompanyID|DealInvestorRelation.DealID|DealInvestorRelation.InvestorID|InvestorInvestmentRelation.CompanyID|InvestorInvestmentRelation.InvestorID,"Part5 Rule B company investor graph: 1 token companies, 1 deals, 0 funds | source_methods=company_investor_relation,deal_investor_relation,investor_investment_relation | PrimaryInvestorType: Venture Capital | OtherInvestorTypes: Accelerator/Incubator | PreferredVerticals: AdTech, Construction Technology, Digital Health, E-Commerce, FinTech, HealthTech, Impact Investing, Infrastructure, Robotics and",part5_token_company_investor_graph_then_web_search_with_primary_source_priority,investor_router|capability_classification
123,500933-89,Allison Duettman,,,,,,,,,,,Angel (individual),,,,,,,Mr. Allison Duettman is an Angel Investor.,part5_rule_b_company|source:company_investor_relation|source:deal_investor_relation|source:investor_investment_relation,CompanyInvestorRelation.CompanyID|CompanyInvestorRelation.InvestorID|Deal.CompanyID|DealInvestorRelation.DealID|DealInvestorRelation.InvestorID|InvestorInvestmentRelation.CompanyID|InvestorInvestmentRelation.InvestorID,"Part5 Rule B company investor graph: 1 token companies, 1 deals, 0 funds | source_methods=company_investor_relation,deal_investor_relation,investor_investment_relation | PrimaryInvestorType: Angel (individual) | CompanyInvestorRelation: Molecule; status=Active; holding=Minority; since=06/22/2022 | DealInvestorRelation: Molecule; deal=196016-50T; date=06/22/2022; type=Seed Round; lead=No; fund= | In",part5_token_company_investor_graph_then_web_search_with_primary_source_priority,investor_router|capability_classification
124,266228-38,Ally Ventures,,,,www.allyventures.com,allyventures.com,Ally Financial,,,"New York, NY",United States,Corporate Venture Capital,,"Early Stage VC, Later Stage VC, Seed Round","Artificial Intelligence & Machine Learning, Augmented Reality, Autonomous cars, Big Data, Cryptocurrency/Blockchain, Cybersecurity, FinTech, InsurTech, Robotics and Drones, SaaS, TMT, Virtual Reality","Prefers minority stake, Will syndicate",,,"Founded in 2017, Ally Ventures is a corporate venture arm of Ally Financial and is based in New York. The firm seeks to invest in small and mid-sized businesses operating in digital banking, personal finance, big data analytics, artificial intelligence, machine learning, API economy, blockchain, insurtech, auto tech, and cybersecurity sectors.",part5_rule_b_company|source:company_investor_relation|source:deal_investor_relation|source:investor_investment_relation,CompanyInvestorRelation.CompanyID|CompanyInvestorRelation.InvestorID|Deal.CompanyID|DealInvestorRelation.DealID|DealInvestorRelation.InvestorID|InvestorInvestmentRelation.CompanyID|InvestorInvestmentRelation.InvestorID,"Part5 Rule B company investor graph: 1 token companies, 1 deals, 0 funds | source_methods=company_investor_relation,deal_investor_relation,investor_investment_relation | PrimaryInvestorType: Corporate Venture Capital | PreferredVerticals: Artificial Intelligence & Machine Learning, Augmented Reality, Autonomous cars, Big Data, Cryptocurrency/Blockchain, Cybersecurity, FinTech, InsurTech, Robotics a",part5_token_company_investor_graph_then_web_search_with_primary_source_priority,investor_router|capability_classification
125,232280-92,Almak Capital,,,,www.almakcapital.ae,almakcapital.ae,,,,"Dubai, United Arab Emirates",United Arab Emirates,PE/Buyout,"Asset Manager, Venture Capital","Buyout/LBO, Debt - General, Early Stage VC, Later Stage VC, PE Growth/Expansion, Seed Round","CleanTech, E-Commerce, HealthTech, Infrastructure, LOHAS & Wellness, Oil & Gas, SaaS","Prefers minority stake, Will syndicate",,,"Founded in 2015, Almak Capital is a private equity firm based in Dubai, United Arab Emirates. The firm prefers to invest in the oil and gas, solar energy, healthcare, and retail industries.",part5_rule_b_company|source:company_investor_relation|source:deal_investor_relation|source:investor_investment_relation,CompanyInvestorRelation.CompanyID|CompanyInvestorRelation.InvestorID|Deal.CompanyID|DealInvestorRelation.DealID|DealInvestorRelation.InvestorID|InvestorInvestmentRelation.CompanyID|InvestorInvestmentRelation.InvestorID,"Part5 Rule B company investor graph: 1 token companies, 1 deals, 0 funds | source_methods=company_investor_relation,deal_investor_relation,investor_investment_relation | PrimaryInvestorType: PE/Buyout | OtherInvestorTypes: Asset Manager, Venture Capital | PreferredVerticals: CleanTech, E-Commerce, HealthTech, Infrastructure, LOHAS & Wellness, Oil & Gas, SaaS | PreferredInvestmentTypes: Buyout/LBO,",part5_token_company_investor_graph_then_web_search_with_primary_source_priority,investor_router|capability_classification
126,497968-39,Alok Tayi,,,,,,,,,"Boston, MA",United States,Angel (individual),,,,,,,"Dr. Alok Tayi is a Co-Founder & serves as Chief Executive Officer at Vibe Bio. He is an Angel Investor. He is the Founder & serves as Host at Biotech2050. He co-founded & served as Chief Strategist at PreScouter. Earlier, he co-founded and served as Chief Executive Officer at TetraScience. He has 15 years of experience as a scientist and 12 as a serial entrepreneur. After completing postdoctoral work at Harvard University with George Whitesides, he started two pharma SaaS companies, PreScouter and TetraScience, which employ several hundred people combined and have more than four hundred customers. He also launched and led the life sciences division of Egnyte, a cloud content governance compa",part5_rule_b_company|source:company_investor_relation|source:deal_investor_relation|source:investor_investment_relation,CompanyInvestorRelation.CompanyID|CompanyInvestorRelation.InvestorID|Deal.CompanyID|DealInvestorRelation.DealID|DealInvestorRelation.InvestorID|InvestorInvestmentRelation.CompanyID|InvestorInvestmentRelation.InvestorID,"Part5 Rule B company investor graph: 1 token companies, 1 deals, 0 funds | source_methods=company_investor_relation,deal_investor_relation,investor_investment_relation | PrimaryInvestorType: Angel (individual) | CompanyInvestorRelation: Molecule; status=Active; holding=Minority; since=06/22/2022 | DealInvestorRelation: Molecule; deal=196016-50T; date=06/22/2022; type=Seed Round; lead=No; fund= | In",part5_token_company_investor_graph_then_web_search_with_primary_source_priority,investor_router|capability_classification
127,460321-48,Alpine Capital (Colorado),,,"Alpine Capital, LLC (Colorado)",www.alpcapllc.com,alpcapllc.com,,,,"Denver, CO",United States,Corporation,,Merger/Acquisition,,Prefers majority stake,,,,part5_rule_b_company|source:company_investor_relation|source:deal_investor_relation|source:investor_investment_relation|lead_investor,CompanyInvestorRelation.CompanyID|CompanyInvestorRelation.InvestorID|Deal.CompanyID|DealInvestorRelation.DealID|DealInvestorRelation.InvestorID|InvestorInvestmentRelation.CompanyID|InvestorInvestmentRelation.InvestorID,"Part5 Rule B company investor graph: 1 token companies, 1 deals, 0 funds | source_methods=company_investor_relation,deal_investor_relation,investor_investment_relation | PrimaryInvestorType: Corporation | PreferredInvestmentTypes: Merger/Acquisition | CompanyInvestorRelation: PlatON (Business/Productivity Software); status=Active; holding=Minority; since=10/14/2020 | DealInvestorRelation: PlatON (B",part5_token_company_investor_graph_then_web_search_with_primary_source_priority,investor_router|capability_classification
128,491457-79,Altari Ventures,,,,altariventures.com,altariventures.com,,,,"New York, NY",United States,Venture Capital,,"Early Stage VC, Seed Round","Artificial Intelligence & Machine Learning, B2B Payments, Big Data, FinTech, InsurTech, SaaS","Prefers minority stake, Will syndicate",Altari Ventures Fund I,Venture - General,"Altari Ventures is a venture capital firm based in New York, New York. The firm prefers to invest in early-stage B2B fintech and enterprise SaaS startups focused on data-driven enterprise intelligence, capital markets and asset management technology, cfo tech stack, embedded finance, and decentralized or centralized financial infrastructure convergence sectors.",part5_rule_b_company|source:company_investor_relation|source:deal_investor_relation|source:investor_investment_relation,CompanyInvestorRelation.CompanyID|CompanyInvestorRelation.InvestorID|Deal.CompanyID|DealInvestorRelation.DealID|DealInvestorRelation.InvestorID|InvestorInvestmentRelation.CompanyID|InvestorInvestmentRelation.InvestorID,"Part5 Rule B company investor graph: 1 token companies, 1 deals, 0 funds | source_methods=company_investor_relation,deal_investor_relation,investor_investment_relation | PrimaryInvestorType: Venture Capital | PreferredVerticals: Artificial Intelligence & Machine Learning, B2B Payments, Big Data, FinTech, InsurTech, SaaS | PreferredInvestmentTypes: Early Stage VC, Seed Round | CompanyInvestorRelatio",part5_token_company_investor_graph_then_web_search_with_primary_source_priority,investor_router|capability_classification
129,338612-41,Alternate Ventures,,,Alternate Ventures Pte Ltd,,,,,,"New Castle, DE",United States,Venture Capital,,"Early Stage VC, Later Stage VC, Seed Round","EdTech, TMT","Prefers minority stake, Will syndicate",,,"Founded in 2018, Alternate Ventures is a venture capital investment firm based in New Castle, Delaware.",part5_rule_b_company|source:company_investor_relation|source:deal_investor_relation|source:investor_investment_relation,CompanyInvestorRelation.CompanyID|CompanyInvestorRelation.InvestorID|Deal.CompanyID|DealInvestorRelation.DealID|DealInvestorRelation.InvestorID|InvestorInvestmentRelation.CompanyID|InvestorInvestmentRelation.InvestorID,"Part5 Rule B company investor graph: 1 token companies, 1 deals, 0 funds | source_methods=company_investor_relation,deal_investor_relation,investor_investment_relation | PrimaryInvestorType: Venture Capital | PreferredVerticals: EdTech, TMT | PreferredInvestmentTypes: Early Stage VC, Later Stage VC, Seed Round | CompanyInvestorRelation: Krayon Digital; status=Active; holding=Minority; since=12/02/2",part5_token_company_investor_graph_then_web_search_with_primary_source_priority,investor_router|capability_classification
130,455221-63,Alua Capital,,,Alua Capital Management LP,aluacapital.com,aluacapital.com,,,,"New York, NY",United States,Hedge Fund,,,,,,,"Founded in 2020, Alua Capital is a hedge fund manager based in New York, New York. The firm employs a fundamental & long-short strategy to invest in equities.",part5_rule_b_company|source:company_investor_relation|source:deal_investor_relation|source:investor_investment_relation,CompanyInvestorRelation.CompanyID|CompanyInvestorRelation.InvestorID|Deal.CompanyID|DealInvestorRelation.DealID|DealInvestorRelation.InvestorID|InvestorInvestmentRelation.CompanyID|InvestorInvestmentRelation.InvestorID,"Part5 Rule B company investor graph: 1 token companies, 1 deals, 0 funds | source_methods=company_investor_relation,deal_investor_relation,investor_investment_relation | PrimaryInvestorType: Hedge Fund | CompanyInvestorRelation: Paxos; status=Active; holding=Minority; since=12/16/2020 | DealInvestorRelation: Paxos; deal=161213-59T; date=12/16/2020; type=Later Stage VC; lead=No; fund= | InvestorInve",part5_token_company_investor_graph_then_web_search_with_primary_source_priority,investor_router|capability_classification
131,11109-61,Amadeus Capital Partners,Amadeus,,Amadeus Capital Partners Limited,www.amadeuscapital.com,amadeuscapital.com,,,,"London, United Kingdom",United Kingdom,Venture Capital,"Growth/Expansion, Secondary Buyer","Early Stage VC, Later Stage VC, PE Growth/Expansion, Seed Round","AdTech, Advanced Manufacturing, Artificial Intelligence & Machine Learning, Big Data, CloudTech & DevOps, Cybersecurity, Digital Health, FinTech, HealthTech, Infrastructure, InsurTech, Life Sciences, SaaS, TMT","Prefers minority stake, Will syndicate",Amadeus HII,Venture - General,"Founded in 1997, Amadeus Capital Partners is a venture capital firm based in London, United Kingdom. The firm prefers to invest in intelligence, human, and planet sectors.",part5_rule_b_company|source:company_investor_relation|source:deal_investor_relation|source:investor_investment_relation,CompanyInvestorRelation.CompanyID|CompanyInvestorRelation.InvestorID|Deal.CompanyID|DealInvestorRelation.DealID|DealInvestorRelation.InvestorID|InvestorInvestmentRelation.CompanyID|InvestorInvestmentRelation.InvestorID,"Part5 Rule B company investor graph: 1 token companies, 1 deals, 0 funds | source_methods=company_investor_relation,deal_investor_relation,investor_investment_relation | PrimaryInvestorType: Venture Capital | OtherInvestorTypes: Growth/Expansion, Secondary Buyer | PreferredVerticals: AdTech, Advanced Manufacturing, Artificial Intelligence & Machine Learning, Big Data, CloudTech & DevOps, Cybersecur",part5_token_company_investor_graph_then_web_search_with_primary_source_priority,investor_router|capability_classification
132,463354-48,Amino Collective,,,Amino Collective Management GmbH,www.aminocollective.com,aminocollective.com,,,,"Berlin, Germany",Germany,Venture Capital,,"Early Stage VC, Seed Round","Big Data, Climate Tech, Digital Health, FemTech, HealthTech, Life Sciences","Prefers minority stake, Seeks ESG investments, Seeks Impact investments, Will syndicate",Amino Collective II,Venture Capital - Early Stage,"Founded in 2020, Amino Collective is a venture capital firm based in Berlin, Germany. The firm seeks to invest in biology, biotech, health tech, science, digital health, life science, and synthetic biology sectors.",part5_rule_b_company|source:company_investor_relation|source:deal_investor_relation|source:investor_investment_relation,CompanyInvestorRelation.CompanyID|CompanyInvestorRelation.InvestorID|Deal.CompanyID|DealInvestorRelation.DealID|DealInvestorRelation.InvestorID|InvestorInvestmentRelation.CompanyID|InvestorInvestmentRelation.InvestorID,"Part5 Rule B company investor graph: 1 token companies, 1 deals, 0 funds | source_methods=company_investor_relation,deal_investor_relation,investor_investment_relation | PrimaryInvestorType: Venture Capital | PreferredVerticals: Big Data, Climate Tech, Digital Health, FemTech, HealthTech, Life Sciences | PreferredInvestmentTypes: Early Stage VC, Seed Round | CompanyInvestorRelation: Molecule; statu",part5_token_company_investor_graph_then_web_search_with_primary_source_priority,investor_router|capability_classification
133,436255-03,Anchor Capital GP,,,"Anchor Capital Group, L.L.C.",www.anchorcapitalgp.com,anchorcapitalgp.com,,,,"Dallas, TX",United States,Growth/Expansion,"Other Private Equity, PE-Backed Company, Venture Capital","Later Stage VC, PE Growth/Expansion","Advanced Manufacturing, Artificial Intelligence & Machine Learning, B2B Payments, CleanTech, CloudTech & DevOps, Construction Technology, Cryptocurrency/Blockchain, Digital Health, E-Commerce, EdTech, FemTech, FinTech, FoodTech, Gaming, HealthTech, Internet of Things, Mobility Tech, Mortgage Tech, Real Estate Technology, Restaurant Technology, SaaS","Prefers majority stake, Prefers minority stake",Anchor Capital Growth Fund I,Growth/Expansion,"Founded in 2019, Anchor Capital is a growth and expansion firm based in Dallas, Texas. The firm prefers to invest in companies operating in the Financial Services, Healthcare, information & technology sectors.",part5_rule_b_company|source:company_investor_relation|source:deal_investor_relation|source:investor_investment_relation,CompanyInvestorRelation.CompanyID|CompanyInvestorRelation.InvestorID|Deal.CompanyID|DealInvestorRelation.DealID|DealInvestorRelation.InvestorID|InvestorInvestmentRelation.CompanyID|InvestorInvestmentRelation.InvestorID,"Part5 Rule B company investor graph: 1 token companies, 1 deals, 0 funds | source_methods=company_investor_relation,deal_investor_relation,investor_investment_relation | PrimaryInvestorType: Growth/Expansion | OtherInvestorTypes: Other Private Equity, PE-Backed Company, Venture Capital | PreferredVerticals: Advanced Manufacturing, Artificial Intelligence & Machine Learning, B2B Payments, CleanTech,",part5_token_company_investor_graph_then_web_search_with_primary_source_priority,investor_router|capability_classification
134,224383-69,Andra Capital,,,"Andra Capital, LLC",www.andracapital.com,andracapital.com,,,,"San Francisco, CA",United States,Venture Capital,Growth/Expansion,"Later Stage VC, PE Growth/Expansion","Artificial Intelligence & Machine Learning, CloudTech & DevOps, Cryptocurrency/Blockchain, Cybersecurity, Digital Health, FinTech, HealthTech, Mobile, SaaS, TMT","Prefers minority stake, Will syndicate",Andra Capital Fund,Venture - General,"Founded in 2016, Andra Capital is a venture capital investment firm based in San Francisco, California. The firm seeks to invest in late-stage and growth-stage companies. The firm prefers to invest in artificial intelligence, data and analytics, cloud infrastructure, networking, cybersecurity, fintech, consumer software, business-to-business & business-to-consumer marketplaces, and digital health sectors.",part5_rule_b_company|source:company_investor_relation|source:deal_investor_relation|source:investor_investment_relation,CompanyInvestorRelation.CompanyID|CompanyInvestorRelation.InvestorID|Deal.CompanyID|DealInvestorRelation.DealID|DealInvestorRelation.InvestorID|InvestorInvestmentRelation.CompanyID|InvestorInvestmentRelation.InvestorID,"Part5 Rule B company investor graph: 1 token companies, 1 deals, 0 funds | source_methods=company_investor_relation,deal_investor_relation,investor_investment_relation | PrimaryInvestorType: Venture Capital | OtherInvestorTypes: Growth/Expansion | PreferredVerticals: Artificial Intelligence & Machine Learning, CloudTech & DevOps, Cryptocurrency/Blockchain, Cybersecurity, Digital Health, FinTech, He",part5_token_company_investor_graph_then_web_search_with_primary_source_priority,investor_router|capability_classification
135,105863-23,Andrew Dunn,,,,,,,,,"New York, NY",United States,Angel (individual),,,TMT,"Prefers minority stake, Will syndicate",,,Mr. Andrew Dunn is a Co-Founder of Red Swan Ventures. He is a Co-Founder & serves as a Chief Executive Officer at Pumpkin Pie. He serves as Chairman at Monica + Andy. He serves as an Advisor at Regeneration VC. He also serves as a Board Member at AYR. He served as a Board Member at Interior Define. He holds a B.A. in Economics and History from Northwestern University and has earned an M.B.A. from Stanford University.,part5_rule_b_company|source:company_investor_relation|source:deal_investor_relation|source:investor_investment_relation,CompanyInvestorRelation.CompanyID|CompanyInvestorRelation.InvestorID|Deal.CompanyID|DealInvestorRelation.DealID|DealInvestorRelation.InvestorID|InvestorInvestmentRelation.CompanyID|InvestorInvestmentRelation.InvestorID,"Part5 Rule B company investor graph: 1 token companies, 1 deals, 0 funds | source_methods=company_investor_relation,deal_investor_relation,investor_investment_relation | PrimaryInvestorType: Angel (individual) | PreferredVerticals: TMT | CompanyInvestorRelation: Coinbase Global; status=Former; holding=Minority; since=04/04/2013 | DealInvestorRelation: Coinbase Global; deal=25832-26T; date=04/04/201",part5_token_company_investor_graph_then_web_search_with_primary_source_priority,investor_router|capability_classification
136,500935-78,Angelo Tagliabue,,,,,,,,,,,Angel (individual),,,,,,,Angelo Tagliabue is an Angel Investor.,part5_rule_b_company|source:company_investor_relation|source:deal_investor_relation|source:investor_investment_relation,CompanyInvestorRelation.CompanyID|CompanyInvestorRelation.InvestorID|Deal.CompanyID|DealInvestorRelation.DealID|DealInvestorRelation.InvestorID|InvestorInvestmentRelation.CompanyID|InvestorInvestmentRelation.InvestorID,"Part5 Rule B company investor graph: 1 token companies, 1 deals, 0 funds | source_methods=company_investor_relation,deal_investor_relation,investor_investment_relation | PrimaryInvestorType: Angel (individual) | CompanyInvestorRelation: Molecule; status=Active; holding=Minority; since=06/22/2022 | DealInvestorRelation: Molecule; deal=196016-50T; date=06/22/2022; type=Seed Round; lead=No; fund= | In",part5_token_company_investor_graph_then_web_search_with_primary_source_priority,investor_router|capability_classification
137,105880-24,Anthony Saleh,,,,,,,,,"Los Angeles, CA",United States,Angel (individual),,,TMT,"Prefers minority stake, Will syndicate",,,"Mr. Anthony Saleh serves as General Partner at WndrCo. Mr. Saleh is the Founder and serves as Chief Executive Officer at Emagen Entertainment. He served as a Managing Partner at VCap Investment Group. He served as Advisor at Genius. He served as a Partner at QueensBridge Venture Partners. Previously he served as an Executive Vice President/General Manager at Atom Factory. He draws on over a decade of investing, entertainment and talent management experience to select companies for the QueensBridge portfolio. He manages QBVP's strategic relationships, including co-investment opportunities, with the leading venture capital fund managers in the U.S. According to QBVP's investing strategy, he so",part5_rule_b_company|source:company_investor_relation|source:deal_investor_relation|source:investor_investment_relation,CompanyInvestorRelation.CompanyID|CompanyInvestorRelation.InvestorID|Deal.CompanyID|DealInvestorRelation.DealID|DealInvestorRelation.InvestorID|InvestorInvestmentRelation.CompanyID|InvestorInvestmentRelation.InvestorID,"Part5 Rule B company investor graph: 1 token companies, 1 deals, 0 funds | source_methods=company_investor_relation,deal_investor_relation,investor_investment_relation | PrimaryInvestorType: Angel (individual) | PreferredVerticals: TMT | CompanyInvestorRelation: Coinbase Global; status=Former; holding=Minority; since=12/12/2013 | DealInvestorRelation: Coinbase Global; deal=30253-69T; date=12/12/201",part5_token_company_investor_graph_then_web_search_with_primary_source_priority,investor_router|capability_classification
138,503343-73,Anthony Verdone,,,,,,,,,,,Angel (individual),,,,,,,Anthony Verdone is an Angel Investor.,part5_rule_b_company|source:company_investor_relation|source:deal_investor_relation|source:investor_investment_relation,CompanyInvestorRelation.CompanyID|CompanyInvestorRelation.InvestorID|Deal.CompanyID|DealInvestorRelation.DealID|DealInvestorRelation.InvestorID|InvestorInvestmentRelation.CompanyID|InvestorInvestmentRelation.InvestorID,"Part5 Rule B company investor graph: 1 token companies, 1 deals, 0 funds | source_methods=company_investor_relation,deal_investor_relation,investor_investment_relation | PrimaryInvestorType: Angel (individual) | CompanyInvestorRelation: investFeed; status=Former; holding=Minority; since=11/16/2014 | DealInvestorRelation: investFeed; deal=201330-91T; date=11/16/2014; type=Seed Round; lead=No; fund=",part5_token_company_investor_graph_then_web_search_with_primary_source_priority,investor_router|capability_classification
139,747973-09,Anuj Shankar,,,,,,,,,,,Angel (individual),,,,,,,Mr. Anuj Shankar serves as Angel Investor at Anuj Shankar.,part5_rule_b_company|source:company_investor_relation|source:deal_investor_relation|source:investor_investment_relation,CompanyInvestorRelation.CompanyID|CompanyInvestorRelation.InvestorID|Deal.CompanyID|DealInvestorRelation.DealID|DealInvestorRelation.InvestorID|InvestorInvestmentRelation.CompanyID|InvestorInvestmentRelation.InvestorID,"Part5 Rule B company investor graph: 1 token companies, 1 deals, 0 funds | source_methods=company_investor_relation,deal_investor_relation,investor_investment_relation | PrimaryInvestorType: Angel (individual) | CompanyInvestorRelation: Drosera; status=Active; holding=Minority; since=02/10/2025 | DealInvestorRelation: Drosera; deal=284720-32T; date=02/10/2025; type=Later Stage VC; lead=No; fund= |",part5_token_company_investor_graph_then_web_search_with_primary_source_priority,investor_router|capability_classification
140,484796-44,Aquila Capital Partners,,,,www.aquilavc.com,aquilavc.com,,,,"New York, NY",United States,Venture Capital,,"Early Stage VC, Later Stage VC, Seed Round","Artificial Intelligence & Machine Learning, FinTech, InsurTech, Life Sciences","Prefers minority stake, Will syndicate",,,"Founded in 1998, Aquila Capital Partners is a venture capital firm headquartered in New York, New York. The firm prefers to invest in fintech, insurance tech, artificial intelligence, biotechnology, and direct-to-consumer brands.",part5_rule_b_company|source:company_investor_relation|source:deal_investor_relation|source:investor_investment_relation,CompanyInvestorRelation.CompanyID|CompanyInvestorRelation.InvestorID|Deal.CompanyID|DealInvestorRelation.DealID|DealInvestorRelation.InvestorID|InvestorInvestmentRelation.CompanyID|InvestorInvestmentRelation.InvestorID,"Part5 Rule B company investor graph: 1 token companies, 1 deals, 0 funds | source_methods=company_investor_relation,deal_investor_relation,investor_investment_relation | PrimaryInvestorType: Venture Capital | PreferredVerticals: Artificial Intelligence & Machine Learning, FinTech, InsurTech, Life Sciences | PreferredInvestmentTypes: Early Stage VC, Later Stage VC, Seed Round | CompanyInvestorRelati",part5_token_company_investor_graph_then_web_search_with_primary_source_priority,investor_router|capability_classification
141,57992-41,Arctic Ventures,,,Arctic Capital LLC,arcticventures.vc,arcticventures.vc,,,,"New York, NY",United States,Venture Capital,,"Later Stage VC, Seed Round","AdTech, Artificial Intelligence & Machine Learning, Big Data, Cryptocurrency/Blockchain, E-Commerce, EdTech, Esports, FinTech, Gaming, HealthTech, Impact Investing, Marketing Tech, Mobile Commerce, SaaS, Space Technology, TMT","Prefers minority stake, Will syndicate",Arctic KR,Venture - General,"Founded in 2020, Arctic Ventures is a venture capital firm based in New York, New York. The firm prefers to invest in industries like e-learning, healthcare, financial and, software technology, online gaming, e-commerce, advertising, and marketing. The firm prefers to invest in later-stage and pre-IPO rounds, providing growth capital for great companies located in the United States, Asia, and Europe. This firm is a Registered Investment Adviser (RIA).",part5_rule_b_company|source:company_investor_relation|source:deal_investor_relation|source:investor_investment_relation,CompanyInvestorRelation.CompanyID|CompanyInvestorRelation.InvestorID|Deal.CompanyID|DealInvestorRelation.DealID|DealInvestorRelation.InvestorID|InvestorInvestmentRelation.CompanyID|InvestorInvestmentRelation.InvestorID,"Part5 Rule B company investor graph: 1 token companies, 1 deals, 0 funds | source_methods=company_investor_relation,deal_investor_relation,investor_investment_relation | PrimaryInvestorType: Venture Capital | PreferredVerticals: AdTech, Artificial Intelligence & Machine Learning, Big Data, Cryptocurrency/Blockchain, E-Commerce, EdTech, Esports, FinTech, Gaming, HealthTech, Impact Investing, Marketi",part5_token_company_investor_graph_then_web_search_with_primary_source_priority,investor_router|capability_classification
142,484542-10,Armyn Capital,,,Armyn Capital Limited,www.armyn.capital,armyn.capital,,,,"SoHo, NY",United States,Venture Capital,,"Early Stage VC, Later Stage VC",,Prefers minority stake,,,"Founded in 2020, Armyn Capital is a multi-stage, multi-market investment firm based in New York, New York.",part5_rule_b_company|source:company_investor_relation|source:deal_investor_relation|source:investor_investment_relation,CompanyInvestorRelation.CompanyID|CompanyInvestorRelation.InvestorID|Deal.CompanyID|DealInvestorRelation.DealID|DealInvestorRelation.InvestorID|InvestorInvestmentRelation.CompanyID|InvestorInvestmentRelation.InvestorID,"Part5 Rule B company investor graph: 1 token companies, 1 deals, 0 funds | source_methods=company_investor_relation,deal_investor_relation,investor_investment_relation | PrimaryInvestorType: Venture Capital | PreferredInvestmentTypes: Early Stage VC, Later Stage VC | CompanyInvestorRelation: BitGo; status=Former; holding=Minority; since=08/02/2024 | DealInvestorRelation: BitGo; deal=259341-76T; dat",part5_token_company_investor_graph_then_web_search_with_primary_source_priority,investor_router|capability_classification
143,179595-55,Arthur Britto,,,,,,,,,"Oakland, CA",United States,Angel (individual),,,,,,,"Mr. Arthur Britto is a Co-Founder & serves as President & Board Member at PolySign. Mr. Britto is the Founder of Standard Custody & Trust Company. He is an Angel Investor. He co-founded Ripple and designed the XRP ledger. Ripple has grown to over $30 billion in assets in just 5 years. Prior to Ripple, he served as Chief Executive Officer at Information Access Technologies Inc., one of the first ISPs. He is a renowned technical leader in the digital asset space.",part5_rule_b_company|source:company_investor_relation|source:deal_investor_relation|source:investor_investment_relation,CompanyInvestorRelation.CompanyID|CompanyInvestorRelation.InvestorID|Deal.CompanyID|DealInvestorRelation.DealID|DealInvestorRelation.InvestorID|InvestorInvestmentRelation.CompanyID|InvestorInvestmentRelation.InvestorID,"Part5 Rule B company investor graph: 1 token companies, 1 deals, 0 funds | source_methods=company_investor_relation,deal_investor_relation,investor_investment_relation | PrimaryInvestorType: Angel (individual) | CompanyInvestorRelation: Bitso; status=Active; holding=Minority; since=05/28/2015 | DealInvestorRelation: Bitso; deal=57195-55T; date=05/28/2015; type=Seed Round; lead=No; fund= | InvestorI",part5_token_company_investor_graph_then_web_search_with_primary_source_priority,investor_router|capability_classification
144,494580-43,Ascent Advisors,,,,www.ascentadvisors.org,ascentadvisors.org,,,,"Mumbai, India",India,Corporation,,Merger/Acquisition,,Prefers majority stake,,,"Operator of a consulting firm intended to provide business solutions for early stage start-ups. The company provides consulting services to start-ups focused on blockchain, ai, machine learning, fintech, design-tech, e-commerce, ed-tech, healthcare-tech, insure-tech, real estate, agri-tech, enabling organizations to achieve their goal.",part5_rule_b_company|source:company_investor_relation|source:deal_investor_relation|source:investor_investment_relation,CompanyInvestorRelation.CompanyID|CompanyInvestorRelation.InvestorID|Deal.CompanyID|DealInvestorRelation.DealID|DealInvestorRelation.InvestorID|InvestorInvestmentRelation.CompanyID|InvestorInvestmentRelation.InvestorID,"Part5 Rule B company investor graph: 1 token companies, 1 deals, 0 funds | source_methods=company_investor_relation,deal_investor_relation,investor_investment_relation | PrimaryInvestorType: Corporation | PreferredInvestmentTypes: Merger/Acquisition | CompanyInvestorRelation: Data3 Network; status=Active; holding=Minority; since=04/04/2022 | DealInvestorRelation: Data3 Network; deal=191505-61T; dat",part5_token_company_investor_graph_then_web_search_with_primary_source_priority,investor_router|capability_classification
145,495689-59,Asobisystem,,,"Asobisystem Co., Ltd.",asobisystem.com,asobisystem.com,,,,"Tokyo, Japan",Japan,VC-Backed Company,Corporation,Merger/Acquisition,AdTech,Prefers majority stake,,,"Asobisystem is a entertainment company. The company provide support to content creators of Harajuku, such as fashion, music and lifestyle. It was founded on 5th June, 2007 and headquartered in Shibuya-ku, Japan.",part5_rule_b_company|source:company_investor_relation|source:deal_investor_relation|source:investor_investment_relation,CompanyInvestorRelation.CompanyID|CompanyInvestorRelation.InvestorID|Deal.CompanyID|DealInvestorRelation.DealID|DealInvestorRelation.InvestorID|InvestorInvestmentRelation.CompanyID|InvestorInvestmentRelation.InvestorID,"Part5 Rule B company investor graph: 1 token companies, 1 deals, 0 funds | source_methods=company_investor_relation,deal_investor_relation,investor_investment_relation | PrimaryInvestorType: VC-Backed Company | OtherInvestorTypes: Corporation | PreferredVerticals: AdTech | PreferredInvestmentTypes: Merger/Acquisition | CompanyInvestorRelation: Yoake Entertainment; status=Active; holding=Minority; s",part5_token_company_investor_graph_then_web_search_with_primary_source_priority,investor_router|capability_classification
146,528201-46,Atlant Ventures,,,,www.atlantventures.com,atlantventures.com,,,,"Athens, GA",United States,Venture Capital,,"Early Stage VC, Later Stage VC, Seed Round","Artificial Intelligence & Machine Learning, EdTech, FinTech, SaaS","Prefers minority stake, Will syndicate",,,"Founded in 2020, Atlant Ventures is a venture capital firm based in Athens, Georgia. The firm prefers to invest in financial technology, software as a service, artificial intelligence, and educational technology sectors.",part5_rule_b_company|source:company_investor_relation|source:deal_investor_relation|source:investor_investment_relation,CompanyInvestorRelation.CompanyID|CompanyInvestorRelation.InvestorID|Deal.CompanyID|DealInvestorRelation.DealID|DealInvestorRelation.InvestorID|InvestorInvestmentRelation.CompanyID|InvestorInvestmentRelation.InvestorID,"Part5 Rule B company investor graph: 1 token companies, 1 deals, 0 funds | source_methods=company_investor_relation,deal_investor_relation,investor_investment_relation | PrimaryInvestorType: Venture Capital | PreferredVerticals: Artificial Intelligence & Machine Learning, EdTech, FinTech, SaaS | PreferredInvestmentTypes: Early Stage VC, Later Stage VC, Seed Round | CompanyInvestorRelation: Kraken;",part5_token_company_investor_graph_then_web_search_with_primary_source_priority,investor_router|capability_classification
147,64133-20,Axel Springer Plug and Play Accelerator,"Axel Springer PnP, ASPnP",,Axel Springer Plug and Play Accelerator GmbH,www.axelspringerplugandplay.com,axelspringerplugandplay.com,,,,"Berlin, Germany",Germany,Accelerator/Incubator,,"Accelerator/Incubator, Early Stage VC, Seed Round","SaaS, TMT",,,,"Founded in 2013, Axel Springer Plug and Play Accelerator is an accelerator firm based in Berlin, Germany. The firm prefers to invest in startups operating in the technology sector.",part5_rule_b_company|source:company_investor_relation|source:deal_investor_relation|source:investor_investment_relation,CompanyInvestorRelation.CompanyID|CompanyInvestorRelation.InvestorID|Deal.CompanyID|DealInvestorRelation.DealID|DealInvestorRelation.InvestorID|InvestorInvestmentRelation.CompanyID|InvestorInvestmentRelation.InvestorID,"Part5 Rule B company investor graph: 1 token companies, 1 deals, 0 funds | source_methods=company_investor_relation,deal_investor_relation,investor_investment_relation | PrimaryInvestorType: Accelerator/Incubator | PreferredVerticals: SaaS, TMT | PreferredInvestmentTypes: Accelerator/Incubator, Early Stage VC, Seed Round | CompanyInvestorRelation: SatoshiPay; status=Active; holding=Minority; since=",part5_token_company_investor_graph_then_web_search_with_primary_source_priority,investor_router|capability_classification
148,100200-43,Axiom Holdings,Axiom,At Play Vacations,"Axiom Holdings, Inc.",www.axiomholdings.info,axiomholdings.info,,,,"Orlando, FL",United States,Corporation,Infrastructure,Merger/Acquisition,"Cryptocurrency/Blockchain, FinTech, Industrials, Infrastructure",Prefers majority stake,,,"Axiom Holdings was a power producer and real estate developer. The company developed, build, owned and operated power generation plants and hotels. It seeked to expand its business operations through mergers and acquisitions. The company was acquired by CJC Hong Kong through a reverse merger, resulting in the combined entity trading on the OTC Stock Exchange under the ticker symbol AIOM on December 21, 2016.",part5_rule_b_company|source:company_investor_relation|source:deal_investor_relation|source:investor_investment_relation,CompanyInvestorRelation.CompanyID|CompanyInvestorRelation.InvestorID|Deal.CompanyID|DealInvestorRelation.DealID|DealInvestorRelation.InvestorID|InvestorInvestmentRelation.CompanyID|InvestorInvestmentRelation.InvestorID,"Part5 Rule B company investor graph: 1 token companies, 1 deals, 0 funds | source_methods=company_investor_relation,deal_investor_relation,investor_investment_relation | PrimaryInvestorType: Corporation | OtherInvestorTypes: Infrastructure | PreferredVerticals: Cryptocurrency/Blockchain, FinTech, Industrials, Infrastructure | PreferredInvestmentTypes: Merger/Acquisition | CompanyInvestorRelation: P",part5_token_company_investor_graph_then_web_search_with_primary_source_priority,investor_router|capability_classification
149,592640-47,Aydton Ventures,,,Aydton Ventures Pvt Ltd.,www.adytonventures.com,adytonventures.com,,,,"Bangalore, India",India,Venture Capital,Growth/Expansion,"Early Stage VC, Later Stage VC, PE Growth/Expansion, Seed Round","Advanced Manufacturing, AgTech, Artificial Intelligence & Machine Learning, Augmented Reality, CleanTech, Digital Health, FinTech, Gaming, HealthTech, Manufacturing, Robotics and Drones, TMT","Long-Term Investor, Prefers minority stake, Will syndicate",,,"Founded in 2022, Aydton Ventures is a venture capital firm based in Bangalore, India. The firm seeks to invest in artificial intelligence, machine learning, robotics, blockchain, aviation, power, energy, lifestyle, fashion, manufacturing, healthcare, e-sports, gaming, agriculture technology and finance technology sectors.",part5_rule_b_company|source:company_investor_relation|source:deal_investor_relation|source:investor_investment_relation|lead_investor,CompanyInvestorRelation.CompanyID|CompanyInvestorRelation.InvestorID|Deal.CompanyID|DealInvestorRelation.DealID|DealInvestorRelation.InvestorID|InvestorInvestmentRelation.CompanyID|InvestorInvestmentRelation.InvestorID,"Part5 Rule B company investor graph: 1 token companies, 1 deals, 0 funds | source_methods=company_investor_relation,deal_investor_relation,investor_investment_relation | PrimaryInvestorType: Venture Capital | OtherInvestorTypes: Growth/Expansion | PreferredVerticals: Advanced Manufacturing, AgTech, Artificial Intelligence & Machine Learning, Augmented Reality, CleanTech, Digital Health, FinTech, Ga",part5_token_company_investor_graph_then_web_search_with_primary_source_priority,investor_router|capability_classification
150,403997-32,Ayre Group,,,The Ayre Group,www.ayre.group,ayre.group,,,,"Antigua and Barbuda, Antigua",Antigua,Venture Capital,"PE/Buyout, Real Estate","Buyout/LBO, Early Stage VC, Later Stage VC, Merger/Acquisition, PE Growth/Expansion, Seed Round","Artificial Intelligence & Machine Learning, B2B Payments, Big Data, Cryptocurrency/Blockchain, Cybersecurity, LOHAS & Wellness, Supply Chain Tech","Prefers majority stake, Prefers minority stake, Will syndicate",,,"Founded in 1994, Ayre Group is a venture capital firm based in Antigua and Barbuda, Antigua. The firm prefers to invest in companies operating in technology, real estate, blockchain technology, artificial intelligence, big data, computing, supply chain, payments, data storage and security, travel, leisure, publishing, advertising, finance, healthcare, wellness, and media sectors.",part5_rule_b_company|source:company_investor_relation|source:deal_investor_relation|source:investor_investment_relation,CompanyInvestorRelation.CompanyID|CompanyInvestorRelation.InvestorID|Deal.CompanyID|DealInvestorRelation.DealID|DealInvestorRelation.InvestorID|InvestorInvestmentRelation.CompanyID|InvestorInvestmentRelation.InvestorID,"Part5 Rule B company investor graph: 1 token companies, 1 deals, 0 funds | source_methods=company_investor_relation,deal_investor_relation,investor_investment_relation | PrimaryInvestorType: Venture Capital | OtherInvestorTypes: PE/Buyout, Real Estate | PreferredVerticals: Artificial Intelligence & Machine Learning, B2B Payments, Big Data, Cryptocurrency/Blockchain, Cybersecurity, LOHAS & Wellness,",part5_token_company_investor_graph_then_web_search_with_primary_source_priority,investor_router|capability_classification
151,83319-04,B7,,,"B7, Inc.",www.b7inc.com,b7inc.com,,,,"Rockville, MD",United States,Venture Capital,,"Early Stage VC, Later Stage VC, Seed Round",TMT,"Prefers minority stake, Will syndicate",,,"Founded in 2013, B7 is a venture capital firm based in Rockville, Maryland. The firm prefers to invest in the technology sector.",part5_rule_b_company|source:company_investor_relation|source:deal_investor_relation|source:investor_investment_relation,CompanyInvestorRelation.CompanyID|CompanyInvestorRelation.InvestorID|Deal.CompanyID|DealInvestorRelation.DealID|DealInvestorRelation.InvestorID|InvestorInvestmentRelation.CompanyID|InvestorInvestmentRelation.InvestorID,"Part5 Rule B company investor graph: 1 token companies, 1 deals, 0 funds | source_methods=company_investor_relation,deal_investor_relation,investor_investment_relation | PrimaryInvestorType: Venture Capital | PreferredVerticals: TMT | PreferredInvestmentTypes: Early Stage VC, Later Stage VC, Seed Round | CompanyInvestorRelation: Hearti; status=Former; holding=Minority; since=05/05/2020 | DealInvest",part5_token_company_investor_graph_then_web_search_with_primary_source_priority,investor_router|capability_classification
152,111154-96,Babak Yazdani,,,,,,,,,"San Francisco, CA",United States,Angel (individual),,"Angel (individual), Early Stage VC, Seed Round",TMT,"Prefers minority stake, Will syndicate",,,"Mr. Babak Yazdani is a Co-Founder & serves as Managing Partner at Cota Capital. Mr. Yazdani serves as Board Member at Cast AI, Vave and Atomathic. He is a Co-Founder of Compliance.ai. He serves as Board Member at Orchestro.ai. He served as Board Member at Bossa Nova. He serves as Board Member at Eino. He served as Board Member at Capella Space. He co-founded PassBan. He also serves as a Board Member at Fortify, Platform9, and Smartfrog Group. He serves as a Board Member & Advisor at Esper. He served as a Board Member at Rollbar and Darkstore. He serves as a Board Member at RecVue, Monica + Andy, SiTune, Movandi, CellFENeural Propulsion Systems, Cloudleaf, Probius, and Canary. He served as Ex",part5_rule_b_company|source:company_investor_relation|source:deal_investor_relation|source:investor_investment_relation,CompanyInvestorRelation.CompanyID|CompanyInvestorRelation.InvestorID|Deal.CompanyID|DealInvestorRelation.DealID|DealInvestorRelation.InvestorID|InvestorInvestmentRelation.CompanyID|InvestorInvestmentRelation.InvestorID,"Part5 Rule B company investor graph: 1 token companies, 1 deals, 0 funds | source_methods=company_investor_relation,deal_investor_relation,investor_investment_relation | PrimaryInvestorType: Angel (individual) | PreferredVerticals: TMT | PreferredInvestmentTypes: Angel (individual), Early Stage VC, Seed Round | CompanyInvestorRelation: PayStand; status=Active; holding=Minority; since=05/11/2016 | D",part5_token_company_investor_graph_then_web_search_with_primary_source_priority,investor_router|capability_classification
153,233381-17,Bakkt Holdings,,,"Bakkt Holdings, Inc.",www.bakkt.com,bakkt.com,,NYS,BKKT,"Alpharetta, GA",United States,Corporation,,"Early Stage VC, Later Stage VC, Merger/Acquisition","FinTech, TMT",Prefers majority stake,,,"Bakkt Holdings operates technology that connects the digital economy by offering a platform for crypto and redeeming loyalty points. Its institutional-grade technology platform provides a custody solution that caters to more experienced market participants to store crypto and provides consumers, businesses, and institutions with the ability to buy, sell, and store crypto in a simple, intuitive digital experience accessed via application programming interfaces (APIs) or embedded web experience and loyalty offers a full spectrum of content that clients can make available to its customers when redeeming loyalty currencies. It generates revenue in the form of subscription and service and transac",part5_rule_b_company|source:company_investor_relation|source:deal_investor_relation|source:investor_investment_relation,CompanyInvestorRelation.CompanyID|CompanyInvestorRelation.InvestorID|Deal.CompanyID|DealInvestorRelation.DealID|DealInvestorRelation.InvestorID|InvestorInvestmentRelation.CompanyID|InvestorInvestmentRelation.InvestorID,"Part5 Rule B company investor graph: 1 token companies, 1 deals, 0 funds | source_methods=company_investor_relation,deal_investor_relation,investor_investment_relation | PrimaryInvestorType: Corporation | PreferredVerticals: FinTech, TMT | PreferredInvestmentTypes: Early Stage VC, Later Stage VC, Merger/Acquisition | CompanyInvestorRelation: Coinbase Global; status=Former; holding=Minority; since=0",part5_token_company_investor_graph_then_web_search_with_primary_source_priority,investor_router|capability_classification
154,54967-15,BAM Elevate,,,,bamelevate.com,bamelevate.com,Balyasny Asset Management,,,"New York, NY",United States,Growth/Expansion,"Hedge Fund, Venture Capital","IPO, Later Stage VC, PE Growth/Expansion, Secondary Transaction - Private",,"Long-Term Investor, Seeks ESG investments, Seeks Impact investments",,,"Founded in 2001, BAM Elevate is a growth/expansion firm based in New York, New York. The firm seeks to invest in growth-stage and later-stage companies and focuses on building industry-leading technology platforms, conducting deep fundamental research, and applying quantitative research techniques. The firm also manages hedge funds. This firm is a Registered Investment Adviser (RIA).",part5_rule_b_company|source:company_investor_relation|source:deal_investor_relation|source:investor_investment_relation,CompanyInvestorRelation.CompanyID|CompanyInvestorRelation.InvestorID|Deal.CompanyID|DealInvestorRelation.DealID|DealInvestorRelation.InvestorID|InvestorInvestmentRelation.CompanyID|InvestorInvestmentRelation.InvestorID,"Part5 Rule B company investor graph: 1 token companies, 1 deals, 0 funds | source_methods=company_investor_relation,deal_investor_relation,investor_investment_relation | PrimaryInvestorType: Growth/Expansion | OtherInvestorTypes: Hedge Fund, Venture Capital | PreferredInvestmentTypes: IPO, Later Stage VC, PE Growth/Expansion, Secondary Transaction - Private | CompanyInvestorRelation: Coinbase Globa",part5_token_company_investor_graph_then_web_search_with_primary_source_priority,investor_router|capability_classification
155,11549-98,Banco Bilbao Vizcaya Argentaria,BBVA,Banco de Bilbao,Banco Bilbao Vizcaya Argentaria SA,www.bbva.com,bbva.com,,MAD,BBVA,"Bilbao, Spain",Spain,Corporation,,Merger/Acquisition,,Prefers majority stake,,,"Despite its Spanish origins, Banco Bilbao Vizcaya Argentaria generates only around one-fourth of its profits in Spain. We expect that on a normalized basis, BBVA's market-leading Mexican bank should contribute half of its earnings, while its Turkish operation should account for another 15%. The balance of BBVA's earnings comes from smaller operations in South America. BBVA is overwhelmingly a retail and commercial bank, with corporate and investment banking forming a minor part of the overall business. BBVA also offers insurance and investment products through its banking networks.",part5_rule_b_company|source:company_investor_relation|source:deal_investor_relation|source:investor_investment_relation,CompanyInvestorRelation.CompanyID|CompanyInvestorRelation.InvestorID|Deal.CompanyID|DealInvestorRelation.DealID|DealInvestorRelation.InvestorID|InvestorInvestmentRelation.CompanyID|InvestorInvestmentRelation.InvestorID,"Part5 Rule B company investor graph: 1 token companies, 1 deals, 0 funds | source_methods=company_investor_relation,deal_investor_relation,investor_investment_relation | PrimaryInvestorType: Corporation | PreferredInvestmentTypes: Merger/Acquisition | CompanyInvestorRelation: Coinbase Global; status=Former; holding=Minority; since=08/21/2017 | DealInvestorRelation: Coinbase Global; deal=88669-45T;",part5_token_company_investor_graph_then_web_search_with_primary_source_priority,investor_router|capability_classification
156,10091-08,Bank of America,BofA,"NationsBank, BankAmerica Corp","Bank of America, N.A.",www.bankofamerica.com,bankofamerica.com,,NYS,BAC,"Charlotte, NC",United States,Investment Bank,,,"B2B Payments, FinTech, Industrials, Internet of Things, Mobile Commerce, SaaS, TMT","Seeks ESG investments, Seeks Impact investments",Inter Resia Development Opportunity I,Real Estate Opportunistic,"Founded in 1998, Bank of America is an Investment Bank based in Charlotte, United States. The firm offers banking, investing, asset management, and other financial and risk management products and services.",part5_rule_b_company|source:company_investor_relation|source:deal_investor_relation|source:investor_investment_relation,CompanyInvestorRelation.CompanyID|CompanyInvestorRelation.InvestorID|Deal.CompanyID|DealInvestorRelation.DealID|DealInvestorRelation.InvestorID|InvestorInvestmentRelation.CompanyID|InvestorInvestmentRelation.InvestorID,"Part5 Rule B company investor graph: 1 token companies, 1 deals, 0 funds | source_methods=company_investor_relation,deal_investor_relation,investor_investment_relation | PrimaryInvestorType: Investment Bank | PreferredVerticals: B2B Payments, FinTech, Industrials, Internet of Things, Mobile Commerce, SaaS, TMT | CompanyInvestorRelation: Paxos; status=Active; holding=Minority; since=04/29/2021 | Dea",part5_token_company_investor_graph_then_web_search_with_primary_source_priority,investor_router|capability_classification
157,10301-14,Bank of New York Mellon,BNY,The Bank of New York,Bank of New York Mellon Corp,www.bny.com,bny.com,,NYS,BK,"New York, NY",United States,Asset Manager,"Accelerator/Incubator, Hedge Fund",,"FinTech, Industrials, Manufacturing, TMT",,BNY BioTech II,Buyout,"Founded in 1784, BNY Mellon is a hedge fund manager based in New York, New York. The firm also offers a range of services including alternative investment services, asset servicing, collateral management and segregation, corporate trust, depositary receipts, investment management, liquidity services, perishing clearing services, securities finance, treasury services, and wealth management among others. This firm is a Registered Investment Adviser (RIA).",part5_rule_b_company|source:company_investor_relation|source:deal_investor_relation|source:investor_investment_relation,CompanyInvestorRelation.CompanyID|CompanyInvestorRelation.InvestorID|Deal.CompanyID|DealInvestorRelation.DealID|DealInvestorRelation.InvestorID|InvestorInvestmentRelation.CompanyID|InvestorInvestmentRelation.InvestorID,"Part5 Rule B company investor graph: 1 token companies, 1 deals, 0 funds | source_methods=company_investor_relation,deal_investor_relation,investor_investment_relation | PrimaryInvestorType: Asset Manager | OtherInvestorTypes: Accelerator/Incubator, Hedge Fund | PreferredVerticals: FinTech, Industrials, Manufacturing, TMT | CompanyInvestorRelation: Digital Asset; status=Active; holding=Minority; si",part5_token_company_investor_graph_then_web_search_with_primary_source_priority,investor_router|capability_classification
158,491376-34,BCBS Health Equity Business Accelerator,,,,,,Blue Cross Blue Shield of Massachusetts,,,"Boston, MA",United States,Accelerator/Incubator,VC-Backed Company,"Accelerator/Incubator, Early Stage VC, Seed Round",,"Prefers minority stake, Will syndicate",,,"BCBS Health Equity Business Accelerator is an accelerator based in Boston, Massachusetts. The firm focuses on the healthcare services and solutions sector.",part5_rule_b_company|source:company_investor_relation|source:deal_investor_relation|source:investor_investment_relation,CompanyInvestorRelation.CompanyID|CompanyInvestorRelation.InvestorID|Deal.CompanyID|DealInvestorRelation.DealID|DealInvestorRelation.InvestorID|InvestorInvestmentRelation.CompanyID|InvestorInvestmentRelation.InvestorID,"Part5 Rule B company investor graph: 1 token companies, 1 deals, 0 funds | source_methods=company_investor_relation,deal_investor_relation,investor_investment_relation | PrimaryInvestorType: Accelerator/Incubator | OtherInvestorTypes: VC-Backed Company | PreferredInvestmentTypes: Accelerator/Incubator, Early Stage VC, Seed Round | CompanyInvestorRelation: Patientory; status=Active; holding=; since=",part5_token_company_investor_graph_then_web_search_with_primary_source_priority,investor_router|capability_classification
159,465509-44,BCP Ventures,,,"BCP Ventures, LLC",bcp.capital,bcp.capital,,,,"Dover, DE",United States,Venture Capital,,"Early Stage VC, Later Stage VC, Seed Round","AgTech, CleanTech, Cryptocurrency/Blockchain, FoodTech, Impact Investing, Industrials, Infrastructure","Prefers minority stake, Seeks Impact investments, Will syndicate",BCP Blitz Fund,Venture - General,"Founded in 2021, BCP Ventures is a venture capital firm based in Dover, Delaware. The firm seeks to invest across software, hardware, blockchain, edge networks, artificial intelligence, and agtech sectors.",part5_rule_b_company|source:company_investor_relation|source:deal_investor_relation|source:investor_investment_relation,CompanyInvestorRelation.CompanyID|CompanyInvestorRelation.InvestorID|Deal.CompanyID|DealInvestorRelation.DealID|DealInvestorRelation.InvestorID|InvestorInvestmentRelation.CompanyID|InvestorInvestmentRelation.InvestorID,"Part5 Rule B company investor graph: 1 token companies, 1 deals, 0 funds | source_methods=company_investor_relation,deal_investor_relation,investor_investment_relation | PrimaryInvestorType: Venture Capital | PreferredVerticals: AgTech, CleanTech, Cryptocurrency/Blockchain, FoodTech, Impact Investing, Industrials, Infrastructure | PreferredInvestmentTypes: Early Stage VC, Later Stage VC, Seed Round",part5_token_company_investor_graph_then_web_search_with_primary_source_priority,investor_router|capability_classification
160,1232041-96,Beijing Junheng Private Equity Fund Management,,,"Beijing Junheng Private Equity Fund Management Co., Ltd.",,,,,,"Beijing, China",China,Venture Capital,,"Early Stage VC, Later Stage VC, Seed Round",,"Prefers minority stake, Will syndicate",,,"Founded in 2015, Beijing Junheng Private Equity Fund Management is a venture capital firm based in Beijing, China.",part5_rule_b_company|source:company_investor_relation|source:deal_investor_relation|source:investor_investment_relation,CompanyInvestorRelation.CompanyID|CompanyInvestorRelation.InvestorID|Deal.CompanyID|DealInvestorRelation.DealID|DealInvestorRelation.InvestorID|InvestorInvestmentRelation.CompanyID|InvestorInvestmentRelation.InvestorID,"Part5 Rule B company investor graph: 1 token companies, 1 deals, 0 funds | source_methods=company_investor_relation,deal_investor_relation,investor_investment_relation | PrimaryInvestorType: Venture Capital | PreferredInvestmentTypes: Early Stage VC, Later Stage VC, Seed Round | CompanyInvestorRelation: Hashstacs; status=Active; holding=Minority; since=02/08/2021 | DealInvestorRelation: Hashstacs;",part5_token_company_investor_graph_then_web_search_with_primary_source_priority,investor_router|capability_classification
161,166295-26,Benjamin Fischman,,,,,,,,,"Boston, MA",United States,Angel (individual),,"Angel (individual), Early Stage VC, Seed Round",,"Prefers minority stake, Will syndicate",,,"Mr. Benjamin Fischman is a Co-Founder and serves as Co-Chief Executive Officer & Chairman at M.Gemi. Mr. Fischman serves as Board Member at Singuli. He is a Co-Founder of Team Launch. He served as a Board member at Rockets of Awesome, Brunt Workwear. He Co-Founded Lids. He served as the President of Affinity Health Care Management. He has been the President and Chief Executive Officer of Retail Convergence.com LP and SmartBargains Inc. since September 13, 2005. He serves as Chairman and Chief Executive Officer of Retail Convergence, Inc. He is the Founder and also serves as Chief Executive Officer at Rue La La, a part of Retail Convergence Inc. (RCI), a GSI Commerce, Inc. He served as Vice P",part5_rule_b_company|source:company_investor_relation|source:deal_investor_relation|source:investor_investment_relation,CompanyInvestorRelation.CompanyID|CompanyInvestorRelation.InvestorID|Deal.CompanyID|DealInvestorRelation.DealID|DealInvestorRelation.InvestorID|InvestorInvestmentRelation.CompanyID|InvestorInvestmentRelation.InvestorID,"Part5 Rule B company investor graph: 1 token companies, 1 deals, 0 funds | source_methods=company_investor_relation,deal_investor_relation,investor_investment_relation | PrimaryInvestorType: Angel (individual) | PreferredInvestmentTypes: Angel (individual), Early Stage VC, Seed Round | CompanyInvestorRelation: PIN AI; status=Active; holding=Minority; since=09/09/2024 | DealInvestorRelation: PIN AI;",part5_token_company_investor_graph_then_web_search_with_primary_source_priority,investor_router|capability_classification
162,481924-81,Big Data Protocol,,,,www.bigdataprotocol.com,bigdataprotocol.com,,,,"New York, NY",United States,Corporation,,Merger/Acquisition,,Prefers majority stake,,,"Developer of a liquid marketplace for commercially valuable data designed to source commercially valuable data from professional data providers, tokenize it and make it liquid. The company's platform tokenizes commercially valuable data through a network of professional data providers and makes the data token liquid, and lets users earn data by providing liquidity to data tokens.",part5_rule_b_company|source:company_investor_relation|source:deal_investor_relation|source:investor_investment_relation,CompanyInvestorRelation.CompanyID|CompanyInvestorRelation.InvestorID|Deal.CompanyID|DealInvestorRelation.DealID|DealInvestorRelation.InvestorID|InvestorInvestmentRelation.CompanyID|InvestorInvestmentRelation.InvestorID,"Part5 Rule B company investor graph: 1 token companies, 1 deals, 0 funds | source_methods=company_investor_relation,deal_investor_relation,investor_investment_relation | PrimaryInvestorType: Corporation | PreferredInvestmentTypes: Merger/Acquisition | CompanyInvestorRelation: Swash; status=Active; holding=Minority; since=10/11/2021 | DealInvestorRelation: Swash; deal=180762-04T; date=10/11/2021; ty",part5_token_company_investor_graph_then_web_search_with_primary_source_priority,investor_router|capability_classification
163,718951-69,Bitbank Ventures,,,Bitbank Ventures LLC,ventures.bitbank.cc,ventures.bitbank.cc,bitbank,,,"Tokyo, Japan",Japan,Corporate Venture Capital,,"Early Stage VC, Seed Round",Cryptocurrency/Blockchain,"Prefers minority stake, Will syndicate",,,"Founded in 2024, Bitbank Ventures is the venture capital arm of Bitbank, based in Tokyo, Japan. The firm seeks to invest in pre-seed to series A-stage companies and projects operating in the cryptocurrency sector through equity and tokens.",part5_rule_b_company|source:company_investor_relation|source:deal_investor_relation|source:investor_investment_relation,CompanyInvestorRelation.CompanyID|CompanyInvestorRelation.InvestorID|Deal.CompanyID|DealInvestorRelation.DealID|DealInvestorRelation.InvestorID|InvestorInvestmentRelation.CompanyID|InvestorInvestmentRelation.InvestorID,"Part5 Rule B company investor graph: 1 token companies, 1 deals, 0 funds | source_methods=company_investor_relation,deal_investor_relation,investor_investment_relation | PrimaryInvestorType: Corporate Venture Capital | PreferredVerticals: Cryptocurrency/Blockchain | PreferredInvestmentTypes: Early Stage VC, Seed Round | CompanyInvestorRelation: Yoake Entertainment; status=Active; holding=Minority;",part5_token_company_investor_graph_then_web_search_with_primary_source_priority,investor_router|capability_classification
164,656116-03,BlackBridge,,,,blackbridgefurnishings.co.uk,blackbridgefurnishings.co.uk,,,,United Kingdom,United Kingdom,Venture Capital,,"Early Stage VC, Later Stage VC, Seed Round",Cryptocurrency/Blockchain,"Prefers minority stake, Will syndicate",,,BlackBridge is a venture capital firm based in the United Kingdom. The firm seeks to invest in the crypto and blockchain sectors.,part5_rule_b_company|source:company_investor_relation|source:deal_investor_relation|source:investor_investment_relation,CompanyInvestorRelation.CompanyID|CompanyInvestorRelation.InvestorID|Deal.CompanyID|DealInvestorRelation.DealID|DealInvestorRelation.InvestorID|InvestorInvestmentRelation.CompanyID|InvestorInvestmentRelation.InvestorID,"Part5 Rule B company investor graph: 1 token companies, 1 deals, 0 funds | source_methods=company_investor_relation,deal_investor_relation,investor_investment_relation | PrimaryInvestorType: Venture Capital | PreferredVerticals: Cryptocurrency/Blockchain | PreferredInvestmentTypes: Early Stage VC, Later Stage VC, Seed Round | CompanyInvestorRelation: BTA Protocol; status=Former; holding=Minority; s",part5_token_company_investor_graph_then_web_search_with_primary_source_priority,investor_router|capability_classification
165,519570-19,Blockchain Founders Capital,,,Blockchain Founders Capital Management GmbH,www.bfc.vc,bfc.vc,,,,"Neustadt, Germany",Germany,Venture Capital,,"Early Stage VC, Seed Round","AdTech, Advanced Manufacturing, Artificial Intelligence & Machine Learning, Augmented Reality, B2B Payments, CleanTech, Climate Tech, CloudTech & DevOps, Cryptocurrency/Blockchain, Cybersecurity, Digital Health, E-Commerce, FinTech, Gaming, Impact Investing, InsurTech, Internet of Things, Legal Tech, Marketing Tech, Robotics and Drones, Space Technology, Supply Chain Tech, TMT, Virtual Reality, Wearables & Quantified Self","Prefers minority stake, Will syndicate",,,"Founded in 2022, Blockchain Founders Capital is a venture capital investment firm headquartered in Neustadt, Germany. The firm seeks to invest in pre-seed and seed-stage web3 companies.",part5_rule_b_company|source:company_investor_relation|source:deal_investor_relation|source:investor_investment_relation,CompanyInvestorRelation.CompanyID|CompanyInvestorRelation.InvestorID|Deal.CompanyID|DealInvestorRelation.DealID|DealInvestorRelation.InvestorID|InvestorInvestmentRelation.CompanyID|InvestorInvestmentRelation.InvestorID,"Part5 Rule B company investor graph: 1 token companies, 1 deals, 0 funds | source_methods=company_investor_relation,deal_investor_relation,investor_investment_relation | PrimaryInvestorType: Venture Capital | PreferredVerticals: AdTech, Advanced Manufacturing, Artificial Intelligence & Machine Learning, Augmented Reality, B2B Payments, CleanTech, Climate Tech, CloudTech & DevOps, Cryptocurrency/Blo",part5_token_company_investor_graph_then_web_search_with_primary_source_priority,investor_router|capability_classification
166,118842-13,Blockchain Technologies,BTC,,Blockchain Technologies Corp.,www.blockchaintechcorp.com,blockchaintechcorp.com,,,,"New York, NY",United States,Accelerator/Incubator,,Accelerator/Incubator,,,,,"Founded in 2014, Blockchain Technologies was an incubator firm based in New York, New York.",part5_rule_b_company|source:company_investor_relation|source:deal_investor_relation|source:investor_investment_relation,CompanyInvestorRelation.CompanyID|CompanyInvestorRelation.InvestorID|Deal.CompanyID|DealInvestorRelation.DealID|DealInvestorRelation.InvestorID|InvestorInvestmentRelation.CompanyID|InvestorInvestmentRelation.InvestorID,"Part5 Rule B company investor graph: 1 token companies, 1 deals, 0 funds | source_methods=company_investor_relation,deal_investor_relation,investor_investment_relation | PrimaryInvestorType: Accelerator/Incubator | PreferredInvestmentTypes: Accelerator/Incubator | CompanyInvestorRelation: Bitso; status=Former; holding=Minority; since=05/13/2016 | DealInvestorRelation: Bitso; deal=69608-98T; date=05",part5_token_company_investor_graph_then_web_search_with_primary_source_priority,investor_router|capability_classification
167,754512-58,Bluebox Capital,,,,blueboxcapital.co.uk,blueboxcapital.co.uk,,,,"London, United Kingdom",United Kingdom,Venture Capital,,"Early Stage VC, Seed Round",,"Prefers minority stake, Will syndicate",,,"Founded in 2021, Bluebox Capital is a venture capital firm based in London, United Kingdom. The firm seeks to invest in the technology sector in the United Kingdom.",part5_rule_b_company|source:company_investor_relation|source:deal_investor_relation|source:investor_investment_relation,CompanyInvestorRelation.CompanyID|CompanyInvestorRelation.InvestorID|Deal.CompanyID|DealInvestorRelation.DealID|DealInvestorRelation.InvestorID|InvestorInvestmentRelation.CompanyID|InvestorInvestmentRelation.InvestorID,"Part5 Rule B company investor graph: 1 token companies, 1 deals, 0 funds | source_methods=company_investor_relation,deal_investor_relation,investor_investment_relation | PrimaryInvestorType: Venture Capital | PreferredInvestmentTypes: Early Stage VC, Seed Round | CompanyInvestorRelation: Quant; status=Active; holding=Minority; since= | DealInvestorRelation: Quant; deal=298416-34T; date=; type=Later",part5_token_company_investor_graph_then_web_search_with_primary_source_priority,investor_router|capability_classification
168,731581-93,Bluepalm Capital Partners,,,,www.bluepalm.fund,bluepalm.fund,,,,,United States,Asset Manager,"Lender/Debt Provider, PE/Buyout, Real Estate, Venture Capital","Early Stage VC, Later Stage VC, Seed Round",Cryptocurrency/Blockchain,"Prefers minority stake, Will syndicate",,,Bluepalm Capital Partners is an asset manager based in the United States.,part5_rule_b_company|source:company_investor_relation|source:deal_investor_relation|source:investor_investment_relation,CompanyInvestorRelation.CompanyID|CompanyInvestorRelation.InvestorID|Deal.CompanyID|DealInvestorRelation.DealID|DealInvestorRelation.InvestorID|InvestorInvestmentRelation.CompanyID|InvestorInvestmentRelation.InvestorID,"Part5 Rule B company investor graph: 1 token companies, 1 deals, 0 funds | source_methods=company_investor_relation,deal_investor_relation,investor_investment_relation | PrimaryInvestorType: Asset Manager | OtherInvestorTypes: Lender/Debt Provider, PE/Buyout, Real Estate, Venture Capital | PreferredVerticals: Cryptocurrency/Blockchain | PreferredInvestmentTypes: Early Stage VC, Later Stage VC, Seed",part5_token_company_investor_graph_then_web_search_with_primary_source_priority,investor_router|capability_classification
169,105970-24,Bobby Goodlatte,,,,,,,,,"San Francisco, CA",United States,Angel (individual),,,TMT,,,,"Mr. Bobby Goodlatte is a Co-Founder of Form Capital. He serves as Designer-in-Residence at Greylock Partners. He works with the consumer investing team to find and invest in early-stage companies, then supports those companies on design initiatives ranging from prototyping to design recruiting. He has been an angel investor in more than 20 startups. He started his career as a product designer for Facebook, where he led design for user growth (2008-2010), Facebook Chat (2008), and Facebook Photos (2011-2012). His work on user growth mechanics in 2008 substantially boosted Facebook's registration and retention rates. He has spoken on the topic of growth mechanics at several international desig",part5_rule_b_company|source:company_investor_relation|source:deal_investor_relation|source:investor_investment_relation,CompanyInvestorRelation.CompanyID|CompanyInvestorRelation.InvestorID|Deal.CompanyID|DealInvestorRelation.DealID|DealInvestorRelation.InvestorID|InvestorInvestmentRelation.CompanyID|InvestorInvestmentRelation.InvestorID,"Part5 Rule B company investor graph: 1 token companies, 1 deals, 0 funds | source_methods=company_investor_relation,deal_investor_relation,investor_investment_relation | PrimaryInvestorType: Angel (individual) | PreferredVerticals: TMT | CompanyInvestorRelation: Coinbase Global; status=Former; holding=Minority; since=04/04/2013 | DealInvestorRelation: Coinbase Global; deal=25832-26T; date=04/04/201",part5_token_company_investor_graph_then_web_search_with_primary_source_priority,investor_router|capability_classification
170,168738-04,Bokwang Venture Capital,Bokwang,,,,,,,,"Seoul, South Korea",South Korea,Venture Capital,,"Early Stage VC, Later Stage VC, Seed Round","AudioTech, Cryptocurrency/Blockchain, FinTech, Mobile","Prefers minority stake, Will syndicate",,,"Founded in 2012, Bokwang Venture Capital is a venture capital investment firm based in Seoul, South Korea. The firm seeks to invest in companies operating in the mobile, music, blockchain, and fintech sectors.",part5_rule_b_company|source:company_investor_relation|source:deal_investor_relation|source:investor_investment_relation,CompanyInvestorRelation.CompanyID|CompanyInvestorRelation.InvestorID|Deal.CompanyID|DealInvestorRelation.DealID|DealInvestorRelation.InvestorID|InvestorInvestmentRelation.CompanyID|InvestorInvestmentRelation.InvestorID,"Part5 Rule B company investor graph: 1 token companies, 1 deals, 0 funds | source_methods=company_investor_relation,deal_investor_relation,investor_investment_relation | PrimaryInvestorType: Venture Capital | PreferredVerticals: AudioTech, Cryptocurrency/Blockchain, FinTech, Mobile | PreferredInvestmentTypes: Early Stage VC, Later Stage VC, Seed Round | CompanyInvestorRelation: CP Labs; status=Acti",part5_token_company_investor_graph_then_web_search_with_primary_source_priority,investor_router|capability_classification
171,483317-83,Bool Capital,,,Bool Capital GmbH,bool.capital,bool.capital,,,,"Berlin, Germany",Germany,Family Office,,"Early Stage VC, Later Stage VC, Seed Round","CloudTech & DevOps, Cybersecurity, SaaS, TMT","Prefers minority stake, Will syndicate",,,"Bool Capital is a family office firm based in Bohl-Iggelheim, Germany. The firm prefers to invest in cloud infrastructure and the cybersecurity space technology sector.",part5_rule_b_company|source:company_investor_relation|source:deal_investor_relation|source:investor_investment_relation,CompanyInvestorRelation.CompanyID|CompanyInvestorRelation.InvestorID|Deal.CompanyID|DealInvestorRelation.DealID|DealInvestorRelation.InvestorID|InvestorInvestmentRelation.CompanyID|InvestorInvestmentRelation.InvestorID,"Part5 Rule B company investor graph: 1 token companies, 1 deals, 0 funds | source_methods=company_investor_relation,deal_investor_relation,investor_investment_relation | PrimaryInvestorType: Family Office | PreferredVerticals: CloudTech & DevOps, Cybersecurity, SaaS, TMT | PreferredInvestmentTypes: Early Stage VC, Later Stage VC, Seed Round | CompanyInvestorRelation: Molecule; status=Active; holdin",part5_token_company_investor_graph_then_web_search_with_primary_source_priority,investor_router|capability_classification
172,223960-33,Boom Capital Ventures,,,"Boom Capital Management, LLC",www.boomcap.co,boomcap.co,,,,"San Francisco, CA",United States,Venture Capital,,"Early Stage VC, Seed Round","Artificial Intelligence & Machine Learning, HealthTech","Prefers minority stake, Will syndicate",Boom Capital Fund II,Venture - General,"Founded in 2017, Boom Capital Ventures is a venture capital firm based in San Francisco, California. The firm seeks to invest in healthcare, genomics, machine intelligence, aerospace, and new chemistries sectors.",part5_rule_b_company|source:company_investor_relation|source:deal_investor_relation|source:investor_investment_relation,CompanyInvestorRelation.CompanyID|CompanyInvestorRelation.InvestorID|Deal.CompanyID|DealInvestorRelation.DealID|DealInvestorRelation.InvestorID|InvestorInvestmentRelation.CompanyID|InvestorInvestmentRelation.InvestorID,"Part5 Rule B company investor graph: 1 token companies, 1 deals, 0 funds | source_methods=company_investor_relation,deal_investor_relation,investor_investment_relation | PrimaryInvestorType: Venture Capital | PreferredVerticals: Artificial Intelligence & Machine Learning, HealthTech | PreferredInvestmentTypes: Early Stage VC, Seed Round | CompanyInvestorRelation: Molecule; status=Active; holding=Mi",part5_token_company_investor_graph_then_web_search_with_primary_source_priority,investor_router|capability_classification
173,438163-39,Boson Protocol,,,BVoucher Ltd,www.bosonprotocol.io,bosonprotocol.io,,,,"Singapore, Singapore",Singapore,VC-Backed Company,,"Early Stage VC, Later Stage VC, Merger/Acquisition",,Prefers majority stake,,,"Developer a web-three commerce layer blockchain protocol designed to exchange digital value for real-world products. The company's protocol eliminates intermediaries and minimizes arbitration and rent extraction by tokenizing future commitments to trade as non-fungible token (NFT) vouchers, which are governed by a dynamic game, enabling clients with contracts to execute real-world commercial transactions reliably and autonomously.",part5_rule_b_company|source:company_investor_relation|source:deal_investor_relation|source:investor_investment_relation,CompanyInvestorRelation.CompanyID|CompanyInvestorRelation.InvestorID|Deal.CompanyID|DealInvestorRelation.DealID|DealInvestorRelation.InvestorID|InvestorInvestmentRelation.CompanyID|InvestorInvestmentRelation.InvestorID,"Part5 Rule B company investor graph: 1 token companies, 1 deals, 0 funds | source_methods=company_investor_relation,deal_investor_relation,investor_investment_relation | PrimaryInvestorType: VC-Backed Company | PreferredInvestmentTypes: Early Stage VC, Later Stage VC, Merger/Acquisition | CompanyInvestorRelation: Swash; status=Active; holding=Minority; since=10/11/2021 | DealInvestorRelation: Swash",part5_token_company_investor_graph_then_web_search_with_primary_source_priority,investor_router|capability_classification
174,221901-67,Bouaziz and Partners,,,,www.bouazizpartners.com,bouazizpartners.com,,,,"Paris, France",France,Family Office,Venture Capital,"Early Stage VC, Later Stage VC, Seed Round","Big Data, Internet of Things, Mobile, Mobile Commerce, SaaS, TMT","Prefers minority stake, Will lead on a deal, Will syndicate",,,"Founded in 2015, Bouaziz and Partners is a family office based in Paris, France. The firm seeks to make investments in seed to series A companies and has a preference for technology startups.",part5_rule_b_company|source:company_investor_relation|source:deal_investor_relation|source:investor_investment_relation,CompanyInvestorRelation.CompanyID|CompanyInvestorRelation.InvestorID|Deal.CompanyID|DealInvestorRelation.DealID|DealInvestorRelation.InvestorID|InvestorInvestmentRelation.CompanyID|InvestorInvestmentRelation.InvestorID,"Part5 Rule B company investor graph: 1 token companies, 1 deals, 0 funds | source_methods=company_investor_relation,deal_investor_relation,investor_investment_relation | PrimaryInvestorType: Family Office | OtherInvestorTypes: Venture Capital | PreferredVerticals: Big Data, Internet of Things, Mobile, Mobile Commerce, SaaS, TMT | PreferredInvestmentTypes: Early Stage VC, Later Stage VC, Seed Round",part5_token_company_investor_graph_then_web_search_with_primary_source_priority,investor_router|capability_classification
175,42085-99,Broadridge Financial Solutions,Broadridge,"ADP Brokerage Services, ADP Brokerage Services Group",Broadridge Financial Solutions Inc.,www.broadridge.com,broadridge.com,,NYS,BR,"New York, NY",United States,Corporation,Limited Partner,Merger/Acquisition,"FinTech, SaaS, TMT",Prefers majority stake,,,"Broadridge Financial Solutions, which was spun off from Automatic Data Processing in 2007, is a leading provider of investor communication and technology-driven solutions to banks, broker/dealers, traditional and alternative-asset managers, wealth managers and corporate issuers. Broadridge is composed of two operating segments: investor communication solutions and global technology and operations.",part5_rule_b_company|source:company_investor_relation|source:deal_investor_relation|source:investor_investment_relation,CompanyInvestorRelation.CompanyID|CompanyInvestorRelation.InvestorID|Deal.CompanyID|DealInvestorRelation.DealID|DealInvestorRelation.InvestorID|InvestorInvestmentRelation.CompanyID|InvestorInvestmentRelation.InvestorID,"Part5 Rule B company investor graph: 1 token companies, 1 deals, 0 funds | source_methods=company_investor_relation,deal_investor_relation,investor_investment_relation | PrimaryInvestorType: Corporation | OtherInvestorTypes: Limited Partner | PreferredVerticals: FinTech, SaaS, TMT | PreferredInvestmentTypes: Merger/Acquisition | CompanyInvestorRelation: Digital Asset; status=Active; holding=Minorit",part5_token_company_investor_graph_then_web_search_with_primary_source_priority,investor_router|capability_classification
176,521655-04,Brown Street Ventures,,,,www.brownstreetventures.com,brownstreetventures.com,,,,"Jericho, NY",United States,Asset Manager,"PE/Buyout, Real Estate, Venture Capital","Buyout/LBO, Early Stage VC, Later Stage VC, PE Growth/Expansion, Seed Round","Cryptocurrency/Blockchain, Real Estate Technology","Long-Term Investor, Prefers minority stake, Will syndicate",,,"Founded in 2021, Brown Street Ventures is an asset management firm based in Jericho, New York. The firm seeks to invest in venture capital, public equity, and real estate sectors.",part5_rule_b_company|source:company_investor_relation|source:deal_investor_relation|source:investor_investment_relation,CompanyInvestorRelation.CompanyID|CompanyInvestorRelation.InvestorID|Deal.CompanyID|DealInvestorRelation.DealID|DealInvestorRelation.InvestorID|InvestorInvestmentRelation.CompanyID|InvestorInvestmentRelation.InvestorID,"Part5 Rule B company investor graph: 1 token companies, 1 deals, 0 funds | source_methods=company_investor_relation,deal_investor_relation,investor_investment_relation | PrimaryInvestorType: Asset Manager | OtherInvestorTypes: PE/Buyout, Real Estate, Venture Capital | PreferredVerticals: Cryptocurrency/Blockchain, Real Estate Technology | PreferredInvestmentTypes: Buyout/LBO, Early Stage VC, Later",part5_token_company_investor_graph_then_web_search_with_primary_source_priority,investor_router|capability_classification
177,118533-07,BTL Group Ltd.,"BTL Group, Interbit",Interbit Ltd,Blockchain Tech Ltd.,blockchaintechltd.com,blockchaintechltd.com,,,,"Toronto, Canada",Canada,Corporation,,Merger/Acquisition,Cryptocurrency/Blockchain,Prefers majority stake,,,"Interbit is a Canada-based technology company. Its business focuses on developing blockchain technologies to disrupt and transform existing industries. The technology is developed in-house and through its incubator and accelerator programs. The company was founded in 2013 and is based in Vancouver, British Columbia. The company seeks to acquire businesses through mergers, acquisitions, and investments which would help the firm to expand and consolidate its presence in the blockchain technology industry.",part5_rule_b_company|source:company_investor_relation|source:deal_investor_relation|source:investor_investment_relation,CompanyInvestorRelation.CompanyID|CompanyInvestorRelation.InvestorID|Deal.CompanyID|DealInvestorRelation.DealID|DealInvestorRelation.InvestorID|InvestorInvestmentRelation.CompanyID|InvestorInvestmentRelation.InvestorID,"Part5 Rule B company investor graph: 1 token companies, 1 deals, 0 funds | source_methods=company_investor_relation,deal_investor_relation,investor_investment_relation | PrimaryInvestorType: Corporation | PreferredVerticals: Cryptocurrency/Blockchain | PreferredInvestmentTypes: Merger/Acquisition | CompanyInvestorRelation: Bitso; status=Active; holding=Minority; since=05/13/2016 | DealInvestorRelat",part5_token_company_investor_graph_then_web_search_with_primary_source_priority,investor_router|capability_classification
178,514988-74,Buck Stash,,,,,,,,,,,Corporation,,Merger/Acquisition,,Prefers majority stake,,,,part5_rule_b_company|source:company_investor_relation|source:deal_investor_relation|source:investor_investment_relation,CompanyInvestorRelation.CompanyID|CompanyInvestorRelation.InvestorID|Deal.CompanyID|DealInvestorRelation.DealID|DealInvestorRelation.InvestorID|InvestorInvestmentRelation.CompanyID|InvestorInvestmentRelation.InvestorID,"Part5 Rule B company investor graph: 1 token companies, 1 deals, 0 funds | source_methods=company_investor_relation,deal_investor_relation,investor_investment_relation | PrimaryInvestorType: Corporation | PreferredInvestmentTypes: Merger/Acquisition | CompanyInvestorRelation: API3; status=Active; holding=Minority; since=11/12/2020 | DealInvestorRelation: API3; deal=183784-87T; date=11/12/2020; type",part5_token_company_investor_graph_then_web_search_with_primary_source_priority,investor_router|capability_classification
179,126593-74,Callais Capital Management,"Callais Capital, CCM",,"Callais Capital Management, LLC",www.callaiscapital.com,callaiscapital.com,,,,"Thibodaux, LA",United States,Venture Capital,"Angel Group, Asset Manager, Family Office, Growth/Expansion, Lender/Debt Provider","Convertible Debt, Early Stage VC, Later Stage VC, PE Growth/Expansion, Seed Round","3D Printing, AdTech, Advanced Manufacturing, AgTech, Artificial Intelligence & Machine Learning, AudioTech, Augmented Reality, Autonomous cars, B2B Payments, Big Data, Cannabis, Car-Sharing, CleanTech, Climate Tech, CloudTech & DevOps, Construction Technology, Cryptocurrency/Blockchain, Cybersecurity, Digital Health, E-Commerce, EdTech, Esports, FemTech, FinTech, FoodTech, Gaming, HealthTech, HR Tech, Impact Investing, Infrastructure, InsurTech, Internet of Things, Legal Tech, Marketing Tech, Micro-Mobility, Mobile, Mobile Commerce, Mobility Tech, Mortgage Tech, Nanotechnology, Pet Technology, Real Estate Technology, Restaurant Technology, Ridesharing, Robotics and Drones, SaaS, Space Technology, Supply Chain Tech, TMT, Virtual Reality, Wearables & Quantified Self","Prefers minority stake, Will syndicate",Callais Capital Ventures II,Venture - General,"Founded in 2014, Callais Capital Management is a venture capital firm based in Thibodaux, Louisiana. The firm prefers to invest in early-stage companies.",part5_rule_b_company|source:company_investor_relation|source:deal_investor_relation|source:investor_investment_relation,CompanyInvestorRelation.CompanyID|CompanyInvestorRelation.InvestorID|Deal.CompanyID|DealInvestorRelation.DealID|DealInvestorRelation.InvestorID|InvestorInvestmentRelation.CompanyID|InvestorInvestmentRelation.InvestorID,"Part5 Rule B company investor graph: 1 token companies, 1 deals, 0 funds | source_methods=company_investor_relation,deal_investor_relation,investor_investment_relation | PrimaryInvestorType: Venture Capital | OtherInvestorTypes: Angel Group, Asset Manager, Family Office, Growth/Expansion, Lender/Debt Provider | PreferredVerticals: 3D Printing, AdTech, Advanced Manufacturing, AgTech, Artificial Inte",part5_token_company_investor_graph_then_web_search_with_primary_source_priority,investor_router|capability_classification
180,437521-42,Cambrian Asset Management,,,"Cambrian Asset Management, Inc.",www.cambrianasset.com,cambrianasset.com,,,,"Mill Valley, CA",United States,Hedge Fund,,,,,,,"Founded in 2017, Cambrian Asset Management is a quantitative hedge fund manager firm based in Mill Valley, California. The firm seeks to invest in digital assets.",part5_rule_b_company|source:company_investor_relation|source:deal_investor_relation|source:investor_investment_relation,CompanyInvestorRelation.CompanyID|CompanyInvestorRelation.InvestorID|Deal.CompanyID|DealInvestorRelation.DealID|DealInvestorRelation.InvestorID|InvestorInvestmentRelation.CompanyID|InvestorInvestmentRelation.InvestorID,"Part5 Rule B company investor graph: 1 token companies, 1 deals, 0 funds | source_methods=company_investor_relation,deal_investor_relation,investor_investment_relation | PrimaryInvestorType: Hedge Fund | CompanyInvestorRelation: Braintrust; status=Active; holding=Minority; since=01/01/2018 | DealInvestorRelation: Braintrust; deal=123770-26T; date=01/01/2018; type=Seed Round; lead=No; fund= | Invest",part5_token_company_investor_graph_then_web_search_with_primary_source_priority,investor_router|capability_classification
181,471433-51,Candy,,,"Candy Digital, Inc.",www.candy.io,candy.io,,,,"New York, NY",United States,Corporation,VC-Backed Company,Merger/Acquisition,,Prefers majority stake,,,"Developer of an NFT ecosystem platform designed to enable fans and collectors to purchase, trade, and share officially licensed sports NFTs. The company develops a broad range of digital collectibles, beginning with sports content and expanding into art, entertainment, and music, and also collaborates with athletes, artists, and content owners to produce their own NFT collectibles, enabling customers with digital collectibles in secure, scalable, and sustainable services.",part5_rule_b_company|source:company_investor_relation|source:deal_investor_relation|source:investor_investment_relation,CompanyInvestorRelation.CompanyID|CompanyInvestorRelation.InvestorID|Deal.CompanyID|DealInvestorRelation.DealID|DealInvestorRelation.InvestorID|InvestorInvestmentRelation.CompanyID|InvestorInvestmentRelation.InvestorID,"Part5 Rule B company investor graph: 1 token companies, 1 deals, 0 funds | source_methods=company_investor_relation,deal_investor_relation,investor_investment_relation | PrimaryInvestorType: Corporation | OtherInvestorTypes: VC-Backed Company | PreferredInvestmentTypes: Merger/Acquisition | CompanyInvestorRelation: Palm NFT Studio; status=Acquirer; holding=Majority; since= | DealInvestorRelation: P",part5_token_company_investor_graph_then_web_search_with_primary_source_priority,investor_router|capability_classification
182,495628-57,Capital Advantage Ventures,,,Capital Advantage Fund LLC,www.capitaladvantage.vc,capitaladvantage.vc,,,,"Miami, FL",United States,Venture Capital,Hedge Fund,"Early Stage VC, Later Stage VC","SaaS, TMT","Prefers minority stake, Will syndicate",,,"Founded in 2021, Capital Advantage Ventures is a hedge fund manager based in Miami, Florida. The firm seeks to invest in startups and early to later-stage companies.",part5_rule_b_company|source:company_investor_relation|source:deal_investor_relation|source:investor_investment_relation,CompanyInvestorRelation.CompanyID|CompanyInvestorRelation.InvestorID|Deal.CompanyID|DealInvestorRelation.DealID|DealInvestorRelation.InvestorID|InvestorInvestmentRelation.CompanyID|InvestorInvestmentRelation.InvestorID,"Part5 Rule B company investor graph: 1 token companies, 1 deals, 0 funds | source_methods=company_investor_relation,deal_investor_relation,investor_investment_relation | PrimaryInvestorType: Venture Capital | OtherInvestorTypes: Hedge Fund | PreferredVerticals: SaaS, TMT | PreferredInvestmentTypes: Early Stage VC, Later Stage VC | CompanyInvestorRelation: Kraken; status=Pending (Sell Side); holding",part5_token_company_investor_graph_then_web_search_with_primary_source_priority,investor_router|capability_classification
183,222296-32,Capital for Founders,,,"Capital for Founders, LLC",www.capitalforfounders.com,capitalforfounders.com,,,,"Boulder, CO",United States,Growth/Expansion,Venture Capital,"Debt - General, Early Stage VC, Later Stage VC, PE Growth/Expansion, Seed Round","Advanced Manufacturing, Internet of Things, Manufacturing, Marketing Tech, TMT","Prefers minority stake, Will syndicate",,,"Founded in 2013, Capital for Founders is a growth equity firm based in Boulder, Colorado. The firm seeks to invest in software, wireless networks, automation, heating, ventilation, and air conditioning, building controls, automation, avionics, aerospace, photonics, lasers, and other niche product manufacturing & service providing sectors.",part5_rule_b_company|source:company_investor_relation|source:deal_investor_relation|source:investor_investment_relation,CompanyInvestorRelation.CompanyID|CompanyInvestorRelation.InvestorID|Deal.CompanyID|DealInvestorRelation.DealID|DealInvestorRelation.InvestorID|InvestorInvestmentRelation.CompanyID|InvestorInvestmentRelation.InvestorID,"Part5 Rule B company investor graph: 1 token companies, 1 deals, 0 funds | source_methods=company_investor_relation,deal_investor_relation,investor_investment_relation | PrimaryInvestorType: Growth/Expansion | OtherInvestorTypes: Venture Capital | PreferredVerticals: Advanced Manufacturing, Internet of Things, Manufacturing, Marketing Tech, TMT | PreferredInvestmentTypes: Debt - General, Early Stag",part5_token_company_investor_graph_then_web_search_with_primary_source_priority,investor_router|capability_classification
184,119684-44,Capital One Ventures,Capital One,,,capitaloneventures.com,capitaloneventures.com,Capital One Financial,,,"McLean, VA",United States,Corporate Venture Capital,"Growth/Expansion, Venture Capital","Early Stage VC, Later Stage VC, PE Growth/Expansion, Seed Round","Artificial Intelligence & Machine Learning, B2B Payments, Big Data, Cybersecurity, E-Commerce, FinTech, Infrastructure, Mobile Commerce, SaaS, TMT","Prefers minority stake, Will syndicate",,,"Founded in 2014, Capital One Ventures is the corporate venture capital arm of Capital One Financial based in McLean, Virginia. The firm prefers to invest in companies operating in the data, technology, and financial services sectors.",part5_rule_b_company|source:company_investor_relation|source:deal_investor_relation|source:investor_investment_relation,CompanyInvestorRelation.CompanyID|CompanyInvestorRelation.InvestorID|Deal.CompanyID|DealInvestorRelation.DealID|DealInvestorRelation.InvestorID|InvestorInvestmentRelation.CompanyID|InvestorInvestmentRelation.InvestorID,"Part5 Rule B company investor graph: 1 token companies, 1 deals, 0 funds | source_methods=company_investor_relation,deal_investor_relation,investor_investment_relation | PrimaryInvestorType: Corporate Venture Capital | OtherInvestorTypes: Growth/Expansion, Venture Capital | PreferredVerticals: Artificial Intelligence & Machine Learning, B2B Payments, Big Data, Cybersecurity, E-Commerce, FinTech, In",part5_token_company_investor_graph_then_web_search_with_primary_source_priority,investor_router|capability_classification
185,11145-25,Capital Southwest,CSWC,,Capital Southwest Corporation,www.capitalsouthwest.com,capitalsouthwest.com,,NAS,CSWC,"Dallas, TX",United States,PE/Buyout,"Growth/Expansion, Lender/Debt Provider, Mezzanine","Buyout/LBO, Debt - General, PE Growth/Expansion, Recapitalization, Second Lien, Subordinated Debt",,"Long-Term Investor, Prefers minority stake, Will lead on a deal, Will syndicate",,,"Founded in 1961, Capital Southwest is a private equity firm based in Dallas, Texas. The firm seeks to invest in companies operating in industrial manufacturing and services, value-added distribution, healthcare products and services, business services, specialty chemicals, tech-enabled services, software-as-a-service models, and food and beverage sectors across the United States.",part5_rule_b_company|source:company_investor_relation|source:deal_investor_relation|source:investor_investment_relation,CompanyInvestorRelation.CompanyID|CompanyInvestorRelation.InvestorID|Deal.CompanyID|DealInvestorRelation.DealID|DealInvestorRelation.InvestorID|InvestorInvestmentRelation.CompanyID|InvestorInvestmentRelation.InvestorID,"Part5 Rule B company investor graph: 1 token companies, 1 deals, 0 funds | source_methods=company_investor_relation,deal_investor_relation,investor_investment_relation | PrimaryInvestorType: PE/Buyout | OtherInvestorTypes: Growth/Expansion, Lender/Debt Provider, Mezzanine | PreferredInvestmentTypes: Buyout/LBO, Debt - General, PE Growth/Expansion, Recapitalization, Second Lien, Subordinated Debt |",part5_token_company_investor_graph_then_web_search_with_primary_source_priority,investor_router|capability_classification
186,535344-58,Capitalis Partners,,,,www.capitalispartners.com,capitalispartners.com,,,,"London, United Kingdom",United Kingdom,Asset Manager,"Fund of Funds, Growth/Expansion, Limited Partner, Mezzanine, PE/Buyout, Secondary Buyer, Venture Capital",,,,Capitalis Partners Opportunities Fund,Growth/Expansion,Capitalis Partners is an independent investment management firm with offices in Europe and Asia.,part5_rule_b_company|source:company_investor_relation|source:deal_investor_relation|source:investor_investment_relation,CompanyInvestorRelation.CompanyID|CompanyInvestorRelation.InvestorID|Deal.CompanyID|DealInvestorRelation.DealID|DealInvestorRelation.InvestorID|InvestorInvestmentRelation.CompanyID|InvestorInvestmentRelation.InvestorID,"Part5 Rule B company investor graph: 1 token companies, 1 deals, 0 funds | source_methods=company_investor_relation,deal_investor_relation,investor_investment_relation | PrimaryInvestorType: Asset Manager | OtherInvestorTypes: Fund of Funds, Growth/Expansion, Limited Partner, Mezzanine, PE/Buyout, Secondary Buyer, Venture Capital | CompanyInvestorRelation: Kraken; status=Pending (Sell Side); holdin",part5_token_company_investor_graph_then_web_search_with_primary_source_priority,investor_router|capability_classification
187,42886-72,Capstone Partners (Investment Banks),"Capstone, Capstone Partners | A Mizuho Company",,CSP Securities L.P.,www.capstonepartnerslp.com,capstonepartnerslp.com,Mizuho Financial Group,,,"Dallas, TX",United States,Corporation,,Merger/Acquisition,,Prefers majority stake,,,"Capstone Partners is a placement agent dedicated to raising capital for a selected group of general partners. In addition, the firm also provides secondary market liquidity solutions with a focus on the GP side advisory. Capstone Partners has a total of 25+ fund placement professionals covering North America, Europe and Asia. The company was founded in 2001 and is headquartered in Dallas, Texas. A key part of its future growth strategy includes seeking out new complementary business opportunities by way of mergers and acquisitions.",part5_rule_b_company|source:company_investor_relation|source:deal_investor_relation|source:investor_investment_relation,CompanyInvestorRelation.CompanyID|CompanyInvestorRelation.InvestorID|Deal.CompanyID|DealInvestorRelation.DealID|DealInvestorRelation.InvestorID|InvestorInvestmentRelation.CompanyID|InvestorInvestmentRelation.InvestorID,"Part5 Rule B company investor graph: 1 token companies, 1 deals, 0 funds | source_methods=company_investor_relation,deal_investor_relation,investor_investment_relation | PrimaryInvestorType: Corporation | PreferredInvestmentTypes: Merger/Acquisition | CompanyInvestorRelation: CP Labs; status=Active; holding=Minority; since=10/08/2014 | DealInvestorRelation: CP Labs; deal=58739-59T; date=10/08/2014;",part5_token_company_investor_graph_then_web_search_with_primary_source_priority,investor_router|capability_classification
188,230140-36,Carry Tech,,,Carry Tech Pte. Ltd.,www.carryprotocol.io,carryprotocol.io,,,,"Singapore, Singapore",Singapore,VC-Backed Company,,"Early Stage VC, Later Stage VC, Merger/Acquisition",,Prefers majority stake,,,"Developer of a cryptocurrency trading platform intended to automate the process of handling and securing transaction data. The company's platform helps users to own their transaction data, anonymously monetize it, and collect digital coupons with loyalty points while letting advertisers utilize consolidated offline payment data and reach their audience with no advertising fees, enabling businesses to pay merchants, create branded tokens, or smart contracts, and access transaction data blockchains across a secure environment.",part5_rule_b_company|source:company_investor_relation|source:deal_investor_relation|source:investor_investment_relation,CompanyInvestorRelation.CompanyID|CompanyInvestorRelation.InvestorID|Deal.CompanyID|DealInvestorRelation.DealID|DealInvestorRelation.InvestorID|InvestorInvestmentRelation.CompanyID|InvestorInvestmentRelation.InvestorID,"Part5 Rule B company investor graph: 1 token companies, 1 deals, 0 funds | source_methods=company_investor_relation,deal_investor_relation,investor_investment_relation | PrimaryInvestorType: VC-Backed Company | PreferredInvestmentTypes: Early Stage VC, Later Stage VC, Merger/Acquisition | CompanyInvestorRelation: SLG (Entertainment Software); status=Former; holding=Majority; since= | DealInvestorRe",part5_token_company_investor_graph_then_web_search_with_primary_source_priority,investor_router|capability_classification
189,514991-53,Cashican People,,,Cashican People LLC,www.cashican.com,cashican.com,,,,"San Francisco, CA",United States,Venture Capital,,"Early Stage VC, Later Stage VC, Seed Round",Cryptocurrency/Blockchain,"Prefers minority stake, Will syndicate",,,"Founded in 2017, Cashican People was a venture capital firm based in San Francisco, California. The firm preferred to invest in the cryptocurrency sector.",part5_rule_b_company|source:company_investor_relation|source:deal_investor_relation|source:investor_investment_relation,CompanyInvestorRelation.CompanyID|CompanyInvestorRelation.InvestorID|Deal.CompanyID|DealInvestorRelation.DealID|DealInvestorRelation.InvestorID|InvestorInvestmentRelation.CompanyID|InvestorInvestmentRelation.InvestorID,"Part5 Rule B company investor graph: 1 token companies, 1 deals, 0 funds | source_methods=company_investor_relation,deal_investor_relation,investor_investment_relation | PrimaryInvestorType: Venture Capital | PreferredVerticals: Cryptocurrency/Blockchain | PreferredInvestmentTypes: Early Stage VC, Later Stage VC, Seed Round | CompanyInvestorRelation: API3; status=Former; holding=Minority; since=11/",part5_token_company_investor_graph_then_web_search_with_primary_source_priority,investor_router|capability_classification
190,490884-85,CCV,,,CCV LLC,,,Cadre (United States),,,"New York, NY",United States,Real Estate,,,,,Commerce AZ Investors Fund,Real Estate Opportunistic,"Founded in 2015, CCV was a real estate firm based in New York, New York.",part5_rule_b_company|source:company_investor_relation|source:deal_investor_relation|source:investor_investment_relation,CompanyInvestorRelation.CompanyID|CompanyInvestorRelation.InvestorID|Deal.CompanyID|DealInvestorRelation.DealID|DealInvestorRelation.InvestorID|InvestorInvestmentRelation.CompanyID|InvestorInvestmentRelation.InvestorID,"Part5 Rule B company investor graph: 1 token companies, 1 deals, 0 funds | source_methods=company_investor_relation,deal_investor_relation,investor_investment_relation | PrimaryInvestorType: Real Estate | CompanyInvestorRelation: SLG (Entertainment Software); status=Former; holding=Minority; since=07/04/2022 | DealInvestorRelation: SLG (Entertainment Software); deal=198741-70T; date=07/04/2022; typ",part5_token_company_investor_graph_then_web_search_with_primary_source_priority,investor_router|capability_classification
191,62213-23,Central Coast Angels,CCA,,,www.centralcoastangels.com,centralcoastangels.com,,,,"Santa Cruz, CA",United States,Venture Capital,Corporation,"Early Stage VC, Seed Round","SaaS, TMT","Prefers minority stake, Will syndicate",,,"Founded in 2013, Central Coast Angels is a venture capital firm based in Santa Cruz, California. The firm prefers to invest in the technology sector.",part5_rule_b_company|source:company_investor_relation|source:deal_investor_relation|source:investor_investment_relation,CompanyInvestorRelation.CompanyID|CompanyInvestorRelation.InvestorID|Deal.CompanyID|DealInvestorRelation.DealID|DealInvestorRelation.InvestorID|InvestorInvestmentRelation.CompanyID|InvestorInvestmentRelation.InvestorID,"Part5 Rule B company investor graph: 1 token companies, 1 deals, 0 funds | source_methods=company_investor_relation,deal_investor_relation,investor_investment_relation | PrimaryInvestorType: Venture Capital | OtherInvestorTypes: Corporation | PreferredVerticals: SaaS, TMT | PreferredInvestmentTypes: Early Stage VC, Seed Round | CompanyInvestorRelation: PayStand; status=Active; holding=Minority; sin",part5_token_company_investor_graph_then_web_search_with_primary_source_priority,investor_router|capability_classification
192,503342-65,Charles Moscoe,,,,,,,,,,,Angel (individual),,,,,,,Mr. Charles Moscoe is an Angel Investor.,part5_rule_b_company|source:company_investor_relation|source:deal_investor_relation|source:investor_investment_relation,CompanyInvestorRelation.CompanyID|CompanyInvestorRelation.InvestorID|Deal.CompanyID|DealInvestorRelation.DealID|DealInvestorRelation.InvestorID|InvestorInvestmentRelation.CompanyID|InvestorInvestmentRelation.InvestorID,"Part5 Rule B company investor graph: 1 token companies, 1 deals, 0 funds | source_methods=company_investor_relation,deal_investor_relation,investor_investment_relation | PrimaryInvestorType: Angel (individual) | CompanyInvestorRelation: investFeed; status=Former; holding=Minority; since=11/16/2014 | DealInvestorRelation: investFeed; deal=201330-91T; date=11/16/2014; type=Seed Round; lead=No; fund=",part5_token_company_investor_graph_then_web_search_with_primary_source_priority,investor_router|capability_classification
193,462587-86,Chase Lochmiller,,,,,,,,,"Denver, CO",United States,Angel (individual),,,,,,,"Mr. Chase Lochmiller is a Co-Founder and serves as Chief Executive Officer & Chairman at Crusoe. Mr. Lochmiller also serves as a Venture Partner at Dragonfly Capital. Before founding Crusoe, he was a quantitative researcher and trader at Jump Trading and GETCO, where he developed and managed a portfolio of algorithmic trading strategies. He holds undergraduate degrees in math and physics from MIT and a master's degree in computer science from Stanford, where he specializes in artificial intelligence.",part5_rule_b_company|source:company_investor_relation|source:deal_investor_relation|source:investor_investment_relation,CompanyInvestorRelation.CompanyID|CompanyInvestorRelation.InvestorID|Deal.CompanyID|DealInvestorRelation.DealID|DealInvestorRelation.InvestorID|InvestorInvestmentRelation.CompanyID|InvestorInvestmentRelation.InvestorID,"Part5 Rule B company investor graph: 1 token companies, 1 deals, 0 funds | source_methods=company_investor_relation,deal_investor_relation,investor_investment_relation | PrimaryInvestorType: Angel (individual) | CompanyInvestorRelation: Category Labs; status=Active; holding=Minority; since=02/14/2023 | DealInvestorRelation: Category Labs; deal=205598-53T; date=02/14/2023; type=Seed Round; lead=No;",part5_token_company_investor_graph_then_web_search_with_primary_source_priority,investor_router|capability_classification
194,462010-42,Chen Qiufan,,,,,,,,,,,Angel (individual),,,,,,,Mr. Chen Qiufan is an Angel Investor.,part5_rule_b_company|source:company_investor_relation|source:deal_investor_relation|source:investor_investment_relation,CompanyInvestorRelation.CompanyID|CompanyInvestorRelation.InvestorID|Deal.CompanyID|DealInvestorRelation.DealID|DealInvestorRelation.InvestorID|InvestorInvestmentRelation.CompanyID|InvestorInvestmentRelation.InvestorID,"Part5 Rule B company investor graph: 1 token companies, 1 deals, 0 funds | source_methods=company_investor_relation,deal_investor_relation,investor_investment_relation | PrimaryInvestorType: Angel (individual) | CompanyInvestorRelation: Mask Network; status=Active; holding=Minority; since=02/16/2021 | DealInvestorRelation: Mask Network; deal=159737-23T; date=02/16/2021; type=Later Stage VC; lead=No",part5_token_company_investor_graph_then_web_search_with_primary_source_priority,investor_router|capability_classification
195,501822-28,Chol Hwan Kim,,,,,,,,,,,Angel (individual),,,,,,,Mr. Chol Hwan Kim is an Angel Investor.,part5_rule_b_company|source:company_investor_relation|source:deal_investor_relation|source:investor_investment_relation,CompanyInvestorRelation.CompanyID|CompanyInvestorRelation.InvestorID|Deal.CompanyID|DealInvestorRelation.DealID|DealInvestorRelation.InvestorID|InvestorInvestmentRelation.CompanyID|InvestorInvestmentRelation.InvestorID,"Part5 Rule B company investor graph: 1 token companies, 1 deals, 0 funds | source_methods=company_investor_relation,deal_investor_relation,investor_investment_relation | PrimaryInvestorType: Angel (individual) | CompanyInvestorRelation: CP Labs; status=Active; holding=Minority; since=04/02/2014 | DealInvestorRelation: CP Labs; deal=36606-70T; date=04/02/2014; type=Seed Round; lead=No; fund= | Inves",part5_token_company_investor_graph_then_web_search_with_primary_source_priority,investor_router|capability_classification
196,442875-97,Chris Barrett,,,,,,,,,,,Angel (individual),,,,,,,Mr. Chris Barrett is an Angel Investor.,part5_rule_b_company|source:company_investor_relation|source:deal_investor_relation|source:investor_investment_relation,CompanyInvestorRelation.CompanyID|CompanyInvestorRelation.InvestorID|Deal.CompanyID|DealInvestorRelation.DealID|DealInvestorRelation.InvestorID|InvestorInvestmentRelation.CompanyID|InvestorInvestmentRelation.InvestorID,"Part5 Rule B company investor graph: 1 token companies, 1 deals, 0 funds | source_methods=company_investor_relation,deal_investor_relation,investor_investment_relation | PrimaryInvestorType: Angel (individual) | CompanyInvestorRelation: SOON (New York); status=Active; holding=Minority; since=08/27/2024 | DealInvestorRelation: SOON (New York); deal=270970-48T; date=08/27/2024; type=Seed Round; lead=",part5_token_company_investor_graph_then_web_search_with_primary_source_priority,investor_router|capability_classification
197,517318-66,Christian Bukovics,,,,,,,,,,,Angel (individual),,,,,,,Mr. Christian Bukovics is an Angel Investor.,part5_rule_b_company|source:company_investor_relation|source:deal_investor_relation|source:investor_investment_relation,CompanyInvestorRelation.CompanyID|CompanyInvestorRelation.InvestorID|Deal.CompanyID|DealInvestorRelation.DealID|DealInvestorRelation.InvestorID|InvestorInvestmentRelation.CompanyID|InvestorInvestmentRelation.InvestorID,"Part5 Rule B company investor graph: 1 token companies, 1 deals, 0 funds | source_methods=company_investor_relation,deal_investor_relation,investor_investment_relation | PrimaryInvestorType: Angel (individual) | CompanyInvestorRelation: StreetWire; status=Active; holding=Minority; since=01/24/2019 | DealInvestorRelation: StreetWire; deal=115903-54T; date=01/24/2019; type=Accelerator/Incubator; lead",part5_token_company_investor_graph_then_web_search_with_primary_source_priority,investor_router|capability_classification
198,506928-07,Christian Kaul,,,,,,,,,,,Angel (individual),,,,,,,Mr. Christian Kaul is an Angel Investor.,part5_rule_b_company|source:company_investor_relation|source:deal_investor_relation|source:investor_investment_relation,CompanyInvestorRelation.CompanyID|CompanyInvestorRelation.InvestorID|Deal.CompanyID|DealInvestorRelation.DealID|DealInvestorRelation.InvestorID|InvestorInvestmentRelation.CompanyID|InvestorInvestmentRelation.InvestorID,"Part5 Rule B company investor graph: 1 token companies, 1 deals, 0 funds | source_methods=company_investor_relation,deal_investor_relation,investor_investment_relation | PrimaryInvestorType: Angel (individual) | CompanyInvestorRelation: Impossible Cloud; status=Active; holding=Minority; since=12/14/2022 | DealInvestorRelation: Impossible Cloud; deal=203003-38T; date=12/14/2022; type=Early Stage VC;",part5_token_company_investor_graph_then_web_search_with_primary_source_priority,investor_router|capability_classification
199,118851-76,Christopher Risley,Chris Risley,,,,,,,,"Santa Cruz, CA",United States,Angel (individual),,,"EdTech, Mobile, TMT",,,,"Mr. Christopher Risley serves as Chief Executive Officer at Bastille Networks. He co-founded and served as Chief Executive Officer at Defense.net. He is the Chief Executive Officer at Metalogix Software. He also served as an Operating Partner at Bessemer Venture Partners and was based at the firm's Massachusetts office. He brings to the firm more than 20 years of experience in the software industry, following a 13 career with European industrial companies. Prior to that, he was the Chief Executive Officer at StreamBase. Previously, he was attached to the California office and was the Chief Executive Officer at Nominum. He joined the firm after serving as the Chief Executive Officer and Chair",part5_rule_b_company|source:company_investor_relation|source:deal_investor_relation|source:investor_investment_relation,CompanyInvestorRelation.CompanyID|CompanyInvestorRelation.InvestorID|Deal.CompanyID|DealInvestorRelation.DealID|DealInvestorRelation.InvestorID|InvestorInvestmentRelation.CompanyID|InvestorInvestmentRelation.InvestorID,"Part5 Rule B company investor graph: 1 token companies, 1 deals, 0 funds | source_methods=company_investor_relation,deal_investor_relation,investor_investment_relation | PrimaryInvestorType: Angel (individual) | PreferredVerticals: EdTech, Mobile, TMT | CompanyInvestorRelation: PayStand; status=Active; holding=Minority; since=03/24/2020 | DealInvestorRelation: PayStand; deal=129965-86T; date=03/24/",part5_token_company_investor_graph_then_web_search_with_primary_source_priority,investor_router|capability_classification
200,656165-26,Cityblok,,,,,,,,,United Kingdom,United Kingdom,Venture Capital,,"Early Stage VC, Later Stage VC, Seed Round",Cryptocurrency/Blockchain,"Prefers minority stake, Will syndicate",,,Cityblok is a venture capital firm based in the United Kingdom.,part5_rule_b_company|source:company_investor_relation|source:deal_investor_relation|source:investor_investment_relation,CompanyInvestorRelation.CompanyID|CompanyInvestorRelation.InvestorID|Deal.CompanyID|DealInvestorRelation.DealID|DealInvestorRelation.InvestorID|InvestorInvestmentRelation.CompanyID|InvestorInvestmentRelation.InvestorID,"Part5 Rule B company investor graph: 1 token companies, 1 deals, 0 funds | source_methods=company_investor_relation,deal_investor_relation,investor_investment_relation | PrimaryInvestorType: Venture Capital | PreferredVerticals: Cryptocurrency/Blockchain | PreferredInvestmentTypes: Early Stage VC, Later Stage VC, Seed Round | CompanyInvestorRelation: BTA Protocol; status=Former; holding=Minority; s",part5_token_company_investor_graph_then_web_search_with_primary_source_priority,investor_router|capability_classification
201,231138-10,Cleevely & Partners,,,Cleevely & Partners Ltd.,www.cleevely.com,cleevely.com,,,,"Cambridge, United Kingdom",United Kingdom,Venture Capital,,"Early Stage VC, Later Stage VC, Seed Round","Life Sciences, TMT","Prefers minority stake, Will syndicate",,,"Founded in 2003, Cleevely & Partners is a venture capital firm based in Cambridge, United Kingdom. The firm prefers to invest in the technology and life sciences sectors.",part5_rule_b_company|source:company_investor_relation|source:deal_investor_relation|source:investor_investment_relation,CompanyInvestorRelation.CompanyID|CompanyInvestorRelation.InvestorID|Deal.CompanyID|DealInvestorRelation.DealID|DealInvestorRelation.InvestorID|InvestorInvestmentRelation.CompanyID|InvestorInvestmentRelation.InvestorID,"Part5 Rule B company investor graph: 1 token companies, 1 deals, 0 funds | source_methods=company_investor_relation,deal_investor_relation,investor_investment_relation | PrimaryInvestorType: Venture Capital | PreferredVerticals: Life Sciences, TMT | PreferredInvestmentTypes: Early Stage VC, Later Stage VC, Seed Round | CompanyInvestorRelation: Improbable Worlds; status=Active; holding=Minority; sin",part5_token_company_investor_graph_then_web_search_with_primary_source_priority,investor_router|capability_classification
202,544780-54,Coded Fi Ltd,,,,,,,,,,,Corporation,,Merger/Acquisition,,Prefers majority stake,,,,part5_rule_b_company|source:company_investor_relation|source:deal_investor_relation|source:investor_investment_relation,CompanyInvestorRelation.CompanyID|CompanyInvestorRelation.InvestorID|Deal.CompanyID|DealInvestorRelation.DealID|DealInvestorRelation.InvestorID|InvestorInvestmentRelation.CompanyID|InvestorInvestmentRelation.InvestorID,"Part5 Rule B company investor graph: 1 token companies, 1 deals, 0 funds | source_methods=company_investor_relation,deal_investor_relation,investor_investment_relation | PrimaryInvestorType: Corporation | PreferredInvestmentTypes: Merger/Acquisition | CompanyInvestorRelation: Chainge Finance; status=Acquirer; holding=Majority; since= | DealInvestorRelation: Chainge Finance; deal=248060-80T; date=12",part5_token_company_investor_graph_then_web_search_with_primary_source_priority,investor_router|capability_classification
203,232193-53,Coefficient Venture,,,,coefficient.network,coefficient.network,,,,"San Francisco, CA",United States,Venture Capital,,"Early Stage VC, Later Stage VC, Seed Round",TMT,"Prefers minority stake, Will syndicate",,,"Coefficient Venture was a venture capital firm based in San Francisco, California.",part5_rule_b_company|source:company_investor_relation|source:deal_investor_relation|source:investor_investment_relation,CompanyInvestorRelation.CompanyID|CompanyInvestorRelation.InvestorID|Deal.CompanyID|DealInvestorRelation.DealID|DealInvestorRelation.InvestorID|InvestorInvestmentRelation.CompanyID|InvestorInvestmentRelation.InvestorID,"Part5 Rule B company investor graph: 1 token companies, 1 deals, 0 funds | source_methods=company_investor_relation,deal_investor_relation,investor_investment_relation | PrimaryInvestorType: Venture Capital | PreferredVerticals: TMT | PreferredInvestmentTypes: Early Stage VC, Later Stage VC, Seed Round | CompanyInvestorRelation: IRISnet; status=Former; holding=Minority; since= | DealInvestorRelatio",part5_token_company_investor_graph_then_web_search_with_primary_source_priority,investor_router|capability_classification
204,459498-43,CoinFlip (Other Financial Services),,,"GPD Holdings, LLC",www.coinflip.tech,coinflip.tech,,,,"Chicago, IL",United States,Corporation,,Merger/Acquisition,,Prefers majority stake,,,"Developer of bitcoin atm network or digital currency platform designed to give the world quick, easy, and secure access to the benefits of cryptocurrency. The company's platform offers an over-the-counter (OTC) trading desk and also an online service for buying cryptocurrencies with credit and debit cards.",part5_rule_b_company|source:company_investor_relation|source:deal_investor_relation|source:investor_investment_relation,CompanyInvestorRelation.CompanyID|CompanyInvestorRelation.InvestorID|Deal.CompanyID|DealInvestorRelation.DealID|DealInvestorRelation.InvestorID|InvestorInvestmentRelation.CompanyID|InvestorInvestmentRelation.InvestorID,"Part5 Rule B company investor graph: 1 token companies, 1 deals, 0 funds | source_methods=company_investor_relation,deal_investor_relation,investor_investment_relation | PrimaryInvestorType: Corporation | PreferredInvestmentTypes: Merger/Acquisition | CompanyInvestorRelation: 1Money Network; status=Active; holding=Minority; since=01/16/2025 | DealInvestorRelation: 1Money Network; deal=282427-84T; d",part5_token_company_investor_graph_then_web_search_with_primary_source_priority,investor_router|capability_classification
205,656076-43,CoinVisionary,,,,,,,,,"England, United Kingdom",United Kingdom,Venture Capital,,"Early Stage VC, Later Stage VC, Seed Round",,"Prefers minority stake, Will syndicate",,,CoinVisionary is a venture capital firm based in England.,part5_rule_b_company|source:company_investor_relation|source:deal_investor_relation|source:investor_investment_relation,CompanyInvestorRelation.CompanyID|CompanyInvestorRelation.InvestorID|Deal.CompanyID|DealInvestorRelation.DealID|DealInvestorRelation.InvestorID|InvestorInvestmentRelation.CompanyID|InvestorInvestmentRelation.InvestorID,"Part5 Rule B company investor graph: 1 token companies, 1 deals, 0 funds | source_methods=company_investor_relation,deal_investor_relation,investor_investment_relation | PrimaryInvestorType: Venture Capital | PreferredInvestmentTypes: Early Stage VC, Later Stage VC, Seed Round | CompanyInvestorRelation: BTA Protocol; status=Former; holding=Minority; since=08/26/2024 | DealInvestorRelation: BTA Prot",part5_token_company_investor_graph_then_web_search_with_primary_source_priority,investor_router|capability_classification
206,97743-97,Commerce.Innovated,,,,www.commerceinnovated.com,commerceinnovated.com,,,,"San Francisco, CA",United States,Accelerator/Incubator,Venture Capital,"Accelerator/Incubator, Early Stage VC, Seed Round",,"Prefers minority stake, Will syndicate",,,"Commerce.Innovated was an accelerator jointly run by Silicon Valley Bank and First Data. It was designed to help commerce, payments and fintech startups grow their businesses. The four-month virtual program provided participants with operational mentorship from Silicon Valley Bank, First Data and their respective networks.",part5_rule_b_company|source:company_investor_relation|source:deal_investor_relation|source:investor_investment_relation,CompanyInvestorRelation.CompanyID|CompanyInvestorRelation.InvestorID|Deal.CompanyID|DealInvestorRelation.DealID|DealInvestorRelation.InvestorID|InvestorInvestmentRelation.CompanyID|InvestorInvestmentRelation.InvestorID,"Part5 Rule B company investor graph: 1 token companies, 1 deals, 0 funds | source_methods=company_investor_relation,deal_investor_relation,investor_investment_relation | PrimaryInvestorType: Accelerator/Incubator | OtherInvestorTypes: Venture Capital | PreferredInvestmentTypes: Accelerator/Incubator, Early Stage VC, Seed Round | CompanyInvestorRelation: PayStand; status=Active; holding=Minority; si",part5_token_company_investor_graph_then_web_search_with_primary_source_priority,investor_router|capability_classification
207,52871-95,Concept2Company Ventures,"C2C, C2C Ventures",Company2Company,"C2C Ventures, Inc.",www.c2cventures.com,c2cventures.com,,,,"Stanford, CA",United States,Venture Capital,,"Early Stage VC, Seed Round",Artificial Intelligence & Machine Learning,"Prefers minority stake, Will syndicate",,,"Founded in 1999, Concept2Company Ventures is a venture capital firm based in Stanford, California. The firm prefers to invest in seed-stage companies operating in technology sectors based in the United States.",part5_rule_b_company|source:company_investor_relation|source:deal_investor_relation|source:investor_investment_relation,CompanyInvestorRelation.CompanyID|CompanyInvestorRelation.InvestorID|Deal.CompanyID|DealInvestorRelation.DealID|DealInvestorRelation.InvestorID|InvestorInvestmentRelation.CompanyID|InvestorInvestmentRelation.InvestorID,"Part5 Rule B company investor graph: 1 token companies, 1 deals, 0 funds | source_methods=company_investor_relation,deal_investor_relation,investor_investment_relation | PrimaryInvestorType: Venture Capital | PreferredVerticals: Artificial Intelligence & Machine Learning | PreferredInvestmentTypes: Early Stage VC, Seed Round | CompanyInvestorRelation: Axelar; status=Active; holding=Minority; since=",part5_token_company_investor_graph_then_web_search_with_primary_source_priority,investor_router|capability_classification
208,184204-00,CONTENTshift,,,,www.contentshift.de,contentshift.de,,,,"Frankfurt, Germany",Germany,Accelerator/Incubator,,"Accelerator/Incubator, Early Stage VC, Seed Round",TMT,Prefers minority stake,,,"CONTENTshift is an accelerator and incubator based in Frankfurt, Germany. The firm prefers to provide mentorship, training and funding to early stage startups.",part5_rule_b_company|source:company_investor_relation|source:deal_investor_relation|source:investor_investment_relation,CompanyInvestorRelation.CompanyID|CompanyInvestorRelation.InvestorID|Deal.CompanyID|DealInvestorRelation.DealID|DealInvestorRelation.InvestorID|InvestorInvestmentRelation.CompanyID|InvestorInvestmentRelation.InvestorID,"Part5 Rule B company investor graph: 1 token companies, 1 deals, 0 funds | source_methods=company_investor_relation,deal_investor_relation,investor_investment_relation | PrimaryInvestorType: Accelerator/Incubator | PreferredVerticals: TMT | PreferredInvestmentTypes: Accelerator/Incubator, Early Stage VC, Seed Round | CompanyInvestorRelation: SatoshiPay; status=Active; holding=; since=01/01/2016 | D",part5_token_company_investor_graph_then_web_search_with_primary_source_priority,investor_router|capability_classification
209,223028-11,Coppel,,,Coppel S.A. de C.V.,www.coppel.com,coppel.com,,,,"Culiacan, Mexico",Mexico,Corporation,,Merger/Acquisition,"E-Commerce, FinTech, SaaS, TMT",Prefers majority stake,,,"Grupo Coppel is a commercial chain of departmental sales stores through the granting of credits with few requirements and free distributions. It offers home furniture and clothing products online in Mexico. The company operates stores that provide home appliances, such as refrigerators, stoves, coolers, dryers, heaters, sewing machines, hoods and centrifuges, automotive and sporting goods and many others. It also offers its products online. In addition, it provides personal credits and micro-credits. It was founded in 1941 and is headquartered in Culiacán, Mexico. It seeks to acquire other companies whose businesses can be integrated into its existing operations and also those that provide a",part5_rule_b_company|source:company_investor_relation|source:deal_investor_relation|source:investor_investment_relation,CompanyInvestorRelation.CompanyID|CompanyInvestorRelation.InvestorID|Deal.CompanyID|DealInvestorRelation.DealID|DealInvestorRelation.InvestorID|InvestorInvestmentRelation.CompanyID|InvestorInvestmentRelation.InvestorID,"Part5 Rule B company investor graph: 1 token companies, 1 deals, 0 funds | source_methods=company_investor_relation,deal_investor_relation,investor_investment_relation | PrimaryInvestorType: Corporation | PreferredVerticals: E-Commerce, FinTech, SaaS, TMT | PreferredInvestmentTypes: Merger/Acquisition | CompanyInvestorRelation: PayStand; status=Active; holding=Minority; since=03/24/2020 | DealInves",part5_token_company_investor_graph_then_web_search_with_primary_source_priority,investor_router|capability_classification
210,540054-10,Corridor Ventures (New Orleans),,,,www.corridorvc.com,corridorvc.com,,,,"New Orleans, LA",United States,Venture Capital,,"Early Stage VC, Seed Round","Climate Tech, Digital Health, FemTech, HealthTech, Mobility Tech, SaaS, Supply Chain Tech","Prefers minority stake, Will syndicate",,,"Founded in 2022, Corridor Ventures is a venture capital firm based in New Orleans, Louisiana. The firm invests in early-stage companies in the United States Southeast.",part5_rule_b_company|source:company_investor_relation|source:deal_investor_relation|source:investor_investment_relation,CompanyInvestorRelation.CompanyID|CompanyInvestorRelation.InvestorID|Deal.CompanyID|DealInvestorRelation.DealID|DealInvestorRelation.InvestorID|InvestorInvestmentRelation.CompanyID|InvestorInvestmentRelation.InvestorID,"Part5 Rule B company investor graph: 1 token companies, 1 deals, 0 funds | source_methods=company_investor_relation,deal_investor_relation,investor_investment_relation | PrimaryInvestorType: Venture Capital | PreferredVerticals: Climate Tech, Digital Health, FemTech, HealthTech, Mobility Tech, SaaS, Supply Chain Tech | PreferredInvestmentTypes: Early Stage VC, Seed Round | CompanyInvestorRelation:",part5_token_company_investor_graph_then_web_search_with_primary_source_priority,investor_router|capability_classification
211,51588-19,Coupa Software,Coupa,,Coupa Software Inc.,www.coupa.com,coupa.com,,,,"Foster City, CA",United States,PE-Backed Company,,"Add-on, Buyout/LBO, Merger/Acquisition","SaaS, TMT",Prefers majority stake,Coupa Ventures Fund,Venture Capital - Early Stage,"Developer of a cloud-based technology platform designed for business expense management. The company's platform provides visibility into procurement, invoicing, expense management, and spending, enabling its clients to gain control over their spending, optimize their supplier network and supply chains, and manage liquidity effectively.",part5_rule_b_company|source:company_investor_relation|source:deal_investor_relation|source:investor_investment_relation,CompanyInvestorRelation.CompanyID|CompanyInvestorRelation.InvestorID|Deal.CompanyID|DealInvestorRelation.DealID|DealInvestorRelation.InvestorID|InvestorInvestmentRelation.CompanyID|InvestorInvestmentRelation.InvestorID,"Part5 Rule B company investor graph: 1 token companies, 1 deals, 0 funds | source_methods=company_investor_relation,deal_investor_relation,investor_investment_relation | PrimaryInvestorType: PE-Backed Company | PreferredVerticals: SaaS, TMT | PreferredInvestmentTypes: Add-on, Buyout/LBO, Merger/Acquisition | CompanyInvestorRelation: TradeFin; status=Acquirer; holding=Majority; since= | DealInvestor",part5_token_company_investor_graph_then_web_search_with_primary_source_priority,investor_router|capability_classification
212,267589-00,Court Westcott,,,,,,,,,,,Angel (individual),,,Real Estate Technology,,,,Mr. Court Westcott serves as Board Member at Door.com. He served as Executive at Westcott. He served as Co-Chairman at The Curious AI Company. He served as Board Member at Paradromics. He also served as Board Member at Ubimax. He holds a B.A. in philosophy and political science from Vanderbilt University. He also holds an MBA from SMU's Cox School of Business. Mr. Court identifies investments with a strong focus on emerging technologies. He also participates in the management of Westcott.,part5_rule_b_company|source:company_investor_relation|source:deal_investor_relation|source:investor_investment_relation,CompanyInvestorRelation.CompanyID|CompanyInvestorRelation.InvestorID|Deal.CompanyID|DealInvestorRelation.DealID|DealInvestorRelation.InvestorID|InvestorInvestmentRelation.CompanyID|InvestorInvestmentRelation.InvestorID,"Part5 Rule B company investor graph: 1 token companies, 1 deals, 0 funds | source_methods=company_investor_relation,deal_investor_relation,investor_investment_relation | PrimaryInvestorType: Angel (individual) | PreferredVerticals: Real Estate Technology | CompanyInvestorRelation: Augmate; status=Former; holding=Minority; since=04/29/2016 | DealInvestorRelation: Augmate; deal=72374-77T; date=04/29/",part5_token_company_investor_graph_then_web_search_with_primary_source_priority,investor_router|capability_classification
213,492750-46,Crosesell,,,,www.crosesell.com,crosesell.com,,,,"Ivanovice na Hane, Czech Republic",Czech Republic,Venture Capital,,"Early Stage VC, Later Stage VC, Seed Round","Artificial Intelligence & Machine Learning, Augmented Reality, Big Data, CleanTech, Climate Tech, Digital Health, FinTech, HealthTech, InsurTech, Internet of Things, Life Sciences, SaaS, Virtual Reality","Prefers minority stake, Will syndicate",,,"Founded in 2021, Crosesell was a venture capital firm based in Ivanovice na Hane, Czech republic. The firm preferred to make investments in pre-seed, seed, and series A & B in technology companies operating in big data, fintech, insurance tech, artificial intelligence, life sciences, health tech, new energy, and sustainability, augmented reality, virtual reality, internet of things, and biotechnology sectors.",part5_rule_b_company|source:company_investor_relation|source:deal_investor_relation|source:investor_investment_relation,CompanyInvestorRelation.CompanyID|CompanyInvestorRelation.InvestorID|Deal.CompanyID|DealInvestorRelation.DealID|DealInvestorRelation.InvestorID|InvestorInvestmentRelation.CompanyID|InvestorInvestmentRelation.InvestorID,"Part5 Rule B company investor graph: 1 token companies, 1 deals, 0 funds | source_methods=company_investor_relation,deal_investor_relation,investor_investment_relation | PrimaryInvestorType: Venture Capital | PreferredVerticals: Artificial Intelligence & Machine Learning, Augmented Reality, Big Data, CleanTech, Climate Tech, Digital Health, FinTech, HealthTech, InsurTech, Internet of Things, Life S",part5_token_company_investor_graph_then_web_search_with_primary_source_priority,investor_router|capability_classification
214,399549-16,Crowdcreate,,,Crowdcreate LLC,www.crowdcreate.us,crowdcreate.us,,,,"Los Angeles, CA",United States,Corporation,,Merger/Acquisition,,Prefers majority stake,,,"Founded in 2014, Crowdcreate is a crowdfunding marketing agency based in Los Angeles, California. The firm provides consultancy services in marketing and sales. The firm help clients to raise investor funds, increase sales, create buzz, acquire users, and grow their online community. The firm caters to the firm of all sizes.",part5_rule_b_company|source:company_investor_relation|source:deal_investor_relation|source:investor_investment_relation,CompanyInvestorRelation.CompanyID|CompanyInvestorRelation.InvestorID|Deal.CompanyID|DealInvestorRelation.DealID|DealInvestorRelation.InvestorID|InvestorInvestmentRelation.CompanyID|InvestorInvestmentRelation.InvestorID,"Part5 Rule B company investor graph: 1 token companies, 1 deals, 0 funds | source_methods=company_investor_relation,deal_investor_relation,investor_investment_relation | PrimaryInvestorType: Corporation | PreferredInvestmentTypes: Merger/Acquisition | CompanyInvestorRelation: Lit Protocol; status=Active; holding=Minority; since=12/01/2021 | DealInvestorRelation: Lit Protocol; deal=185305-42T; date=",part5_token_company_investor_graph_then_web_search_with_primary_source_priority,investor_router|capability_classification
215,656228-71,Crypto Labs,,,,,,,,,United Kingdom,United Kingdom,Venture Capital,,"Early Stage VC, Later Stage VC, Seed Round",,"Prefers minority stake, Will syndicate",,,Crypto Labs is a venture capital firm based in the United Kingdom.,part5_rule_b_company|source:company_investor_relation|source:deal_investor_relation|source:investor_investment_relation,CompanyInvestorRelation.CompanyID|CompanyInvestorRelation.InvestorID|Deal.CompanyID|DealInvestorRelation.DealID|DealInvestorRelation.InvestorID|InvestorInvestmentRelation.CompanyID|InvestorInvestmentRelation.InvestorID,"Part5 Rule B company investor graph: 1 token companies, 1 deals, 0 funds | source_methods=company_investor_relation,deal_investor_relation,investor_investment_relation | PrimaryInvestorType: Venture Capital | PreferredInvestmentTypes: Early Stage VC, Later Stage VC, Seed Round | CompanyInvestorRelation: BTA Protocol; status=Former; holding=Minority; since=09/12/2024 | DealInvestorRelation: BTA Prot",part5_token_company_investor_graph_then_web_search_with_primary_source_priority,investor_router|capability_classification
216,501013-18,CryptoPhd,,,,,,,,,"Singapore, Singapore",Singapore,Venture Capital,,"Early Stage VC, Later Stage VC, Seed Round",,"Prefers minority stake, Will syndicate",,,,part5_rule_b_company|source:company_investor_relation|source:deal_investor_relation|source:investor_investment_relation,CompanyInvestorRelation.CompanyID|CompanyInvestorRelation.InvestorID|Deal.CompanyID|DealInvestorRelation.DealID|DealInvestorRelation.InvestorID|InvestorInvestmentRelation.CompanyID|InvestorInvestmentRelation.InvestorID,"Part5 Rule B company investor graph: 1 token companies, 1 deals, 0 funds | source_methods=company_investor_relation,deal_investor_relation,investor_investment_relation | PrimaryInvestorType: Venture Capital | PreferredInvestmentTypes: Early Stage VC, Later Stage VC, Seed Round | CompanyInvestorRelation: SLG (Entertainment Software); status=Former; holding=Minority; since=07/04/2022 | DealInvestorRe",part5_token_company_investor_graph_then_web_search_with_primary_source_priority,investor_router|capability_classification
217,494995-87,D2 Digital Ventures,,,D2 Digital Ventures Ltd,www.d2digitalinvest.com,d2digitalinvest.com,,,,"Nicosia, Cyprus",Cyprus,Venture Capital,,"Early Stage VC, Later Stage VC, Seed Round","Advanced Manufacturing, Artificial Intelligence & Machine Learning, Cybersecurity, EdTech, Esports, FinTech, Micro-Mobility","Prefers minority stake, Will syndicate",Digital Venture Fund I,Venture - General,"Founded in 2021, D2 Digital Ventures is a venture capital firm based in Nicosia, Cyprus. The firm prefers to invest in micro-mobility, e-learning, cybersport, fintech, applied artificial intelligence, and deep tech scientific inventions sectors.",part5_rule_b_company|source:company_investor_relation|source:deal_investor_relation|source:investor_investment_relation,CompanyInvestorRelation.CompanyID|CompanyInvestorRelation.InvestorID|Deal.CompanyID|DealInvestorRelation.DealID|DealInvestorRelation.InvestorID|InvestorInvestmentRelation.CompanyID|InvestorInvestmentRelation.InvestorID,"Part5 Rule B company investor graph: 1 token companies, 1 deals, 0 funds | source_methods=company_investor_relation,deal_investor_relation,investor_investment_relation | PrimaryInvestorType: Venture Capital | PreferredVerticals: Advanced Manufacturing, Artificial Intelligence & Machine Learning, Cybersecurity, EdTech, Esports, FinTech, Micro-Mobility | PreferredInvestmentTypes: Early Stage VC, Late",part5_token_company_investor_graph_then_web_search_with_primary_source_priority,investor_router|capability_classification
218,481455-10,Danal Holdings,,,,,,,,,,,Corporation,,Merger/Acquisition,,Prefers majority stake,,,,part5_rule_b_company|source:company_investor_relation|source:deal_investor_relation|source:investor_investment_relation,CompanyInvestorRelation.CompanyID|CompanyInvestorRelation.InvestorID|Deal.CompanyID|DealInvestorRelation.DealID|DealInvestorRelation.InvestorID|InvestorInvestmentRelation.CompanyID|InvestorInvestmentRelation.InvestorID,"Part5 Rule B company investor graph: 1 token companies, 1 deals, 0 funds | source_methods=company_investor_relation,deal_investor_relation,investor_investment_relation | PrimaryInvestorType: Corporation | PreferredInvestmentTypes: Merger/Acquisition | CompanyInvestorRelation: Parameta; status=Active; holding=Minority; since=06/05/2020 | DealInvestorRelation: Parameta; deal=139750-30T; date=06/05/20",part5_token_company_investor_graph_then_web_search_with_primary_source_priority,investor_router|capability_classification
219,501000-22,Danal Investment Partners,,,,,,Danal Company,,,"Seongnam-si, South Korea",South Korea,Corporate Venture Capital,,"Early Stage VC, Later Stage VC, Seed Round","FinTech, SaaS, TMT","Prefers minority stake, Will syndicate",Danal-Gyeonggi Innovation Venture Investment Association,Venture Capital - Early Stage,"Founded in 2019, Danal Investment Partners is a corporate venture capital arm of Danal Company based in Seongnam-si, South Korea. The firm prefers to invest in information & communication technology, fintech, platform, and digital content sectors.",part5_rule_b_company|source:company_investor_relation|source:deal_investor_relation|source:investor_investment_relation,CompanyInvestorRelation.CompanyID|CompanyInvestorRelation.InvestorID|Deal.CompanyID|DealInvestorRelation.DealID|DealInvestorRelation.InvestorID|InvestorInvestmentRelation.CompanyID|InvestorInvestmentRelation.InvestorID,"Part5 Rule B company investor graph: 1 token companies, 1 deals, 0 funds | source_methods=company_investor_relation,deal_investor_relation,investor_investment_relation | PrimaryInvestorType: Corporate Venture Capital | PreferredVerticals: FinTech, SaaS, TMT | PreferredInvestmentTypes: Early Stage VC, Later Stage VC, Seed Round | CompanyInvestorRelation: Parameta; status=Active; holding=Minority; si",part5_token_company_investor_graph_then_web_search_with_primary_source_priority,investor_router|capability_classification
220,741532-69,Dani Osorio,,,,,,,,,,,Angel (individual),,,,,,,Mr. Dani Osorio serves as Angel Investor at Dani Osorio.,part5_rule_b_company|source:company_investor_relation|source:deal_investor_relation|source:investor_investment_relation,CompanyInvestorRelation.CompanyID|CompanyInvestorRelation.InvestorID|Deal.CompanyID|DealInvestorRelation.DealID|DealInvestorRelation.InvestorID|InvestorInvestmentRelation.CompanyID|InvestorInvestmentRelation.InvestorID,"Part5 Rule B company investor graph: 1 token companies, 1 deals, 0 funds | source_methods=company_investor_relation,deal_investor_relation,investor_investment_relation | PrimaryInvestorType: Angel (individual) | CompanyInvestorRelation: SOON (New York); status=Active; holding=Minority; since=08/27/2024 | DealInvestorRelation: SOON (New York); deal=270970-48T; date=08/27/2024; type=Seed Round; lead=",part5_token_company_investor_graph_then_web_search_with_primary_source_priority,investor_router|capability_classification
221,747972-82,Daniel Dizon,,,,,,,,,"Panama City, Panama",Panama,Angel (individual),,,,,,,Mr. Daniel Dizon is a Co-Founder & serves as Chief Executive Officer at Swell (Panama).,part5_rule_b_company|source:company_investor_relation|source:deal_investor_relation|source:investor_investment_relation,CompanyInvestorRelation.CompanyID|CompanyInvestorRelation.InvestorID|Deal.CompanyID|DealInvestorRelation.DealID|DealInvestorRelation.InvestorID|InvestorInvestmentRelation.CompanyID|InvestorInvestmentRelation.InvestorID,"Part5 Rule B company investor graph: 1 token companies, 1 deals, 0 funds | source_methods=company_investor_relation,deal_investor_relation,investor_investment_relation | PrimaryInvestorType: Angel (individual) | CompanyInvestorRelation: Drosera; status=Active; holding=Minority; since=02/10/2025 | DealInvestorRelation: Drosera; deal=284720-32T; date=02/10/2025; type=Later Stage VC; lead=No; fund= |",part5_token_company_investor_graph_then_web_search_with_primary_source_priority,investor_router|capability_classification
222,503343-10,Dave Freeman,,,,,,,,,,,Angel (individual),,,,,,,Mr. Dave Freeman is an Angel Investor.,part5_rule_b_company|source:company_investor_relation|source:deal_investor_relation|source:investor_investment_relation,CompanyInvestorRelation.CompanyID|CompanyInvestorRelation.InvestorID|Deal.CompanyID|DealInvestorRelation.DealID|DealInvestorRelation.InvestorID|InvestorInvestmentRelation.CompanyID|InvestorInvestmentRelation.InvestorID,"Part5 Rule B company investor graph: 1 token companies, 1 deals, 0 funds | source_methods=company_investor_relation,deal_investor_relation,investor_investment_relation | PrimaryInvestorType: Angel (individual) | CompanyInvestorRelation: investFeed; status=Former; holding=Minority; since=11/16/2014 | DealInvestorRelation: investFeed; deal=201330-91T; date=11/16/2014; type=Seed Round; lead=No; fund=",part5_token_company_investor_graph_then_web_search_with_primary_source_priority,investor_router|capability_classification
223,106145-38,David Baggett,,,,,,,,,"Grapevine, TX",United States,Angel (individual),,,,,,,"Mr. David Baggett is a Co-Founder & serves as Chief Executive Officer at Inky. Mr. Baggett is an Angel Investor. He is a Trustee at the University of Maryland College Park Foundation. He served as Chief Operating Officer at ITA Software. He co-founded ITA Software in 1996. He was instrumental in developing and licensing to Sony one of the first games for the Sony PlayStation, the highly successful Crash Bandicoot. He has a B.S./B.A. in Computer Science and Linguistics from the University of Maryland, College Park and an S.M. in Computer Science from MIT. He also volunteers as a member of the US Department of Energy Secretary Advisory Board on AI. He served as Board Member at Boston Microflui",part5_rule_b_company|source:company_investor_relation|source:deal_investor_relation|source:investor_investment_relation,CompanyInvestorRelation.CompanyID|CompanyInvestorRelation.InvestorID|Deal.CompanyID|DealInvestorRelation.DealID|DealInvestorRelation.InvestorID|InvestorInvestmentRelation.CompanyID|InvestorInvestmentRelation.InvestorID,"Part5 Rule B company investor graph: 1 token companies, 1 deals, 0 funds | source_methods=company_investor_relation,deal_investor_relation,investor_investment_relation | PrimaryInvestorType: Angel (individual) | CompanyInvestorRelation: Barrel Protocol; status=Former; holding=Minority; since=09/06/2018 | DealInvestorRelation: Barrel Protocol; deal=132887-26T; date=09/06/2018; type=Seed Round; lead=",part5_token_company_investor_graph_then_web_search_with_primary_source_priority,investor_router|capability_classification
224,123766-12,David Coulter,,,,,,,,,,,Angel (individual),,,"Cryptocurrency/Blockchain, FinTech, SaaS, TMT",,,,Mr. David Coulter is an Angel Investor.,part5_rule_b_company|source:company_investor_relation|source:deal_investor_relation|source:investor_investment_relation,CompanyInvestorRelation.CompanyID|CompanyInvestorRelation.InvestorID|Deal.CompanyID|DealInvestorRelation.DealID|DealInvestorRelation.InvestorID|InvestorInvestmentRelation.CompanyID|InvestorInvestmentRelation.InvestorID,"Part5 Rule B company investor graph: 1 token companies, 1 deals, 0 funds | source_methods=company_investor_relation,deal_investor_relation,investor_investment_relation | PrimaryInvestorType: Angel (individual) | PreferredVerticals: Cryptocurrency/Blockchain, FinTech, SaaS, TMT | CompanyInvestorRelation: Chain; status=Former; holding=Minority; since=09/09/2015 | DealInvestorRelation: Chain; deal=571",part5_token_company_investor_graph_then_web_search_with_primary_source_priority,investor_router|capability_classification
225,119765-98,David Rowan,"WIRED, WIRED Health",,,health.wired.com,health.wired.com,,,,"Dublin, Ireland",Ireland,Angel (individual),,,TMT,,,,"Mr. David Rowan serves as Partner & Head, Corporate and Mergers & Acquisitions at A&L Goodbody. Mr. David Rowan is an Angel Investor. He served as Associate, Private Equity at Proskauer Rose. Before joining Proskauer, he was a trainee solicitor at a prominent European law firm, where he focused on a wide variety of corporate transactions, including mergers and acquisitions, private equity, and the admission of companies to the AIM market of the London Stock Exchange.",part5_rule_b_company|source:company_investor_relation|source:deal_investor_relation|source:investor_investment_relation,CompanyInvestorRelation.CompanyID|CompanyInvestorRelation.InvestorID|Deal.CompanyID|DealInvestorRelation.DealID|DealInvestorRelation.InvestorID|InvestorInvestmentRelation.CompanyID|InvestorInvestmentRelation.InvestorID,"Part5 Rule B company investor graph: 1 token companies, 1 deals, 0 funds | source_methods=company_investor_relation,deal_investor_relation,investor_investment_relation | PrimaryInvestorType: Angel (individual) | PreferredVerticals: TMT | CompanyInvestorRelation: Improbable Worlds; status=Active; holding=Minority; since=05/11/2017 | DealInvestorRelation: Improbable Worlds; deal=77554-99T; date=05/11",part5_token_company_investor_graph_then_web_search_with_primary_source_priority,investor_router|capability_classification
226,438533-92,David Rutter,,,,,,,,,"New York, NY",United States,Angel (individual),,,,,,,"Mr. David Rutter is a Co-Founder and serves as Chief Executive Officer at R3. He was a Co-Founder of LedgerEdge. He is an Angel Investor. He also serves as Board Member at HQLAx. He also serves as a Board Member at MonetaGo.He was a Co-Founder at LiquidityEdge. With over 30 years of experience leading some of Wall Street's top institutions, he is a longtime creative thought leader in financial markets and innovation and has played a significant role in the adoption of electronic trading in the global OTC derivatives industry. He served for ten years as the CEO of Electronic Broking at ICAP Plc, the world's largest interdealer broker, where he led the BrokerTec fixed income and EBS foreign ex",part5_rule_b_company|source:company_investor_relation|source:deal_investor_relation|source:investor_investment_relation,CompanyInvestorRelation.CompanyID|CompanyInvestorRelation.InvestorID|Deal.CompanyID|DealInvestorRelation.DealID|DealInvestorRelation.InvestorID|InvestorInvestmentRelation.CompanyID|InvestorInvestmentRelation.InvestorID,"Part5 Rule B company investor graph: 1 token companies, 1 deals, 0 funds | source_methods=company_investor_relation,deal_investor_relation,investor_investment_relation | PrimaryInvestorType: Angel (individual) | CompanyInvestorRelation: Improbable Worlds; status=Active; holding=Minority; since=03/17/2022 | DealInvestorRelation: Improbable Worlds; deal=191799-19T; date=03/17/2022; type=Later Stage V",part5_token_company_investor_graph_then_web_search_with_primary_source_priority,investor_router|capability_classification
227,105939-37,David Sacks,,,David O. Sacks,,,,,,"San Francisco, CA",United States,Angel (individual),,,"Real Estate Technology, SaaS, TMT","Prefers minority stake, Will syndicate",Sacks Ventures I,Venture Capital - Early Stage,"Mr. David Sacks is a Co-Founder and serves as a Partner at Craft Ventures. Mr. Sacks serves as a Board Member at Knock. He is a Co-Founder of SaaSGrid. Previously, he served as Chairman at Harbor Platform. He is an Investor of Trust Fund. He founded Sacks Ventures. He served as a Board Member at Datasembly and Cabana. He served as a Board Member at Cabana. He served as a Board Member at BitGo and Knock. He serves as an Advisor at Trynow. He co-founded Riverside Ventures. He serves as a Board Member at Vendr, MyHeritage, Clickup, Trellis, Sourcegraph, OpenPhone Technologies, Inc., Scratchpad, and Bird Rides. He serves as a Board Observer at SentiLink. He served as an Advisor at Radius Intelli",part5_rule_b_company|source:company_investor_relation|source:deal_investor_relation|source:investor_investment_relation,CompanyInvestorRelation.CompanyID|CompanyInvestorRelation.InvestorID|Deal.CompanyID|DealInvestorRelation.DealID|DealInvestorRelation.InvestorID|InvestorInvestmentRelation.CompanyID|InvestorInvestmentRelation.InvestorID,"Part5 Rule B company investor graph: 1 token companies, 1 deals, 0 funds | source_methods=company_investor_relation,deal_investor_relation,investor_investment_relation | PrimaryInvestorType: Angel (individual) | PreferredVerticals: Real Estate Technology, SaaS, TMT | CompanyInvestorRelation: BitGo; status=Former; holding=Minority; since=10/18/2018 | DealInvestorRelation: BitGo; deal=98491-42T; date",part5_token_company_investor_graph_then_web_search_with_primary_source_priority,investor_router|capability_classification
228,106113-43,David Tisch,,,,www.davidtisch.com,davidtisch.com,,,,"New York, NY",United States,Angel (individual),,,TMT,"Prefers minority stake, Will syndicate",,,"Mr. David Tisch is a Co-Founder and serves as Investor at BoxGroup. Mr. Tisch serves as Chairman at Good Dog. He serves as Advisor at ID.me. He serves as Board Member at HUDSON RIVER PARK TRUST. He is also the co-founder of TechStars NYC and previously served as Managing Director of the program. He was named to NYC Mayor Bloomberg's Advisory Council on Technology and serves on the Investor Board of Venture for America. He is also a regular contributor to the Wall Street Journal 'The Accelerators' online blog. Prior to joining TechStars, he served as Executive Vice President of Interactive Strategies at kgb, a global information services company. While at KGB, he founded and lead Knowmore.com",part5_rule_b_company|source:company_investor_relation|source:deal_investor_relation|source:investor_investment_relation,CompanyInvestorRelation.CompanyID|CompanyInvestorRelation.InvestorID|Deal.CompanyID|DealInvestorRelation.DealID|DealInvestorRelation.InvestorID|InvestorInvestmentRelation.CompanyID|InvestorInvestmentRelation.InvestorID,"Part5 Rule B company investor graph: 1 token companies, 1 deals, 0 funds | source_methods=company_investor_relation,deal_investor_relation,investor_investment_relation | PrimaryInvestorType: Angel (individual) | PreferredVerticals: TMT | CompanyInvestorRelation: Chain; status=Former; holding=Minority; since=08/20/2014 | DealInvestorRelation: Chain; deal=36783-46T; date=08/20/2014; type=Early Stage",part5_token_company_investor_graph_then_web_search_with_primary_source_priority,investor_router|capability_classification
229,178982-02,Davidson Technology Growth Debt,,,Davidson Capital GmbH,www.davidson-capital.com,davidson-capital.com,,,,"Zossen, Germany",Germany,Lender/Debt Provider,,,"E-Commerce, TMT",,Davidson Technology Growth Debt Fund II,Venture Debt,"Founded in 2015, Davidson Technology Growth Debt Fund is a lender based in Zossen, Germany. The firm provides debt financing to middle to later-stage technology companies.",part5_rule_b_company|source:company_investor_relation|source:deal_investor_relation|source:investor_investment_relation,CompanyInvestorRelation.CompanyID|CompanyInvestorRelation.InvestorID|Deal.CompanyID|DealInvestorRelation.DealID|DealInvestorRelation.InvestorID|InvestorInvestmentRelation.CompanyID|InvestorInvestmentRelation.InvestorID,"Part5 Rule B company investor graph: 1 token companies, 1 deals, 0 funds | source_methods=company_investor_relation,deal_investor_relation,investor_investment_relation | PrimaryInvestorType: Lender/Debt Provider | PreferredVerticals: E-Commerce, TMT | CompanyInvestorRelation: Hearti; status=Former; holding=Minority; since=08/28/2017 | DealInvestorRelation: Hearti; deal=212130-46T; date=08/28/2017;",part5_token_company_investor_graph_then_web_search_with_primary_source_priority,investor_router|capability_classification
230,500742-64,DCBuilder DCBuilder,,,,,,,,,,,Angel (individual),,,,,,,Mr. DCBuilder is an Angel Investor.,part5_rule_b_company|source:company_investor_relation|source:deal_investor_relation|source:investor_investment_relation,CompanyInvestorRelation.CompanyID|CompanyInvestorRelation.InvestorID|Deal.CompanyID|DealInvestorRelation.DealID|DealInvestorRelation.InvestorID|InvestorInvestmentRelation.CompanyID|InvestorInvestmentRelation.InvestorID,"Part5 Rule B company investor graph: 1 token companies, 1 deals, 0 funds | source_methods=company_investor_relation,deal_investor_relation,investor_investment_relation | PrimaryInvestorType: Angel (individual) | CompanyInvestorRelation: PIN AI; status=Active; holding=Minority; since=09/09/2024 | DealInvestorRelation: PIN AI; deal=271620-55T; date=09/09/2024; type=Seed Round; lead=No; fund= | Invest",part5_token_company_investor_graph_then_web_search_with_primary_source_priority,investor_router|capability_classification
231,162067-51,Dean Benjamin,,,,deanbenjamin.com,deanbenjamin.com,,,,"New York, NY",United States,Angel (individual),,,,,,,"Mr. Dean Benjamin is a Co-Founder & serves as Principal at Ascent Real Estate Advisors. He is an Angel Investor. Prior to Ascent, he was a director in the Principal Transactions Group at Credit Suisse First Boston. His responsibilities included the structuring and execution of numerous capital markets transactions, the creation of high yield investment vehicles and the workout and restructuring of a multi-billion dollar portfolio of assets following the 1998 debt crisis. Prior to Credit Suisse First Boston, he was an associate at Schulte Roth & Zabel in New York. He is a graduate of the University of Michigan and the Fordham University School of Law.",part5_rule_b_company|source:company_investor_relation|source:deal_investor_relation|source:investor_investment_relation,CompanyInvestorRelation.CompanyID|CompanyInvestorRelation.InvestorID|Deal.CompanyID|DealInvestorRelation.DealID|DealInvestorRelation.InvestorID|InvestorInvestmentRelation.CompanyID|InvestorInvestmentRelation.InvestorID,"Part5 Rule B company investor graph: 1 token companies, 1 deals, 0 funds | source_methods=company_investor_relation,deal_investor_relation,investor_investment_relation | PrimaryInvestorType: Angel (individual) | CompanyInvestorRelation: Augmate; status=Former; holding=Minority; since=07/30/2014 | DealInvestorRelation: Augmate; deal=37679-95T; date=07/30/2014; type=Angel (individual); lead=No; fund=",part5_token_company_investor_graph_then_web_search_with_primary_source_priority,investor_router|capability_classification
232,458417-71,Destiny (Financial Software),,,Destiny XYZ Inc.,www.destiny.xyz,destiny.xyz,,,,"Austin, TX",United States,Venture Capital,VC-Backed Company,"Convertible Debt, Early Stage VC, Later Stage VC, Seed Round","Artificial Intelligence & Machine Learning, FinTech","Prefers majority stake, Prefers minority stake, Will syndicate",,,"Founded in 2020, D/XYZ is a venture capital firm based in Austin, Texas. The firm prefers to invest in space exploration, entertainment, fintech, and artificial & machine learning sectors.",part5_rule_b_company|source:company_investor_relation|source:deal_investor_relation|source:investor_investment_relation,CompanyInvestorRelation.CompanyID|CompanyInvestorRelation.InvestorID|Deal.CompanyID|DealInvestorRelation.DealID|DealInvestorRelation.InvestorID|InvestorInvestmentRelation.CompanyID|InvestorInvestmentRelation.InvestorID,"Part5 Rule B company investor graph: 1 token companies, 1 deals, 0 funds | source_methods=company_investor_relation,deal_investor_relation,investor_investment_relation | PrimaryInvestorType: Venture Capital | OtherInvestorTypes: VC-Backed Company | PreferredVerticals: Artificial Intelligence & Machine Learning, FinTech | PreferredInvestmentTypes: Convertible Debt, Early Stage VC, Later Stage VC, Se",part5_token_company_investor_graph_then_web_search_with_primary_source_priority,investor_router|capability_classification
233,453348-19,Diode Capital,,,,www.diode.vc,diode.vc,,,,"San Francisco, CA",United States,Venture Capital,Accelerator/Incubator,"Accelerator/Incubator, Early Stage VC, Later Stage VC, Seed Round",,"Prefers minority stake, Will syndicate",,,"Founded in 2020, Diode Capital is a venture capital firm based in San Francisco, California.",part5_rule_b_company|source:company_investor_relation|source:deal_investor_relation|source:investor_investment_relation,CompanyInvestorRelation.CompanyID|CompanyInvestorRelation.InvestorID|Deal.CompanyID|DealInvestorRelation.DealID|DealInvestorRelation.InvestorID|InvestorInvestmentRelation.CompanyID|InvestorInvestmentRelation.InvestorID,"Part5 Rule B company investor graph: 1 token companies, 1 deals, 0 funds | source_methods=company_investor_relation,deal_investor_relation,investor_investment_relation | PrimaryInvestorType: Venture Capital | OtherInvestorTypes: Accelerator/Incubator | PreferredInvestmentTypes: Accelerator/Incubator, Early Stage VC, Later Stage VC, Seed Round | CompanyInvestorRelation: Prove AI; status=Active; hold",part5_token_company_investor_graph_then_web_search_with_primary_source_priority,investor_router|capability_classification
234,747973-36,Diogo Costa,,,,,,,,,,,Angel (individual),,,,,,,Mr. Diogo Costa serves as Angel Investor at Diogo Costa.,part5_rule_b_company|source:company_investor_relation|source:deal_investor_relation|source:investor_investment_relation,CompanyInvestorRelation.CompanyID|CompanyInvestorRelation.InvestorID|Deal.CompanyID|DealInvestorRelation.DealID|DealInvestorRelation.InvestorID|InvestorInvestmentRelation.CompanyID|InvestorInvestmentRelation.InvestorID,"Part5 Rule B company investor graph: 1 token companies, 1 deals, 0 funds | source_methods=company_investor_relation,deal_investor_relation,investor_investment_relation | PrimaryInvestorType: Angel (individual) | CompanyInvestorRelation: Drosera; status=Active; holding=Minority; since=02/10/2025 | DealInvestorRelation: Drosera; deal=284720-32T; date=02/10/2025; type=Later Stage VC; lead=No; fund= |",part5_token_company_investor_graph_then_web_search_with_primary_source_priority,investor_router|capability_classification
235,40850-11,Docomo Innovations,,Docomo Capital,"DOCOMO Innovations, Inc.",www.docomoinnovations.com,docomoinnovations.com,NTT DoCoMo,,,"Sunnyvale, CA",United States,Accelerator/Incubator,Venture Capital,"Accelerator/Incubator, Early Stage VC, Later Stage VC, Seed Round","Mobile, TMT","Prefers minority stake, Will syndicate",,,"Founded in 2011, Docomo Innovations is an accelerator firm based in Sunnyvale, California. The firm seeks to incubate and invest in mobile network technology, video codec standardization, network service innovation, and Android product innovation sectors.",part5_rule_b_company|source:company_investor_relation|source:deal_investor_relation|source:investor_investment_relation,CompanyInvestorRelation.CompanyID|CompanyInvestorRelation.InvestorID|Deal.CompanyID|DealInvestorRelation.DealID|DealInvestorRelation.InvestorID|InvestorInvestmentRelation.CompanyID|InvestorInvestmentRelation.InvestorID,"Part5 Rule B company investor graph: 1 token companies, 1 deals, 0 funds | source_methods=company_investor_relation,deal_investor_relation,investor_investment_relation | PrimaryInvestorType: Accelerator/Incubator | OtherInvestorTypes: Venture Capital | PreferredVerticals: Mobile, TMT | PreferredInvestmentTypes: Accelerator/Incubator, Early Stage VC, Later Stage VC, Seed Round | CompanyInvestorRelat",part5_token_company_investor_graph_then_web_search_with_primary_source_priority,investor_router|capability_classification
236,267554-17,Dragon Capital (California),,,Dragon Capital LLC,www.dragoncapital.vc,dragoncapital.vc,,,,"San Francisco, CA",United States,Venture Capital,,"Early Stage VC, Later Stage VC, Seed Round",,"Prefers minority stake, Will syndicate",,,"Founded in 2018, Dragon Capital is a venture capital firm based in San Francisco, California. The firm prefers to invest in pre-seed, late-stage, and pre-IPO funding.",part5_rule_b_company|source:company_investor_relation|source:deal_investor_relation|source:investor_investment_relation,CompanyInvestorRelation.CompanyID|CompanyInvestorRelation.InvestorID|Deal.CompanyID|DealInvestorRelation.DealID|DealInvestorRelation.InvestorID|InvestorInvestmentRelation.CompanyID|InvestorInvestmentRelation.InvestorID,"Part5 Rule B company investor graph: 1 token companies, 1 deals, 0 funds | source_methods=company_investor_relation,deal_investor_relation,investor_investment_relation | PrimaryInvestorType: Venture Capital | PreferredInvestmentTypes: Early Stage VC, Later Stage VC, Seed Round | CompanyInvestorRelation: Kraken; status=Pending (Sell Side); holding=Minority; since=06/30/2021 | DealInvestorRelation: K",part5_token_company_investor_graph_then_web_search_with_primary_source_priority,investor_router|capability_classification
237,458037-46,Drew Volpe,,,,,,,,,"Cambridge, MA",United States,Angel (individual),,,,,,,"Mr. Drew Volpe is a Co-Founder and serves as Partner at First Star Ventures. He is a Co-Founder and serves as Managing Partner & Founding Investor at Salient (Media and Information Services (B2B)). He served as Advisor & Board Member at MotionHall. He is an accomplished investor, entrepreneur, and technologist with deep experience in search, machine learning, sensors, mobile, computational bio, and blockchain technologies. He was the founding VP of Product Development for conversational AI startup Semantic Machines. He was previously co-founder/CTO of Locately, where he led development of Locately's location-based market research platform from inception through the company's successful acqui",part5_rule_b_company|source:company_investor_relation|source:deal_investor_relation|source:investor_investment_relation,CompanyInvestorRelation.CompanyID|CompanyInvestorRelation.InvestorID|Deal.CompanyID|DealInvestorRelation.DealID|DealInvestorRelation.InvestorID|InvestorInvestmentRelation.CompanyID|InvestorInvestmentRelation.InvestorID,"Part5 Rule B company investor graph: 1 token companies, 1 deals, 0 funds | source_methods=company_investor_relation,deal_investor_relation,investor_investment_relation | PrimaryInvestorType: Angel (individual) | CompanyInvestorRelation: Skynet (Systems and Information Management); status=Former; holding=Minority; since=09/22/2020 | DealInvestorRelation: Skynet (Systems and Information Management);",part5_token_company_investor_graph_then_web_search_with_primary_source_priority,investor_router|capability_classification
238,506775-43,DT Unicorn Fund,,,DT Unicorn Fund LLC,www.dtunicornfund.com,dtunicornfund.com,,,,"Charlotte, NC",United States,Venture Capital,,Later Stage VC,"AgTech, Big Data, CloudTech & DevOps, FinTech, TMT","Prefers minority stake, Will syndicate",,,"Founded in 2019, DT Unicorn Fund is a venture capital firm based in Charlotte, North Carolina. The firm seeks to invest in fintech, agriculture tech, cloud tech, and big data analytics technology sectors.",part5_rule_b_company|source:company_investor_relation|source:deal_investor_relation|source:investor_investment_relation,CompanyInvestorRelation.CompanyID|CompanyInvestorRelation.InvestorID|Deal.CompanyID|DealInvestorRelation.DealID|DealInvestorRelation.InvestorID|InvestorInvestmentRelation.CompanyID|InvestorInvestmentRelation.InvestorID,"Part5 Rule B company investor graph: 1 token companies, 1 deals, 0 funds | source_methods=company_investor_relation,deal_investor_relation,investor_investment_relation | PrimaryInvestorType: Venture Capital | PreferredVerticals: AgTech, Big Data, CloudTech & DevOps, FinTech, TMT | PreferredInvestmentTypes: Later Stage VC | CompanyInvestorRelation: Kraken; status=Pending (Sell Side); holding=Minorit",part5_token_company_investor_graph_then_web_search_with_primary_source_priority,investor_router|capability_classification
239,115122-79,Duncan Niederauer,,,,,,,,,"New York, NY",United States,Angel (individual),,"Angel (individual), Early Stage VC, Seed Round",TMT,"Prefers minority stake, Will syndicate",,,"Mr. Duncan Niederauer is a Co-Founder and serves as General Partner of Communitas Capital Partners. Mr. Niederauer serves as President at Venezia. Previously, he owned the company. He serves as a Board Member, a Member of the Nominating and Corporate Governance Committee & Member of the Product and Technology Committee at Anywhere Real Estate. He is a Co-Founder and serves as a Vice Chairman at Transcend Capital Advisors. He serves as an Advisor at Finlync & TeraExchange. He also served as a Board Member at Entefy. He co-founded Mountain Top Advisory Group. He also serves as Non-Executive Chairman & Strategic Advisor at Scenic Advisement. He serves as a Managing Director and Strategic Adviso",part5_rule_b_company|source:company_investor_relation|source:deal_investor_relation|source:investor_investment_relation,CompanyInvestorRelation.CompanyID|CompanyInvestorRelation.InvestorID|Deal.CompanyID|DealInvestorRelation.DealID|DealInvestorRelation.InvestorID|InvestorInvestmentRelation.CompanyID|InvestorInvestmentRelation.InvestorID,"Part5 Rule B company investor graph: 1 token companies, 1 deals, 0 funds | source_methods=company_investor_relation,deal_investor_relation,investor_investment_relation | PrimaryInvestorType: Angel (individual) | PreferredVerticals: TMT | PreferredInvestmentTypes: Angel (individual), Early Stage VC, Seed Round | CompanyInvestorRelation: Paxos; status=Active; holding=Minority; since=05/31/2018 | Deal",part5_token_company_investor_graph_then_web_search_with_primary_source_priority,investor_router|capability_classification
240,442688-41,Duro Ventures,,,,www.duro.vc,duro.vc,,,,"San Francisco, CA",United States,Venture Capital,Angel Group,"Angel (individual), Early Stage VC, Later Stage VC, Seed Round","AdTech, EdTech, HealthTech","Prefers minority stake, Seeks Impact investments, Will syndicate",,,"Founded in 2013, Duro Ventures is a venture capital firm based in San Francisco, California. The firm seeks to invest in the climate, consumer, health, enterprise, commerce, and education sectors.",part5_rule_b_company|source:company_investor_relation|source:deal_investor_relation|source:investor_investment_relation,CompanyInvestorRelation.CompanyID|CompanyInvestorRelation.InvestorID|Deal.CompanyID|DealInvestorRelation.DealID|DealInvestorRelation.InvestorID|InvestorInvestmentRelation.CompanyID|InvestorInvestmentRelation.InvestorID,"Part5 Rule B company investor graph: 1 token companies, 1 deals, 0 funds | source_methods=company_investor_relation,deal_investor_relation,investor_investment_relation | PrimaryInvestorType: Venture Capital | OtherInvestorTypes: Angel Group | PreferredVerticals: AdTech, EdTech, HealthTech | PreferredInvestmentTypes: Angel (individual), Early Stage VC, Later Stage VC, Seed Round | CompanyInvestorRel",part5_token_company_investor_graph_then_web_search_with_primary_source_priority,investor_router|capability_classification
241,149035-96,eChai Ventures,eChai,,,echai.ventures,echai.ventures,,,,"Ahmedabad, India",India,Accelerator/Incubator,Venture Capital,"Early Stage VC, Later Stage VC, Seed Round","Manufacturing, SaaS, TMT","Prefers minority stake, Will syndicate",,,"eChai Ventures is an incubator based in Ahmedabad, Gujarat.",part5_rule_b_company|source:company_investor_relation|source:deal_investor_relation|source:investor_investment_relation,CompanyInvestorRelation.CompanyID|CompanyInvestorRelation.InvestorID|Deal.CompanyID|DealInvestorRelation.DealID|DealInvestorRelation.InvestorID|InvestorInvestmentRelation.CompanyID|InvestorInvestmentRelation.InvestorID,"Part5 Rule B company investor graph: 1 token companies, 1 deals, 0 funds | source_methods=company_investor_relation,deal_investor_relation,investor_investment_relation | PrimaryInvestorType: Accelerator/Incubator | OtherInvestorTypes: Venture Capital | PreferredVerticals: Manufacturing, SaaS, TMT | PreferredInvestmentTypes: Early Stage VC, Later Stage VC, Seed Round | CompanyInvestorRelation: Patie",part5_token_company_investor_graph_then_web_search_with_primary_source_priority,investor_router|capability_classification
242,106635-52,Ed Park,,,,,,,,,"Boston, MA",United States,Angel (individual),,,TMT,"Prefers minority stake, Will syndicate",,,"Mr. Edward Park is a Co-Founder and serves as Chief Executive Officer & Board Member at Devoted Health. He served as Board Member at Athenahealth. He served as Board Member at Kyruus. He has been in this position since since January 2017. Prior to joining the Board of Directors, He served as Executive Vice President and Chief Operating Officer from July 2010 to December 2016. He previously served as Chief Technology Officer from March 2007 to June 2010 and as a Chief Software Architect from 1998 to March 2007. He served as a consultant for Viant, Inc. He also serves as Board Member of Castlight Health, Inc. He has been involved in numerous standards-defining industry groups, including Nation",part5_rule_b_company|source:company_investor_relation|source:deal_investor_relation|source:investor_investment_relation,CompanyInvestorRelation.CompanyID|CompanyInvestorRelation.InvestorID|Deal.CompanyID|DealInvestorRelation.DealID|DealInvestorRelation.InvestorID|InvestorInvestmentRelation.CompanyID|InvestorInvestmentRelation.InvestorID,"Part5 Rule B company investor graph: 1 token companies, 1 deals, 0 funds | source_methods=company_investor_relation,deal_investor_relation,investor_investment_relation | PrimaryInvestorType: Angel (individual) | PreferredVerticals: TMT | CompanyInvestorRelation: Augmate; status=Former; holding=Minority; since=07/30/2014 | DealInvestorRelation: Augmate; deal=37679-95T; date=07/30/2014; type=Angel (i",part5_token_company_investor_graph_then_web_search_with_primary_source_priority,investor_router|capability_classification
243,56221-21,EIV Capital,EIV,,"EIV Capital, LLC",www.eivcapital.com,eivcapital.com,,,,"Houston, TX",United States,PE/Buyout,"Growth/Expansion, Infrastructure, Venture Capital","Buyout/LBO, Carveout, Early Stage VC, Later Stage VC, PE Growth/Expansion, Recapitalization, Seed Round","CleanTech, Infrastructure, Oil & Gas","Prefers majority stake, Prefers minority stake, Will syndicate",EIV Eisley,Buyout,"Founded in 2009, EIV Capital is a private equity firm based in Houston, Texas. The firm prefers to invest in energy infrastructure companies involved in the production, processing, transportation, storage, or conversion of oil, natural gas, refined products, and renewable fuels. This firm is a Registered Investment Adviser (RIA).",part5_rule_b_company|source:company_investor_relation|source:deal_investor_relation|source:investor_investment_relation,CompanyInvestorRelation.CompanyID|CompanyInvestorRelation.InvestorID|Deal.CompanyID|DealInvestorRelation.DealID|DealInvestorRelation.InvestorID|InvestorInvestmentRelation.CompanyID|InvestorInvestmentRelation.InvestorID,"Part5 Rule B company investor graph: 1 token companies, 1 deals, 0 funds | source_methods=company_investor_relation,deal_investor_relation,investor_investment_relation | PrimaryInvestorType: PE/Buyout | OtherInvestorTypes: Growth/Expansion, Infrastructure, Venture Capital | PreferredVerticals: CleanTech, Infrastructure, Oil & Gas | PreferredInvestmentTypes: Buyout/LBO, Carveout, Early Stage VC, Lat",part5_token_company_investor_graph_then_web_search_with_primary_source_priority,investor_router|capability_classification
244,58855-33,Elevator Fund,Elevator,,,www.elevatorfund.com,elevatorfund.com,,,,"Tel Aviv, Israel",Israel,Venture Capital,Accelerator/Incubator,"Early Stage VC, Later Stage VC, Seed Round",TMT,"Prefers minority stake, Will syndicate",,,"Founded in 2011, Elevator Fund was a venture capital firm based in Tel Aviv, Israel. The firm was an investment fund that specializes in accelerator and venture capital investments. The firm primarily preferred to invest in technology-based companies with an emphasis on software for web and mobile devices.",part5_rule_b_company|source:company_investor_relation|source:deal_investor_relation|source:investor_investment_relation,CompanyInvestorRelation.CompanyID|CompanyInvestorRelation.InvestorID|Deal.CompanyID|DealInvestorRelation.DealID|DealInvestorRelation.InvestorID|InvestorInvestmentRelation.CompanyID|InvestorInvestmentRelation.InvestorID,"Part5 Rule B company investor graph: 1 token companies, 1 deals, 0 funds | source_methods=company_investor_relation,deal_investor_relation,investor_investment_relation | PrimaryInvestorType: Venture Capital | OtherInvestorTypes: Accelerator/Incubator | PreferredVerticals: TMT | PreferredInvestmentTypes: Early Stage VC, Later Stage VC, Seed Round | CompanyInvestorRelation: Wemark; status=Former; hol",part5_token_company_investor_graph_then_web_search_with_primary_source_priority,investor_router|capability_classification
245,58878-46,Emirates International Investment,EII,,Emirates International Investment Company LLC,www.eiic.ae,eiic.ae,National Holding,,,"Abu Dhabi, United Arab Emirates",United Arab Emirates,Venture Capital,"Growth/Expansion, PE/Buyout","Early Stage VC, Later Stage VC, PE Growth/Expansion, Seed Round","AgTech, Digital Health, EdTech, Esports, HealthTech, Industrials, Manufacturing","Prefers majority stake, Prefers minority stake, Seeks Impact investments, Will syndicate",,,"Founded in 1999, Emirates International Investment is a venture capital firm based in Abu Dhabi, United Arab Emirates. The firm prefers to invest in companies operating in the industrial, agricultural, water, sports, healthcare, and education sectors.",part5_rule_b_company|source:company_investor_relation|source:deal_investor_relation|source:investor_investment_relation,CompanyInvestorRelation.CompanyID|CompanyInvestorRelation.InvestorID|Deal.CompanyID|DealInvestorRelation.DealID|DealInvestorRelation.InvestorID|InvestorInvestmentRelation.CompanyID|InvestorInvestmentRelation.InvestorID,"Part5 Rule B company investor graph: 1 token companies, 1 deals, 0 funds | source_methods=company_investor_relation,deal_investor_relation,investor_investment_relation | PrimaryInvestorType: Venture Capital | OtherInvestorTypes: Growth/Expansion, PE/Buyout | PreferredVerticals: AgTech, Digital Health, EdTech, Esports, HealthTech, Industrials, Manufacturing | PreferredInvestmentTypes: Early Stage VC",part5_token_company_investor_graph_then_web_search_with_primary_source_priority,investor_router|capability_classification
246,493222-15,EmPOWERED to Serve Business Accelerator,,,,www.empoweredtoserve.org/en/business-accelerator-program,empoweredtoserve.org,,,,"Dallas, TX",United States,Accelerator/Incubator,Impact Investing,"Accelerator/Incubator, Early Stage VC, Grant, Seed Round","Climate Tech, Cybersecurity, Digital Health, HealthTech, Impact Investing","Seeks Impact investments, Will syndicate",,,"Founded in 2017, EmPOWERED to Serve is an accelerator based in Dallas, Texas. The firm seeks to invest in profit and not-for-profit companies operating in the healthcare, healthtech, food, nutrition, insecurity, job security, housing, transportation, poverty, and climate sectors across the United States.",part5_rule_b_company|source:company_investor_relation|source:deal_investor_relation|source:investor_investment_relation,CompanyInvestorRelation.CompanyID|CompanyInvestorRelation.InvestorID|Deal.CompanyID|DealInvestorRelation.DealID|DealInvestorRelation.InvestorID|InvestorInvestmentRelation.CompanyID|InvestorInvestmentRelation.InvestorID,"Part5 Rule B company investor graph: 1 token companies, 1 deals, 0 funds | source_methods=company_investor_relation,deal_investor_relation,investor_investment_relation | PrimaryInvestorType: Accelerator/Incubator | OtherInvestorTypes: Impact Investing | PreferredVerticals: Climate Tech, Cybersecurity, Digital Health, HealthTech, Impact Investing | PreferredInvestmentTypes: Accelerator/Incubator, Ea",part5_token_company_investor_graph_then_web_search_with_primary_source_priority,investor_router|capability_classification
247,436799-98,Engine (Accelerator),,,The IA Engine Ltd.,www.theiaengine.com,theiaengine.com,,,,"London, United Kingdom",United Kingdom,Accelerator/Incubator,,Accelerator/Incubator,"Advanced Manufacturing, Artificial Intelligence & Machine Learning, Big Data, Cybersecurity, FinTech, Mobile, Robotics and Drones, SaaS",Prefers minority stake,,,"Founded in 2018, Engine is an accelerator firm in London, United Kingdom. The firm invests in early-stage startups.",part5_rule_b_company|source:company_investor_relation|source:deal_investor_relation|source:investor_investment_relation,CompanyInvestorRelation.CompanyID|CompanyInvestorRelation.InvestorID|Deal.CompanyID|DealInvestorRelation.DealID|DealInvestorRelation.InvestorID|InvestorInvestmentRelation.CompanyID|InvestorInvestmentRelation.InvestorID,"Part5 Rule B company investor graph: 1 token companies, 1 deals, 0 funds | source_methods=company_investor_relation,deal_investor_relation,investor_investment_relation | PrimaryInvestorType: Accelerator/Incubator | PreferredVerticals: Advanced Manufacturing, Artificial Intelligence & Machine Learning, Big Data, Cybersecurity, FinTech, Mobile, Robotics and Drones, SaaS | PreferredInvestmentTypes: Ac",part5_token_company_investor_graph_then_web_search_with_primary_source_priority,investor_router|capability_classification
248,229908-97,Enzyme Finance,,Melon Protocol,Melonport AG,www.enzyme.finance,enzyme.finance,,,,"Zug, Switzerland",Switzerland,VC-Backed Company,,"Early Stage VC, Later Stage VC, Merger/Acquisition",,Prefers majority stake,,,"Developer of blockchain software designed to assist asset managers. The company offers an autonomous system that has both its frontend, as well as its backend are hosted and executed on decentralized platforms, thereby replacing a large proportion of the middlemen with smart contracts, enabling asset managers to perform the same tasks at a fraction of the cost and with higher transparency, security and minimized requirement for trust.",part5_rule_b_company|source:company_investor_relation|source:deal_investor_relation|source:investor_investment_relation,CompanyInvestorRelation.CompanyID|CompanyInvestorRelation.InvestorID|Deal.CompanyID|DealInvestorRelation.DealID|DealInvestorRelation.InvestorID|InvestorInvestmentRelation.CompanyID|InvestorInvestmentRelation.InvestorID,"Part5 Rule B company investor graph: 1 token companies, 1 deals, 0 funds | source_methods=company_investor_relation,deal_investor_relation,investor_investment_relation | PrimaryInvestorType: VC-Backed Company | PreferredInvestmentTypes: Early Stage VC, Later Stage VC, Merger/Acquisition | CompanyInvestorRelation: Myso Finance; status=Acquirer; holding=Majority; since= | DealInvestorRelation: Myso F",part5_token_company_investor_graph_then_web_search_with_primary_source_priority,investor_router|capability_classification
249,548030-17,Equestrus,,,,equestrus.com,equestrus.com,,,,"Vancouver, Canada",Canada,Venture Capital,Family Office,"Early Stage VC, Later Stage VC, Seed Round","CleanTech, HealthTech","Prefers minority stake, Will syndicate",,,"Founded in 2019, Equestrus is a venture capital firm based in Vancouver, Canada. The firm seeks to invest in technology, healthtech, software, and clean energy sectors.",part5_rule_b_company|source:company_investor_relation|source:deal_investor_relation|source:investor_investment_relation,CompanyInvestorRelation.CompanyID|CompanyInvestorRelation.InvestorID|Deal.CompanyID|DealInvestorRelation.DealID|DealInvestorRelation.InvestorID|InvestorInvestmentRelation.CompanyID|InvestorInvestmentRelation.InvestorID,"Part5 Rule B company investor graph: 1 token companies, 1 deals, 0 funds | source_methods=company_investor_relation,deal_investor_relation,investor_investment_relation | PrimaryInvestorType: Venture Capital | OtherInvestorTypes: Family Office | PreferredVerticals: CleanTech, HealthTech | PreferredInvestmentTypes: Early Stage VC, Later Stage VC, Seed Round | CompanyInvestorRelation: Kraken; status=P",part5_token_company_investor_graph_then_web_search_with_primary_source_priority,investor_router|capability_classification
250,225266-41,Equity Investment Group,,,,www.equityinvestmentgroup.com,equityinvestmentgroup.com,,,,"Fort Wayne, IN",United States,Family Office,"PE/Buyout, Real Estate, Venture Capital","Buyout/LBO, Early Stage VC, Later Stage VC, PE Growth/Expansion, Seed Round","Industrials, Manufacturing","Prefers majority stake, Prefers minority stake, Will syndicate",,,"Founded in 1990, Equity Investment Group is a family office investment firm based in Fort Wayne, Indiana. The firm focuses on lower-middle-market operating companies, commercial real estate and other strategic investments.",part5_rule_b_company|source:company_investor_relation|source:deal_investor_relation|source:investor_investment_relation,CompanyInvestorRelation.CompanyID|CompanyInvestorRelation.InvestorID|Deal.CompanyID|DealInvestorRelation.DealID|DealInvestorRelation.InvestorID|InvestorInvestmentRelation.CompanyID|InvestorInvestmentRelation.InvestorID,"Part5 Rule B company investor graph: 1 token companies, 1 deals, 0 funds | source_methods=company_investor_relation,deal_investor_relation,investor_investment_relation | PrimaryInvestorType: Family Office | OtherInvestorTypes: PE/Buyout, Real Estate, Venture Capital | PreferredVerticals: Industrials, Manufacturing | PreferredInvestmentTypes: Buyout/LBO, Early Stage VC, Later Stage VC, PE Growth/Exp",part5_token_company_investor_graph_then_web_search_with_primary_source_priority,investor_router|capability_classification
251,442439-65,Eric Feldman,,,,,,,,,,,Angel (individual),,,,,,,"Mr. Eric Feldman is an Angel Investor. Mr. Feldman co-founded Bend (Financial Software). He co-founded & served as Board Member at Bolt. He was a Co-Founder of Augur. He was the Computer Science Teaching Assistant at Stanford University. He holds a Bachelor of Science (BS) and a Master of Science (MS) in Computer Science from Stanford University. Additionally, he has a degree in Finance from the École Polytechnique Fédérale de L.",part5_rule_b_company|source:company_investor_relation|source:deal_investor_relation|source:investor_investment_relation,CompanyInvestorRelation.CompanyID|CompanyInvestorRelation.InvestorID|Deal.CompanyID|DealInvestorRelation.DealID|DealInvestorRelation.InvestorID|InvestorInvestmentRelation.CompanyID|InvestorInvestmentRelation.InvestorID,"Part5 Rule B company investor graph: 1 token companies, 1 deals, 0 funds | source_methods=company_investor_relation,deal_investor_relation,investor_investment_relation | PrimaryInvestorType: Angel (individual) | CompanyInvestorRelation: SphereOne; status=Active; holding=Minority; since=01/19/2023 | DealInvestorRelation: SphereOne; deal=213353-38T; date=01/19/2023; type=Early Stage VC; lead=No; fund",part5_token_company_investor_graph_then_web_search_with_primary_source_priority,investor_router|capability_classification
252,105928-30,Eric Hahn,,,,,,,,,"San Francisco, CA",United States,Angel (individual),,,TMT,"Prefers minority stake, Will syndicate",,,"Dr. Eric Hahn is the Founder of Inventures Group. Mr. Hahn is an Angel Investor. Dr. Hahn also serves as Board Member at BitGo. He served as Board Member at Rewarder. He founded Element30. He served as Advisor and Board Member at Prevoty. At Inventures, he has served as a director and has been actively involved with over 20 start-ups including Red Hat, Zimbra, Posterous, Opsware, Proofpoint, and Good Technology. Previously, he served as Chief Technology Officer at Netscape Communications. In addition, he founded and served as Chief Executive Officer at Collabra Software. He began his career at Bolt, Beranek, and Newman, where he worked on the ARPANET, the precursor to the Internet. He serves",part5_rule_b_company|source:company_investor_relation|source:deal_investor_relation|source:investor_investment_relation,CompanyInvestorRelation.CompanyID|CompanyInvestorRelation.InvestorID|Deal.CompanyID|DealInvestorRelation.DealID|DealInvestorRelation.InvestorID|InvestorInvestmentRelation.CompanyID|InvestorInvestmentRelation.InvestorID,"Part5 Rule B company investor graph: 1 token companies, 1 deals, 0 funds | source_methods=company_investor_relation,deal_investor_relation,investor_investment_relation | PrimaryInvestorType: Angel (individual) | PreferredVerticals: TMT | CompanyInvestorRelation: BitGo; status=Former; holding=Minority; since=06/16/2014 | DealInvestorRelation: BitGo; deal=32885-56T; date=06/16/2014; type=Early Stage",part5_token_company_investor_graph_then_web_search_with_primary_source_priority,investor_router|capability_classification
253,466487-20,Eric Weingarten,,,,,,,,,,,Angel (individual),,,,,,,Mr. Eric Weingarten is an Angel Investor.,part5_rule_b_company|source:company_investor_relation|source:deal_investor_relation|source:investor_investment_relation,CompanyInvestorRelation.CompanyID|CompanyInvestorRelation.InvestorID|Deal.CompanyID|DealInvestorRelation.DealID|DealInvestorRelation.InvestorID|InvestorInvestmentRelation.CompanyID|InvestorInvestmentRelation.InvestorID,"Part5 Rule B company investor graph: 1 token companies, 1 deals, 0 funds | source_methods=company_investor_relation,deal_investor_relation,investor_investment_relation | PrimaryInvestorType: Angel (individual) | CompanyInvestorRelation: Goldfinch Prime; status=Active; holding=Minority; since=01/06/2022 | DealInvestorRelation: Goldfinch Prime; deal=186128-47T; date=01/06/2022; type=Early Stage VC; l",part5_token_company_investor_graph_then_web_search_with_primary_source_priority,investor_router|capability_classification
254,166057-03,ES Investor,,,"ES Investor Co., Ltd",www.esinvestor.com,esinvestor.com,,,,"Seoul, South Korea",South Korea,Venture Capital,Growth/Expansion,"Early Stage VC, Later Stage VC, Seed Round","Mobile, TMT","Prefers minority stake, Will syndicate",ES10 Smart Infrastructure Fund,Infrastructure Opportunistic,"Founded in 2000, ES Investor is a venture capital firm based in Seoul, South Korea. The firm seeks to make investments through the early and growth-stage companies and focuses on the information technology sector.",part5_rule_b_company|source:company_investor_relation|source:deal_investor_relation|source:investor_investment_relation,CompanyInvestorRelation.CompanyID|CompanyInvestorRelation.InvestorID|Deal.CompanyID|DealInvestorRelation.DealID|DealInvestorRelation.InvestorID|InvestorInvestmentRelation.CompanyID|InvestorInvestmentRelation.InvestorID,"Part5 Rule B company investor graph: 1 token companies, 1 deals, 0 funds | source_methods=company_investor_relation,deal_investor_relation,investor_investment_relation | PrimaryInvestorType: Venture Capital | OtherInvestorTypes: Growth/Expansion | PreferredVerticals: Mobile, TMT | PreferredInvestmentTypes: Early Stage VC, Later Stage VC, Seed Round | CompanyInvestorRelation: ArenaCast; status=Forme",part5_token_company_investor_graph_then_web_search_with_primary_source_priority,investor_router|capability_classification
255,107179-12,Eudaimonia Capital,Eudaimonia,,Eudaimonia Capital Pte. Ltd.,www.eudaimoniacapital.com,eudaimoniacapital.com,,,,"Singapore, Singapore",Singapore,Family Office,Angel Group,"Angel (individual), Early Stage VC, Seed Round",,,,,Eudaimonia Capital is a family office based in Singapore.,part5_rule_b_company|source:company_investor_relation|source:deal_investor_relation|source:investor_investment_relation,CompanyInvestorRelation.CompanyID|CompanyInvestorRelation.InvestorID|Deal.CompanyID|DealInvestorRelation.DealID|DealInvestorRelation.InvestorID|InvestorInvestmentRelation.CompanyID|InvestorInvestmentRelation.InvestorID,"Part5 Rule B company investor graph: 1 token companies, 1 deals, 0 funds | source_methods=company_investor_relation,deal_investor_relation,investor_investment_relation | PrimaryInvestorType: Family Office | OtherInvestorTypes: Angel Group | PreferredInvestmentTypes: Angel (individual), Early Stage VC, Seed Round | CompanyInvestorRelation: Coinbase Global; status=Former; holding=Minority; since=11/1",part5_token_company_investor_graph_then_web_search_with_primary_source_priority,investor_router|capability_classification
256,494586-28,Eviny Ventures,,,Eviny Ventures AS,ventures.eviny.no,ventures.eviny.no,Eviny,,,"Bergen, Norway",Norway,Corporate Venture Capital,,"Early Stage VC, Later Stage VC, Seed Round","CleanTech, Climate Tech, LOHAS & Wellness","Long-Term Investor, Prefers minority stake, Will syndicate",,,"Founded in 2017, Eviny Ventures is a corporate venture capital arm of Eviny based in Bergen, Norway. The firm prefers to invest in companies operating in the energy sector.",part5_rule_b_company|source:company_investor_relation|source:deal_investor_relation|source:investor_investment_relation|lead_investor,CompanyInvestorRelation.CompanyID|CompanyInvestorRelation.InvestorID|Deal.CompanyID|DealInvestorRelation.DealID|DealInvestorRelation.InvestorID|InvestorInvestmentRelation.CompanyID|InvestorInvestmentRelation.InvestorID,"Part5 Rule B company investor graph: 1 token companies, 1 deals, 0 funds | source_methods=company_investor_relation,deal_investor_relation,investor_investment_relation | PrimaryInvestorType: Corporate Venture Capital | PreferredVerticals: CleanTech, Climate Tech, LOHAS & Wellness | PreferredInvestmentTypes: Early Stage VC, Later Stage VC, Seed Round | CompanyInvestorRelation: Sourceful Energy; stat",part5_token_company_investor_graph_then_web_search_with_primary_source_priority,investor_router|capability_classification
257,467813-71,Fabio Pezzotti,,,,,,,,,,,Angel (individual),,,,,,,"Mr. Fabio Pezzotti was a Co-Founder and served as Chief Executive Officer and Board Member at Iconium. He Founded and served as Chief Executive Officer at Xandas New Media Ventures. He is also the Co-Founder and Chairman, of Corporate Development and Strategy at Chupamobile. He also served as the CEO of Webnext and also co-founded it. He graduated in Business Administration at Bocconi University. He worked until 1997 between Paris and London, as a management consultant. In 1998 he founded Webnext S.p.a. and Xoom. it, the largest Italian web community, until they were acquired by Seat in 2001, generating a 30x investment. In 2005 he founded Mobango in London, finanziated by VC Dougthy Hanson.",part5_rule_b_company|source:company_investor_relation|source:deal_investor_relation|source:investor_investment_relation,CompanyInvestorRelation.CompanyID|CompanyInvestorRelation.InvestorID|Deal.CompanyID|DealInvestorRelation.DealID|DealInvestorRelation.InvestorID|InvestorInvestmentRelation.CompanyID|InvestorInvestmentRelation.InvestorID,"Part5 Rule B company investor graph: 1 token companies, 1 deals, 0 funds | source_methods=company_investor_relation,deal_investor_relation,investor_investment_relation | PrimaryInvestorType: Angel (individual) | CompanyInvestorRelation: Algorand Technologies; status=Active; holding=Minority; since=10/24/2018 | DealInvestorRelation: Algorand Technologies; deal=113126-95T; date=10/24/2018; type=Early",part5_token_company_investor_graph_then_web_search_with_primary_source_priority,investor_router|capability_classification
258,756584-11,Family Office of Tommy Mai,,,,,,,,,"Bellevue, WA",United States,Family Office,,,,,,,"Family Office of Tommy Mai is a family office based in Renton, Washington.",part5_rule_b_company|source:company_investor_relation|source:deal_investor_relation|source:investor_investment_relation,CompanyInvestorRelation.CompanyID|CompanyInvestorRelation.InvestorID|Deal.CompanyID|DealInvestorRelation.DealID|DealInvestorRelation.InvestorID|InvestorInvestmentRelation.CompanyID|InvestorInvestmentRelation.InvestorID,"Part5 Rule B company investor graph: 1 token companies, 1 deals, 0 funds | source_methods=company_investor_relation,deal_investor_relation,investor_investment_relation | PrimaryInvestorType: Family Office | CompanyInvestorRelation: Peer (Social/Platform Software); status=Active; holding=Minority; since=03/06/2025 | DealInvestorRelation: Peer (Social/Platform Software); deal=287175-34T; date=03/06/2",part5_token_company_investor_graph_then_web_search_with_primary_source_priority,investor_router|capability_classification
259,438243-40,FCJ Venture Builder,,,FCJ Venture Builder Participações S.A.,www.fcjventurebuilder.com,fcjventurebuilder.com,,,,"Belo Horizonte, Brazil",Brazil,VC-Backed Company,Accelerator/Incubator,,"AgTech, B2B Payments, Digital Health, EdTech, FinTech, HealthTech",,,,"Founded in 2013, FCJ Venture Builder is a venture studio based in Belo Horizonte, Brazil. The firm operates as a venture builder that seeks to invest in different industries such as pharma, agriculture, and other sectors in business-to-consumer (B2C), business-to-business (B2B), and business-to-government (B2G ) verticals.",part5_rule_b_company|source:company_investor_relation|source:deal_investor_relation|source:investor_investment_relation,CompanyInvestorRelation.CompanyID|CompanyInvestorRelation.InvestorID|Deal.CompanyID|DealInvestorRelation.DealID|DealInvestorRelation.InvestorID|InvestorInvestmentRelation.CompanyID|InvestorInvestmentRelation.InvestorID,"Part5 Rule B company investor graph: 1 token companies, 1 deals, 0 funds | source_methods=company_investor_relation,deal_investor_relation,investor_investment_relation | PrimaryInvestorType: VC-Backed Company | OtherInvestorTypes: Accelerator/Incubator | PreferredVerticals: AgTech, B2B Payments, Digital Health, EdTech, FinTech, HealthTech | CompanyInvestorRelation: Celo4 Earth; status=Active; holdi",part5_token_company_investor_graph_then_web_search_with_primary_source_priority,investor_router|capability_classification
260,762666-49,Feisty Collective by Path,,,,,,,,,,,Corporation,,Merger/Acquisition,,Prefers majority stake,,,,part5_rule_b_company|source:company_investor_relation|source:deal_investor_relation|source:investor_investment_relation,CompanyInvestorRelation.CompanyID|CompanyInvestorRelation.InvestorID|Deal.CompanyID|DealInvestorRelation.DealID|DealInvestorRelation.InvestorID|InvestorInvestmentRelation.CompanyID|InvestorInvestmentRelation.InvestorID,"Part5 Rule B company investor graph: 1 token companies, 1 deals, 0 funds | source_methods=company_investor_relation,deal_investor_relation,investor_investment_relation | PrimaryInvestorType: Corporation | PreferredInvestmentTypes: Merger/Acquisition | CompanyInvestorRelation: Level Money; status=Active; holding=Minority; since=03/17/2025 | DealInvestorRelation: Level Money; deal=288208-81T; date=03",part5_token_company_investor_graph_then_web_search_with_primary_source_priority,investor_router|capability_classification
261,224040-97,Felix Shpilman,,,,,,,,,"Dover, DE",United States,Angel (individual),,,TMT,,,,"Mr. Felix Shpilman is a Co-founder and serves as a Venture Partner at Moses Capital. It is a fund of funds that invests globally in pre-seed and seed VC funds. He serves as Chief Executive Officer, President & Board Member at Emerging Travel Group. He joined Emerging Travel as VP of Strategy in 2013, was promoted to COO in 2014, and oversaw all the commercial, operational, and financial business functions during his tenure. In 2017, he replaced Serge Faguet as CEO. As CEO, he expanded the business internationally and grew it to $2B+ in GMV. He was the Co-founder and General Partner of Start Fund, an early-stage investment fund in San Francisco that has invested in 400+ startups. Some of his",part5_rule_b_company|source:company_investor_relation|source:deal_investor_relation|source:investor_investment_relation,CompanyInvestorRelation.CompanyID|CompanyInvestorRelation.InvestorID|Deal.CompanyID|DealInvestorRelation.DealID|DealInvestorRelation.InvestorID|InvestorInvestmentRelation.CompanyID|InvestorInvestmentRelation.InvestorID,"Part5 Rule B company investor graph: 1 token companies, 1 deals, 0 funds | source_methods=company_investor_relation,deal_investor_relation,investor_investment_relation | PrimaryInvestorType: Angel (individual) | PreferredVerticals: TMT | CompanyInvestorRelation: Coinbase Global; status=Former; holding=Minority; since=09/12/2012 | DealInvestorRelation: Coinbase Global; deal=23363-20T; date=09/12/201",part5_token_company_investor_graph_then_web_search_with_primary_source_priority,investor_router|capability_classification
262,121246-30,Feng Li,,,,,,,,,"Beijing, China",China,Angel (individual),,"Angel (individual), Early Stage VC, Seed Round","Cryptocurrency/Blockchain, FinTech, TMT","Prefers minority stake, Will syndicate",Furui Fund,Venture Capital - Early Stage,"Mr. Feng Li serves as Partner at Frees Fund. He served as Advisor at Liquidmetal Ventures. He focuses on Education, TMT, and Deep Technology. He served as advisor at Crypto Alpaca. He served as Board Member at Ripple. He also serves as an Advisor at NewDo Venture. He pays strong attention to E-commerce, Fintech, online education, new-generation lifestyle businesses, and O2O enterprises. Previously as a partner at IDG-Accel, he led investments on a series of successful projects, including CreditEase, Zhubajie, Prosper, Three Squirrels, Tongbanjie, Didapinche, Bilibili, Coinbase, Changingedu, Dig Fortune, Helijia, Yiqichang, Wangli Finance Group, Yodo Fortune, FraudMetrix, Liulishuo, Wecash, J",part5_rule_b_company|source:company_investor_relation|source:deal_investor_relation|source:investor_investment_relation,CompanyInvestorRelation.CompanyID|CompanyInvestorRelation.InvestorID|Deal.CompanyID|DealInvestorRelation.DealID|DealInvestorRelation.InvestorID|InvestorInvestmentRelation.CompanyID|InvestorInvestmentRelation.InvestorID,"Part5 Rule B company investor graph: 1 token companies, 1 deals, 0 funds | source_methods=company_investor_relation,deal_investor_relation,investor_investment_relation | PrimaryInvestorType: Angel (individual) | PreferredVerticals: Cryptocurrency/Blockchain, FinTech, TMT | PreferredInvestmentTypes: Angel (individual), Early Stage VC, Seed Round | CompanyInvestorRelation: Coinbase Global; status=For",part5_token_company_investor_graph_then_web_search_with_primary_source_priority,investor_router|capability_classification
263,515209-78,FHJ Singapore,,,FHJ Singapore Pte. Ltd.,,,,,,"Singapore, Singapore",Singapore,Venture Capital,,"Early Stage VC, Later Stage VC, Seed Round",,"Prefers minority stake, Will syndicate",,,"Founded in 2016, FHJ Singapore is a venture capital firm based in Singapore.",part5_rule_b_company|source:company_investor_relation|source:deal_investor_relation|source:investor_investment_relation,CompanyInvestorRelation.CompanyID|CompanyInvestorRelation.InvestorID|Deal.CompanyID|DealInvestorRelation.DealID|DealInvestorRelation.InvestorID|InvestorInvestmentRelation.CompanyID|InvestorInvestmentRelation.InvestorID,"Part5 Rule B company investor graph: 1 token companies, 1 deals, 0 funds | source_methods=company_investor_relation,deal_investor_relation,investor_investment_relation | PrimaryInvestorType: Venture Capital | PreferredInvestmentTypes: Early Stage VC, Later Stage VC, Seed Round | CompanyInvestorRelation: Anquan; status=Active; holding=Minority; since=02/22/2019 | DealInvestorRelation: Anquan; deal=2",part5_token_company_investor_graph_then_web_search_with_primary_source_priority,investor_router|capability_classification
264,148592-44,Finventure Capital,,,Finventure Capital B.V.,,,,,,"Amsterdam, Netherlands",Netherlands,Angel Group,,Seed Round,"Industrials, Internet of Things, TMT","Prefers minority stake, Will syndicate",,,"Founded in 2015, Finventure Capital is an angel group based in Amsterdam, Netherlands.",part5_rule_b_company|source:company_investor_relation|source:deal_investor_relation|source:investor_investment_relation,CompanyInvestorRelation.CompanyID|CompanyInvestorRelation.InvestorID|Deal.CompanyID|DealInvestorRelation.DealID|DealInvestorRelation.InvestorID|InvestorInvestmentRelation.CompanyID|InvestorInvestmentRelation.InvestorID,"Part5 Rule B company investor graph: 1 token companies, 1 deals, 0 funds | source_methods=company_investor_relation,deal_investor_relation,investor_investment_relation | PrimaryInvestorType: Angel Group | PreferredVerticals: Industrials, Internet of Things, TMT | PreferredInvestmentTypes: Seed Round | CompanyInvestorRelation: Braintrust; status=Active; holding=Minority; since=01/01/2018 | DealInves",part5_token_company_investor_graph_then_web_search_with_primary_source_priority,investor_router|capability_classification
265,464291-74,First Rice Capital,,,,www.firstricecapital.com,firstricecapital.com,,,,"Cambridge, MA",United States,Venture Capital,Angel Group,"Early Stage VC, Later Stage VC, Seed Round","B2B Payments, CleanTech, E-Commerce, HealthTech, Life Sciences, SaaS, TMT","Prefers minority stake, Will syndicate",First Rice Capital Fund,Venture - General,"Founded in 2016, First Rice Capital is a venture capital firm based in Cambridge, Massachusetts. The firm seeks to invest in companies operating in video management, automotive and open-source platforms, printed electronics, battery and coating materials, novel therapeutics, biotechnology, and drug therapies sectors.",part5_rule_b_company|source:company_investor_relation|source:deal_investor_relation|source:investor_investment_relation,CompanyInvestorRelation.CompanyID|CompanyInvestorRelation.InvestorID|Deal.CompanyID|DealInvestorRelation.DealID|DealInvestorRelation.InvestorID|InvestorInvestmentRelation.CompanyID|InvestorInvestmentRelation.InvestorID,"Part5 Rule B company investor graph: 1 token companies, 1 deals, 0 funds | source_methods=company_investor_relation,deal_investor_relation,investor_investment_relation | PrimaryInvestorType: Venture Capital | OtherInvestorTypes: Angel Group | PreferredVerticals: B2B Payments, CleanTech, E-Commerce, HealthTech, Life Sciences, SaaS, TMT | PreferredInvestmentTypes: Early Stage VC, Later Stage VC, Seed",part5_token_company_investor_graph_then_web_search_with_primary_source_priority,investor_router|capability_classification
266,10235-08,Fiserv,,"First Data Processing, Sunshine State Systems","Fiserv, Inc.",www.fiserv.com,fiserv.com,,NAS,FISV,"Milwaukee, WI",United States,Corporation,,"Early Stage VC, Later Stage VC, Merger/Acquisition","FinTech, TMT",Prefers majority stake,,,"Fiserv is a leading provider of core processing and complementary services, such as electronic funds transfer, payment processing, and loan processing, for US banks and credit unions, with a focus on small and midsize banks. Through the merger with First Data in 2019, Fiserv also provides payment processing services for merchants. About 10% of the company's revenue is generated internationally.",part5_rule_b_company|source:company_investor_relation|source:deal_investor_relation|source:investor_investment_relation,CompanyInvestorRelation.CompanyID|CompanyInvestorRelation.InvestorID|Deal.CompanyID|DealInvestorRelation.DealID|DealInvestorRelation.InvestorID|InvestorInvestmentRelation.CompanyID|InvestorInvestmentRelation.InvestorID,"Part5 Rule B company investor graph: 1 token companies, 1 deals, 0 funds | source_methods=company_investor_relation,deal_investor_relation,investor_investment_relation | PrimaryInvestorType: Corporation | PreferredVerticals: FinTech, TMT | PreferredInvestmentTypes: Early Stage VC, Later Stage VC, Merger/Acquisition | CompanyInvestorRelation: Chain; status=Former; holding=Minority; since=09/09/2015",part5_token_company_investor_graph_then_web_search_with_primary_source_priority,investor_router|capability_classification
267,11187-91,Five Stones Investment Group,FSIG,"FSI Group, Financial Stocks Inc",FSI Group LLC,www.fsig.com,fsig.com,,,,"Cincinnati, OH",United States,Asset Manager,"Growth/Expansion, Hedge Fund, PE/Buyout, Real Estate, Venture Capital","Buyout/LBO, Early Stage VC, Later Stage VC, PE Growth/Expansion, Seed Round",FinTech,"Prefers majority stake, Prefers minority stake, Will syndicate",Five Stones Investments II,Venture - General,"Founded in 1995, Five Stones Investment Group is an asset manager based in Cincinnati, Ohio. The firm invests across venture capital, private equity, real estate, public securities, and special situations.",part5_rule_b_company|source:company_investor_relation|source:deal_investor_relation|source:investor_investment_relation,CompanyInvestorRelation.CompanyID|CompanyInvestorRelation.InvestorID|Deal.CompanyID|DealInvestorRelation.DealID|DealInvestorRelation.InvestorID|InvestorInvestmentRelation.CompanyID|InvestorInvestmentRelation.InvestorID,"Part5 Rule B company investor graph: 1 token companies, 1 deals, 0 funds | source_methods=company_investor_relation,deal_investor_relation,investor_investment_relation | PrimaryInvestorType: Asset Manager | OtherInvestorTypes: Growth/Expansion, Hedge Fund, PE/Buyout, Real Estate, Venture Capital | PreferredVerticals: FinTech | PreferredInvestmentTypes: Buyout/LBO, Early Stage VC, Later Stage VC, PE",part5_token_company_investor_graph_then_web_search_with_primary_source_priority,investor_router|capability_classification
268,460275-94,Flex Capital,,,Flex Capital LLC,www.flexcapital.com,flexcapital.com,,,,"San Francisco, CA",United States,Venture Capital,,"Early Stage VC, Seed Round","Artificial Intelligence & Machine Learning, SaaS, TMT","Prefers minority stake, Will syndicate",Flex Capital Fund II,Venture - General,"Founded in 2017, Flex Capital is an early-stage venture capital firm based in the United States. The firm invests at the pre-seed and seed stages, backing founding teams developing innovative solutions across various sectors. It was established by entrepreneurs behind companies such as LiveRamp, BrightRoll, Lemonaid Health, SafeGraph, and Pipedream.",part5_rule_b_company|source:company_investor_relation|source:deal_investor_relation|source:investor_investment_relation,CompanyInvestorRelation.CompanyID|CompanyInvestorRelation.InvestorID|Deal.CompanyID|DealInvestorRelation.DealID|DealInvestorRelation.InvestorID|InvestorInvestmentRelation.CompanyID|InvestorInvestmentRelation.InvestorID,"Part5 Rule B company investor graph: 1 token companies, 1 deals, 0 funds | source_methods=company_investor_relation,deal_investor_relation,investor_investment_relation | PrimaryInvestorType: Venture Capital | PreferredVerticals: Artificial Intelligence & Machine Learning, SaaS, TMT | PreferredInvestmentTypes: Early Stage VC, Seed Round | CompanyInvestorRelation: Coinbase Global; status=Former; hold",part5_token_company_investor_graph_then_web_search_with_primary_source_priority,investor_router|capability_classification
269,86996-26,Founders Network,,,,www.foundersnetwork.com,foundersnetwork.com,,,,"San Francisco, CA",United States,Accelerator/Incubator,,"Accelerator/Incubator, Early Stage VC, Seed Round","SaaS, TMT","Prefers minority stake, Will syndicate",,,"Founded in 2011, Founders Network is an accelerator/incubator based in San Francisco, California. The firm prefers to invest in the technology sector.",part5_rule_b_company|source:company_investor_relation|source:deal_investor_relation|source:investor_investment_relation,CompanyInvestorRelation.CompanyID|CompanyInvestorRelation.InvestorID|Deal.CompanyID|DealInvestorRelation.DealID|DealInvestorRelation.InvestorID|InvestorInvestmentRelation.CompanyID|InvestorInvestmentRelation.InvestorID,"Part5 Rule B company investor graph: 1 token companies, 1 deals, 0 funds | source_methods=company_investor_relation,deal_investor_relation,investor_investment_relation | PrimaryInvestorType: Accelerator/Incubator | PreferredVerticals: SaaS, TMT | PreferredInvestmentTypes: Accelerator/Incubator, Early Stage VC, Seed Round | CompanyInvestorRelation: PayStand; status=Active; holding=; since= | DealInv",part5_token_company_investor_graph_then_web_search_with_primary_source_priority,investor_router|capability_classification
270,96084-82,FP Angels,,,,fpangels.com,fpangels.com,,,,"Wilmington, DE",United States,Angel Group,,"Early Stage VC, Seed Round",,Prefers minority stake,,,"FP Angels was an angel group based in Wilmington, Delaware.",part5_rule_b_company|source:company_investor_relation|source:deal_investor_relation|source:investor_investment_relation,CompanyInvestorRelation.CompanyID|CompanyInvestorRelation.InvestorID|Deal.CompanyID|DealInvestorRelation.DealID|DealInvestorRelation.InvestorID|InvestorInvestmentRelation.CompanyID|InvestorInvestmentRelation.InvestorID,"Part5 Rule B company investor graph: 1 token companies, 1 deals, 0 funds | source_methods=company_investor_relation,deal_investor_relation,investor_investment_relation | PrimaryInvestorType: Angel Group | PreferredInvestmentTypes: Early Stage VC, Seed Round | CompanyInvestorRelation: Augmate; status=Former; holding=Minority; since=07/30/2014 | DealInvestorRelation: Augmate; deal=37679-95T; date=07/",part5_token_company_investor_graph_then_web_search_with_primary_source_priority,investor_router|capability_classification
271,232355-26,Fractal ID,,Fractal Blockchain,Trust Fractal GmbH,web.fractal.id,web.fractal.id,,,,"Berlin, Germany",Germany,VC-Backed Company,"Corporation, Venture Capital","Early Stage VC, Later Stage VC, Merger/Acquisition, Seed Round",,"Prefers majority stake, Prefers minority stake, Will syndicate",,,"Developer of user-centric and compliant identity and payment platform designed to offer a fully compliant KYC/AML onboarding process. The company's platform allows users to log in with one click and instantly share a custom slice of their ID data with a trusted transaction partner, enabling emerging global fintech to build a global user base.",part5_rule_b_company|source:company_investor_relation|source:deal_investor_relation|source:investor_investment_relation,CompanyInvestorRelation.CompanyID|CompanyInvestorRelation.InvestorID|Deal.CompanyID|DealInvestorRelation.DealID|DealInvestorRelation.InvestorID|InvestorInvestmentRelation.CompanyID|InvestorInvestmentRelation.InvestorID,"Part5 Rule B company investor graph: 1 token companies, 1 deals, 0 funds | source_methods=company_investor_relation,deal_investor_relation,investor_investment_relation | PrimaryInvestorType: VC-Backed Company | OtherInvestorTypes: Corporation, Venture Capital | PreferredInvestmentTypes: Early Stage VC, Later Stage VC, Merger/Acquisition, Seed Round | CompanyInvestorRelation: Swash; status=Active; h",part5_token_company_investor_graph_then_web_search_with_primary_source_priority,investor_router|capability_classification
272,530180-29,Friedom Partners,,,,www.friedompartners.com,friedompartners.com,,,,"Miami Beach, FL",United States,Growth/Expansion,"Other Private Equity, Venture Capital","Bridge, Later Stage VC, PE Growth/Expansion","Artificial Intelligence & Machine Learning, CleanTech, Digital Health, HealthTech, Impact Investing, LOHAS & Wellness, SaaS, Wearables & Quantified Self","Prefers minority stake, Will lead on a deal, Will syndicate",Addison Ridge,Growth/Expansion,"Founded in 2022, Friedom Partners is a growth/expansion firm based in Miami, Florida. The firm seeks to invest in artificial intelligence, healthtech, software as a service (SaaS), and digital health.",part5_rule_b_company|source:company_investor_relation|source:deal_investor_relation|source:investor_investment_relation,CompanyInvestorRelation.CompanyID|CompanyInvestorRelation.InvestorID|Deal.CompanyID|DealInvestorRelation.DealID|DealInvestorRelation.InvestorID|InvestorInvestmentRelation.CompanyID|InvestorInvestmentRelation.InvestorID,"Part5 Rule B company investor graph: 1 token companies, 1 deals, 0 funds | source_methods=company_investor_relation,deal_investor_relation,investor_investment_relation | PrimaryInvestorType: Growth/Expansion | OtherInvestorTypes: Other Private Equity, Venture Capital | PreferredVerticals: Artificial Intelligence & Machine Learning, CleanTech, Digital Health, HealthTech, Impact Investing, LOHAS & We",part5_token_company_investor_graph_then_web_search_with_primary_source_priority,investor_router|capability_classification
273,265303-27,Fuel Accelerator,,,,www.fuelaccelerator.com,fuelaccelerator.com,,,,"Bentonville, AR",United States,Accelerator/Incubator,,Accelerator/Incubator,"Artificial Intelligence & Machine Learning, HealthTech, TMT",,,,"Founded in 2018, Fuel Accelerator is an accelerator/incubator firm based in Bentonville, Arkansas. The firm focuses on seed-to-series B growth-stage healthtech, artificial intelligence, machine learning, and technology startups.",part5_rule_b_company|source:company_investor_relation|source:deal_investor_relation|source:investor_investment_relation,CompanyInvestorRelation.CompanyID|CompanyInvestorRelation.InvestorID|Deal.CompanyID|DealInvestorRelation.DealID|DealInvestorRelation.InvestorID|InvestorInvestmentRelation.CompanyID|InvestorInvestmentRelation.InvestorID,"Part5 Rule B company investor graph: 1 token companies, 1 deals, 0 funds | source_methods=company_investor_relation,deal_investor_relation,investor_investment_relation | PrimaryInvestorType: Accelerator/Incubator | PreferredVerticals: Artificial Intelligence & Machine Learning, HealthTech, TMT | PreferredInvestmentTypes: Accelerator/Incubator | CompanyInvestorRelation: Patientory; status=Active; ho",part5_token_company_investor_graph_then_web_search_with_primary_source_priority,investor_router|capability_classification
274,64007-56,Fueled (New York),Fueled,,Fueled Digital Media LLC,www.fueled.com,fueled.com,,,,"New York, NY",United States,PE-Backed Company,"Accelerator/Incubator, Venture Capital","Accelerator/Incubator, Early Stage VC, Later Stage VC, Seed Round","SaaS, TMT","Prefers minority stake, Will syndicate",,,"Founded in 2007, Fueled is a venture capital firm based in New York, New York. The firm seeks to invest in early-stage and later-stage companies.",part5_rule_b_company|source:company_investor_relation|source:deal_investor_relation|source:investor_investment_relation,CompanyInvestorRelation.CompanyID|CompanyInvestorRelation.InvestorID|Deal.CompanyID|DealInvestorRelation.DealID|DealInvestorRelation.InvestorID|InvestorInvestmentRelation.CompanyID|InvestorInvestmentRelation.InvestorID,"Part5 Rule B company investor graph: 1 token companies, 1 deals, 0 funds | source_methods=company_investor_relation,deal_investor_relation,investor_investment_relation | PrimaryInvestorType: PE-Backed Company | OtherInvestorTypes: Accelerator/Incubator, Venture Capital | PreferredVerticals: SaaS, TMT | PreferredInvestmentTypes: Accelerator/Incubator, Early Stage VC, Later Stage VC, Seed Round | Com",part5_token_company_investor_graph_then_web_search_with_primary_source_priority,investor_router|capability_classification
275,182300-23,FundingBox Accelerator,,,FundingBox Accelerator sp. z o. o.,fundingbox.com,fundingbox.com,,,,"Warsaw, Poland",Poland,Accelerator/Incubator,,"Accelerator/Incubator, Grant","Artificial Intelligence & Machine Learning, Internet of Things, TMT",,FundingBox Deep Tech Fund,Venture Capital - Early Stage,"Founded in 2012, FundingBox is an accelerator firm based in Warsaw, Poland. The firm seeks to invest in the commercial services, software, artificial intelligence, and Internet of Things sectors.",part5_rule_b_company|source:company_investor_relation|source:deal_investor_relation|source:investor_investment_relation,CompanyInvestorRelation.CompanyID|CompanyInvestorRelation.InvestorID|Deal.CompanyID|DealInvestorRelation.DealID|DealInvestorRelation.InvestorID|InvestorInvestmentRelation.CompanyID|InvestorInvestmentRelation.InvestorID,"Part5 Rule B company investor graph: 1 token companies, 1 deals, 0 funds | source_methods=company_investor_relation,deal_investor_relation,investor_investment_relation | PrimaryInvestorType: Accelerator/Incubator | PreferredVerticals: Artificial Intelligence & Machine Learning, Internet of Things, TMT | PreferredInvestmentTypes: Accelerator/Incubator, Grant | CompanyInvestorRelation: Cypherdog; sta",part5_token_company_investor_graph_then_web_search_with_primary_source_priority,investor_router|capability_classification
276,60999-49,G.N. Tech Venture Capital,G.N. Tech,,"G.N. TechVenture Capital Co., Ltd",www.gntechvc.co.kr,gntechvc.co.kr,Kooksoondang Brewery,,,"Seoul, South Korea",South Korea,Venture Capital,Corporate Venture Capital,"Early Stage VC, Later Stage VC, Seed Round",,"Prefers minority stake, Will syndicate",G&T Project Investment Association No. 3,Venture - General,"Established in 2000, G.N. Tech Venture Capital serves as the corporate venture capital arm of Kook Soon Dang Company in Seoul, South Korea. The firm focuses on investments in South Korean companies within the ICT, AI, biotechnology, and manufacturing industries.",part5_rule_b_company|source:company_investor_relation|source:deal_investor_relation|source:investor_investment_relation,CompanyInvestorRelation.CompanyID|CompanyInvestorRelation.InvestorID|Deal.CompanyID|DealInvestorRelation.DealID|DealInvestorRelation.InvestorID|InvestorInvestmentRelation.CompanyID|InvestorInvestmentRelation.InvestorID,"Part5 Rule B company investor graph: 1 token companies, 1 deals, 0 funds | source_methods=company_investor_relation,deal_investor_relation,investor_investment_relation | PrimaryInvestorType: Venture Capital | OtherInvestorTypes: Corporate Venture Capital | PreferredInvestmentTypes: Early Stage VC, Later Stage VC, Seed Round | CompanyInvestorRelation: CP Labs; status=Active; holding=Minority; since=",part5_token_company_investor_graph_then_web_search_with_primary_source_priority,investor_router|capability_classification
277,616445-11,Gajesh Naik,,,,,,,,,,,Angel (individual),,,,,,,"Mr. Gajesh Naik is an Angel Investor, He founded Taksh.",part5_rule_b_company|source:company_investor_relation|source:deal_investor_relation|source:investor_investment_relation,CompanyInvestorRelation.CompanyID|CompanyInvestorRelation.InvestorID|Deal.CompanyID|DealInvestorRelation.DealID|DealInvestorRelation.InvestorID|InvestorInvestmentRelation.CompanyID|InvestorInvestmentRelation.InvestorID,"Part5 Rule B company investor graph: 1 token companies, 1 deals, 0 funds | source_methods=company_investor_relation,deal_investor_relation,investor_investment_relation | PrimaryInvestorType: Angel (individual) | CompanyInvestorRelation: SOON (New York); status=Active; holding=Minority; since=08/27/2024 | DealInvestorRelation: SOON (New York); deal=270970-48T; date=08/27/2024; type=Seed Round; lead=",part5_token_company_investor_graph_then_web_search_with_primary_source_priority,investor_router|capability_classification
278,464324-32,Garrett MacDonald,,,,,,,,,"Coeur D'Alene, ID",United States,Angel (individual),,,,,,,"Mr. Garrett MacDonald is the Founder of Permanent Ventures. He served as Chief Technology Officer at Energy Web Foundation. He serves as an Advisor at Unbounded Capital. He is the Founder of Cognitive Mining and serves as its Chief Executive Officer. He, a radical distributor of power, founded the first tokenized-equity company when he was 16 years old. With a small investment of bitcoins from the initial token holders, he grew it to become a $1M company in two years. He has built blockchain infrastructure architecture and token models for leading financial institutions and startups in Europe, Asia, North America, and New Zealand. Now he focuses on creating systemic change at the intersectio",part5_rule_b_company|source:company_investor_relation|source:deal_investor_relation|source:investor_investment_relation,CompanyInvestorRelation.CompanyID|CompanyInvestorRelation.InvestorID|Deal.CompanyID|DealInvestorRelation.DealID|DealInvestorRelation.InvestorID|InvestorInvestmentRelation.CompanyID|InvestorInvestmentRelation.InvestorID,"Part5 Rule B company investor graph: 1 token companies, 1 deals, 0 funds | source_methods=company_investor_relation,deal_investor_relation,investor_investment_relation | PrimaryInvestorType: Angel (individual) | CompanyInvestorRelation: Molecule; status=Active; holding=Minority; since=06/22/2022 | DealInvestorRelation: Molecule; deal=196016-50T; date=06/22/2022; type=Seed Round; lead=No; fund= | In",part5_token_company_investor_graph_then_web_search_with_primary_source_priority,investor_router|capability_classification
279,112841-29,Gaurav Burman,,,,,,,,,"Mumbai, India",India,Angel (individual),,,"Cryptocurrency/Blockchain, FinTech, TMT",,,,"Mr. Gaurav Burman serves as Board Member at Mitsu. Mr. Burman served as Director at Burman Family Holdings. He served as a Director at Burman Estate. He also serves as Nominee Director at DMI Finance. He is a Director of Dabur International and a 5th generation member of the family who founded Dabur over 130 years ago. In 1996, he and his family started to invest in new businesses as India started to liberalize and de-regulate many industries including investments in Health Care, Media, Financial Services, Retail and Education and have multiple joint ventures with Global Fortune 100 businesses including Aviva for Life Insurance, Espirito Santo for Banking, Bongrain for dairy products and pre",part5_rule_b_company|source:company_investor_relation|source:deal_investor_relation|source:investor_investment_relation,CompanyInvestorRelation.CompanyID|CompanyInvestorRelation.InvestorID|Deal.CompanyID|DealInvestorRelation.DealID|DealInvestorRelation.InvestorID|InvestorInvestmentRelation.CompanyID|InvestorInvestmentRelation.InvestorID,"Part5 Rule B company investor graph: 1 token companies, 1 deals, 0 funds | source_methods=company_investor_relation,deal_investor_relation,investor_investment_relation | PrimaryInvestorType: Angel (individual) | PreferredVerticals: Cryptocurrency/Blockchain, FinTech, TMT | CompanyInvestorRelation: Paxos; status=Active; holding=Minority; since=11/11/2013 | DealInvestorRelation: Paxos; deal=120771-37",part5_token_company_investor_graph_then_web_search_with_primary_source_priority,investor_router|capability_classification
280,515517-04,gC Incubation,,,,,,,,,,,Accelerator/Incubator,,Accelerator/Incubator,,,,,,part5_rule_b_company|source:company_investor_relation|source:deal_investor_relation|source:investor_investment_relation,CompanyInvestorRelation.CompanyID|CompanyInvestorRelation.InvestorID|Deal.CompanyID|DealInvestorRelation.DealID|DealInvestorRelation.InvestorID|InvestorInvestmentRelation.CompanyID|InvestorInvestmentRelation.InvestorID,"Part5 Rule B company investor graph: 1 token companies, 1 deals, 0 funds | source_methods=company_investor_relation,deal_investor_relation,investor_investment_relation | PrimaryInvestorType: Accelerator/Incubator | PreferredInvestmentTypes: Accelerator/Incubator | CompanyInvestorRelation: UnUniFi; status=Active; holding=Minority; since=12/01/2022 | DealInvestorRelation: UnUniFi; deal=209659-87T; da",part5_token_company_investor_graph_then_web_search_with_primary_source_priority,investor_router|capability_classification
281,498254-77,Genaxis (Korea),,,Genaxis Inc.,www.genaxis.co.kr,genaxis.co.kr,,,,"Seoul, South Korea",South Korea,Venture Capital,Accelerator/Incubator,"Early Stage VC, Seed Round","AdTech, Advanced Manufacturing, Artificial Intelligence & Machine Learning, Autonomous cars, Big Data, Digital Health, HealthTech, Life Sciences","Prefers minority stake, Will syndicate",,,"Founded in 2019, Genaxis is an accelerator firm based in Seoul, South Korea. The firm seeks to invest in deep tech business fields such as big data, artificial intelligence, autonomous driving, medical services, and information and communications sectors. The firm also does venture capital investments focusing on early-stage startups.",part5_rule_b_company|source:company_investor_relation|source:deal_investor_relation|source:investor_investment_relation,CompanyInvestorRelation.CompanyID|CompanyInvestorRelation.InvestorID|Deal.CompanyID|DealInvestorRelation.DealID|DealInvestorRelation.InvestorID|InvestorInvestmentRelation.CompanyID|InvestorInvestmentRelation.InvestorID,"Part5 Rule B company investor graph: 1 token companies, 1 deals, 0 funds | source_methods=company_investor_relation,deal_investor_relation,investor_investment_relation | PrimaryInvestorType: Venture Capital | OtherInvestorTypes: Accelerator/Incubator | PreferredVerticals: AdTech, Advanced Manufacturing, Artificial Intelligence & Machine Learning, Autonomous cars, Big Data, Digital Health, HealthTec",part5_token_company_investor_graph_then_web_search_with_primary_source_priority,investor_router|capability_classification
282,497948-77,GenCap Management,,,,www.gencapmgt.com,gencapmgt.com,,,,"New York, NY",United States,Venture Capital,,"Early Stage VC, Later Stage VC, Seed Round",,"Prefers minority stake, Will syndicate",Gencap Fund I,Venture - General,"Founded in 2017, GenCap Management is a venture capital investment firm headquartered in New York, New York. The firm focuses on tech, biotech, and direct-to-consumer companies.",part5_rule_b_company|source:company_investor_relation|source:deal_investor_relation|source:investor_investment_relation,CompanyInvestorRelation.CompanyID|CompanyInvestorRelation.InvestorID|Deal.CompanyID|DealInvestorRelation.DealID|DealInvestorRelation.InvestorID|InvestorInvestmentRelation.CompanyID|InvestorInvestmentRelation.InvestorID,"Part5 Rule B company investor graph: 1 token companies, 1 deals, 0 funds | source_methods=company_investor_relation,deal_investor_relation,investor_investment_relation | PrimaryInvestorType: Venture Capital | PreferredInvestmentTypes: Early Stage VC, Later Stage VC, Seed Round | CompanyInvestorRelation: Kraken; status=Pending (Sell Side); holding=Minority; since=05/01/2025 | DealInvestorRelation: K",part5_token_company_investor_graph_then_web_search_with_primary_source_priority,investor_router|capability_classification
283,56105-92,gener8tor,,,"gener8tor Management, LLC",www.gener8tor.com,gener8tor.com,,,,"Madison, WI",United States,Accelerator/Incubator,"Fund of Funds, Venture Capital","Accelerator/Incubator, Early Stage VC, Later Stage VC, Seed Round","AgTech, CleanTech, EdTech, FinTech, HealthTech","Prefers minority stake, Seeks ESG investments, Will syndicate",gener8tor Alabama Fund I,Venture - General,"Founded in 2012, gener8tor is an accelerator based in Madison, Wisconsin. The firm supports start-ups and also makes venture capital investments. The firm seeks to support the growth of startups via capital, mentorship, coaching, and career support through its accelerator programs.",part5_rule_b_company|source:company_investor_relation|source:deal_investor_relation|source:investor_investment_relation,CompanyInvestorRelation.CompanyID|CompanyInvestorRelation.InvestorID|Deal.CompanyID|DealInvestorRelation.DealID|DealInvestorRelation.InvestorID|InvestorInvestmentRelation.CompanyID|InvestorInvestmentRelation.InvestorID,"Part5 Rule B company investor graph: 1 token companies, 1 deals, 0 funds | source_methods=company_investor_relation,deal_investor_relation,investor_investment_relation | PrimaryInvestorType: Accelerator/Incubator | OtherInvestorTypes: Fund of Funds, Venture Capital | PreferredVerticals: AgTech, CleanTech, EdTech, FinTech, HealthTech | PreferredInvestmentTypes: Accelerator/Incubator, Early Stage VC,",part5_token_company_investor_graph_then_web_search_with_primary_source_priority,investor_router|capability_classification
284,528735-70,GEODNET,,,GEODAO Foundation PTE LTD,www.geodnet.com,geodnet.com,,,,"Singapore, Singapore",Singapore,Corporation,,Merger/Acquisition,,Prefers majority stake,,,"Developer of a decentralized blockchain-based platform designed to collect, store, and share geospatial data. The company's platform uses blockchain to build a robust and resilient network and delivers secure and trusted geospatial data products through reliable real-time monitoring, and flexible business models, enabling industries from agriculture to autonomous vehicles to access valuable insights into the earth's atmosphere and its impact on various sectors while benefiting from a sustainable tokenomics model.",part5_rule_b_company|source:company_investor_relation|source:deal_investor_relation|source:investor_investment_relation|lead_investor,CompanyInvestorRelation.CompanyID|CompanyInvestorRelation.InvestorID|Deal.CompanyID|DealInvestorRelation.DealID|DealInvestorRelation.InvestorID|InvestorInvestmentRelation.CompanyID|InvestorInvestmentRelation.InvestorID,"Part5 Rule B company investor graph: 1 token companies, 1 deals, 0 funds | source_methods=company_investor_relation,deal_investor_relation,investor_investment_relation | PrimaryInvestorType: Corporation | PreferredInvestmentTypes: Merger/Acquisition | CompanyInvestorRelation: ROVR (Business/Productivity Software); status=Active; holding=Minority; since=04/29/2025 | DealInvestorRelation: ROVR (Busin",part5_token_company_investor_graph_then_web_search_with_primary_source_priority,investor_router|capability_classification
285,503343-19,Geoff Rosenberg,,,,,,,,,,,Angel (individual),,,,,,,Mr. Geoff Rosenberg is an Angel Investor.,part5_rule_b_company|source:company_investor_relation|source:deal_investor_relation|source:investor_investment_relation,CompanyInvestorRelation.CompanyID|CompanyInvestorRelation.InvestorID|Deal.CompanyID|DealInvestorRelation.DealID|DealInvestorRelation.InvestorID|InvestorInvestmentRelation.CompanyID|InvestorInvestmentRelation.InvestorID,"Part5 Rule B company investor graph: 1 token companies, 1 deals, 0 funds | source_methods=company_investor_relation,deal_investor_relation,investor_investment_relation | PrimaryInvestorType: Angel (individual) | CompanyInvestorRelation: investFeed; status=Former; holding=Minority; since=11/16/2014 | DealInvestorRelation: investFeed; deal=201330-91T; date=11/16/2014; type=Seed Round; lead=No; fund=",part5_token_company_investor_graph_then_web_search_with_primary_source_priority,investor_router|capability_classification
286,168819-94,GHR Investments,,,,,,,,,Canada,Canada,Venture Capital,,"Early Stage VC, Later Stage VC, Seed Round",,"Prefers minority stake, Will syndicate",,,,part5_rule_b_company|source:company_investor_relation|source:deal_investor_relation|source:investor_investment_relation,CompanyInvestorRelation.CompanyID|CompanyInvestorRelation.InvestorID|Deal.CompanyID|DealInvestorRelation.DealID|DealInvestorRelation.InvestorID|InvestorInvestmentRelation.CompanyID|InvestorInvestmentRelation.InvestorID,"Part5 Rule B company investor graph: 1 token companies, 1 deals, 0 funds | source_methods=company_investor_relation,deal_investor_relation,investor_investment_relation | PrimaryInvestorType: Venture Capital | PreferredInvestmentTypes: Early Stage VC, Later Stage VC, Seed Round | CompanyInvestorRelation: Bitso; status=Active; holding=Minority; since=05/13/2016 | DealInvestorRelation: Bitso; deal=696",part5_token_company_investor_graph_then_web_search_with_primary_source_priority,investor_router|capability_classification
287,277701-04,Gigi Levi-Weiss,,,,,,,,,,,Angel (individual),,,,,,,Mr. Gigi Levi-Weiss is an Angel Investor.,part5_rule_b_company|source:company_investor_relation|source:deal_investor_relation|source:investor_investment_relation,CompanyInvestorRelation.CompanyID|CompanyInvestorRelation.InvestorID|Deal.CompanyID|DealInvestorRelation.DealID|DealInvestorRelation.InvestorID|InvestorInvestmentRelation.CompanyID|InvestorInvestmentRelation.InvestorID,"Part5 Rule B company investor graph: 1 token companies, 1 deals, 0 funds | source_methods=company_investor_relation,deal_investor_relation,investor_investment_relation | PrimaryInvestorType: Angel (individual) | CompanyInvestorRelation: Barrel Protocol; status=Former; holding=Minority; since=09/06/2018 | DealInvestorRelation: Barrel Protocol; deal=132887-26T; date=09/06/2018; type=Seed Round; lead=",part5_token_company_investor_graph_then_web_search_with_primary_source_priority,investor_router|capability_classification
288,522930-07,Global Venture Management,,,Global Venture Management LLC,www.globalventuremanagement.com,globalventuremanagement.com,,,,"San Juan, PR",United States,Venture Capital,PE/Buyout,"Buyout/LBO, IPO",,Prefers majority stake,,,"Founded in 2017, Global Venture Management is a private equity firm based in San Juan, Puerto Rico. The firm invests in early and later-stage series investments as well as secondary private equity transactions. This firm is a Registered Investment Adviser (RIA).",part5_rule_b_company|source:company_investor_relation|source:deal_investor_relation|source:investor_investment_relation,CompanyInvestorRelation.CompanyID|CompanyInvestorRelation.InvestorID|Deal.CompanyID|DealInvestorRelation.DealID|DealInvestorRelation.InvestorID|InvestorInvestmentRelation.CompanyID|InvestorInvestmentRelation.InvestorID,"Part5 Rule B company investor graph: 1 token companies, 1 deals, 0 funds | source_methods=company_investor_relation,deal_investor_relation,investor_investment_relation | PrimaryInvestorType: Venture Capital | OtherInvestorTypes: PE/Buyout | PreferredInvestmentTypes: Buyout/LBO, IPO | CompanyInvestorRelation: Kraken; status=Pending (Sell Side); holding=Minority; since=03/01/2022 | DealInvestorRelati",part5_token_company_investor_graph_then_web_search_with_primary_source_priority,investor_router|capability_classification
289,466579-99,Goanna Capital,,Goanna Capital Fund 21g Llc,Goanna Capital Management LLC,www.goannacapital.com,goannacapital.com,,,,"West Palm Beach, FL",United States,PE/Buyout,"Growth/Expansion, Secondary Buyer, Venture Capital","Buyout/LBO, Later Stage VC, Management Buyout, PE Growth/Expansion","FinTech, SaaS, TMT","Prefers majority stake, Prefers minority stake, Will syndicate",Goanna Capital Structured Opportunities Fund,Buyout,"Founded in 2020, Goanna Capital is a private equity firm based in West Palm Beach, Florida. The firm seeks to invest in the global internet, software, consumer, and financial technology sectors. This firm is a Registered Investment Adviser (RIA).",part5_rule_b_company|source:company_investor_relation|source:deal_investor_relation|source:investor_investment_relation,CompanyInvestorRelation.CompanyID|CompanyInvestorRelation.InvestorID|Deal.CompanyID|DealInvestorRelation.DealID|DealInvestorRelation.InvestorID|InvestorInvestmentRelation.CompanyID|InvestorInvestmentRelation.InvestorID,"Part5 Rule B company investor graph: 1 token companies, 1 deals, 0 funds | source_methods=company_investor_relation,deal_investor_relation,investor_investment_relation | PrimaryInvestorType: PE/Buyout | OtherInvestorTypes: Growth/Expansion, Secondary Buyer, Venture Capital | PreferredVerticals: FinTech, SaaS, TMT | PreferredInvestmentTypes: Buyout/LBO, Later Stage VC, Management Buyout, PE Growth/E",part5_token_company_investor_graph_then_web_search_with_primary_source_priority,investor_router|capability_classification
290,470070-55,GoldenCoin TS,,,,,,,,,"New York, NY",United States,Other,,,,,,,,part5_rule_b_company|source:company_investor_relation|source:deal_investor_relation|source:investor_investment_relation,CompanyInvestorRelation.CompanyID|CompanyInvestorRelation.InvestorID|Deal.CompanyID|DealInvestorRelation.DealID|DealInvestorRelation.InvestorID|InvestorInvestmentRelation.CompanyID|InvestorInvestmentRelation.InvestorID,"Part5 Rule B company investor graph: 1 token companies, 1 deals, 0 funds | source_methods=company_investor_relation,deal_investor_relation,investor_investment_relation | PrimaryInvestorType: Other | CompanyInvestorRelation: Axelar; status=Active; holding=Minority; since=07/06/2021 | DealInvestorRelation: Axelar; deal=176602-87T; date=07/06/2021; type=Early Stage VC; lead=No; fund= | InvestorInvestm",part5_token_company_investor_graph_then_web_search_with_primary_source_priority,investor_router|capability_classification
291,509369-68,Gregory Rocco,,,,,,,,,,,Angel (individual),,,,,,,,part5_rule_b_company|source:company_investor_relation|source:deal_investor_relation|source:investor_investment_relation,CompanyInvestorRelation.CompanyID|CompanyInvestorRelation.InvestorID|Deal.CompanyID|DealInvestorRelation.DealID|DealInvestorRelation.InvestorID|InvestorInvestmentRelation.CompanyID|InvestorInvestmentRelation.InvestorID,"Part5 Rule B company investor graph: 1 token companies, 1 deals, 0 funds | source_methods=company_investor_relation,deal_investor_relation,investor_investment_relation | PrimaryInvestorType: Angel (individual) | CompanyInvestorRelation: Lit Protocol; status=Active; holding=Minority; since=06/01/2022 | DealInvestorRelation: Lit Protocol; deal=204552-64T; date=06/01/2022; type=Early Stage VC; lead=No",part5_token_company_investor_graph_then_web_search_with_primary_source_priority,investor_router|capability_classification
292,496441-54,Grey Elephant Solutions,,,Grey Elephant Solutions LLC,www.greyelephant.solutions,greyelephant.solutions,,,,"Irving, TX",United States,Venture Capital,Corporation,"Early Stage VC, Later Stage VC, Seed Round",,"Prefers minority stake, Will syndicate",,,"Founded in 2021, Grey Elephant Solutions is a venture capital firm based in Irving, Texas.",part5_rule_b_company|source:company_investor_relation|source:deal_investor_relation|source:investor_investment_relation,CompanyInvestorRelation.CompanyID|CompanyInvestorRelation.InvestorID|Deal.CompanyID|DealInvestorRelation.DealID|DealInvestorRelation.InvestorID|InvestorInvestmentRelation.CompanyID|InvestorInvestmentRelation.InvestorID,"Part5 Rule B company investor graph: 1 token companies, 1 deals, 0 funds | source_methods=company_investor_relation,deal_investor_relation,investor_investment_relation | PrimaryInvestorType: Venture Capital | OtherInvestorTypes: Corporation | PreferredInvestmentTypes: Early Stage VC, Later Stage VC, Seed Round | CompanyInvestorRelation: Kraken; status=Pending (Sell Side); holding=Minority; since=06",part5_token_company_investor_graph_then_web_search_with_primary_source_priority,investor_router|capability_classification
293,513249-58,Greyhill Ventures,,,,www.greyhill.vc,greyhill.vc,,,,"Toronto, Canada",Canada,Venture Capital,Real Estate,"Early Stage VC, Later Stage VC, Seed Round","Artificial Intelligence & Machine Learning, TMT","Prefers minority stake, Will syndicate",,,"Founded in 2022, Greyhill Ventures is a venture capital firm based in Toronto, Canada. The firm prefers to invest in artificial intelligence & technology sectors.",part5_rule_b_company|source:company_investor_relation|source:deal_investor_relation|source:investor_investment_relation,CompanyInvestorRelation.CompanyID|CompanyInvestorRelation.InvestorID|Deal.CompanyID|DealInvestorRelation.DealID|DealInvestorRelation.InvestorID|InvestorInvestmentRelation.CompanyID|InvestorInvestmentRelation.InvestorID,"Part5 Rule B company investor graph: 1 token companies, 1 deals, 0 funds | source_methods=company_investor_relation,deal_investor_relation,investor_investment_relation | PrimaryInvestorType: Venture Capital | OtherInvestorTypes: Real Estate | PreferredVerticals: Artificial Intelligence & Machine Learning, TMT | PreferredInvestmentTypes: Early Stage VC, Later Stage VC, Seed Round | CompanyInvestorRe",part5_token_company_investor_graph_then_web_search_with_primary_source_priority,investor_router|capability_classification
294,470521-81,Guillaume Pousaz,,,,,,,,,"London, United Kingdom",United Kingdom,Angel (individual),,,,,,,"Mr. Guillaume Pousaz is the Founder & serves as Chief Executive Officer at Checkout.com. Mr. Pousaz serves as Global Board Member at Endeavor Global. He is an Angel Investor. He founded Checkout.com in 2012 with a mission to simplify online payment processes for both merchants and their customers. Starting to code from the early age of eight, Guillaume has always been driven by curiosity, a love for art and math, and solving real-world problems. This obsession has led Checkout.com to become a key player in digital payments, delivering high-performance payment solutions to thousands of enterprise merchants globally, processing billions of transactions per year with a team of more than 1900 pe",part5_rule_b_company|source:company_investor_relation|source:deal_investor_relation|source:investor_investment_relation,CompanyInvestorRelation.CompanyID|CompanyInvestorRelation.InvestorID|Deal.CompanyID|DealInvestorRelation.DealID|DealInvestorRelation.InvestorID|InvestorInvestmentRelation.CompanyID|InvestorInvestmentRelation.InvestorID,"Part5 Rule B company investor graph: 1 token companies, 1 deals, 0 funds | source_methods=company_investor_relation,deal_investor_relation,investor_investment_relation | PrimaryInvestorType: Angel (individual) | CompanyInvestorRelation: Improbable Worlds; status=Active; holding=Minority; since=03/17/2022 | DealInvestorRelation: Improbable Worlds; deal=191799-19T; date=03/17/2022; type=Later Stage V",part5_token_company_investor_graph_then_web_search_with_primary_source_priority,investor_router|capability_classification
295,97945-48,Hakuhodo,,,Hakuhodo Inc.,www.hakuhodo-global.com,hakuhodo-global.com,,,,"Tokyo, Japan",Japan,Corporation,,Merger/Acquisition,TMT,Prefers majority stake,,,Operator of an advertising and communication agency intended to innovate with various integrated marketing solutions and creative work.,part5_rule_b_company|source:company_investor_relation|source:deal_investor_relation|source:investor_investment_relation,CompanyInvestorRelation.CompanyID|CompanyInvestorRelation.InvestorID|Deal.CompanyID|DealInvestorRelation.DealID|DealInvestorRelation.InvestorID|InvestorInvestmentRelation.CompanyID|InvestorInvestmentRelation.InvestorID,"Part5 Rule B company investor graph: 1 token companies, 1 deals, 0 funds | source_methods=company_investor_relation,deal_investor_relation,investor_investment_relation | PrimaryInvestorType: Corporation | PreferredVerticals: TMT | PreferredInvestmentTypes: Merger/Acquisition | CompanyInvestorRelation: Yoake Entertainment; status=Active; holding=Minority; since=04/24/2025 | DealInvestorRelation: Yoa",part5_token_company_investor_graph_then_web_search_with_primary_source_priority,investor_router|capability_classification
296,640573-93,Hameem Chowdhury,,,,,,,,,,,Angel (individual),,,,,,,,part5_rule_b_company|source:company_investor_relation|source:deal_investor_relation|source:investor_investment_relation,CompanyInvestorRelation.CompanyID|CompanyInvestorRelation.InvestorID|Deal.CompanyID|DealInvestorRelation.DealID|DealInvestorRelation.InvestorID|InvestorInvestmentRelation.CompanyID|InvestorInvestmentRelation.InvestorID,"Part5 Rule B company investor graph: 1 token companies, 1 deals, 0 funds | source_methods=company_investor_relation,deal_investor_relation,investor_investment_relation | PrimaryInvestorType: Angel (individual) | CompanyInvestorRelation: Edge Matrix Chain; status=Former; holding=Minority; since=08/29/2024 | DealInvestorRelation: Edge Matrix Chain; deal=270868-24T; date=08/29/2024; type=Early Stage V",part5_token_company_investor_graph_then_web_search_with_primary_source_priority,investor_router|capability_classification
297,470070-73,Happy Walters,,,,,,,,,"Santa Monica, CA",United States,Angel (individual),,,,,,,"Mr. Happy Walters is the Founder & serves as Chief Executive Officer at Catalyst Sports. Mr. Walters is an Angel Investor. He previously served as Co-President at Relativity Media. He has served as Relativity's Co-President starting in 2014 working alongside Tucker Tooley overseeing the company's day-to-day operations, and business divisions such as Music, Sports, and Fashion as well as company personnel. Prior to that, He served as Relativity's Co-Chief Operating Officer, helping to guide the company's strategic direction. He joined Relativity in 2008 as President of Relativity Music Group, bringing to the role more than 20 years of experience in a diverse array of entertainment disciplines",part5_rule_b_company|source:company_investor_relation|source:deal_investor_relation|source:investor_investment_relation,CompanyInvestorRelation.CompanyID|CompanyInvestorRelation.InvestorID|Deal.CompanyID|DealInvestorRelation.DealID|DealInvestorRelation.InvestorID|InvestorInvestmentRelation.CompanyID|InvestorInvestmentRelation.InvestorID,"Part5 Rule B company investor graph: 1 token companies, 1 deals, 0 funds | source_methods=company_investor_relation,deal_investor_relation,investor_investment_relation | PrimaryInvestorType: Angel (individual) | CompanyInvestorRelation: Axelar; status=Active; holding=Minority; since=07/06/2021 | DealInvestorRelation: Axelar; deal=176602-87T; date=07/06/2021; type=Early Stage VC; lead=No; fund= | In",part5_token_company_investor_graph_then_web_search_with_primary_source_priority,investor_router|capability_classification
298,106568-74,Harj Taggar,Harj Taggar,,,harjtaggar.com,harjtaggar.com,,,,"San Francisco, CA",United States,Angel (individual),,,TMT,"Prefers minority stake, Will syndicate",,,"Mr. Harj Taggar serves as Managing Partner at Y Combinator. Mr. Tagger was a Co-Founder and served as Chairman at Triplebyte. Previously, he served as Chief Executive Officer at Triplebyte. He also co-founded and served as Chief Executive Officer at Initialized Capital. He also served as a Partner at Start Fund. He was the first partner brought in at Y-Combinator since its founding. He also co-founded Auctomatic, acquired by Livecurrent Media. He is originally from London. He was previously founder and CEO of Triplebyte (YC S15) and Automatic (YC W07), which was acquired by Live Current Media in 2008. He first joined YC as a partner in 2010, leaving in 2014 to start Triplebyte and rejoining",part5_rule_b_company|source:company_investor_relation|source:deal_investor_relation|source:investor_investment_relation,CompanyInvestorRelation.CompanyID|CompanyInvestorRelation.InvestorID|Deal.CompanyID|DealInvestorRelation.DealID|DealInvestorRelation.InvestorID|InvestorInvestmentRelation.CompanyID|InvestorInvestmentRelation.InvestorID,"Part5 Rule B company investor graph: 1 token companies, 1 deals, 0 funds | source_methods=company_investor_relation,deal_investor_relation,investor_investment_relation | PrimaryInvestorType: Angel (individual) | PreferredVerticals: TMT | CompanyInvestorRelation: Coinbase Global; status=Former; holding=Minority; since=04/04/2013 | DealInvestorRelation: Coinbase Global; deal=25832-26T; date=04/04/201",part5_token_company_investor_graph_then_web_search_with_primary_source_priority,investor_router|capability_classification
299,459228-88,Harrison Uffindell,,,,,,,,,,,Angel (individual),,,,,,,Mr. Harrison Uffindell serves as Angel Investor at Harrison Uffindell.,part5_rule_b_company|source:company_investor_relation|source:deal_investor_relation|source:investor_investment_relation,CompanyInvestorRelation.CompanyID|CompanyInvestorRelation.InvestorID|Deal.CompanyID|DealInvestorRelation.DealID|DealInvestorRelation.InvestorID|InvestorInvestmentRelation.CompanyID|InvestorInvestmentRelation.InvestorID,"Part5 Rule B company investor graph: 1 token companies, 1 deals, 0 funds | source_methods=company_investor_relation,deal_investor_relation,investor_investment_relation | PrimaryInvestorType: Angel (individual) | CompanyInvestorRelation: Algorand Technologies; status=Active; holding=Minority; since=10/24/2018 | DealInvestorRelation: Algorand Technologies; deal=113126-95T; date=10/24/2018; type=Early",part5_token_company_investor_graph_then_web_search_with_primary_source_priority,investor_router|capability_classification
300,264935-98,He Honglian,,,,,,,,,,,Angel (individual),,,"Cryptocurrency/Blockchain, FinTech, Internet of Things",,,,Mr. He Honglian is an Angel Investor.,part5_rule_b_company|source:company_investor_relation|source:deal_investor_relation|source:investor_investment_relation,CompanyInvestorRelation.CompanyID|CompanyInvestorRelation.InvestorID|Deal.CompanyID|DealInvestorRelation.DealID|DealInvestorRelation.InvestorID|InvestorInvestmentRelation.CompanyID|InvestorInvestmentRelation.InvestorID,"Part5 Rule B company investor graph: 1 token companies, 1 deals, 0 funds | source_methods=company_investor_relation,deal_investor_relation,investor_investment_relation | PrimaryInvestorType: Angel (individual) | PreferredVerticals: Cryptocurrency/Blockchain, FinTech, Internet of Things | CompanyInvestorRelation: WaltonChain; status=Former; holding=Minority; since= | DealInvestorRelation: WaltonChai",part5_token_company_investor_graph_then_web_search_with_primary_source_priority,investor_router|capability_classification
301,489566-80,Healthspan Capital,,,,www.healthspancapital.vc,healthspancapital.vc,,,,"El Cerrito, CA",United States,Venture Capital,,"Early Stage VC, Seed Round","Digital Health, HealthTech, Life Sciences, LOHAS & Wellness, SaaS, TMT","Prefers minority stake, Will syndicate",,,"Founded in 2021, Healthspan Capital is a venture capital investment firm based in El Cerrito, California. The firm seeks to invest in early-stage companies operating in the longevity biotechnology sector.",part5_rule_b_company|source:company_investor_relation|source:deal_investor_relation|source:investor_investment_relation,CompanyInvestorRelation.CompanyID|CompanyInvestorRelation.InvestorID|Deal.CompanyID|DealInvestorRelation.DealID|DealInvestorRelation.InvestorID|InvestorInvestmentRelation.CompanyID|InvestorInvestmentRelation.InvestorID,"Part5 Rule B company investor graph: 1 token companies, 1 deals, 0 funds | source_methods=company_investor_relation,deal_investor_relation,investor_investment_relation | PrimaryInvestorType: Venture Capital | PreferredVerticals: Digital Health, HealthTech, Life Sciences, LOHAS & Wellness, SaaS, TMT | PreferredInvestmentTypes: Early Stage VC, Seed Round | CompanyInvestorRelation: Molecule; status=Ac",part5_token_company_investor_graph_then_web_search_with_primary_source_priority,investor_router|capability_classification
302,229111-93,Helicap,,,Helicap Pte. Ltd.,www.helicap.com,helicap.com,,,,"Singapore, Singapore",Singapore,VC-Backed Company,,"Early Stage VC, Later Stage VC, Merger/Acquisition",,Prefers majority stake,,,"Operator of a data-driven fintech investment platform intended to fill the consumer and corporate credit gap that banks cannot serve. The company's services mainly focus on lending capital to transform the way corporations and consumers access credit through its fintech fund management and investment platforms specializing in the alternative lending space, enabling investors to make investments that yield high returns with less risk involved and providing originators with access to scalable and responsible debt financing.",part5_rule_b_company|source:company_investor_relation|source:deal_investor_relation|source:investor_investment_relation,CompanyInvestorRelation.CompanyID|CompanyInvestorRelation.InvestorID|Deal.CompanyID|DealInvestorRelation.DealID|DealInvestorRelation.InvestorID|InvestorInvestmentRelation.CompanyID|InvestorInvestmentRelation.InvestorID,"Part5 Rule B company investor graph: 1 token companies, 1 deals, 0 funds | source_methods=company_investor_relation,deal_investor_relation,investor_investment_relation | PrimaryInvestorType: VC-Backed Company | PreferredInvestmentTypes: Early Stage VC, Later Stage VC, Merger/Acquisition | CompanyInvestorRelation: Goldfinch Prime; status=Active; holding=Minority; since=01/06/2022 | DealInvestorRelat",part5_token_company_investor_graph_then_web_search_with_primary_source_priority,investor_router|capability_classification
303,512839-81,Helium Foundation,,,,www.helium.foundation,helium.foundation,,,,"Jackson, WY",United States,Other,,,,,,,"Founded in 2021, Helium Foundation is an investment firm based in Jackson, Wyoming.",part5_rule_b_company|source:company_investor_relation|source:deal_investor_relation|source:investor_investment_relation,CompanyInvestorRelation.CompanyID|CompanyInvestorRelation.InvestorID|Deal.CompanyID|DealInvestorRelation.DealID|DealInvestorRelation.InvestorID|InvestorInvestmentRelation.CompanyID|InvestorInvestmentRelation.InvestorID,"Part5 Rule B company investor graph: 1 token companies, 1 deals, 0 funds | source_methods=company_investor_relation,deal_investor_relation,investor_investment_relation | PrimaryInvestorType: Other | CompanyInvestorRelation: Sourceful Energy; status=Active; holding=Minority; since=07/31/2024 | DealInvestorRelation: Sourceful Energy; deal=271232-65T; date=07/31/2024; type=Seed Round; lead=No; fund= |",part5_token_company_investor_graph_then_web_search_with_primary_source_priority,investor_router|capability_classification
304,12864-61,Helix Funds,,,Helix Funds LLC,www.helixfunds.com,helixfunds.com,,,,"Chicago, IL",United States,Real Estate,"Asset Manager, PE/Buyout","Buyout/LBO, PE Growth/Expansion",,Will syndicate,,,"Helix Funds is a Chicago, Illinois based private real estate investment management firm targeting value-add acquisition opportunities in various real estate sectors.",part5_rule_b_company|source:company_investor_relation|source:deal_investor_relation|source:investor_investment_relation,CompanyInvestorRelation.CompanyID|CompanyInvestorRelation.InvestorID|Deal.CompanyID|DealInvestorRelation.DealID|DealInvestorRelation.InvestorID|InvestorInvestmentRelation.CompanyID|InvestorInvestmentRelation.InvestorID,"Part5 Rule B company investor graph: 1 token companies, 1 deals, 0 funds | source_methods=company_investor_relation,deal_investor_relation,investor_investment_relation | PrimaryInvestorType: Real Estate | OtherInvestorTypes: Asset Manager, PE/Buyout | PreferredInvestmentTypes: Buyout/LBO, PE Growth/Expansion | CompanyInvestorRelation: Degis Global; status=Active; holding=Minority; since=02/01/2022",part5_token_company_investor_graph_then_web_search_with_primary_source_priority,investor_router|capability_classification
305,120710-89,Henning Peters,,,,,,,,,"Berlin, Germany",Germany,Angel (individual),,,,,,,,part5_rule_b_company|source:company_investor_relation|source:deal_investor_relation|source:investor_investment_relation,CompanyInvestorRelation.CompanyID|CompanyInvestorRelation.InvestorID|Deal.CompanyID|DealInvestorRelation.DealID|DealInvestorRelation.InvestorID|InvestorInvestmentRelation.CompanyID|InvestorInvestmentRelation.InvestorID,"Part5 Rule B company investor graph: 1 token companies, 1 deals, 0 funds | source_methods=company_investor_relation,deal_investor_relation,investor_investment_relation | PrimaryInvestorType: Angel (individual) | CompanyInvestorRelation: SatoshiPay; status=Active; holding=Minority; since=10/27/2014 | DealInvestorRelation: SatoshiPay; deal=54677-44T; date=10/27/2014; type=Accelerator/Incubator; lead=",part5_token_company_investor_graph_then_web_search_with_primary_source_priority,investor_router|capability_classification
306,465262-21,Henry Yates,,,,,,,,,"London, United Kingdom",United Kingdom,Angel (individual),,"Angel (individual), Early Stage VC, Seed Round",,"Prefers minority stake, Will syndicate",,,Mr. Henry Yates is a Co-Founder and serves as Chief Executive Officer and Board Member at Retrace.,part5_rule_b_company|source:company_investor_relation|source:deal_investor_relation|source:investor_investment_relation,CompanyInvestorRelation.CompanyID|CompanyInvestorRelation.InvestorID|Deal.CompanyID|DealInvestorRelation.DealID|DealInvestorRelation.InvestorID|InvestorInvestmentRelation.CompanyID|InvestorInvestmentRelation.InvestorID,"Part5 Rule B company investor graph: 1 token companies, 1 deals, 0 funds | source_methods=company_investor_relation,deal_investor_relation,investor_investment_relation | PrimaryInvestorType: Angel (individual) | PreferredInvestmentTypes: Angel (individual), Early Stage VC, Seed Round | CompanyInvestorRelation: Digital Asset; status=Active; holding=Minority; since=02/04/2020 | DealInvestorRelation:",part5_token_company_investor_graph_then_web_search_with_primary_source_priority,investor_router|capability_classification
307,439550-74,HEXA Global Ventures,,,"HEXA Global Ventures, LLC",www.hexagv.com,hexagv.com,,,,"Richardson, TX",United States,Venture Capital,Accelerator/Incubator,"Early Stage VC, Seed Round","Artificial Intelligence & Machine Learning, Digital Health, E-Commerce, HealthTech, HR Tech, SaaS, TMT","Prefers minority stake, Will syndicate",,,"Founded in 2019, HEXA Global Ventures is a venture capital firm based in Richardson, Texas. The firm prefers to invest in companies operating in the technology, business-to-business, software-as-a-service, machine learning, artificial intelligence, e-commerce, human resource technology, and healthcare sectors.",part5_rule_b_company|source:company_investor_relation|source:deal_investor_relation|source:investor_investment_relation,CompanyInvestorRelation.CompanyID|CompanyInvestorRelation.InvestorID|Deal.CompanyID|DealInvestorRelation.DealID|DealInvestorRelation.InvestorID|InvestorInvestmentRelation.CompanyID|InvestorInvestmentRelation.InvestorID,"Part5 Rule B company investor graph: 1 token companies, 1 deals, 0 funds | source_methods=company_investor_relation,deal_investor_relation,investor_investment_relation | PrimaryInvestorType: Venture Capital | OtherInvestorTypes: Accelerator/Incubator | PreferredVerticals: Artificial Intelligence & Machine Learning, Digital Health, E-Commerce, HealthTech, HR Tech, SaaS, TMT | PreferredInvestmentType",part5_token_company_investor_graph_then_web_search_with_primary_source_priority,investor_router|capability_classification
308,504035-74,Highfield Capital,,,Highfield Capital LLC,www.highfield.capital,highfield.capital,,,,"New York, NY",United States,Family Office,,"Early Stage VC, Later Stage VC, Seed Round",TMT,"Prefers minority stake, Will syndicate",,,"Founded in 2020, Highfield Capital is a family office based in New York. The firm seeks to invest in the technology sector.",part5_rule_b_company|source:company_investor_relation|source:deal_investor_relation|source:investor_investment_relation,CompanyInvestorRelation.CompanyID|CompanyInvestorRelation.InvestorID|Deal.CompanyID|DealInvestorRelation.DealID|DealInvestorRelation.InvestorID|InvestorInvestmentRelation.CompanyID|InvestorInvestmentRelation.InvestorID,"Part5 Rule B company investor graph: 1 token companies, 1 deals, 0 funds | source_methods=company_investor_relation,deal_investor_relation,investor_investment_relation | PrimaryInvestorType: Family Office | PreferredVerticals: TMT | PreferredInvestmentTypes: Early Stage VC, Later Stage VC, Seed Round | CompanyInvestorRelation: Kraken; status=Pending (Sell Side); holding=Minority; since=06/30/2021 |",part5_token_company_investor_graph_then_web_search_with_primary_source_priority,investor_router|capability_classification
309,491338-90,Hjalmar Winbladh,,,,,,,,,,,Angel (individual),,,,,,,Mr. Hjalmar Winbladh is an Angel Investor.,part5_rule_b_company|source:company_investor_relation|source:deal_investor_relation|source:investor_investment_relation,CompanyInvestorRelation.CompanyID|CompanyInvestorRelation.InvestorID|Deal.CompanyID|DealInvestorRelation.DealID|DealInvestorRelation.InvestorID|InvestorInvestmentRelation.CompanyID|InvestorInvestmentRelation.InvestorID,"Part5 Rule B company investor graph: 1 token companies, 1 deals, 0 funds | source_methods=company_investor_relation,deal_investor_relation,investor_investment_relation | PrimaryInvestorType: Angel (individual) | CompanyInvestorRelation: Monerium; status=Active; holding=Minority; since=09/22/2021 | DealInvestorRelation: Monerium; deal=188042-77T; date=09/22/2021; type=Later Stage VC; lead=No; fund=",part5_token_company_investor_graph_then_web_search_with_primary_source_priority,investor_router|capability_classification
310,498573-28,HKUST Crypto-Fintech Lab,,,,www.cryptofintechlabhk.net,cryptofintechlabhk.net,,,,"Hong Kong, Hong Kong",Hong Kong,Accelerator/Incubator,,Accelerator/Incubator,,,,,,part5_rule_b_company|source:company_investor_relation|source:deal_investor_relation|source:investor_investment_relation,CompanyInvestorRelation.CompanyID|CompanyInvestorRelation.InvestorID|Deal.CompanyID|DealInvestorRelation.DealID|DealInvestorRelation.InvestorID|InvestorInvestmentRelation.CompanyID|InvestorInvestmentRelation.InvestorID,"Part5 Rule B company investor graph: 1 token companies, 1 deals, 0 funds | source_methods=company_investor_relation,deal_investor_relation,investor_investment_relation | PrimaryInvestorType: Accelerator/Incubator | PreferredInvestmentTypes: Accelerator/Incubator | CompanyInvestorRelation: Degis Global; status=Active; holding=Minority; since=01/06/2021 | DealInvestorRelation: Degis Global; deal=1965",part5_token_company_investor_graph_then_web_search_with_primary_source_priority,investor_router|capability_classification
311,54839-17,Hofung Holdings,,,,,,,,,,,Corporation,,Merger/Acquisition,,Prefers majority stake,,,,part5_rule_b_company|source:company_investor_relation|source:deal_investor_relation|source:investor_investment_relation,CompanyInvestorRelation.CompanyID|CompanyInvestorRelation.InvestorID|Deal.CompanyID|DealInvestorRelation.DealID|DealInvestorRelation.InvestorID|InvestorInvestmentRelation.CompanyID|InvestorInvestmentRelation.InvestorID,"Part5 Rule B company investor graph: 1 token companies, 1 deals, 0 funds | source_methods=company_investor_relation,deal_investor_relation,investor_investment_relation | PrimaryInvestorType: Corporation | PreferredInvestmentTypes: Merger/Acquisition | CompanyInvestorRelation: Monerium; status=Active; holding=Minority; since=01/11/2019 | DealInvestorRelation: Monerium; deal=115434-73T; date=01/11/20",part5_token_company_investor_graph_then_web_search_with_primary_source_priority,investor_router|capability_classification
312,89973-55,Horizon (Flevoland),,MKB & Technofonds Flevoland,MKB & Technofonds Flevoland BV,www.horizonflevoland.com,horizonflevoland.com,,,,"Lelystad, Netherlands",Netherlands,Growth/Expansion,"Impact Investing, Not-For-Profit Venture Capital, Venture Capital","Later Stage VC, PE Growth/Expansion","Advanced Manufacturing, AgTech, CleanTech, FoodTech, Internet of Things, LOHAS & Wellness, Manufacturing, Mobility Tech, SaaS, Supply Chain Tech, TMT","Prefers minority stake, Will syndicate",Flevoland Growth Fund,Mezzanine,"Founded in 1996, Horizon is a private equity firm based in Lelystad, Netherlands. The firm seeks to invest in small and medium companies based in Flevoland with a focus on technology, logistics, and agro-food sectors.",part5_rule_b_company|source:company_investor_relation|source:deal_investor_relation|source:investor_investment_relation|lead_investor,CompanyInvestorRelation.CompanyID|CompanyInvestorRelation.InvestorID|Deal.CompanyID|DealInvestorRelation.DealID|DealInvestorRelation.InvestorID|InvestorInvestmentRelation.CompanyID|InvestorInvestmentRelation.InvestorID,"Part5 Rule B company investor graph: 1 token companies, 1 deals, 0 funds | source_methods=company_investor_relation,deal_investor_relation,investor_investment_relation | PrimaryInvestorType: Growth/Expansion | OtherInvestorTypes: Impact Investing, Not-For-Profit Venture Capital, Venture Capital | PreferredVerticals: Advanced Manufacturing, AgTech, CleanTech, FoodTech, Internet of Things, LOHAS & We",part5_token_company_investor_graph_then_web_search_with_primary_source_priority,investor_router|capability_classification
313,11212-21,Horizon Ventures,,,"Horizon Ventures, LLC",www.horizonvc.com,horizonvc.com,,,,"Los Altos, CA",United States,Venture Capital,,"Early Stage VC, Later Stage VC, Seed Round","Big Data, Digital Health, HealthTech, Internet of Things, Manufacturing, Mobile, SaaS, TMT","Prefers minority stake, Will syndicate",Horizon Ventures Fund II,Venture - General,"Founded in 1999, Horizon Ventures was a venture capital firm based in Los Altos, California. The firm preferred to invest in technology companies with a focus on communication, system, healthcare, information technology, semiconductor and software application sectors. It closed all of its venture capital funds more than 5 years ago.",part5_rule_b_company|source:company_investor_relation|source:deal_investor_relation|source:investor_investment_relation,CompanyInvestorRelation.CompanyID|CompanyInvestorRelation.InvestorID|Deal.CompanyID|DealInvestorRelation.DealID|DealInvestorRelation.InvestorID|InvestorInvestmentRelation.CompanyID|InvestorInvestmentRelation.InvestorID,"Part5 Rule B company investor graph: 1 token companies, 1 deals, 0 funds | source_methods=company_investor_relation,deal_investor_relation,investor_investment_relation | PrimaryInvestorType: Venture Capital | PreferredVerticals: Big Data, Digital Health, HealthTech, Internet of Things, Manufacturing, Mobile, SaaS, TMT | PreferredInvestmentTypes: Early Stage VC, Later Stage VC, Seed Round | CompanyI",part5_token_company_investor_graph_then_web_search_with_primary_source_priority,investor_router|capability_classification
314,518225-86,Hristo Tenchev,,,,,,,,,,,Angel (individual),,,,,,,Mr. Hristo Tenchev is an Angel Investor.,part5_rule_b_company|source:company_investor_relation|source:deal_investor_relation|source:investor_investment_relation,CompanyInvestorRelation.CompanyID|CompanyInvestorRelation.InvestorID|Deal.CompanyID|DealInvestorRelation.DealID|DealInvestorRelation.InvestorID|InvestorInvestmentRelation.CompanyID|InvestorInvestmentRelation.InvestorID,"Part5 Rule B company investor graph: 1 token companies, 1 deals, 0 funds | source_methods=company_investor_relation,deal_investor_relation,investor_investment_relation | PrimaryInvestorType: Angel (individual) | CompanyInvestorRelation: Changex; status=Active; holding=Minority; since= | DealInvestorRelation: Changex; deal=313427-53T; date=; type=Angel (individual); lead=No; fund= | InvestorInvestme",part5_token_company_investor_graph_then_web_search_with_primary_source_priority,investor_router|capability_classification
315,143712-82,HSG,,,HSG Inc.,www.hsg-inc.com,hsg-inc.com,Jobs Group,,,"Los Angeles, CA",United States,Corporation,,Merger/Acquisition,,Prefers majority stake,,,"Provider of building maintenance services catering to commercial, residential, industrial, sports and entertainment facilities. The company offers tailored round-the-clock window cleaning, waterproofing, metal restoration, glass scratch prevention and high-pressure cleaning services, thereby helping clients in simplifying and streamlining their complex exterior upkeep requirements.",part5_rule_b_company|source:company_investor_relation|source:deal_investor_relation|source:investor_investment_relation,CompanyInvestorRelation.CompanyID|CompanyInvestorRelation.InvestorID|Deal.CompanyID|DealInvestorRelation.DealID|DealInvestorRelation.InvestorID|InvestorInvestmentRelation.CompanyID|InvestorInvestmentRelation.InvestorID,"Part5 Rule B company investor graph: 1 token companies, 1 deals, 0 funds | source_methods=company_investor_relation,deal_investor_relation,investor_investment_relation | PrimaryInvestorType: Corporation | PreferredInvestmentTypes: Merger/Acquisition | CompanyInvestorRelation: Kraken; status=Pending (Sell Side); holding=Minority; since=11/18/2025 | DealInvestorRelation: Kraken; deal=261503-02T; date",part5_token_company_investor_graph_then_web_search_with_primary_source_priority,investor_router|capability_classification
316,184425-31,Hsieh Fu Hua,,,,,,,,,,,Angel (individual),,,"Real Estate Technology, TMT",,,,Mr. Hsieh Fu Hua is an Angel Investor.,part5_rule_b_company|source:company_investor_relation|source:deal_investor_relation|source:investor_investment_relation,CompanyInvestorRelation.CompanyID|CompanyInvestorRelation.InvestorID|Deal.CompanyID|DealInvestorRelation.DealID|DealInvestorRelation.InvestorID|InvestorInvestmentRelation.CompanyID|InvestorInvestmentRelation.InvestorID,"Part5 Rule B company investor graph: 1 token companies, 1 deals, 0 funds | source_methods=company_investor_relation,deal_investor_relation,investor_investment_relation | PrimaryInvestorType: Angel (individual) | PreferredVerticals: Real Estate Technology, TMT | CompanyInvestorRelation: Anquan; status=Active; holding=Minority; since=02/22/2019 | DealInvestorRelation: Anquan; deal=208664-20T; date=02",part5_token_company_investor_graph_then_web_search_with_primary_source_priority,investor_router|capability_classification
317,656076-61,Hulif Fund,,,,,,,,,United Kingdom,United Kingdom,Venture Capital,,"Early Stage VC, Later Stage VC, Seed Round",,"Prefers minority stake, Will syndicate",,,"Hulif Fund is a venture capital firm based in England, United Kingdom.",part5_rule_b_company|source:company_investor_relation|source:deal_investor_relation|source:investor_investment_relation,CompanyInvestorRelation.CompanyID|CompanyInvestorRelation.InvestorID|Deal.CompanyID|DealInvestorRelation.DealID|DealInvestorRelation.InvestorID|InvestorInvestmentRelation.CompanyID|InvestorInvestmentRelation.InvestorID,"Part5 Rule B company investor graph: 1 token companies, 1 deals, 0 funds | source_methods=company_investor_relation,deal_investor_relation,investor_investment_relation | PrimaryInvestorType: Venture Capital | PreferredInvestmentTypes: Early Stage VC, Later Stage VC, Seed Round | CompanyInvestorRelation: BTA Protocol; status=Former; holding=Minority; since=08/26/2024 | DealInvestorRelation: BTA Prot",part5_token_company_investor_graph_then_web_search_with_primary_source_priority,investor_router|capability_classification
318,57065-14,IBK Capital,,,IBK Capital Corp.,www.ibkcapital.com,ibkcapital.com,,,,"Toronto, Canada",Canada,Investment Bank,PE/Buyout,"Asset Divestiture (Corporate), Debt - General, IPO, Merger/Acquisition, Privatization, Recapitalization",TMT,,,,"Founded in 1989, IBK Capital is an independent and privately owned investment banking firm based in Toronto, Canada. The firm offers a full range of financial advisory services such as private placements of equity and debt, going public by way of reverse take-over, merger, acquisition, and divestiture advisory services, valuations, fairness opinions, and take-over defense planning.",part5_rule_b_company|source:company_investor_relation|source:deal_investor_relation|source:investor_investment_relation,CompanyInvestorRelation.CompanyID|CompanyInvestorRelation.InvestorID|Deal.CompanyID|DealInvestorRelation.DealID|DealInvestorRelation.InvestorID|InvestorInvestmentRelation.CompanyID|InvestorInvestmentRelation.InvestorID,"Part5 Rule B company investor graph: 1 token companies, 1 deals, 0 funds | source_methods=company_investor_relation,deal_investor_relation,investor_investment_relation | PrimaryInvestorType: Investment Bank | OtherInvestorTypes: PE/Buyout | PreferredVerticals: TMT | PreferredInvestmentTypes: Asset Divestiture (Corporate), Debt - General, IPO, Merger/Acquisition, Privatization, Recapitalization | Co",part5_token_company_investor_graph_then_web_search_with_primary_source_priority,investor_router|capability_classification
319,126283-87,IBM Deutschland,IBM,,IBM Deutschland GmbH,de.ibm.com,de.ibm.com,,,,"Boblingen, Germany",Germany,Corporation,,Merger/Acquisition,TMT,Prefers majority stake,,,"IBM Deutschland is a provider of IT services. The company offers IT software, hardware, cloud platforms, and consulting. The company was founded in 1991 and is headquartered in Böblingen, Germany.",part5_rule_b_company|source:company_investor_relation|source:deal_investor_relation|source:investor_investment_relation,CompanyInvestorRelation.CompanyID|CompanyInvestorRelation.InvestorID|Deal.CompanyID|DealInvestorRelation.DealID|DealInvestorRelation.InvestorID|InvestorInvestmentRelation.CompanyID|InvestorInvestmentRelation.InvestorID,"Part5 Rule B company investor graph: 1 token companies, 1 deals, 0 funds | source_methods=company_investor_relation,deal_investor_relation,investor_investment_relation | PrimaryInvestorType: Corporation | PreferredVerticals: TMT | PreferredInvestmentTypes: Merger/Acquisition | CompanyInvestorRelation: Digital Asset; status=Active; holding=Minority; since=05/31/2022 | DealInvestorRelation: Digital A",part5_token_company_investor_graph_then_web_search_with_primary_source_priority,investor_router|capability_classification
320,169154-74,Icelandic Technology Development Fund,,,,,,,,,Iceland,Iceland,Government,,,TMT,,,,"Icelandic Technology Development Fund is an investment firm that supports research and development activities, which aim towards innovation in the Icelandic industry. The firm finances innovation projects in accordance with the overall policy of the Science and Technology Policy Council.",part5_rule_b_company|source:company_investor_relation|source:deal_investor_relation|source:investor_investment_relation,CompanyInvestorRelation.CompanyID|CompanyInvestorRelation.InvestorID|Deal.CompanyID|DealInvestorRelation.DealID|DealInvestorRelation.InvestorID|InvestorInvestmentRelation.CompanyID|InvestorInvestmentRelation.InvestorID,"Part5 Rule B company investor graph: 1 token companies, 1 deals, 0 funds | source_methods=company_investor_relation,deal_investor_relation,investor_investment_relation | PrimaryInvestorType: Government | PreferredVerticals: TMT | CompanyInvestorRelation: Monerium; status=Active; holding=Minority; since=01/11/2019 | DealInvestorRelation: Monerium; deal=115434-73T; date=01/11/2019; type=Seed Round; l",part5_token_company_investor_graph_then_web_search_with_primary_source_priority,investor_router|capability_classification
321,42278-77,Idealab,,Bill Gross Idealab,"Idealab, Inc.",www.idealab.com,idealab.com,,,,"Pasadena, CA",United States,Accelerator/Incubator,Venture Capital,"Accelerator/Incubator, Early Stage VC, Later Stage VC, Seed Round","CleanTech, Gaming, SaaS, TMT","Prefers minority stake, Will syndicate",Digital Disruption Fund,Venture - General,"Founded in 1996, Idealab is an incubator headquartered in Pasadena, California. The firm seeks to invest in information technology, energy, consumer products, and services sectors.",part5_rule_b_company|source:company_investor_relation|source:deal_investor_relation|source:investor_investment_relation,CompanyInvestorRelation.CompanyID|CompanyInvestorRelation.InvestorID|Deal.CompanyID|DealInvestorRelation.DealID|DealInvestorRelation.InvestorID|InvestorInvestmentRelation.CompanyID|InvestorInvestmentRelation.InvestorID,"Part5 Rule B company investor graph: 1 token companies, 1 deals, 0 funds | source_methods=company_investor_relation,deal_investor_relation,investor_investment_relation | PrimaryInvestorType: Accelerator/Incubator | OtherInvestorTypes: Venture Capital | PreferredVerticals: CleanTech, Gaming, SaaS, TMT | PreferredInvestmentTypes: Accelerator/Incubator, Early Stage VC, Later Stage VC, Seed Round | Com",part5_token_company_investor_graph_then_web_search_with_primary_source_priority,investor_router|capability_classification
322,148911-13,Idris Mokhtarzada,,,,,,,,,"Washington, DC",United States,Angel (individual),,"Angel (individual), Early Stage VC, Seed Round",TMT,"Prefers minority stake, Will syndicate",,,"Mr. Idris Mokhtarzada is a Co-Founder of Mokhtarzada Hatchery. Mr. Mokhtarzada is an Angel Investor. He co-founded and served as Chief Technology Officer at Truebill. He serves as the CTO of Rocket Money, headquartered in Silver Spring, Maryland, with offices in San Francisco. Zeki, meanwhile, holds the position of CTO at Tenovos, an online software company specializing in digital marketing solutions. Before Tenovos, he co-founded Thum.io. He holds BS (Bachelor of Science) in Computer Science from the University of Maryland, College Park.",part5_rule_b_company|source:company_investor_relation|source:deal_investor_relation|source:investor_investment_relation,CompanyInvestorRelation.CompanyID|CompanyInvestorRelation.InvestorID|Deal.CompanyID|DealInvestorRelation.DealID|DealInvestorRelation.InvestorID|InvestorInvestmentRelation.CompanyID|InvestorInvestmentRelation.InvestorID,"Part5 Rule B company investor graph: 1 token companies, 1 deals, 0 funds | source_methods=company_investor_relation,deal_investor_relation,investor_investment_relation | PrimaryInvestorType: Angel (individual) | PreferredVerticals: TMT | PreferredInvestmentTypes: Angel (individual), Early Stage VC, Seed Round | CompanyInvestorRelation: Coinbase Global; status=Former; holding=Minority; since=04/04/2",part5_token_company_investor_graph_then_web_search_with_primary_source_priority,investor_router|capability_classification
323,513094-96,Imagine Ventures Management,,,"Imagine Ventures Management, LLC",www.imagineventures.tech,imagineventures.tech,,,,"Santiago, Chile",Chile,Venture Capital,,"Early Stage VC, Later Stage VC, Seed Round","Artificial Intelligence & Machine Learning, B2B Payments, Big Data, EdTech, FinTech, HR Tech, InsurTech, Mortgage Tech, SaaS, TMT","Prefers minority stake, Will syndicate",Imagine Ventures I,Venture Capital - Early Stage,"Founded in 2021, Imagine Ventures Management is a venture capital firm based in Santiago, Chile. The firm seeks to invest in companies focused on technology in human resources, productivity, and finance sectors.",part5_rule_b_company|source:company_investor_relation|source:deal_investor_relation|source:investor_investment_relation,CompanyInvestorRelation.CompanyID|CompanyInvestorRelation.InvestorID|Deal.CompanyID|DealInvestorRelation.DealID|DealInvestorRelation.InvestorID|InvestorInvestmentRelation.CompanyID|InvestorInvestmentRelation.InvestorID,"Part5 Rule B company investor graph: 1 token companies, 1 deals, 0 funds | source_methods=company_investor_relation,deal_investor_relation,investor_investment_relation | PrimaryInvestorType: Venture Capital | PreferredVerticals: Artificial Intelligence & Machine Learning, B2B Payments, Big Data, EdTech, FinTech, HR Tech, InsurTech, Mortgage Tech, SaaS, TMT | PreferredInvestmentTypes: Early Stage VC",part5_token_company_investor_graph_then_web_search_with_primary_source_priority,investor_router|capability_classification
324,489560-14,Impacta VC,,,"Impacta VC, LLC",www.impacta.vc,impacta.vc,,,,"Santiago, Chile",Chile,Venture Capital,,"Early Stage VC, Later Stage VC, Seed Round","AgTech, Artificial Intelligence & Machine Learning, CleanTech, Climate Tech, Digital Health, E-Commerce, EdTech, FinTech, FoodTech, HealthTech, HR Tech, Impact Investing, LOHAS & Wellness, Mobility Tech, SaaS, Supply Chain Tech","Prefers minority stake, Seeks ESG investments, Seeks Impact investments, Will syndicate",Impact Ventures PSM Seed Fund,Venture Capital - Early Stage,"Founded in 2020, Impacta VC is a venture capital firm based in Santiago, Chile. The firm seeks to invest in Latin American companies.",part5_rule_b_company|source:company_investor_relation|source:deal_investor_relation|source:investor_investment_relation,CompanyInvestorRelation.CompanyID|CompanyInvestorRelation.InvestorID|Deal.CompanyID|DealInvestorRelation.DealID|DealInvestorRelation.InvestorID|InvestorInvestmentRelation.CompanyID|InvestorInvestmentRelation.InvestorID,"Part5 Rule B company investor graph: 1 token companies, 1 deals, 0 funds | source_methods=company_investor_relation,deal_investor_relation,investor_investment_relation | PrimaryInvestorType: Venture Capital | PreferredVerticals: AgTech, Artificial Intelligence & Machine Learning, CleanTech, Climate Tech, Digital Health, E-Commerce, EdTech, FinTech, FoodTech, HealthTech, HR Tech, Impact Investing, L",part5_token_company_investor_graph_then_web_search_with_primary_source_priority,investor_router|capability_classification
325,55510-39,Innogy,,,Innogy SE,www.innogy.com,innogy.com,RWE,,,"Essen, Germany",Germany,Corporation,VC-Backed Company,Merger/Acquisition,Infrastructure,Prefers majority stake,,,"Innogy was a provider of renewable power generation services intended to offer environment-friendly, digital and smart utility energy products. The company's solar and fossil fuel energy are distributed across Europe, helping both public and businesses with their energy requirements.",part5_rule_b_company|source:company_investor_relation|source:deal_investor_relation|source:investor_investment_relation,CompanyInvestorRelation.CompanyID|CompanyInvestorRelation.InvestorID|Deal.CompanyID|DealInvestorRelation.DealID|DealInvestorRelation.InvestorID|InvestorInvestmentRelation.CompanyID|InvestorInvestmentRelation.InvestorID,"Part5 Rule B company investor graph: 1 token companies, 1 deals, 0 funds | source_methods=company_investor_relation,deal_investor_relation,investor_investment_relation | PrimaryInvestorType: Corporation | OtherInvestorTypes: VC-Backed Company | PreferredVerticals: Infrastructure | PreferredInvestmentTypes: Merger/Acquisition | CompanyInvestorRelation: BigchainDB; status=Active; holding=Minority; si",part5_token_company_investor_graph_then_web_search_with_primary_source_priority,investor_router|capability_classification
326,431320-06,Integra Groupe,,,,www.integragroupe.com,integragroupe.com,,,,"Menlo Park, CA",United States,Venture Capital,"Growth/Expansion, Impact Investing, PE/Buyout","Early Stage VC, PE Growth/Expansion","AgTech, Artificial Intelligence & Machine Learning, Big Data, CleanTech, Climate Tech, CloudTech & DevOps, Cryptocurrency/Blockchain, Cybersecurity, Digital Health, E-Commerce, EdTech, FemTech, FinTech, FoodTech, HealthTech, HR Tech, Impact Investing, InsurTech, Internet of Things, SaaS, Supply Chain Tech, TMT, Virtual Reality","Long-Term Investor, Prefers minority stake, Will syndicate",Integra Groupe Better Future Fund I,Venture Capital - Early Stage,"Founded in 2018, Integra Groupe is a Venture Capital firm based in Miami, Florida. The firm seeks to invest in distressed assets and mid-market companies operating in real estate, manufacturing, and services companies across Latin America. The firm serves as the outsourced alternative investment partner for HNWI, multiple Family Offices, wealth managers, and boutique investment banks, providing them with essential knowledge, access, management capabilities, and tools needed to effectively navigate the intricate alternative investment landscape, with a special focus in venture capital.",part5_rule_b_company|source:company_investor_relation|source:deal_investor_relation|source:investor_investment_relation,CompanyInvestorRelation.CompanyID|CompanyInvestorRelation.InvestorID|Deal.CompanyID|DealInvestorRelation.DealID|DealInvestorRelation.InvestorID|InvestorInvestmentRelation.CompanyID|InvestorInvestmentRelation.InvestorID,"Part5 Rule B company investor graph: 1 token companies, 1 deals, 0 funds | source_methods=company_investor_relation,deal_investor_relation,investor_investment_relation | PrimaryInvestorType: Venture Capital | OtherInvestorTypes: Growth/Expansion, Impact Investing, PE/Buyout | PreferredVerticals: AgTech, Artificial Intelligence & Machine Learning, Big Data, CleanTech, Climate Tech, CloudTech & DevOp",part5_token_company_investor_graph_then_web_search_with_primary_source_priority,investor_router|capability_classification
327,56637-91,Interplay Ventures,Interplay,,Interplay Ventures Early Stage Management LLC,www.interplay.vc,interplay.vc,,,,"New York, NY",United States,Venture Capital,Accelerator/Incubator,Early Stage VC,"SaaS, TMT","Prefers minority stake, Will syndicate",Interplay Ventures Fund III,Venture Capital - Early Stage,"Founded in 2012, Interplay Ventures is a venture capital firm based in New York, New York. The firm seeks to invest in early-stage information technology & SaaS (Software as a Service) sectors.",part5_rule_b_company|source:company_investor_relation|source:deal_investor_relation|source:investor_investment_relation,CompanyInvestorRelation.CompanyID|CompanyInvestorRelation.InvestorID|Deal.CompanyID|DealInvestorRelation.DealID|DealInvestorRelation.InvestorID|InvestorInvestmentRelation.CompanyID|InvestorInvestmentRelation.InvestorID,"Part5 Rule B company investor graph: 1 token companies, 1 deals, 0 funds | source_methods=company_investor_relation,deal_investor_relation,investor_investment_relation | PrimaryInvestorType: Venture Capital | OtherInvestorTypes: Accelerator/Incubator | PreferredVerticals: SaaS, TMT | PreferredInvestmentTypes: Early Stage VC | CompanyInvestorRelation: Coinbase Global; status=Former; holding=Minority",part5_token_company_investor_graph_then_web_search_with_primary_source_priority,investor_router|capability_classification
328,52267-69,Inventures Group,Inventures,,,www.ingroup.com,ingroup.com,,,,"Palo Alto, CA",United States,Venture Capital,,"Early Stage VC, Later Stage VC, Seed Round","SaaS, TMT","Prefers minority stake, Will syndicate",,,"Founded in 1998, Inventures Group is a venture capital firm based in Palo Alto, California. The firm seeks to invest in the information technology, SaaS, and technology sectors.",part5_rule_b_company|source:company_investor_relation|source:deal_investor_relation|source:investor_investment_relation,CompanyInvestorRelation.CompanyID|CompanyInvestorRelation.InvestorID|Deal.CompanyID|DealInvestorRelation.DealID|DealInvestorRelation.InvestorID|InvestorInvestmentRelation.CompanyID|InvestorInvestmentRelation.InvestorID,"Part5 Rule B company investor graph: 1 token companies, 1 deals, 0 funds | source_methods=company_investor_relation,deal_investor_relation,investor_investment_relation | PrimaryInvestorType: Venture Capital | PreferredVerticals: SaaS, TMT | PreferredInvestmentTypes: Early Stage VC, Later Stage VC, Seed Round | CompanyInvestorRelation: BitGo; status=Former; holding=Minority; since=06/16/2014 | DealI",part5_token_company_investor_graph_then_web_search_with_primary_source_priority,investor_router|capability_classification
329,519198-49,Inversebrah,,,,,,,,,,,Corporation,,Merger/Acquisition,,Prefers majority stake,,,,part5_rule_b_company|source:company_investor_relation|source:deal_investor_relation|source:investor_investment_relation,CompanyInvestorRelation.CompanyID|CompanyInvestorRelation.InvestorID|Deal.CompanyID|DealInvestorRelation.DealID|DealInvestorRelation.InvestorID|InvestorInvestmentRelation.CompanyID|InvestorInvestmentRelation.InvestorID,"Part5 Rule B company investor graph: 1 token companies, 1 deals, 0 funds | source_methods=company_investor_relation,deal_investor_relation,investor_investment_relation | PrimaryInvestorType: Corporation | PreferredInvestmentTypes: Merger/Acquisition | CompanyInvestorRelation: Category Labs; status=Active; holding=Minority; since=04/09/2024 | DealInvestorRelation: Category Labs; deal=254070-10T; dat",part5_token_company_investor_graph_then_web_search_with_primary_source_priority,investor_router|capability_classification
330,11148-49,Invesco,"Invesco Advisors, Invesco Institutional (N.A.), Inc., Invesco, Inc., The Invesco, The Invesco Advisors","AMVESCAP PLC, Invesco Asset Management Deutschland Gmbh, Amvescap",Invesco Ltd.,www.invesco.com,invesco.com,,NYS,IVZ,"Atlanta, GA",United States,Asset Manager,"Fund of Funds, Growth/Expansion, Hedge Fund, PE/Buyout, Real Estate, Venture Capital","Buyout/LBO, Early Stage VC, Later Stage VC, PE Growth/Expansion, Seed Round","Life Sciences, LOHAS & Wellness, Manufacturing, Marketing Tech, Oncology, SaaS, TMT","Prefers majority stake, Prefers minority stake, Seeks ESG investments, Will syndicate",Invesco Direct Lending Fund II,Direct Lending,"Founded in 1935, Invesco is an asset management firm headquartered in Atlanta, Georgia. The firm offers a wide range of equity, fixed income and alternative asset classes, delivered through a diverse set of investment vehicles. This firm is a Registered Investment Adviser (RIA).",part5_rule_b_company|source:company_investor_relation|source:deal_investor_relation|source:investor_investment_relation,CompanyInvestorRelation.CompanyID|CompanyInvestorRelation.InvestorID|Deal.CompanyID|DealInvestorRelation.DealID|DealInvestorRelation.InvestorID|InvestorInvestmentRelation.CompanyID|InvestorInvestmentRelation.InvestorID,"Part5 Rule B company investor graph: 1 token companies, 1 deals, 0 funds | source_methods=company_investor_relation,deal_investor_relation,investor_investment_relation | PrimaryInvestorType: Asset Manager | OtherInvestorTypes: Fund of Funds, Growth/Expansion, Hedge Fund, PE/Buyout, Real Estate, Venture Capital | PreferredVerticals: Life Sciences, LOHAS & Wellness, Manufacturing, Marketing Tech, Onc",part5_token_company_investor_graph_then_web_search_with_primary_source_priority,investor_router|capability_classification
331,437076-19,Invus Opportunities,,,,www.invusopportunities.com,invusopportunities.com,The Invus Group,,,"New York, NY",United States,Venture Capital,Growth/Expansion,"Early Stage VC, Later Stage VC, PE Growth/Expansion, Secondary Transaction - Private, Seed Round, Spin-Off","Digital Health, FinTech, HealthTech, SaaS, TMT","Prefers minority stake, Will lead on a deal, Will syndicate",,,"Founded in 2007, Invus Opportunities is a venture capital firm based in New York. The firm seeks to invest in fintech, marketplace, e-commerce, healthcare, SaaS, and technology sectors.",part5_rule_b_company|source:company_investor_relation|source:deal_investor_relation|source:investor_investment_relation,CompanyInvestorRelation.CompanyID|CompanyInvestorRelation.InvestorID|Deal.CompanyID|DealInvestorRelation.DealID|DealInvestorRelation.InvestorID|InvestorInvestmentRelation.CompanyID|InvestorInvestmentRelation.InvestorID,"Part5 Rule B company investor graph: 1 token companies, 1 deals, 0 funds | source_methods=company_investor_relation,deal_investor_relation,investor_investment_relation | PrimaryInvestorType: Venture Capital | OtherInvestorTypes: Growth/Expansion | PreferredVerticals: Digital Health, FinTech, HealthTech, SaaS, TMT | PreferredInvestmentTypes: Early Stage VC, Later Stage VC, PE Growth/Expansion, Secon",part5_token_company_investor_graph_then_web_search_with_primary_source_priority,investor_router|capability_classification
332,94660-30,IPO CLUB,,Pre-Ipo.Club,"IPO Club, LLC",www.ipo.club,ipo.club,,,,"Miami Beach, FL",United States,Venture Capital,Growth/Expansion,"Later Stage VC, PE Growth/Expansion, Seed Round","Artificial Intelligence & Machine Learning, CloudTech & DevOps, Cybersecurity, E-Commerce, FinTech, FoodTech, Industrials, Infrastructure, Internet of Things, Manufacturing, Micro-Mobility, Mobility Tech, Robotics and Drones, SaaS, Space Technology, TMT","Prefers minority stake, Will syndicate",,,"Founded in 2020, Pre IPO Club is a Venture Capital firm based in Miami Beach, Florida. The firm seeks to invest in technology companies operating in defense, energy, AI, robotics and cyber.",part5_rule_b_company|source:company_investor_relation|source:deal_investor_relation|source:investor_investment_relation,CompanyInvestorRelation.CompanyID|CompanyInvestorRelation.InvestorID|Deal.CompanyID|DealInvestorRelation.DealID|DealInvestorRelation.InvestorID|InvestorInvestmentRelation.CompanyID|InvestorInvestmentRelation.InvestorID,"Part5 Rule B company investor graph: 1 token companies, 1 deals, 0 funds | source_methods=company_investor_relation,deal_investor_relation,investor_investment_relation | PrimaryInvestorType: Venture Capital | OtherInvestorTypes: Growth/Expansion | PreferredVerticals: Artificial Intelligence & Machine Learning, CloudTech & DevOps, Cybersecurity, E-Commerce, FinTech, FoodTech, Industrials, Infrastruc",part5_token_company_investor_graph_then_web_search_with_primary_source_priority,investor_router|capability_classification
333,529931-98,Island Green Capital Management,,,"Island Green Capital Management, LLC",islandgreencapital.com,islandgreencapital.com,,,,"Los Angeles, CA",United States,Venture Capital,,,,,Island Green Capital Fund I,Venture - General,"Founded in 2023, Island Green Capital Management is a venture capital investment firm based in Los Angeles, California. The firm invests in technology companies via primary and pre-emptive primary rounds, as well as secondary transactions.",part5_rule_b_company|source:company_investor_relation|source:deal_investor_relation|source:investor_investment_relation,CompanyInvestorRelation.CompanyID|CompanyInvestorRelation.InvestorID|Deal.CompanyID|DealInvestorRelation.DealID|DealInvestorRelation.InvestorID|InvestorInvestmentRelation.CompanyID|InvestorInvestmentRelation.InvestorID,"Part5 Rule B company investor graph: 1 token companies, 1 deals, 0 funds | source_methods=company_investor_relation,deal_investor_relation,investor_investment_relation | PrimaryInvestorType: Venture Capital | CompanyInvestorRelation: Kraken; status=Pending (Sell Side); holding=Minority; since=01/19/2025 | DealInvestorRelation: Kraken; deal=286927-66T; date=01/19/2025; type=Secondary Transaction - P",part5_token_company_investor_graph_then_web_search_with_primary_source_priority,investor_router|capability_classification
334,51357-43,Isoftstone Holdings,Isoftstone,,"iSoftStone Information Technology (Group) Co., Ltd.",www.isoftstoneinc.com,isoftstoneinc.com,,SHE,301236,"Beijing, China",China,Corporation,PE-Backed Company,"Add-on, Buyout/LBO",TMT,Prefers majority stake,,,"ISoftStone Holdings Ltd. is a China-based IT services provider. The company's services include Consulting & services, IT Services and BPO service lines.",part5_rule_b_company|source:company_investor_relation|source:deal_investor_relation|source:investor_investment_relation,CompanyInvestorRelation.CompanyID|CompanyInvestorRelation.InvestorID|Deal.CompanyID|DealInvestorRelation.DealID|DealInvestorRelation.InvestorID|InvestorInvestmentRelation.CompanyID|InvestorInvestmentRelation.InvestorID,"Part5 Rule B company investor graph: 1 token companies, 1 deals, 0 funds | source_methods=company_investor_relation,deal_investor_relation,investor_investment_relation | PrimaryInvestorType: Corporation | OtherInvestorTypes: PE-Backed Company | PreferredVerticals: TMT | PreferredInvestmentTypes: Add-on, Buyout/LBO | CompanyInvestorRelation: Hashstacs; status=Active; holding=Minority; since=04/24/20",part5_token_company_investor_graph_then_web_search_with_primary_source_priority,investor_router|capability_classification
335,10018-18,J.P. Morgan (New York),,Jpmp Capital Corp,"J.P. Morgan and Company, Inc.",www.jpmorgan.com,jpmorgan.com,JP Morgan Chase,,,"New York, NY",United States,Investment Bank,"Infrastructure, PE/Buyout","Buyout/LBO, Debt - General, IPO, Merger/Acquisition, PE Growth/Expansion","AdTech, CleanTech, Climate Tech, Construction Technology, Cybersecurity, E-Commerce, FinTech, Industrials, Life Sciences, Manufacturing, Mobile, Real Estate Technology, SaaS, TMT","Prefers majority stake, Prefers minority stake, Seeks ESG investments, Will syndicate",PEG Welborn Private Equity Fund,Buyout,"Founded in 1822, J.P. Morgan is an investment bank based in New York, New York. The firm specializes in investment banking, financial transaction processing, asset management, markets and investor services, treasury services, private banking, wealth management, brokerage services, and private equity.",part5_rule_b_company|source:company_investor_relation|source:deal_investor_relation|source:investor_investment_relation|lead_investor,CompanyInvestorRelation.CompanyID|CompanyInvestorRelation.InvestorID|Deal.CompanyID|DealInvestorRelation.DealID|DealInvestorRelation.InvestorID|InvestorInvestmentRelation.CompanyID|InvestorInvestmentRelation.InvestorID,"Part5 Rule B company investor graph: 1 token companies, 1 deals, 0 funds | source_methods=company_investor_relation,deal_investor_relation,investor_investment_relation | PrimaryInvestorType: Investment Bank | OtherInvestorTypes: Infrastructure, PE/Buyout | PreferredVerticals: AdTech, CleanTech, Climate Tech, Construction Technology, Cybersecurity, E-Commerce, FinTech, Industrials, Life Sciences, Ma",part5_token_company_investor_graph_then_web_search_with_primary_source_priority,investor_router|capability_classification
336,498178-54,Jack Sun,,,,,,,,,,,Angel (individual),,,,,,,Mr. Jack Sun is an Angel Investor.,part5_rule_b_company|source:company_investor_relation|source:deal_investor_relation|source:investor_investment_relation,CompanyInvestorRelation.CompanyID|CompanyInvestorRelation.InvestorID|Deal.CompanyID|DealInvestorRelation.DealID|DealInvestorRelation.InvestorID|InvestorInvestmentRelation.CompanyID|InvestorInvestmentRelation.InvestorID,"Part5 Rule B company investor graph: 1 token companies, 1 deals, 0 funds | source_methods=company_investor_relation,deal_investor_relation,investor_investment_relation | PrimaryInvestorType: Angel (individual) | CompanyInvestorRelation: Drosera; status=Active; holding=Minority; since=02/16/2024 | DealInvestorRelation: Drosera; deal=251066-80T; date=02/16/2024; type=Seed Round; lead=No; fund= | Inve",part5_token_company_investor_graph_then_web_search_with_primary_source_priority,investor_router|capability_classification
337,500940-19,Jahed Momand,,,,,,,,,,,Angel (individual),,,,,,,Mr. Jahed Momand is an Angel Investor.,part5_rule_b_company|source:company_investor_relation|source:deal_investor_relation|source:investor_investment_relation,CompanyInvestorRelation.CompanyID|CompanyInvestorRelation.InvestorID|Deal.CompanyID|DealInvestorRelation.DealID|DealInvestorRelation.InvestorID|InvestorInvestmentRelation.CompanyID|InvestorInvestmentRelation.InvestorID,"Part5 Rule B company investor graph: 1 token companies, 1 deals, 0 funds | source_methods=company_investor_relation,deal_investor_relation,investor_investment_relation | PrimaryInvestorType: Angel (individual) | CompanyInvestorRelation: Molecule; status=Active; holding=Minority; since=06/22/2022 | DealInvestorRelation: Molecule; deal=196016-50T; date=06/22/2022; type=Seed Round; lead=No; fund= | In",part5_token_company_investor_graph_then_web_search_with_primary_source_priority,investor_router|capability_classification
338,431613-10,James Everingham,,,,jameseveringham.com,jameseveringham.com,,,,"Ross, CA",United States,Angel (individual),,,,,,,"Mr. James Everingham is a Co-Founder and serves as Chief Executive Officer at Guild.ai. He served as Venture Partner at Lobby Capital. Mr. Everingham is an Angel Investor. He co-founded & served as Senior Vice President of Engineering at Lightspark. He served as the Chief Executive Officer at Luminate. He is currently, the Vice President of Engineering at Yahoo. As CEO, James brings more than twenty-five years of experience as a manager, entrepreneur, and developer of great technology. Before Luminate, James was the chief technology officer and founding team member of LiveOps where he spent six years developing and building a world-class technology platform and team. James joined LiveOps fro",part5_rule_b_company|source:company_investor_relation|source:deal_investor_relation|source:investor_investment_relation,CompanyInvestorRelation.CompanyID|CompanyInvestorRelation.InvestorID|Deal.CompanyID|DealInvestorRelation.DealID|DealInvestorRelation.InvestorID|InvestorInvestmentRelation.CompanyID|InvestorInvestmentRelation.InvestorID,"Part5 Rule B company investor graph: 1 token companies, 1 deals, 0 funds | source_methods=company_investor_relation,deal_investor_relation,investor_investment_relation | PrimaryInvestorType: Angel (individual) | CompanyInvestorRelation: Braintrust; status=Active; holding=Minority; since=01/01/2018 | DealInvestorRelation: Braintrust; deal=123770-26T; date=01/01/2018; type=Seed Round; lead=No; fund=",part5_token_company_investor_graph_then_web_search_with_primary_source_priority,investor_router|capability_classification
339,226604-71,James Lim,,,,,,,,,,,Angel (individual),,,"E-Commerce, TMT",,,,Mr. James Lim is an Angel Investor. Mr. James Lim co-founded Pieces Media.,part5_rule_b_company|source:company_investor_relation|source:deal_investor_relation|source:investor_investment_relation,CompanyInvestorRelation.CompanyID|CompanyInvestorRelation.InvestorID|Deal.CompanyID|DealInvestorRelation.DealID|DealInvestorRelation.InvestorID|InvestorInvestmentRelation.CompanyID|InvestorInvestmentRelation.InvestorID,"Part5 Rule B company investor graph: 1 token companies, 1 deals, 0 funds | source_methods=company_investor_relation,deal_investor_relation,investor_investment_relation | PrimaryInvestorType: Angel (individual) | PreferredVerticals: E-Commerce, TMT | CompanyInvestorRelation: Anquan; status=Active; holding=Minority; since=02/22/2019 | DealInvestorRelation: Anquan; deal=208664-20T; date=02/22/2019; ty",part5_token_company_investor_graph_then_web_search_with_primary_source_priority,investor_router|capability_classification
340,157861-36,James Mellon,,,,,,,,,,,Angel (individual),,,Life Sciences,,,,Mr. James Mellon is an Angel Investor.,part5_rule_b_company|source:company_investor_relation|source:deal_investor_relation|source:investor_investment_relation,CompanyInvestorRelation.CompanyID|CompanyInvestorRelation.InvestorID|Deal.CompanyID|DealInvestorRelation.DealID|DealInvestorRelation.InvestorID|InvestorInvestmentRelation.CompanyID|InvestorInvestmentRelation.InvestorID,"Part5 Rule B company investor graph: 1 token companies, 1 deals, 0 funds | source_methods=company_investor_relation,deal_investor_relation,investor_investment_relation | PrimaryInvestorType: Angel (individual) | PreferredVerticals: Life Sciences | CompanyInvestorRelation: SatoshiPay; status=Active; holding=Minority; since=05/01/2019 | DealInvestorRelation: SatoshiPay; deal=137125-90T; date=05/01/20",part5_token_company_investor_graph_then_web_search_with_primary_source_priority,investor_router|capability_classification
341,105943-87,James Pallotta,,,,,,,,,"Boston, MA",United States,Angel (individual),,,TMT,"Prefers minority stake, Will syndicate",,,"Mr. James Pallotta serves as General Partner at Socratic Partners. He served as Board Member at The Fancy. He is the Founder and serves as Managing Partner at Raptor Group. He serves as General Partner at RW3 Ventures. He was a Co-Owner of the Boston Celtics. He serves as a Board Member at New Profit & Templum. He serves as an Advisor at India Internet Fund. He has invested at an early stage in many successful private companies, including Two Sigma, Snapchat, Spotify, Uber, Twitter, Blue Bottle Coffee, Fanduel, General Assembly, Chipper, DriveWealth, Fnatic, Paxos, Reddit, and many others. He also serves on the Advisory Council for Tulco, LLC and the MIT Media Lab, as well as the External Ad",part5_rule_b_company|source:company_investor_relation|source:deal_investor_relation|source:investor_investment_relation,CompanyInvestorRelation.CompanyID|CompanyInvestorRelation.InvestorID|Deal.CompanyID|DealInvestorRelation.DealID|DealInvestorRelation.InvestorID|InvestorInvestmentRelation.CompanyID|InvestorInvestmentRelation.InvestorID,"Part5 Rule B company investor graph: 1 token companies, 1 deals, 0 funds | source_methods=company_investor_relation,deal_investor_relation,investor_investment_relation | PrimaryInvestorType: Angel (individual) | PreferredVerticals: TMT | CompanyInvestorRelation: Skynet (Systems and Information Management); status=Former; holding=Minority; since=09/22/2020 | DealInvestorRelation: Skynet (Systems and",part5_token_company_investor_graph_then_web_search_with_primary_source_priority,investor_router|capability_classification
342,503343-82,James Qian,,,,,,,,,,,Angel (individual),,,,,,,Mr. James Qian is an Angel Investor.,part5_rule_b_company|source:company_investor_relation|source:deal_investor_relation|source:investor_investment_relation,CompanyInvestorRelation.CompanyID|CompanyInvestorRelation.InvestorID|Deal.CompanyID|DealInvestorRelation.DealID|DealInvestorRelation.InvestorID|InvestorInvestmentRelation.CompanyID|InvestorInvestmentRelation.InvestorID,"Part5 Rule B company investor graph: 1 token companies, 1 deals, 0 funds | source_methods=company_investor_relation,deal_investor_relation,investor_investment_relation | PrimaryInvestorType: Angel (individual) | CompanyInvestorRelation: investFeed; status=Former; holding=Minority; since=11/16/2014 | DealInvestorRelation: investFeed; deal=201330-91T; date=11/16/2014; type=Seed Round; lead=No; fund=",part5_token_company_investor_graph_then_web_search_with_primary_source_priority,investor_router|capability_classification
343,512707-87,Janus Ventures,,,Janus Ventures LLC,www.janus-ventures.com,janus-ventures.com,,,,"Dubai, United Arab Emirates",United Arab Emirates,Venture Capital,Growth/Expansion,"Early Stage VC, PE Growth/Expansion, Seed Round","Autonomous cars, Digital Health, EdTech, FinTech, HealthTech, HR Tech, Legal Tech, Pet Technology, SaaS","Prefers minority stake, Will syndicate",,,"Founded in 2018, Janus Ventures is a venture capital firm based in Dubai, United Arab Emirates. The firm seeks to invest in technology start-ups, health tech, digital medicine, and edTech sectors. The firm primarily focuses on United Kingdom, United States, European, and Middle East-based companies.",part5_rule_b_company|source:company_investor_relation|source:deal_investor_relation|source:investor_investment_relation,CompanyInvestorRelation.CompanyID|CompanyInvestorRelation.InvestorID|Deal.CompanyID|DealInvestorRelation.DealID|DealInvestorRelation.InvestorID|InvestorInvestmentRelation.CompanyID|InvestorInvestmentRelation.InvestorID,"Part5 Rule B company investor graph: 1 token companies, 1 deals, 0 funds | source_methods=company_investor_relation,deal_investor_relation,investor_investment_relation | PrimaryInvestorType: Venture Capital | OtherInvestorTypes: Growth/Expansion | PreferredVerticals: Autonomous cars, Digital Health, EdTech, FinTech, HealthTech, HR Tech, Legal Tech, Pet Technology, SaaS | PreferredInvestmentTypes: E",part5_token_company_investor_graph_then_web_search_with_primary_source_priority,investor_router|capability_classification
344,111886-75,Jason Lee,,,,jasonleefilm.com,jasonleefilm.com,,,,,,Angel (individual),,,,,,,Mr. Jason Lee is an Angel Investor.,part5_rule_b_company|source:company_investor_relation|source:deal_investor_relation|source:investor_investment_relation,CompanyInvestorRelation.CompanyID|CompanyInvestorRelation.InvestorID|Deal.CompanyID|DealInvestorRelation.DealID|DealInvestorRelation.InvestorID|InvestorInvestmentRelation.CompanyID|InvestorInvestmentRelation.InvestorID,"Part5 Rule B company investor graph: 1 token companies, 1 deals, 0 funds | source_methods=company_investor_relation,deal_investor_relation,investor_investment_relation | PrimaryInvestorType: Angel (individual) | CompanyInvestorRelation: SOON (New York); status=Active; holding=Minority; since=08/27/2024 | DealInvestorRelation: SOON (New York); deal=270970-48T; date=08/27/2024; type=Seed Round; lead=",part5_token_company_investor_graph_then_web_search_with_primary_source_priority,investor_router|capability_classification
345,60060-88,JB Financial Group,"JB Financial, JB Financial Group Company",Jeonbuk Bank,"JB Financial Group Co., Ltd.",www.jbfg.com,jbfg.com,John Bridgeman,KRX,175330,"Jeonju, South Korea",South Korea,Corporation,,Merger/Acquisition,"FinTech, Marketing Tech, TMT",Prefers majority stake,Jeonbuk-SJ First Mover Venture Fund,Venture - General,"JB Financial Group provides retail banking services through its subsidiaries in South Korea. The company derives all revenue domestically through three main segments: banking, capital, and asset management. Banking is the largest segment and offers retail banking, wealth management, insurance, deposits, loans, credit cards, foreign exchange, safe deposits, and Internet banking. Capital is the next largest source of bank revenue and offers services including currency exchange and marketable securities. The asset management segment provides services to the energy and resources of fund markets.",part5_rule_b_company|source:company_investor_relation|source:deal_investor_relation|source:investor_investment_relation,CompanyInvestorRelation.CompanyID|CompanyInvestorRelation.InvestorID|Deal.CompanyID|DealInvestorRelation.DealID|DealInvestorRelation.InvestorID|InvestorInvestmentRelation.CompanyID|InvestorInvestmentRelation.InvestorID,"Part5 Rule B company investor graph: 1 token companies, 1 deals, 0 funds | source_methods=company_investor_relation,deal_investor_relation,investor_investment_relation | PrimaryInvestorType: Corporation | PreferredVerticals: FinTech, Marketing Tech, TMT | PreferredInvestmentTypes: Merger/Acquisition | CompanyInvestorRelation: CP Labs; status=Active; holding=; since=06/25/2015 | DealInvestorRelation",part5_token_company_investor_graph_then_web_search_with_primary_source_priority,investor_router|capability_classification
346,106004-89,Jeffrey Skoll,,,,,,,,,"Palo Alto, CA",United States,Angel (individual),,,,"Prefers minority stake, Will syndicate",,,"Mr. Jeffrey Skoll is the Founder & serves as Board Chair at The Skoll Foundation. He is also a Co-Founder of Capricorn Investment Group. Mr. Skoll is the Owner of Pacific Sequoia Holdings. Previously, he also served as the Chairman. He is a philanthropist and social entrepreneur, working to bring life to his vision of a sustainable world of peace and prosperity. As the first full-time employee and President of eBay, he developed the company's inaugural business plan and helped lead its successful initial public offering and the creation of the eBay Foundation. Over the last 15 years, he has created an innovative portfolio of philanthropic and commercial enterprises, each a distinctive social",part5_rule_b_company|source:company_investor_relation|source:deal_investor_relation|source:investor_investment_relation,CompanyInvestorRelation.CompanyID|CompanyInvestorRelation.InvestorID|Deal.CompanyID|DealInvestorRelation.DealID|DealInvestorRelation.InvestorID|InvestorInvestmentRelation.CompanyID|InvestorInvestmentRelation.InvestorID,"Part5 Rule B company investor graph: 1 token companies, 1 deals, 0 funds | source_methods=company_investor_relation,deal_investor_relation,investor_investment_relation | PrimaryInvestorType: Angel (individual) | CompanyInvestorRelation: BitGo; status=Former; holding=Minority; since=06/16/2014 | DealInvestorRelation: BitGo; deal=32885-56T; date=06/16/2014; type=Early Stage VC; lead=No; fund= | Inves",part5_token_company_investor_graph_then_web_search_with_primary_source_priority,investor_router|capability_classification
347,469561-06,Jered Kenna,,,,,,,,,,,Angel (individual),,,,,,,Mr. Jered Kenna is an Angel Investor. Mr. Jered Kenna served as Executive Director at BitAngels. Mr. Jered Kenna served as Chief Executive Officer at TradeHill.,part5_rule_b_company|source:company_investor_relation|source:deal_investor_relation|source:investor_investment_relation,CompanyInvestorRelation.CompanyID|CompanyInvestorRelation.InvestorID|Deal.CompanyID|DealInvestorRelation.DealID|DealInvestorRelation.InvestorID|InvestorInvestmentRelation.CompanyID|InvestorInvestmentRelation.InvestorID,"Part5 Rule B company investor graph: 1 token companies, 1 deals, 0 funds | source_methods=company_investor_relation,deal_investor_relation,investor_investment_relation | PrimaryInvestorType: Angel (individual) | CompanyInvestorRelation: BitGo; status=Former; holding=Minority; since=10/18/2018 | DealInvestorRelation: BitGo; deal=98491-42T; date=10/18/2018; type=Later Stage VC; lead=No; fund= | Inves",part5_token_company_investor_graph_then_web_search_with_primary_source_priority,investor_router|capability_classification
348,1232042-95,Jiaxing Qianji Investment,,,"Jiaxing Qianji Investment Co., Ltd.",,,,,,"Changsha City, China",China,Venture Capital,,"Early Stage VC, Later Stage VC, Seed Round",,"Prefers minority stake, Will syndicate",,,"Jiaxing Qianji Investment is a venture capital firm based in Changsha City, China.",part5_rule_b_company|source:company_investor_relation|source:deal_investor_relation|source:investor_investment_relation,CompanyInvestorRelation.CompanyID|CompanyInvestorRelation.InvestorID|Deal.CompanyID|DealInvestorRelation.DealID|DealInvestorRelation.InvestorID|InvestorInvestmentRelation.CompanyID|InvestorInvestmentRelation.InvestorID,"Part5 Rule B company investor graph: 1 token companies, 1 deals, 0 funds | source_methods=company_investor_relation,deal_investor_relation,investor_investment_relation | PrimaryInvestorType: Venture Capital | PreferredInvestmentTypes: Early Stage VC, Later Stage VC, Seed Round | CompanyInvestorRelation: Hashstacs; status=Active; holding=Minority; since=08/02/2021 | DealInvestorRelation: Hashstacs;",part5_token_company_investor_graph_then_web_search_with_primary_source_priority,investor_router|capability_classification
349,109760-77,Jimmy Vosika,,,,,,,,,"Burnsville, MN",United States,Angel (individual),,,,,,,Mr. Jimmy Vosika is the Founder & serves as Director of Partology at ShopJimmy.com. He is an Angel Investor.,part5_rule_b_company|source:company_investor_relation|source:deal_investor_relation|source:investor_investment_relation,CompanyInvestorRelation.CompanyID|CompanyInvestorRelation.InvestorID|Deal.CompanyID|DealInvestorRelation.DealID|DealInvestorRelation.InvestorID|InvestorInvestmentRelation.CompanyID|InvestorInvestmentRelation.InvestorID,"Part5 Rule B company investor graph: 1 token companies, 1 deals, 0 funds | source_methods=company_investor_relation,deal_investor_relation,investor_investment_relation | PrimaryInvestorType: Angel (individual) | CompanyInvestorRelation: Augmate; status=Former; holding=Minority; since=09/28/2018 | DealInvestorRelation: Augmate; deal=113171-95T; date=09/28/2018; type=Later Stage VC; lead=No; fund= |",part5_token_company_investor_graph_then_web_search_with_primary_source_priority,investor_router|capability_classification
350,501822-82,Jiyoung Park,,,,,,,,,,,Angel (individual),,,,,,,Ms. Jiyoung Park is an Angel Investor.,part5_rule_b_company|source:company_investor_relation|source:deal_investor_relation|source:investor_investment_relation,CompanyInvestorRelation.CompanyID|CompanyInvestorRelation.InvestorID|Deal.CompanyID|DealInvestorRelation.DealID|DealInvestorRelation.InvestorID|InvestorInvestmentRelation.CompanyID|InvestorInvestmentRelation.InvestorID,"Part5 Rule B company investor graph: 1 token companies, 1 deals, 0 funds | source_methods=company_investor_relation,deal_investor_relation,investor_investment_relation | PrimaryInvestorType: Angel (individual) | CompanyInvestorRelation: CP Labs; status=Active; holding=Minority; since=10/08/2014 | DealInvestorRelation: CP Labs; deal=58739-59T; date=10/08/2014; type=Early Stage VC; lead=No; fund= | I",part5_token_company_investor_graph_then_web_search_with_primary_source_priority,investor_router|capability_classification
351,149138-20,Joe Daniels,,,,joedanielsbar.com,joedanielsbar.com,,,,"New York, NY",United States,Angel (individual),,,"E-Commerce, TMT",,,,Mr. Joe Daniels is an Angel Investor. Mr. Daniels serves as Board Member at Cresilon.,part5_rule_b_company|source:company_investor_relation|source:deal_investor_relation|source:investor_investment_relation,CompanyInvestorRelation.CompanyID|CompanyInvestorRelation.InvestorID|Deal.CompanyID|DealInvestorRelation.DealID|DealInvestorRelation.InvestorID|InvestorInvestmentRelation.CompanyID|InvestorInvestmentRelation.InvestorID,"Part5 Rule B company investor graph: 1 token companies, 1 deals, 0 funds | source_methods=company_investor_relation,deal_investor_relation,investor_investment_relation | PrimaryInvestorType: Angel (individual) | PreferredVerticals: E-Commerce, TMT | CompanyInvestorRelation: Augmate; status=Former; holding=Minority; since=09/28/2018 | DealInvestorRelation: Augmate; deal=113171-95T; date=09/28/2018;",part5_token_company_investor_graph_then_web_search_with_primary_source_priority,investor_router|capability_classification
352,459819-01,John Fernandes,,,,,,,,,"Austin, TX",United States,Angel (individual),,,,,,,Mr. John Fernandes is the Founder at Finally Fund Admin. He serves as Venture Advisor at Varidus Asia Pacific Ventures. Mr. Fernandes is the Founder & serves as Chairman at VU Capital Partners. Mr. Fernandes is the Founder & serves as General Partner at VU Venture Partners. He serves as a General Partner at Synergos Venture Partners. Mr. Fernandes served as an Advisor at Type One Ventures & 3DEN. He serves as a Board Member at Aurum Equity Partners (Pleasanton). He also served as a Board Member and Investment Committee Member at Elite Capital. He is an Angel Investor. He served as Managing Director of Investments at Cleveland Avenue. He served as a Board Member at ZeroCater. He served as Chi,part5_rule_b_company|source:company_investor_relation|source:deal_investor_relation|source:investor_investment_relation,CompanyInvestorRelation.CompanyID|CompanyInvestorRelation.InvestorID|Deal.CompanyID|DealInvestorRelation.DealID|DealInvestorRelation.InvestorID|InvestorInvestmentRelation.CompanyID|InvestorInvestmentRelation.InvestorID,"Part5 Rule B company investor graph: 1 token companies, 1 deals, 0 funds | source_methods=company_investor_relation,deal_investor_relation,investor_investment_relation | PrimaryInvestorType: Angel (individual) | CompanyInvestorRelation: Augmate; status=Former; holding=Minority; since=09/28/2018 | DealInvestorRelation: Augmate; deal=113171-95T; date=09/28/2018; type=Later Stage VC; lead=No; fund= |",part5_token_company_investor_graph_then_web_search_with_primary_source_priority,investor_router|capability_classification
353,491391-28,John Gheur,,,,,,,,,,,Angel (individual),,,,,,,Mr. John Gheur is an Angel Investor.,part5_rule_b_company|source:company_investor_relation|source:deal_investor_relation|source:investor_investment_relation,CompanyInvestorRelation.CompanyID|CompanyInvestorRelation.InvestorID|Deal.CompanyID|DealInvestorRelation.DealID|DealInvestorRelation.InvestorID|InvestorInvestmentRelation.CompanyID|InvestorInvestmentRelation.InvestorID,"Part5 Rule B company investor graph: 1 token companies, 1 deals, 0 funds | source_methods=company_investor_relation,deal_investor_relation,investor_investment_relation | PrimaryInvestorType: Angel (individual) | CompanyInvestorRelation: Braintrust; status=Active; holding=Minority; since=09/11/2020 | DealInvestorRelation: Braintrust; deal=157044-43T; date=09/11/2020; type=Early Stage VC; lead=No; fu",part5_token_company_investor_graph_then_web_search_with_primary_source_priority,investor_router|capability_classification
354,459737-47,Joint Journey Intelligent Investments,,,Joint Journey Ltd.,jj.capital,jj.capital,,,,"Limassol, Cyprus",Cyprus,Venture Capital,,"Early Stage VC, Seed Round","Big Data, CleanTech, Climate Tech, FinTech, Infrastructure, Internet of Things, Life Sciences, LOHAS & Wellness, SaaS, TMT, Virtual Reality","Prefers minority stake, Will syndicate",,,"Founded in 2016, Joint Journey Intelligent Investments is a venture capital firm based in Limassol, Cyprus. The firm seeks to invest in information technology, big data, new energy, financial technology, the internet of things, SaaS, life science, biotech & virtual reality sectors.",part5_rule_b_company|source:company_investor_relation|source:deal_investor_relation|source:investor_investment_relation,CompanyInvestorRelation.CompanyID|CompanyInvestorRelation.InvestorID|Deal.CompanyID|DealInvestorRelation.DealID|DealInvestorRelation.InvestorID|InvestorInvestmentRelation.CompanyID|InvestorInvestmentRelation.InvestorID,"Part5 Rule B company investor graph: 1 token companies, 1 deals, 0 funds | source_methods=company_investor_relation,deal_investor_relation,investor_investment_relation | PrimaryInvestorType: Venture Capital | PreferredVerticals: Big Data, CleanTech, Climate Tech, FinTech, Infrastructure, Internet of Things, Life Sciences, LOHAS & Wellness, SaaS, TMT, Virtual Reality | PreferredInvestmentTypes: Earl",part5_token_company_investor_graph_then_web_search_with_primary_source_priority,investor_router|capability_classification
355,500939-20,Jonas Keller,,,,,,,,,,,Angel (individual),,,,,,,Mr. Jonas Keller is an Angel Investor.,part5_rule_b_company|source:company_investor_relation|source:deal_investor_relation|source:investor_investment_relation,CompanyInvestorRelation.CompanyID|CompanyInvestorRelation.InvestorID|Deal.CompanyID|DealInvestorRelation.DealID|DealInvestorRelation.InvestorID|InvestorInvestmentRelation.CompanyID|InvestorInvestmentRelation.InvestorID,"Part5 Rule B company investor graph: 1 token companies, 1 deals, 0 funds | source_methods=company_investor_relation,deal_investor_relation,investor_investment_relation | PrimaryInvestorType: Angel (individual) | CompanyInvestorRelation: Molecule; status=Active; holding=Minority; since=06/22/2022 | DealInvestorRelation: Molecule; deal=196016-50T; date=06/22/2022; type=Seed Round; lead=No; fund= | In",part5_token_company_investor_graph_then_web_search_with_primary_source_priority,investor_router|capability_classification
356,112043-71,Jonathan Ebinger,,,,,,,,,"San Francisco, CA",United States,Angel (individual),,"Angel (individual), Early Stage VC, Seed Round",,"Prefers minority stake, Will syndicate",,,"Mr. Jonathan Ebinger serves as Investment Committee Chair & Senior Advisor at Grit Capital Partners. He serves as General Partner at BlueRun Ventures. Mr. Ebinger is an Angel Investor. He is the Founder & serves as Managing General Partner at Transform Capital (San Francisco). He brings over 20 years of investment experience to the role from his time as a General Partner at BlueRun Ventures. He serves as a Board Member at Loyal & PayStand. Early in his career, he worked for MCI Communications, developing innovative services in the wake of the AT&T breakup, which catalyzed the next generation of innovation in voice and data communications. Starting his own internet business in the Web 1.0 wor",part5_rule_b_company|source:company_investor_relation|source:deal_investor_relation|source:investor_investment_relation,CompanyInvestorRelation.CompanyID|CompanyInvestorRelation.InvestorID|Deal.CompanyID|DealInvestorRelation.DealID|DealInvestorRelation.InvestorID|InvestorInvestmentRelation.CompanyID|InvestorInvestmentRelation.InvestorID,"Part5 Rule B company investor graph: 1 token companies, 1 deals, 0 funds | source_methods=company_investor_relation,deal_investor_relation,investor_investment_relation | PrimaryInvestorType: Angel (individual) | PreferredInvestmentTypes: Angel (individual), Early Stage VC, Seed Round | CompanyInvestorRelation: PayStand; status=Active; holding=Minority; since=03/24/2020 | DealInvestorRelation: PaySt",part5_token_company_investor_graph_then_web_search_with_primary_source_priority,investor_router|capability_classification
357,741532-51,Jonathan King,,,,,,,,,,,Angel (individual),,,,,,,Mr. Jonathan King serves as Angel Investor at Jonathan King.,part5_rule_b_company|source:company_investor_relation|source:deal_investor_relation|source:investor_investment_relation,CompanyInvestorRelation.CompanyID|CompanyInvestorRelation.InvestorID|Deal.CompanyID|DealInvestorRelation.DealID|DealInvestorRelation.InvestorID|InvestorInvestmentRelation.CompanyID|InvestorInvestmentRelation.InvestorID,"Part5 Rule B company investor graph: 1 token companies, 1 deals, 0 funds | source_methods=company_investor_relation,deal_investor_relation,investor_investment_relation | PrimaryInvestorType: Angel (individual) | CompanyInvestorRelation: SOON (New York); status=Active; holding=Minority; since=08/27/2024 | DealInvestorRelation: SOON (New York); deal=270970-48T; date=08/27/2024; type=Seed Round; lead=",part5_token_company_investor_graph_then_web_search_with_primary_source_priority,investor_router|capability_classification
358,462474-64,Joshua Goldbard,,,,,,,,,"Truckee, CA",United States,Angel (individual),,,,,,,Mr. Joshua Goldbard is a Co-Founder & serves as Board Member at Secret Party. Mr. Goldbard Co-founded and served as Co-Chief Executive Officer at MobileCoin. He is a Co-Founder and serves as an Advisor at Crypto Lotus.,part5_rule_b_company|source:company_investor_relation|source:deal_investor_relation|source:investor_investment_relation,CompanyInvestorRelation.CompanyID|CompanyInvestorRelation.InvestorID|Deal.CompanyID|DealInvestorRelation.DealID|DealInvestorRelation.InvestorID|InvestorInvestmentRelation.CompanyID|InvestorInvestmentRelation.InvestorID,"Part5 Rule B company investor graph: 1 token companies, 1 deals, 0 funds | source_methods=company_investor_relation,deal_investor_relation,investor_investment_relation | PrimaryInvestorType: Angel (individual) | CompanyInvestorRelation: Lit Protocol; status=Active; holding=Minority; since=06/01/2022 | DealInvestorRelation: Lit Protocol; deal=204552-64T; date=06/01/2022; type=Early Stage VC; lead=No",part5_token_company_investor_graph_then_web_search_with_primary_source_priority,investor_router|capability_classification
359,459124-30,JRH,,"JR Holding ASI S.A., JR Holding ASI SA, JR Holding",JRH ASI S.A.,jrh.ai,jrh.ai,,,,"Krakow, Poland",Poland,Venture Capital,Growth/Expansion,"Early Stage VC, Later Stage VC, Seed Round","AdTech, Artificial Intelligence & Machine Learning, CleanTech, Climate Tech, Digital Health, EdTech, FinTech, Gaming, HealthTech, HR Tech, InsurTech, Life Sciences, LOHAS & Wellness, Nanotechnology, Robotics and Drones, Space Technology","Long-Term Investor, Prefers majority stake, Prefers minority stake, Will lead on a deal, Will syndicate",,,"Founded in 2003, JRH is a venture capital firm based in Krakow, Poland. The company is focused on investment activities and engagement with companies from future-oriented industries: AI and digital business, energy transformation, deep tech and space industry, biotech and medtech, gaming, as well as sustainability and circular economy. The utilization and development of artificial intelligence serve as the core focus of JRH's investment activities. In line with its new strategy, the firm aims to further develop its portfolio by increasing diversification, investing in the most promising ventures, and launching new investment projects.",part5_rule_b_company|source:company_investor_relation|source:deal_investor_relation|source:investor_investment_relation,CompanyInvestorRelation.CompanyID|CompanyInvestorRelation.InvestorID|Deal.CompanyID|DealInvestorRelation.DealID|DealInvestorRelation.InvestorID|InvestorInvestmentRelation.CompanyID|InvestorInvestmentRelation.InvestorID,"Part5 Rule B company investor graph: 1 token companies, 1 deals, 0 funds | source_methods=company_investor_relation,deal_investor_relation,investor_investment_relation | PrimaryInvestorType: Venture Capital | OtherInvestorTypes: Growth/Expansion | PreferredVerticals: AdTech, Artificial Intelligence & Machine Learning, CleanTech, Climate Tech, Digital Health, EdTech, FinTech, Gaming, HealthTech, HR",part5_token_company_investor_graph_then_web_search_with_primary_source_priority,investor_router|capability_classification
360,500941-18,Justin Olshavsky,,,,,,,,,,,Angel (individual),,,,,,,Mr. Justin Olshavsky is an Angel Investor.,part5_rule_b_company|source:company_investor_relation|source:deal_investor_relation|source:investor_investment_relation,CompanyInvestorRelation.CompanyID|CompanyInvestorRelation.InvestorID|Deal.CompanyID|DealInvestorRelation.DealID|DealInvestorRelation.InvestorID|InvestorInvestmentRelation.CompanyID|InvestorInvestmentRelation.InvestorID,"Part5 Rule B company investor graph: 1 token companies, 1 deals, 0 funds | source_methods=company_investor_relation,deal_investor_relation,investor_investment_relation | PrimaryInvestorType: Angel (individual) | CompanyInvestorRelation: Molecule; status=Active; holding=Minority; since=06/22/2022 | DealInvestorRelation: Molecule; deal=196016-50T; date=06/22/2022; type=Seed Round; lead=No; fund= | In",part5_token_company_investor_graph_then_web_search_with_primary_source_priority,investor_router|capability_classification
361,231361-48,K-Clavis,,,"K-Clavis Co., Ltd.",www.kclavis.com,kclavis.com,,,,"Seoul, South Korea",South Korea,Asset Manager,"Hedge Fund, Lender/Debt Provider, Real Estate, Venture Capital","Early Stage VC, Later Stage VC, Mezzanine, Seed Round","Construction Technology, Gaming, Life Sciences","Prefers minority stake, Will syndicate",KCLAVIS-BEHIGH Rechallenge Fund,Venture - General,"Founded in 2013, Kclavis is an asset management firm based in Seoul, South Korea. The firm employs a multi-strategy approach and invests in assets such as stocks, bonds, mezzanines, and structured products with various strategies such as top-down, bottom-up, and event-driven. The firm prefers to make investments in information technology, electrical/mechanical equipment, biotechnology/medical, and gaming sectors.",part5_rule_b_company|source:company_investor_relation|source:deal_investor_relation|source:investor_investment_relation,CompanyInvestorRelation.CompanyID|CompanyInvestorRelation.InvestorID|Deal.CompanyID|DealInvestorRelation.DealID|DealInvestorRelation.InvestorID|InvestorInvestmentRelation.CompanyID|InvestorInvestmentRelation.InvestorID,"Part5 Rule B company investor graph: 1 token companies, 1 deals, 0 funds | source_methods=company_investor_relation,deal_investor_relation,investor_investment_relation | PrimaryInvestorType: Asset Manager | OtherInvestorTypes: Hedge Fund, Lender/Debt Provider, Real Estate, Venture Capital | PreferredVerticals: Construction Technology, Gaming, Life Sciences | PreferredInvestmentTypes: Early Stage VC",part5_token_company_investor_graph_then_web_search_with_primary_source_priority,investor_router|capability_classification
362,63125-47,Kalmar Science Park,,,Kalmar Science Park AB,www.kalmarsciencepark.se,kalmarsciencepark.se,,,,"Kalmar, Sweden",Sweden,Accelerator/Incubator,,Accelerator/Incubator,"E-Commerce, Industrials, TMT",,,,"Founded in 2003, Kalmar Science Park is an incubator based in Kalmar, Sweden. The firm focuses on small-scale e-commerce companies and major industrial groups.",part5_rule_b_company|source:company_investor_relation|source:deal_investor_relation|source:investor_investment_relation,CompanyInvestorRelation.CompanyID|CompanyInvestorRelation.InvestorID|Deal.CompanyID|DealInvestorRelation.DealID|DealInvestorRelation.InvestorID|InvestorInvestmentRelation.CompanyID|InvestorInvestmentRelation.InvestorID,"Part5 Rule B company investor graph: 1 token companies, 1 deals, 0 funds | source_methods=company_investor_relation,deal_investor_relation,investor_investment_relation | PrimaryInvestorType: Accelerator/Incubator | PreferredVerticals: E-Commerce, Industrials, TMT | PreferredInvestmentTypes: Accelerator/Incubator | CompanyInvestorRelation: Sourceful Energy; status=Active; holding=; since= | DealInve",part5_token_company_investor_graph_then_web_search_with_primary_source_priority,investor_router|capability_classification
363,640574-38,Kapley Judge and Associated,,,Kapley Judge and Associated Corporations,,,,,,,,Venture Capital,,"Early Stage VC, Later Stage VC, Seed Round",,"Prefers minority stake, Will syndicate",,,Kapley Judge and Associated is a venture capital firm.,part5_rule_b_company|source:company_investor_relation|source:deal_investor_relation|source:investor_investment_relation,CompanyInvestorRelation.CompanyID|CompanyInvestorRelation.InvestorID|Deal.CompanyID|DealInvestorRelation.DealID|DealInvestorRelation.InvestorID|InvestorInvestmentRelation.CompanyID|InvestorInvestmentRelation.InvestorID,"Part5 Rule B company investor graph: 1 token companies, 1 deals, 0 funds | source_methods=company_investor_relation,deal_investor_relation,investor_investment_relation | PrimaryInvestorType: Venture Capital | PreferredInvestmentTypes: Early Stage VC, Later Stage VC, Seed Round | CompanyInvestorRelation: Edge Matrix Chain; status=Former; holding=Minority; since=08/29/2024 | DealInvestorRelation: Edg",part5_token_company_investor_graph_then_web_search_with_primary_source_priority,investor_router|capability_classification
364,597250-99,KB Innovation HUB,,,,www.kbinnovationhub.com,kbinnovationhub.com,,,,"Seoul, South Korea",South Korea,Accelerator/Incubator,,"Accelerator/Incubator, Early Stage VC, Later Stage VC, Seed Round",,"Prefers minority stake, Will syndicate",,,"Founded in 2015, KB Innovation HUB is an incubator firm based in Seoul, South Korea. The firm seeks to invest in early-stage fintech and digital innovation companies in South Korea.",part5_rule_b_company|source:company_investor_relation|source:deal_investor_relation|source:investor_investment_relation,CompanyInvestorRelation.CompanyID|CompanyInvestorRelation.InvestorID|Deal.CompanyID|DealInvestorRelation.DealID|DealInvestorRelation.InvestorID|InvestorInvestmentRelation.CompanyID|InvestorInvestmentRelation.InvestorID,"Part5 Rule B company investor graph: 1 token companies, 1 deals, 0 funds | source_methods=company_investor_relation,deal_investor_relation,investor_investment_relation | PrimaryInvestorType: Accelerator/Incubator | PreferredInvestmentTypes: Accelerator/Incubator, Early Stage VC, Later Stage VC, Seed Round | CompanyInvestorRelation: Zikto; status=Active; holding=; since=09/12/2017 | DealInvestorRela",part5_token_company_investor_graph_then_web_search_with_primary_source_priority,investor_router|capability_classification
365,186571-63,KdT Ventures,,,KdT GP LLC,www.kdtvc.com,kdtvc.com,,,,"Austin, TX",United States,Venture Capital,,"Early Stage VC, Seed Round","Digital Health, HealthTech, Life Sciences, TMT","Prefers minority stake, Will syndicate",KdT Ventures Fund IV,Venture Capital - Early Stage,"Founded in 2017, KdT Ventures is a venture capital investment firm based in Austin, Texas. The firm prefers to invest in the frontier science, chemistry, biology, and technology sectors.",part5_rule_b_company|source:company_investor_relation|source:deal_investor_relation|source:investor_investment_relation,CompanyInvestorRelation.CompanyID|CompanyInvestorRelation.InvestorID|Deal.CompanyID|DealInvestorRelation.DealID|DealInvestorRelation.InvestorID|InvestorInvestmentRelation.CompanyID|InvestorInvestmentRelation.InvestorID,"Part5 Rule B company investor graph: 1 token companies, 1 deals, 0 funds | source_methods=company_investor_relation,deal_investor_relation,investor_investment_relation | PrimaryInvestorType: Venture Capital | PreferredVerticals: Digital Health, HealthTech, Life Sciences, TMT | PreferredInvestmentTypes: Early Stage VC, Seed Round | CompanyInvestorRelation: Molecule; status=Active; holding=Minority;",part5_token_company_investor_graph_then_web_search_with_primary_source_priority,investor_router|capability_classification
366,503342-29,Ken Simpson,,,,,,,,,,,Angel (individual),,"Angel (individual), Early Stage VC, Seed Round",,"Prefers minority stake, Will syndicate",,,Mr. Ken Simpson is an Angel Investor.,part5_rule_b_company|source:company_investor_relation|source:deal_investor_relation|source:investor_investment_relation,CompanyInvestorRelation.CompanyID|CompanyInvestorRelation.InvestorID|Deal.CompanyID|DealInvestorRelation.DealID|DealInvestorRelation.InvestorID|InvestorInvestmentRelation.CompanyID|InvestorInvestmentRelation.InvestorID,"Part5 Rule B company investor graph: 1 token companies, 1 deals, 0 funds | source_methods=company_investor_relation,deal_investor_relation,investor_investment_relation | PrimaryInvestorType: Angel (individual) | PreferredInvestmentTypes: Angel (individual), Early Stage VC, Seed Round | CompanyInvestorRelation: investFeed; status=Former; holding=Minority; since=11/16/2014 | DealInvestorRelation: inv",part5_token_company_investor_graph_then_web_search_with_primary_source_priority,investor_router|capability_classification
367,227679-49,Kenneth Moelis,,,,,,,,,"New York, NY",United States,Angel (individual),,,"SaaS, TMT",,,,"Mr. Kenneth Moelis is a Founder and serves as Chairman and Chief Executive Officer at Moelis & Company. He is also an Angel Investor. He serves as a Board Member at Partnership for New York City. He is the Founder and serves as Chief Executive Officer at Moelis Capital Partners. Before founding Moelis & Company, Mr Moelis worked at UBS from 2001 to 2007, where he was most recently President of UBS Investment Bank and previously Joint Global Head of Investment Banking. Before joining UBS, Mr. Moelis was Head of Corporate Finance at Donaldson, Lufkin & Jenrette, where he worked from 1990 through 2000. He serves as a Non-Executive Director at MA Financial. Mr Moelis began his career as an inves",part5_rule_b_company|source:company_investor_relation|source:deal_investor_relation|source:investor_investment_relation,CompanyInvestorRelation.CompanyID|CompanyInvestorRelation.InvestorID|Deal.CompanyID|DealInvestorRelation.DealID|DealInvestorRelation.InvestorID|InvestorInvestmentRelation.CompanyID|InvestorInvestmentRelation.InvestorID,"Part5 Rule B company investor graph: 1 token companies, 1 deals, 0 funds | source_methods=company_investor_relation,deal_investor_relation,investor_investment_relation | PrimaryInvestorType: Angel (individual) | PreferredVerticals: SaaS, TMT | CompanyInvestorRelation: Paxos; status=Active; holding=Minority; since=12/16/2020 | DealInvestorRelation: Paxos; deal=161213-59T; date=12/16/2020; type=Later",part5_token_company_investor_graph_then_web_search_with_primary_source_priority,investor_router|capability_classification
368,161619-94,Kenneth Schiciano,,,,,,,,,"Boston, MA",United States,Angel (individual),,,TMT,,,,"Mr. Kenneth Schiciano serves as Senior Advisor at TA Associates Management. Mr. Schiciano served as Board Member at TierPoint. He also served as Director at Confluence Technologies. Mr. Kenneth Schiciano served on the Board of Directors for RGM Advisors. He serves as a Board Member at One Creation. He served on the boards of Cosentry, CyOptics, Datek Online Holdings, Fractal Analytics, FTP Software, ION Investment Group, MetroPCS Communications, NetScout Systems, Arxan Technologies, and The Island ECN. Prior to joining TA in 1988, he was a member of the technical staff of AT&T Bell Laboratories, as a Systems Engineer in the switching systems area. Mr. Schiciano received a BS, summa cum laude",part5_rule_b_company|source:company_investor_relation|source:deal_investor_relation|source:investor_investment_relation,CompanyInvestorRelation.CompanyID|CompanyInvestorRelation.InvestorID|Deal.CompanyID|DealInvestorRelation.DealID|DealInvestorRelation.InvestorID|InvestorInvestmentRelation.CompanyID|InvestorInvestmentRelation.InvestorID,"Part5 Rule B company investor graph: 1 token companies, 1 deals, 0 funds | source_methods=company_investor_relation,deal_investor_relation,investor_investment_relation | PrimaryInvestorType: Angel (individual) | PreferredVerticals: TMT | CompanyInvestorRelation: Digital Asset; status=Active; holding=Minority; since=02/03/2016 | DealInvestorRelation: Digital Asset; deal=63736-21T; date=02/03/2016; t",part5_token_company_investor_graph_then_web_search_with_primary_source_priority,investor_router|capability_classification
369,442916-65,Kestrel Merchant Partners,,,"Kestrel Merchant Partners, LLC",www.kestrelmp.com,kestrelmp.com,,,,"Boston, MA",United States,Merchant Banking Firm,,"Acquisition Financing, Bridge, Debt - General, Merger/Acquisition, Mezzanine, PE Growth/Expansion, PIPE, Recapitalization",,"Prefers majority stake, Prefers minority stake, Will syndicate",,,"Founded in 2019, Kestrel Merchant Partners is a merchant banking firm headquartered in Boston, Massachusetts with a regional office based in Minneapolis, Minnesota. The firm deploys a hybrid strategy to offer a wide range of transactions, including public equity offerings, private placements, M&A advisory, and strategic alternative analyses.",part5_rule_b_company|source:company_investor_relation|source:deal_investor_relation|source:investor_investment_relation,CompanyInvestorRelation.CompanyID|CompanyInvestorRelation.InvestorID|Deal.CompanyID|DealInvestorRelation.DealID|DealInvestorRelation.InvestorID|InvestorInvestmentRelation.CompanyID|InvestorInvestmentRelation.InvestorID,"Part5 Rule B company investor graph: 1 token companies, 1 deals, 0 funds | source_methods=company_investor_relation,deal_investor_relation,investor_investment_relation | PrimaryInvestorType: Merchant Banking Firm | PreferredInvestmentTypes: Acquisition Financing, Bridge, Debt - General, Merger/Acquisition, Mezzanine, PE Growth/Expansion, PIPE, Recapitalization | CompanyInvestorRelation: Jiritsu; st",part5_token_company_investor_graph_then_web_search_with_primary_source_priority,investor_router|capability_classification
370,493682-59,Keybridge Venture Partners,,,Keybridge Venture Partners LLC,www.keybridgeventure.com,keybridgeventure.com,,,,"Washington, DC",United States,Venture Capital,,"Early Stage VC, Seed Round","Artificial Intelligence & Machine Learning, Climate Tech, Mobile","Prefers minority stake, Will syndicate",,,"Founded in 2010, Keybridge Venture Partners is a venture capital firm based in Washington, District of Columbia. The firm focuses on early-stage venture investments in climate tech, consumer internet, enterprise information technologies, industrial AI, energy, and mobile applications & services.",part5_rule_b_company|source:company_investor_relation|source:deal_investor_relation|source:investor_investment_relation,CompanyInvestorRelation.CompanyID|CompanyInvestorRelation.InvestorID|Deal.CompanyID|DealInvestorRelation.DealID|DealInvestorRelation.InvestorID|InvestorInvestmentRelation.CompanyID|InvestorInvestmentRelation.InvestorID,"Part5 Rule B company investor graph: 1 token companies, 1 deals, 0 funds | source_methods=company_investor_relation,deal_investor_relation,investor_investment_relation | PrimaryInvestorType: Venture Capital | PreferredVerticals: Artificial Intelligence & Machine Learning, Climate Tech, Mobile | PreferredInvestmentTypes: Early Stage VC, Seed Round | CompanyInvestorRelation: Coinbase Global; status=F",part5_token_company_investor_graph_then_web_search_with_primary_source_priority,investor_router|capability_classification
371,496036-54,Kindergarten Ventures,,,Kindergarten Ventures LLC,www.kindergarten.vc,kindergarten.vc,,,,"San Francisco, CA",United States,Venture Capital,,"Early Stage VC, Later Stage VC, Seed Round",,"Prefers minority stake, Will syndicate",,,"Founded in 2021, Kindergarten Ventures is a venture capital investment firm based in San Francisco, California. The firm prefers to invest in early-stage and later-stage companies.",part5_rule_b_company|source:company_investor_relation|source:deal_investor_relation|source:investor_investment_relation,CompanyInvestorRelation.CompanyID|CompanyInvestorRelation.InvestorID|Deal.CompanyID|DealInvestorRelation.DealID|DealInvestorRelation.InvestorID|InvestorInvestmentRelation.CompanyID|InvestorInvestmentRelation.InvestorID,"Part5 Rule B company investor graph: 1 token companies, 1 deals, 0 funds | source_methods=company_investor_relation,deal_investor_relation,investor_investment_relation | PrimaryInvestorType: Venture Capital | PreferredInvestmentTypes: Early Stage VC, Later Stage VC, Seed Round | CompanyInvestorRelation: Molecule; status=Active; holding=Minority; since=06/22/2022 | DealInvestorRelation: Molecule; de",part5_token_company_investor_graph_then_web_search_with_primary_source_priority,investor_router|capability_classification
372,113035-96,Kindling Capital,Kindling Ventures,,Kindling Capital LLC,www.kindlingcapital.com,kindlingcapital.com,,,,"San Francisco, CA",United States,Venture Capital,,"Early Stage VC, Later Stage VC, Seed Round",TMT,"Prefers minority stake, Will syndicate",,,"Founded in 2014, Kindling Capital was an early-stage venture capital firm based in San Francisco, California. The firm invested in the e-commerce, employment, business, software, shipment and financial services sectors.",part5_rule_b_company|source:company_investor_relation|source:deal_investor_relation|source:investor_investment_relation,CompanyInvestorRelation.CompanyID|CompanyInvestorRelation.InvestorID|Deal.CompanyID|DealInvestorRelation.DealID|DealInvestorRelation.InvestorID|InvestorInvestmentRelation.CompanyID|InvestorInvestmentRelation.InvestorID,"Part5 Rule B company investor graph: 1 token companies, 1 deals, 0 funds | source_methods=company_investor_relation,deal_investor_relation,investor_investment_relation | PrimaryInvestorType: Venture Capital | PreferredVerticals: TMT | PreferredInvestmentTypes: Early Stage VC, Later Stage VC, Seed Round | CompanyInvestorRelation: Coinbase Global; status=Former; holding=Minority; since=07/07/2016 | D",part5_token_company_investor_graph_then_web_search_with_primary_source_priority,investor_router|capability_classification
373,539261-29,Kirra Capital,,,,www.kirracapital.com,kirracapital.com,,,,"Miami, FL",United States,PE/Buyout,Growth/Expansion,"Add-on, Buyout/LBO, Carveout, Later Stage VC, Management Buy-In, Management Buyout, PE Growth/Expansion","SaaS, TMT","Long-Term Investor, Prefers majority stake",,,"Founded in 2023, Kirra Capital is a private equity firm based in Miami, Florida. The firm prefers to invest in software and technology sectors.",part5_rule_b_company|source:company_investor_relation|source:deal_investor_relation|source:investor_investment_relation,CompanyInvestorRelation.CompanyID|CompanyInvestorRelation.InvestorID|Deal.CompanyID|DealInvestorRelation.DealID|DealInvestorRelation.InvestorID|InvestorInvestmentRelation.CompanyID|InvestorInvestmentRelation.InvestorID,"Part5 Rule B company investor graph: 1 token companies, 1 deals, 0 funds | source_methods=company_investor_relation,deal_investor_relation,investor_investment_relation | PrimaryInvestorType: PE/Buyout | OtherInvestorTypes: Growth/Expansion | PreferredVerticals: SaaS, TMT | PreferredInvestmentTypes: Add-on, Buyout/LBO, Carveout, Later Stage VC, Management Buy-In, Management Buyout, PE Growth/Expansi",part5_token_company_investor_graph_then_web_search_with_primary_source_priority,investor_router|capability_classification
374,52337-08,Kiwoom Investment,Kiwoom,,Kiwoom Investment Co. Ltd.,www.kiwoominvest.com,kiwoominvest.com,Kiwoom Securities,,,"Seoul, South Korea",South Korea,Venture Capital,,"Early Stage VC, Later Stage VC, Seed Round","Advanced Manufacturing, AudioTech, Construction Technology, Digital Health, Esports, Gaming, HealthTech, Life Sciences, Manufacturing, Oil & Gas, TMT","Prefers minority stake, Seeks ESG investments, Will syndicate",Kiwoom New Hero No. 7 Fintech Innovation Fund,Venture Capital - Early Stage,"Founded in 1999, Kiwoom Investment is a venture capital firm based in Seoul, South Korea. The firm prefers to invest in companies operating in the information technology, manufacturing & services, biology & medical, video, performances, album, game, and consumer goods.",part5_rule_b_company|source:company_investor_relation|source:deal_investor_relation|source:investor_investment_relation,CompanyInvestorRelation.CompanyID|CompanyInvestorRelation.InvestorID|Deal.CompanyID|DealInvestorRelation.DealID|DealInvestorRelation.InvestorID|InvestorInvestmentRelation.CompanyID|InvestorInvestmentRelation.InvestorID,"Part5 Rule B company investor graph: 1 token companies, 1 deals, 0 funds | source_methods=company_investor_relation,deal_investor_relation,investor_investment_relation | PrimaryInvestorType: Venture Capital | PreferredVerticals: Advanced Manufacturing, AudioTech, Construction Technology, Digital Health, Esports, Gaming, HealthTech, Life Sciences, Manufacturing, Oil & Gas, TMT | PreferredInvestmentT",part5_token_company_investor_graph_then_web_search_with_primary_source_priority,investor_router|capability_classification
375,654675-94,Knot,,,"Knot. Co., Ltd",www.knot-inc.co.jp,knot-inc.co.jp,,,,"Tokyo, Japan",Japan,VC-Backed Company,,Merger/Acquisition,,Prefers majority stake,,,"Operator of a cross-media planning company intended to access media and promotional methods. The company's services include event promotion, digital promotion, casting service, video production, overseas production and other commercial activities, enabling clients to create synergistic effects by organically linking multiple promotion measures.",part5_rule_b_company|source:company_investor_relation|source:deal_investor_relation|source:investor_investment_relation,CompanyInvestorRelation.CompanyID|CompanyInvestorRelation.InvestorID|Deal.CompanyID|DealInvestorRelation.DealID|DealInvestorRelation.InvestorID|InvestorInvestmentRelation.CompanyID|InvestorInvestmentRelation.InvestorID,"Part5 Rule B company investor graph: 1 token companies, 1 deals, 0 funds | source_methods=company_investor_relation,deal_investor_relation,investor_investment_relation | PrimaryInvestorType: VC-Backed Company | PreferredInvestmentTypes: Merger/Acquisition | CompanyInvestorRelation: Yoake Entertainment; status=Active; holding=Minority; since=04/24/2025 | DealInvestorRelation: Yoake Entertainment; de",part5_token_company_investor_graph_then_web_search_with_primary_source_priority,investor_router|capability_classification
376,277467-31,Korea Growth Investment Corporation,,,Korea Growth Investment Corp.,eng.kgrowth.or.kr,eng.kgrowth.or.kr,,,,"Seoul, South Korea",South Korea,Fund of Funds,,,"EdTech, Mobile, TMT",,Growth Ladder Fund,Fund of Funds,"Founded in 2016, Korea Growth Investment Corporation is a fund of funds management company based in Seoul, Korea. The firm provides risk capital to Korean startups, small and medium enterprises at various stages of the business life cycle. The assets of the company are managed by its executive management team.",part5_rule_b_company|source:company_investor_relation|source:deal_investor_relation|source:investor_investment_relation|lead_investor,CompanyInvestorRelation.CompanyID|CompanyInvestorRelation.InvestorID|Deal.CompanyID|DealInvestorRelation.DealID|DealInvestorRelation.InvestorID|InvestorInvestmentRelation.CompanyID|InvestorInvestmentRelation.InvestorID,"Part5 Rule B company investor graph: 1 token companies, 1 deals, 0 funds | source_methods=company_investor_relation,deal_investor_relation,investor_investment_relation | PrimaryInvestorType: Fund of Funds | PreferredVerticals: EdTech, Mobile, TMT | CompanyInvestorRelation: Parameta; status=Active; holding=Minority; since=06/05/2020 | DealInvestorRelation: Parameta; deal=139750-30T; date=06/05/2020;",part5_token_company_investor_graph_then_web_search_with_primary_source_priority,investor_router|capability_classification
377,58631-59,Korea Technology Finance,KOTEC,,Korea Technology Finance Corporation,www.kibo.or.kr/index.do,kibo.or.kr,,,,"Busan, South Korea",South Korea,Government,"Growth/Expansion, Limited Partner, Venture Capital","Early Stage VC, Later Stage VC, PE Growth/Expansion, Seed Round",TMT,"Prefers minority stake, Will syndicate",,,"Founded in 1989, Korea Technology Finance Corporation is a government entity based in Busan, South Korea. The firm is an initiative by the Korean Government as a non-profit credit guarantee institution. The firm seeks to make investments in growth-stage technology companies.",part5_rule_b_company|source:company_investor_relation|source:deal_investor_relation|source:investor_investment_relation|lead_investor,CompanyInvestorRelation.CompanyID|CompanyInvestorRelation.InvestorID|Deal.CompanyID|DealInvestorRelation.DealID|DealInvestorRelation.InvestorID|InvestorInvestmentRelation.CompanyID|InvestorInvestmentRelation.InvestorID,"Part5 Rule B company investor graph: 1 token companies, 1 deals, 0 funds | source_methods=company_investor_relation,deal_investor_relation,investor_investment_relation | PrimaryInvestorType: Government | OtherInvestorTypes: Growth/Expansion, Limited Partner, Venture Capital | PreferredVerticals: TMT | PreferredInvestmentTypes: Early Stage VC, Later Stage VC, PE Growth/Expansion, Seed Round | Compan",part5_token_company_investor_graph_then_web_search_with_primary_source_priority,investor_router|capability_classification
378,183106-09,Kroll Family Trust,KFT,,,www.krolltrust.com,krolltrust.com,,,,"Luzern, Switzerland",Switzerland,Venture Capital,Family Office,"Early Stage VC, Later Stage VC, Seed Round","SaaS, TMT","Prefers minority stake, Will syndicate",,,"Founded in 1904, Kroll Family Trust is a venture capital firm based in Luzern, Switzerland.",part5_rule_b_company|source:company_investor_relation|source:deal_investor_relation|source:investor_investment_relation,CompanyInvestorRelation.CompanyID|CompanyInvestorRelation.InvestorID|Deal.CompanyID|DealInvestorRelation.DealID|DealInvestorRelation.InvestorID|InvestorInvestmentRelation.CompanyID|InvestorInvestmentRelation.InvestorID,"Part5 Rule B company investor graph: 1 token companies, 1 deals, 0 funds | source_methods=company_investor_relation,deal_investor_relation,investor_investment_relation | PrimaryInvestorType: Venture Capital | OtherInvestorTypes: Family Office | PreferredVerticals: SaaS, TMT | PreferredInvestmentTypes: Early Stage VC, Later Stage VC, Seed Round | CompanyInvestorRelation: Zen; status=Active; holding=",part5_token_company_investor_graph_then_web_search_with_primary_source_priority,investor_router|capability_classification
379,398953-00,La French Tech Aix-Marseille Région Sud,,,,www.lafrenchtech-aixmarseille.fr,lafrenchtech-aixmarseille.fr,,,,"Marseille, France",France,Accelerator/Incubator,"Lender/Debt Provider, Venture Capital","Accelerator/Incubator, Debt - General, Early Stage VC, Loan, Seed Round","Big Data, Internet of Things, SaaS","Prefers minority stake, Will syndicate",,,"Founded in 2014, La French Tech Aix-Marseille Région Sud is an accelerator based in Marseille, France. The firm focuses on technology startups based in France.",part5_rule_b_company|source:company_investor_relation|source:deal_investor_relation|source:investor_investment_relation,CompanyInvestorRelation.CompanyID|CompanyInvestorRelation.InvestorID|Deal.CompanyID|DealInvestorRelation.DealID|DealInvestorRelation.InvestorID|InvestorInvestmentRelation.CompanyID|InvestorInvestmentRelation.InvestorID,"Part5 Rule B company investor graph: 1 token companies, 1 deals, 0 funds | source_methods=company_investor_relation,deal_investor_relation,investor_investment_relation | PrimaryInvestorType: Accelerator/Incubator | OtherInvestorTypes: Lender/Debt Provider, Venture Capital | PreferredVerticals: Big Data, Internet of Things, SaaS | PreferredInvestmentTypes: Accelerator/Incubator, Debt - General, Earl",part5_token_company_investor_graph_then_web_search_with_primary_source_priority,investor_router|capability_classification
380,434971-90,Late Stage Management,,"Late Stage Management, LLC",,www.latestagemanagement.com,latestagemanagement.com,,,,"Montclair, NJ",United States,Secondary Buyer,"Growth/Expansion, PE/Buyout","Buyout/LBO, Early Stage VC, Later Stage VC, PE Growth/Expansion, Secondary Transaction - Stock Distribution, Seed Round","AdTech, CloudTech & DevOps, FinTech, Life Sciences, SaaS","Prefers majority stake, Prefers minority stake, Will syndicate",Late Stage Investment Fund XXVIII,Secondaries,"Founded in 2011, Late Stage Management is a secondary buyer investment firm based in Saint Montclair, New Jersey. The firm seeks to invest in pre-IPO, early-stage, and high-growth companies operating in cloud computing, software-as-a-service, social media, banking, and biotechnology sectors.",part5_rule_b_company|source:company_investor_relation|source:deal_investor_relation|source:investor_investment_relation,CompanyInvestorRelation.CompanyID|CompanyInvestorRelation.InvestorID|Deal.CompanyID|DealInvestorRelation.DealID|DealInvestorRelation.InvestorID|InvestorInvestmentRelation.CompanyID|InvestorInvestmentRelation.InvestorID,"Part5 Rule B company investor graph: 1 token companies, 1 deals, 0 funds | source_methods=company_investor_relation,deal_investor_relation,investor_investment_relation | PrimaryInvestorType: Secondary Buyer | OtherInvestorTypes: Growth/Expansion, PE/Buyout | PreferredVerticals: AdTech, CloudTech & DevOps, FinTech, Life Sciences, SaaS | PreferredInvestmentTypes: Buyout/LBO, Early Stage VC, Later Sta",part5_token_company_investor_graph_then_web_search_with_primary_source_priority,investor_router|capability_classification
381,509370-31,Lauren Feld,,,,,,,,,,,Angel (individual),,,,,,,,part5_rule_b_company|source:company_investor_relation|source:deal_investor_relation|source:investor_investment_relation,CompanyInvestorRelation.CompanyID|CompanyInvestorRelation.InvestorID|Deal.CompanyID|DealInvestorRelation.DealID|DealInvestorRelation.InvestorID|InvestorInvestmentRelation.CompanyID|InvestorInvestmentRelation.InvestorID,"Part5 Rule B company investor graph: 1 token companies, 1 deals, 0 funds | source_methods=company_investor_relation,deal_investor_relation,investor_investment_relation | PrimaryInvestorType: Angel (individual) | CompanyInvestorRelation: Lit Protocol; status=Active; holding=Minority; since=06/01/2022 | DealInvestorRelation: Lit Protocol; deal=204552-64T; date=06/01/2022; type=Early Stage VC; lead=No",part5_token_company_investor_graph_then_web_search_with_primary_source_priority,investor_router|capability_classification
382,453423-52,Laurence Innovation,,,Laurence Ventures LLC,www.laurence.capital,laurence.capital,,,,"Austin, TX",United States,Venture Capital,,"Early Stage VC, Later Stage VC, Seed Round","Artificial Intelligence & Machine Learning, Internet of Things","Invests in MWBE (Minority and Women-owned), Prefers minority stake, Will syndicate",Laurence Innovation Fund II,Venture Capital - Early Stage,"Founded in 2017, Laurence Ventures is a venture capital firm based in Austin, Texas. The firm prefers to invest in companies operating in artificial intelligence and the internet of things.",part5_rule_b_company|source:company_investor_relation|source:deal_investor_relation|source:investor_investment_relation,CompanyInvestorRelation.CompanyID|CompanyInvestorRelation.InvestorID|Deal.CompanyID|DealInvestorRelation.DealID|DealInvestorRelation.InvestorID|InvestorInvestmentRelation.CompanyID|InvestorInvestmentRelation.InvestorID,"Part5 Rule B company investor graph: 1 token companies, 1 deals, 0 funds | source_methods=company_investor_relation,deal_investor_relation,investor_investment_relation | PrimaryInvestorType: Venture Capital | PreferredVerticals: Artificial Intelligence & Machine Learning, Internet of Things | PreferredInvestmentTypes: Early Stage VC, Later Stage VC, Seed Round | CompanyInvestorRelation: Molecule; s",part5_token_company_investor_graph_then_web_search_with_primary_source_priority,investor_router|capability_classification
383,500940-37,Laurens Poorter,,,,,,,,,,,Angel (individual),,,,,,,Mr. Laurens Poorter is an Angel Investor.,part5_rule_b_company|source:company_investor_relation|source:deal_investor_relation|source:investor_investment_relation,CompanyInvestorRelation.CompanyID|CompanyInvestorRelation.InvestorID|Deal.CompanyID|DealInvestorRelation.DealID|DealInvestorRelation.InvestorID|InvestorInvestmentRelation.CompanyID|InvestorInvestmentRelation.InvestorID,"Part5 Rule B company investor graph: 1 token companies, 1 deals, 0 funds | source_methods=company_investor_relation,deal_investor_relation,investor_investment_relation | PrimaryInvestorType: Angel (individual) | CompanyInvestorRelation: Molecule; status=Active; holding=Minority; since=06/22/2022 | DealInvestorRelation: Molecule; deal=196016-50T; date=06/22/2022; type=Seed Round; lead=No; fund= | In",part5_token_company_investor_graph_then_web_search_with_primary_source_priority,investor_router|capability_classification
384,458630-65,Leore Avidar,,,,,,,,,,,Angel (individual),,,,,,,"Mr. Leore Avidar is an Angel Investor. Mr. Avidar co-founded & served as Chief Executive Officer at Lob. He started Alt after reigniting his longtime passion for collecting sports cards and realizing the lack of infrastructure in the ecosystem today. Alt lets you invest in pre-authenticated cards on its exchange and track the current market value of your collection. The company has raised $31 million from Alexis Ohanian's Seven Seven Six fund, First Round Capital, and top angel investors. He is also the co-founder and CEO of Lob, a platform that allows you to send direct mail programmatically, which he started in 2013. Prior to Alt and Lob, He was an early employee at AWS and a derivatives t",part5_rule_b_company|source:company_investor_relation|source:deal_investor_relation|source:investor_investment_relation,CompanyInvestorRelation.CompanyID|CompanyInvestorRelation.InvestorID|Deal.CompanyID|DealInvestorRelation.DealID|DealInvestorRelation.InvestorID|InvestorInvestmentRelation.CompanyID|InvestorInvestmentRelation.InvestorID,"Part5 Rule B company investor graph: 1 token companies, 1 deals, 0 funds | source_methods=company_investor_relation,deal_investor_relation,investor_investment_relation | PrimaryInvestorType: Angel (individual) | CompanyInvestorRelation: SphereOne; status=Active; holding=Minority; since=01/19/2023 | DealInvestorRelation: SphereOne; deal=213353-38T; date=01/19/2023; type=Early Stage VC; lead=No; fund",part5_token_company_investor_graph_then_web_search_with_primary_source_priority,investor_router|capability_classification
385,472207-15,Leyden Ventures,,,,www.leyden.vc,leyden.vc,,,,"Dubai, United Arab Emirates",United Arab Emirates,Venture Capital,,"Early Stage VC, Later Stage VC, Seed Round",TMT,"Prefers minority stake, Will syndicate",,,"Founded in 2016, Leyden Ventures is a venture capital firm based in Dubai, United Arab Emirates. The firm seeks to invest in technology companies across the United States, Europe, and the MENA region.",part5_rule_b_company|source:company_investor_relation|source:deal_investor_relation|source:investor_investment_relation,CompanyInvestorRelation.CompanyID|CompanyInvestorRelation.InvestorID|Deal.CompanyID|DealInvestorRelation.DealID|DealInvestorRelation.InvestorID|InvestorInvestmentRelation.CompanyID|InvestorInvestmentRelation.InvestorID,"Part5 Rule B company investor graph: 1 token companies, 1 deals, 0 funds | source_methods=company_investor_relation,deal_investor_relation,investor_investment_relation | PrimaryInvestorType: Venture Capital | PreferredVerticals: TMT | PreferredInvestmentTypes: Early Stage VC, Later Stage VC, Seed Round | CompanyInvestorRelation: Coinbase Global; status=Former; holding=Minority; since=01/01/2020 | D",part5_token_company_investor_graph_then_web_search_with_primary_source_priority,investor_router|capability_classification
386,264935-80,Lin Jingwe,,,,,,,,,,,Angel (individual),,,"Cryptocurrency/Blockchain, FinTech, Internet of Things",,,,Mr. Lin Jingwe is an Angel Investor.,part5_rule_b_company|source:company_investor_relation|source:deal_investor_relation|source:investor_investment_relation,CompanyInvestorRelation.CompanyID|CompanyInvestorRelation.InvestorID|Deal.CompanyID|DealInvestorRelation.DealID|DealInvestorRelation.InvestorID|InvestorInvestmentRelation.CompanyID|InvestorInvestmentRelation.InvestorID,"Part5 Rule B company investor graph: 1 token companies, 1 deals, 0 funds | source_methods=company_investor_relation,deal_investor_relation,investor_investment_relation | PrimaryInvestorType: Angel (individual) | PreferredVerticals: Cryptocurrency/Blockchain, FinTech, Internet of Things | CompanyInvestorRelation: WaltonChain; status=Former; holding=Minority; since= | DealInvestorRelation: WaltonChai",part5_token_company_investor_graph_then_web_search_with_primary_source_priority,investor_router|capability_classification
387,471564-37,Linden3 Ventures,,,,www.linden3.com,linden3.com,,,,"Palo Alto, CA",United States,Venture Capital,,"Early Stage VC, Seed Round","AdTech, CleanTech, FinTech, HealthTech, Industrials, Real Estate Technology","Prefers minority stake, Will syndicate",,,"Founded in 2014, Linden3 Ventures is a venture capital investment firm based in Palo Alto, California. The firm prefers to invest in companies operating in the financial services, media & technology, healthcare, renewable energy, industrial & business services, and real estate sectors.",part5_rule_b_company|source:company_investor_relation|source:deal_investor_relation|source:investor_investment_relation,CompanyInvestorRelation.CompanyID|CompanyInvestorRelation.InvestorID|Deal.CompanyID|DealInvestorRelation.DealID|DealInvestorRelation.InvestorID|InvestorInvestmentRelation.CompanyID|InvestorInvestmentRelation.InvestorID,"Part5 Rule B company investor graph: 1 token companies, 1 deals, 0 funds | source_methods=company_investor_relation,deal_investor_relation,investor_investment_relation | PrimaryInvestorType: Venture Capital | PreferredVerticals: AdTech, CleanTech, FinTech, HealthTech, Industrials, Real Estate Technology | PreferredInvestmentTypes: Early Stage VC, Seed Round | CompanyInvestorRelation: Coinbase Globa",part5_token_company_investor_graph_then_web_search_with_primary_source_priority,investor_router|capability_classification
388,507338-83,Logan Allin,,,,,,,,,,,Angel (individual),,,,,,,,part5_rule_b_company|source:company_investor_relation|source:deal_investor_relation|source:investor_investment_relation,CompanyInvestorRelation.CompanyID|CompanyInvestorRelation.InvestorID|Deal.CompanyID|DealInvestorRelation.DealID|DealInvestorRelation.InvestorID|InvestorInvestmentRelation.CompanyID|InvestorInvestmentRelation.InvestorID,"Part5 Rule B company investor graph: 1 token companies, 1 deals, 0 funds | source_methods=company_investor_relation,deal_investor_relation,investor_investment_relation | PrimaryInvestorType: Angel (individual) | CompanyInvestorRelation: Braintrust; status=Active; holding=Minority; since=12/01/2021 | DealInvestorRelation: Braintrust; deal=312472-45T; date=12/01/2021; type=Early Stage VC; lead=No; fu",part5_token_company_investor_graph_then_web_search_with_primary_source_priority,investor_router|capability_classification
389,277275-79,London Office for Rapid Cybersecurity Advancement,,,,www.lorca.co.uk,lorca.co.uk,,,,"London, United Kingdom",United Kingdom,Accelerator/Incubator,,Accelerator/Incubator,Cybersecurity,,,,"Founded in 2018, the London Office for Rapid Cybersecurity Advancement is an accelerator based in London, United Kingdom. The firm seeks to invest in the cybersecurity sector.",part5_rule_b_company|source:company_investor_relation|source:deal_investor_relation|source:investor_investment_relation,CompanyInvestorRelation.CompanyID|CompanyInvestorRelation.InvestorID|Deal.CompanyID|DealInvestorRelation.DealID|DealInvestorRelation.InvestorID|InvestorInvestmentRelation.CompanyID|InvestorInvestmentRelation.InvestorID,"Part5 Rule B company investor graph: 1 token companies, 1 deals, 0 funds | source_methods=company_investor_relation,deal_investor_relation,investor_investment_relation | PrimaryInvestorType: Accelerator/Incubator | PreferredVerticals: Cybersecurity | PreferredInvestmentTypes: Accelerator/Incubator | CompanyInvestorRelation: Quant; status=Active; holding=; since=06/03/2019 | DealInvestorRelation: Qu",part5_token_company_investor_graph_then_web_search_with_primary_source_priority,investor_router|capability_classification
390,443260-09,London Technology Club,,,London Technology Club Limited,www.londontechnologyclub.com,londontechnologyclub.com,,,,"London, United Kingdom",United Kingdom,Venture Capital,,"Early Stage VC, Later Stage VC, Seed Round","Artificial Intelligence & Machine Learning, Cryptocurrency/Blockchain, Digital Health, FinTech, FoodTech, HealthTech, Impact Investing, Mobility Tech, Robotics and Drones, SaaS, TMT","Prefers minority stake, Will syndicate",London Technology Club III,Venture - General,"Founded in 2018, London Technology Club is a venture capital firm based in London, United Kingdom. The firm seeks to invest in technology companies operating in the mobility, fintech, health, biotech, food tech, impact investments, SaaS, cryptocurrency, blockchain, artificial intelligence, autonomous driving, and robotics sectors.",part5_rule_b_company|source:company_investor_relation|source:deal_investor_relation|source:investor_investment_relation,CompanyInvestorRelation.CompanyID|CompanyInvestorRelation.InvestorID|Deal.CompanyID|DealInvestorRelation.DealID|DealInvestorRelation.InvestorID|InvestorInvestmentRelation.CompanyID|InvestorInvestmentRelation.InvestorID,"Part5 Rule B company investor graph: 1 token companies, 1 deals, 0 funds | source_methods=company_investor_relation,deal_investor_relation,investor_investment_relation | PrimaryInvestorType: Venture Capital | PreferredVerticals: Artificial Intelligence & Machine Learning, Cryptocurrency/Blockchain, Digital Health, FinTech, FoodTech, HealthTech, Impact Investing, Mobility Tech, Robotics and Drones,",part5_token_company_investor_graph_then_web_search_with_primary_source_priority,investor_router|capability_classification
391,520532-74,Luke Xie,,,,,,,,,,,Angel (individual),,,,,,,"Mr. Luke Xie is an Angel Investor. Mr. Xie served as founding associate at Romulus Capital from 2008-2010. He focused on sourcing and conducting due diligence on potential investments. He has a particular interest in the automotive and digital gaming/entertainment sectors. Luke is currently working at CODA Automotive in corporate strategy and business development. He has experience working at McKinsey & Company for consumer products, entertainment, telecommunications, and web clients. He has also worked at Cummins and Activision. Luke received a BS in Management Science from the Massachusetts Institute of Technology.",part5_rule_b_company|source:company_investor_relation|source:deal_investor_relation|source:investor_investment_relation,CompanyInvestorRelation.CompanyID|CompanyInvestorRelation.InvestorID|Deal.CompanyID|DealInvestorRelation.DealID|DealInvestorRelation.InvestorID|InvestorInvestmentRelation.CompanyID|InvestorInvestmentRelation.InvestorID,"Part5 Rule B company investor graph: 1 token companies, 1 deals, 0 funds | source_methods=company_investor_relation,deal_investor_relation,investor_investment_relation | PrimaryInvestorType: Angel (individual) | CompanyInvestorRelation: Category Labs; status=Active; holding=Minority; since=02/14/2023 | DealInvestorRelation: Category Labs; deal=205598-53T; date=02/14/2023; type=Seed Round; lead=No;",part5_token_company_investor_graph_then_web_search_with_primary_source_priority,investor_router|capability_classification
392,92029-87,Magical.,,,,magicalstartups.com,magicalstartups.com,,,,"Santiago, Chile",Chile,Venture Capital,Accelerator/Incubator,"Accelerator/Incubator, Early Stage VC, Seed Round","AgTech, Artificial Intelligence & Machine Learning, B2B Payments, Big Data, CleanTech, Climate Tech, Construction Technology, Cybersecurity, Digital Health, E-Commerce, FinTech, HR Tech, InsurTech, Legal Tech, Marketing Tech, Micro-Mobility, Mobile, Mobile Commerce, Mobility Tech, Real Estate Technology, SaaS, TMT, Virtual Reality","Prefers minority stake, Will lead on a deal",Magical I,Venture Capital - Early Stage,"Founded in 2013, Magical Startups is a venture capital investment firm based in Santiago, Chile. The firm invests in early-stage companies operating in technology sector companies. The firm also operates as an accelerator.",part5_rule_b_company|source:company_investor_relation|source:deal_investor_relation|source:investor_investment_relation,CompanyInvestorRelation.CompanyID|CompanyInvestorRelation.InvestorID|Deal.CompanyID|DealInvestorRelation.DealID|DealInvestorRelation.InvestorID|InvestorInvestmentRelation.CompanyID|InvestorInvestmentRelation.InvestorID,"Part5 Rule B company investor graph: 1 token companies, 1 deals, 0 funds | source_methods=company_investor_relation,deal_investor_relation,investor_investment_relation | PrimaryInvestorType: Venture Capital | OtherInvestorTypes: Accelerator/Incubator | PreferredVerticals: AgTech, Artificial Intelligence & Machine Learning, B2B Payments, Big Data, CleanTech, Climate Tech, Construction Technology, Cy",part5_token_company_investor_graph_then_web_search_with_primary_source_priority,investor_router|capability_classification
393,277450-03,Magna Filis,,,Magna Filis Ventures LLC,www.magnafilis.com,magnafilis.com,,,,"Dallas, TX",United States,Venture Capital,,"Early Stage VC, Later Stage VC, Seed Round","AdTech, AgTech, Artificial Intelligence & Machine Learning, Big Data, Cryptocurrency/Blockchain, E-Commerce, Internet of Things, Life Sciences, Marketing Tech, Mobile Commerce, Mortgage Tech, Real Estate Technology","Long-Term Investor, Prefers minority stake, Will syndicate",,,"Founded in 2017, Magna Filis is a venture capital firm based in Dallas, Texas. The firm seeks to invest in companies operating in the blockchain, biotech, real estate, internet of things, digital marketing, big data, machine learning, e-commerce, enterprise software, and data analytics sectors.",part5_rule_b_company|source:company_investor_relation|source:deal_investor_relation|source:investor_investment_relation,CompanyInvestorRelation.CompanyID|CompanyInvestorRelation.InvestorID|Deal.CompanyID|DealInvestorRelation.DealID|DealInvestorRelation.InvestorID|InvestorInvestmentRelation.CompanyID|InvestorInvestmentRelation.InvestorID,"Part5 Rule B company investor graph: 1 token companies, 1 deals, 0 funds | source_methods=company_investor_relation,deal_investor_relation,investor_investment_relation | PrimaryInvestorType: Venture Capital | PreferredVerticals: AdTech, AgTech, Artificial Intelligence & Machine Learning, Big Data, Cryptocurrency/Blockchain, E-Commerce, Internet of Things, Life Sciences, Marketing Tech, Mobile Comme",part5_token_company_investor_graph_then_web_search_with_primary_source_priority,investor_router|capability_classification
394,489506-50,Mango.vc,,,,www.mango.vc,mango.vc,,,,"Palo Alto, CA",United States,Venture Capital,,"Early Stage VC, Seed Round","Advanced Manufacturing, Cryptocurrency/Blockchain, Cybersecurity, LOHAS & Wellness, Space Technology","Prefers minority stake, Will syndicate",,,"Mango.vc is a venture capital investment firm based in Palo Alto, California. The firm seeks to invest in seed-stage, early-stage, and later-stage companies.",part5_rule_b_company|source:company_investor_relation|source:deal_investor_relation|source:investor_investment_relation,CompanyInvestorRelation.CompanyID|CompanyInvestorRelation.InvestorID|Deal.CompanyID|DealInvestorRelation.DealID|DealInvestorRelation.InvestorID|InvestorInvestmentRelation.CompanyID|InvestorInvestmentRelation.InvestorID,"Part5 Rule B company investor graph: 1 token companies, 1 deals, 0 funds | source_methods=company_investor_relation,deal_investor_relation,investor_investment_relation | PrimaryInvestorType: Venture Capital | PreferredVerticals: Advanced Manufacturing, Cryptocurrency/Blockchain, Cybersecurity, LOHAS & Wellness, Space Technology | PreferredInvestmentTypes: Early Stage VC, Seed Round | CompanyInvesto",part5_token_company_investor_graph_then_web_search_with_primary_source_priority,investor_router|capability_classification
395,169578-55,Manhattan West Asset Management,"Manhattan West, MW",,"Manhattan West Asset Management, LLC",manhattanwest.com,manhattanwest.com,,,,"Los Angeles, CA",United States,Asset Manager,"Limited Partner, PE/Buyout, Real Estate, Venture Capital","Buyout/LBO, Debt - General, Early Stage VC, IPO, Later Stage VC, Loan, Merger/Acquisition, PE Growth/Expansion, Seed Round","AgTech, Cryptocurrency/Blockchain, Esports, FinTech, Gaming, LOHAS & Wellness, Space Technology, TMT",,Manhattan West Venture Capital Growth Opportunities Fund I,Venture - General,"Founded in 2016, Manhattan West Asset Management is an independent wealth management and alternative investment firm based in Los Angeles, California. As a Registered Investment Adviser (RIA), the firm seeks to provide custom-tailored portfolios to meet the needs of its diverse client base. The firm's direct investment platform focuses primarily on private equity, late-stage venture capital, and real estate.",part5_rule_b_company|source:company_investor_relation|source:deal_investor_relation|source:investor_investment_relation,CompanyInvestorRelation.CompanyID|CompanyInvestorRelation.InvestorID|Deal.CompanyID|DealInvestorRelation.DealID|DealInvestorRelation.InvestorID|InvestorInvestmentRelation.CompanyID|InvestorInvestmentRelation.InvestorID,"Part5 Rule B company investor graph: 1 token companies, 1 deals, 0 funds | source_methods=company_investor_relation,deal_investor_relation,investor_investment_relation | PrimaryInvestorType: Asset Manager | OtherInvestorTypes: Limited Partner, PE/Buyout, Real Estate, Venture Capital | PreferredVerticals: AgTech, Cryptocurrency/Blockchain, Esports, FinTech, Gaming, LOHAS & Wellness, Space Technology",part5_token_company_investor_graph_then_web_search_with_primary_source_priority,investor_router|capability_classification
396,509370-49,Marius Barnett,,,,,,,,,,,Angel (individual),,,,,,,,part5_rule_b_company|source:company_investor_relation|source:deal_investor_relation|source:investor_investment_relation,CompanyInvestorRelation.CompanyID|CompanyInvestorRelation.InvestorID|Deal.CompanyID|DealInvestorRelation.DealID|DealInvestorRelation.InvestorID|InvestorInvestmentRelation.CompanyID|InvestorInvestmentRelation.InvestorID,"Part5 Rule B company investor graph: 1 token companies, 1 deals, 0 funds | source_methods=company_investor_relation,deal_investor_relation,investor_investment_relation | PrimaryInvestorType: Angel (individual) | CompanyInvestorRelation: Lit Protocol; status=Active; holding=Minority; since=06/01/2022 | DealInvestorRelation: Lit Protocol; deal=204552-64T; date=06/01/2022; type=Early Stage VC; lead=No",part5_token_company_investor_graph_then_web_search_with_primary_source_priority,investor_router|capability_classification
397,503343-55,Mark Carrington,,,,,,,,,,,Angel (individual),,,,,,,Mr. Mark Carrington is an Angel Investor.,part5_rule_b_company|source:company_investor_relation|source:deal_investor_relation|source:investor_investment_relation,CompanyInvestorRelation.CompanyID|CompanyInvestorRelation.InvestorID|Deal.CompanyID|DealInvestorRelation.DealID|DealInvestorRelation.InvestorID|InvestorInvestmentRelation.CompanyID|InvestorInvestmentRelation.InvestorID,"Part5 Rule B company investor graph: 1 token companies, 1 deals, 0 funds | source_methods=company_investor_relation,deal_investor_relation,investor_investment_relation | PrimaryInvestorType: Angel (individual) | CompanyInvestorRelation: investFeed; status=Former; holding=Minority; since=11/16/2014 | DealInvestorRelation: investFeed; deal=201330-91T; date=11/16/2014; type=Seed Round; lead=No; fund=",part5_token_company_investor_graph_then_web_search_with_primary_source_priority,investor_router|capability_classification
398,119671-30,Mark Hager,,,,,,,,,"New York, NY",United States,Angel (individual),,"Angel (individual), Early Stage VC, Later Stage VC, Seed Round",TMT,"Prefers minority stake, Will syndicate",,,"Mr. Mark Hager is a Co-Founder & serves as Managing Partner at Regah Ventures. Mr. Hager is an Angel Investor. An entrepreneur turned angel investor, he has been investing in early-stage ventures full time for the last 5 years. He founded Regah Ventures to invest in visionary entrepreneurs who are transforming the world and improving lives.",part5_rule_b_company|source:company_investor_relation|source:deal_investor_relation|source:investor_investment_relation,CompanyInvestorRelation.CompanyID|CompanyInvestorRelation.InvestorID|Deal.CompanyID|DealInvestorRelation.DealID|DealInvestorRelation.InvestorID|InvestorInvestmentRelation.CompanyID|InvestorInvestmentRelation.InvestorID,"Part5 Rule B company investor graph: 1 token companies, 1 deals, 0 funds | source_methods=company_investor_relation,deal_investor_relation,investor_investment_relation | PrimaryInvestorType: Angel (individual) | PreferredVerticals: TMT | PreferredInvestmentTypes: Angel (individual), Early Stage VC, Later Stage VC, Seed Round | CompanyInvestorRelation: Coinbase Global; status=Former; holding=Minorit",part5_token_company_investor_graph_then_web_search_with_primary_source_priority,investor_router|capability_classification
399,454657-87,Mark Hull,,,,,,,,,"Santa Clara, CA",United States,Angel (individual),,,,,,,Mr. Mark Hull is a Co-Founder and serves as Chief Executive Officer at Exceeds. He is an Angel Investor. He served as Chief Product Officer at GoodRx.,part5_rule_b_company|source:company_investor_relation|source:deal_investor_relation|source:investor_investment_relation,CompanyInvestorRelation.CompanyID|CompanyInvestorRelation.InvestorID|Deal.CompanyID|DealInvestorRelation.DealID|DealInvestorRelation.InvestorID|InvestorInvestmentRelation.CompanyID|InvestorInvestmentRelation.InvestorID,"Part5 Rule B company investor graph: 1 token companies, 1 deals, 0 funds | source_methods=company_investor_relation,deal_investor_relation,investor_investment_relation | PrimaryInvestorType: Angel (individual) | CompanyInvestorRelation: SOON (New York); status=Active; holding=Minority; since=06/12/2025 | DealInvestorRelation: SOON (New York); deal=297975-34T; date=06/12/2025; type=Early Stage VC; l",part5_token_company_investor_graph_then_web_search_with_primary_source_priority,investor_router|capability_classification
400,56638-36,Matter (Consulting Services (B2B)),Matter,,,www.matter.health,matter.health,,,,"Chicago, IL",United States,Accelerator/Incubator,,Accelerator/Incubator,"Digital Health, HealthTech, TMT",,,,"Founded in 2015, Matter is an incubator based in Chicago, Illinois. The firm focuses on the healthcare sector.",part5_rule_b_company|source:company_investor_relation|source:deal_investor_relation|source:investor_investment_relation,CompanyInvestorRelation.CompanyID|CompanyInvestorRelation.InvestorID|Deal.CompanyID|DealInvestorRelation.DealID|DealInvestorRelation.InvestorID|InvestorInvestmentRelation.CompanyID|InvestorInvestmentRelation.InvestorID,"Part5 Rule B company investor graph: 1 token companies, 1 deals, 0 funds | source_methods=company_investor_relation,deal_investor_relation,investor_investment_relation | PrimaryInvestorType: Accelerator/Incubator | PreferredVerticals: Digital Health, HealthTech, TMT | PreferredInvestmentTypes: Accelerator/Incubator | CompanyInvestorRelation: Patientory; status=Active; holding=; since= | DealInvesto",part5_token_company_investor_graph_then_web_search_with_primary_source_priority,investor_router|capability_classification
401,438093-28,Matthew Chagen,,,,,,,,,,,Angel (individual),,,,,,,"Mr. Matthew Chagen is an Angel Investor. Mr. Chagen serves as Partner at Sustainable Future Ventures. He served as Head, Corporate Development at Ripple. He joined Rich Products Ventures in 2019 and has been actively involved in RPV's investments in Future Meat, BlueNalu, MycoTechnology, GoodEggs, Perennial and Fish People. Prior to joining RPV, Mr. Chagen held operational roles at technology companies, heading up Corporate Development and Venture Investing at blockchain startup Ripple and internet platform company Opera. Prior to Ripple, Mr. Chagen co-founded Synapse Partners, a venture capital firm focused on the intersection of AI and enterprise software. Earlier in his career Mr. Chagen",part5_rule_b_company|source:company_investor_relation|source:deal_investor_relation|source:investor_investment_relation,CompanyInvestorRelation.CompanyID|CompanyInvestorRelation.InvestorID|Deal.CompanyID|DealInvestorRelation.DealID|DealInvestorRelation.InvestorID|InvestorInvestmentRelation.CompanyID|InvestorInvestmentRelation.InvestorID,"Part5 Rule B company investor graph: 1 token companies, 1 deals, 0 funds | source_methods=company_investor_relation,deal_investor_relation,investor_investment_relation | PrimaryInvestorType: Angel (individual) | CompanyInvestorRelation: Barrel Protocol; status=Former; holding=Minority; since=09/06/2018 | DealInvestorRelation: Barrel Protocol; deal=132887-26T; date=09/06/2018; type=Seed Round; lead=",part5_token_company_investor_graph_then_web_search_with_primary_source_priority,investor_router|capability_classification
402,106036-75,Matthew Ocko,,,,,,,,,"San Francisco, CA",United States,Angel (individual),,"Angel (individual), Early Stage VC, Seed Round",TMT,"Prefers minority stake, Will syndicate",,,"Mr. Matthew Ocko is a Co-Founder and serves as Managing Partner at DCVC. He also serves as a Member of the Investment Committee at New Zealand Growth Capital Partners. He serves as a Board Member at Tradeshift. He also serves as an Independent Investment Committee Member at Elevate NZ Venture Fund. He served as a Board Member at Capella Space. He served as a Board Member at Nervana Systems and Fortem Technologies. He is a Co-Founder and serves as Managing Partner at DCVC Bio. Previously, he was a Board Member of BlueTalon, Auransa, 3Scan, Agenovir, and Declara. He serves as a Local Partner at Mass Innovations. He serves as a Board Member at Kentik, Agility Robotics, Primer, Atomwise, and Rea",part5_rule_b_company|source:company_investor_relation|source:deal_investor_relation|source:investor_investment_relation,CompanyInvestorRelation.CompanyID|CompanyInvestorRelation.InvestorID|Deal.CompanyID|DealInvestorRelation.DealID|DealInvestorRelation.InvestorID|InvestorInvestmentRelation.CompanyID|InvestorInvestmentRelation.InvestorID,"Part5 Rule B company investor graph: 1 token companies, 1 deals, 0 funds | source_methods=company_investor_relation,deal_investor_relation,investor_investment_relation | PrimaryInvestorType: Angel (individual) | PreferredVerticals: TMT | PreferredInvestmentTypes: Angel (individual), Early Stage VC, Seed Round | CompanyInvestorRelation: Set Labs; status=Active; holding=Minority; since=03/12/2018 | D",part5_token_company_investor_graph_then_web_search_with_primary_source_priority,investor_router|capability_classification
403,747972-10,Max Kostin,,,,,,,,,,,Angel (individual),,,,,,,Mr. Max Kostin serves as Angel Investor at Max Kostin.,part5_rule_b_company|source:company_investor_relation|source:deal_investor_relation|source:investor_investment_relation,CompanyInvestorRelation.CompanyID|CompanyInvestorRelation.InvestorID|Deal.CompanyID|DealInvestorRelation.DealID|DealInvestorRelation.InvestorID|InvestorInvestmentRelation.CompanyID|InvestorInvestmentRelation.InvestorID,"Part5 Rule B company investor graph: 1 token companies, 1 deals, 0 funds | source_methods=company_investor_relation,deal_investor_relation,investor_investment_relation | PrimaryInvestorType: Angel (individual) | CompanyInvestorRelation: Drosera; status=Active; holding=Minority; since=02/10/2025 | DealInvestorRelation: Drosera; deal=284720-32T; date=02/10/2025; type=Later Stage VC; lead=No; fund= |",part5_token_company_investor_graph_then_web_search_with_primary_source_priority,investor_router|capability_classification
404,741542-14,Max Max,,,,,,,,,,,Angel (individual),,,,,,,Mr. Max serves as Angel Investor at Max (Angel Investor).,part5_rule_b_company|source:company_investor_relation|source:deal_investor_relation|source:investor_investment_relation,CompanyInvestorRelation.CompanyID|CompanyInvestorRelation.InvestorID|Deal.CompanyID|DealInvestorRelation.DealID|DealInvestorRelation.InvestorID|InvestorInvestmentRelation.CompanyID|InvestorInvestmentRelation.InvestorID,"Part5 Rule B company investor graph: 1 token companies, 1 deals, 0 funds | source_methods=company_investor_relation,deal_investor_relation,investor_investment_relation | PrimaryInvestorType: Angel (individual) | CompanyInvestorRelation: SOON (New York); status=Active; holding=Minority; since=08/27/2024 | DealInvestorRelation: SOON (New York); deal=270970-48T; date=08/27/2024; type=Seed Round; lead=",part5_token_company_investor_graph_then_web_search_with_primary_source_priority,investor_router|capability_classification
405,462010-51,Max Webster,,,,,,,,,"San Francisco, CA",United States,Angel (individual),,,,,,,"Mr. Max Webster is the Founder of Hivemind Ventures. Mr. Webster has a decade of experience as an early-stage venture capitalist, angel investor, and startup founder and is passionate about spreading decentralized money (bitcoin), the internet (web3), and energy (solar + DERs) for the world. Mr. Max Webster served as an Investor at Version One Ventures. He served as an Executive at Bright. He was a Co-Founder and served as a & Chief Executive Officer at Weave. Prior to that, he helped start several companies in the solar and Bitcoin industries, most notably Bright, the leading residential solar company in Mexico, and Entiende Bitcoin, a consultancy conducting user/market research for Latin A",part5_rule_b_company|source:company_investor_relation|source:deal_investor_relation|source:investor_investment_relation,CompanyInvestorRelation.CompanyID|CompanyInvestorRelation.InvestorID|Deal.CompanyID|DealInvestorRelation.DealID|DealInvestorRelation.InvestorID|InvestorInvestmentRelation.CompanyID|InvestorInvestmentRelation.InvestorID,"Part5 Rule B company investor graph: 1 token companies, 1 deals, 0 funds | source_methods=company_investor_relation,deal_investor_relation,investor_investment_relation | PrimaryInvestorType: Angel (individual) | CompanyInvestorRelation: Mask Network; status=Active; holding=Minority; since=02/16/2021 | DealInvestorRelation: Mask Network; deal=159737-23T; date=02/16/2021; type=Later Stage VC; lead=No",part5_token_company_investor_graph_then_web_search_with_primary_source_priority,investor_router|capability_classification
406,459819-19,Max Woon,,,,,,,,,"Miami, FL",United States,Angel (individual),,,,,,,"Mr. Max Woon is a Co-Founder & serves as Chief Technology Officer at SuperWorld. Mr. Woon is a Co-Founder and also serves as the CSO at Foundry Six. He is an Angel Investor. Before founding SuperWorld, he co-founded Xfire (acquired by Viacom), Phizzle, and Storytime Studios, was the founding CTO at Toonstar, and was the technical advisor at Sliver.tv. In each of these roles his technical skills were utilized as he often served as the CTO of the company. He holds a BS from the Imperial College London and pursued a Ph.D. in Theoretical Physics at the University of Cambridge before dropping out to become an entrepreneur.",part5_rule_b_company|source:company_investor_relation|source:deal_investor_relation|source:investor_investment_relation,CompanyInvestorRelation.CompanyID|CompanyInvestorRelation.InvestorID|Deal.CompanyID|DealInvestorRelation.DealID|DealInvestorRelation.InvestorID|InvestorInvestmentRelation.CompanyID|InvestorInvestmentRelation.InvestorID,"Part5 Rule B company investor graph: 1 token companies, 1 deals, 0 funds | source_methods=company_investor_relation,deal_investor_relation,investor_investment_relation | PrimaryInvestorType: Angel (individual) | CompanyInvestorRelation: Augmate; status=Former; holding=Minority; since=09/28/2018 | DealInvestorRelation: Augmate; deal=113171-95T; date=09/28/2018; type=Later Stage VC; lead=No; fund= |",part5_token_company_investor_graph_then_web_search_with_primary_source_priority,investor_router|capability_classification
407,496619-38,Maximillian Jungreis,,,,,,,,,,,Angel (individual),,,,,,,,part5_rule_b_company|source:company_investor_relation|source:deal_investor_relation|source:investor_investment_relation,CompanyInvestorRelation.CompanyID|CompanyInvestorRelation.InvestorID|Deal.CompanyID|DealInvestorRelation.DealID|DealInvestorRelation.InvestorID|InvestorInvestmentRelation.CompanyID|InvestorInvestmentRelation.InvestorID,"Part5 Rule B company investor graph: 1 token companies, 1 deals, 0 funds | source_methods=company_investor_relation,deal_investor_relation,investor_investment_relation | PrimaryInvestorType: Angel (individual) | CompanyInvestorRelation: Starpower (San Francisco); status=Active; holding=Minority; since=06/04/2024 | DealInvestorRelation: Starpower (San Francisco); deal=248393-44T; date=06/04/2024; ty",part5_token_company_investor_graph_then_web_search_with_primary_source_priority,investor_router|capability_classification
408,494584-12,Mayur Relekar,,,,,,,,,"Bangalore, India",India,Angel (individual),,,,,,,Mr. Mayur Relekar is a Co-Founder of Arcana and also serves as its Chief Executive Officer.,part5_rule_b_company|source:company_investor_relation|source:deal_investor_relation|source:investor_investment_relation,CompanyInvestorRelation.CompanyID|CompanyInvestorRelation.InvestorID|Deal.CompanyID|DealInvestorRelation.DealID|DealInvestorRelation.InvestorID|InvestorInvestmentRelation.CompanyID|InvestorInvestmentRelation.InvestorID,"Part5 Rule B company investor graph: 1 token companies, 1 deals, 0 funds | source_methods=company_investor_relation,deal_investor_relation,investor_investment_relation | PrimaryInvestorType: Angel (individual) | CompanyInvestorRelation: Data3 Network; status=Active; holding=Minority; since=04/04/2022 | DealInvestorRelation: Data3 Network; deal=191505-61T; date=04/04/2022; type=Seed Round; lead=No;",part5_token_company_investor_graph_then_web_search_with_primary_source_priority,investor_router|capability_classification
409,592640-56,MBT Ventures,,,MBT Ventures Limited,www.mbtventures.in,mbtventures.in,,,,"London, United Kingdom",United Kingdom,Venture Capital,,"Early Stage VC, Later Stage VC, Seed Round","Artificial Intelligence & Machine Learning, CloudTech & DevOps, Cryptocurrency/Blockchain, SaaS","Prefers minority stake, Will syndicate",,,"Founded in 2018, MBT Ventures is a venture capital firm based in London, United Kingdom. The firm seeks to invest in Web3, cloud computing, artificial intelligence, news, fashion, and technology sectors.",part5_rule_b_company|source:company_investor_relation|source:deal_investor_relation|source:investor_investment_relation,CompanyInvestorRelation.CompanyID|CompanyInvestorRelation.InvestorID|Deal.CompanyID|DealInvestorRelation.DealID|DealInvestorRelation.InvestorID|InvestorInvestmentRelation.CompanyID|InvestorInvestmentRelation.InvestorID,"Part5 Rule B company investor graph: 1 token companies, 1 deals, 0 funds | source_methods=company_investor_relation,deal_investor_relation,investor_investment_relation | PrimaryInvestorType: Venture Capital | PreferredVerticals: Artificial Intelligence & Machine Learning, CloudTech & DevOps, Cryptocurrency/Blockchain, SaaS | PreferredInvestmentTypes: Early Stage VC, Later Stage VC, Seed Round | Com",part5_token_company_investor_graph_then_web_search_with_primary_source_priority,investor_router|capability_classification
410,112600-18,MedTech Innovator,,,,medtechinnovator.org,medtechinnovator.org,,,,"Los Angeles, CA",United States,Accelerator/Incubator,,Accelerator/Incubator,"Digital Health, HealthTech, Life Sciences, LOHAS & Wellness, Wearables & Quantified Self","Prefers minority stake, Will syndicate",,,"Founded in 2013, MedTech Innovator is an accelerator firm based in Los Angeles, California. The firm supports medical devices, digital health, consumer healthcare, imaging, remote patient monitoring & clinical studies, workflow optimization, and diagnostic companies.",part5_rule_b_company|source:company_investor_relation|source:deal_investor_relation|source:investor_investment_relation|lead_investor,CompanyInvestorRelation.CompanyID|CompanyInvestorRelation.InvestorID|Deal.CompanyID|DealInvestorRelation.DealID|DealInvestorRelation.InvestorID|InvestorInvestmentRelation.CompanyID|InvestorInvestmentRelation.InvestorID,"Part5 Rule B company investor graph: 1 token companies, 1 deals, 0 funds | source_methods=company_investor_relation,deal_investor_relation,investor_investment_relation | PrimaryInvestorType: Accelerator/Incubator | PreferredVerticals: Digital Health, HealthTech, Life Sciences, LOHAS & Wellness, Wearables & Quantified Self | PreferredInvestmentTypes: Accelerator/Incubator | CompanyInvestorRelation:",part5_token_company_investor_graph_then_web_search_with_primary_source_priority,investor_router|capability_classification
411,111744-82,Meg Nakamura,,,,,,,,,,,Angel (individual),,,"FinTech, TMT",,,,,part5_rule_b_company|source:company_investor_relation|source:deal_investor_relation|source:investor_investment_relation,CompanyInvestorRelation.CompanyID|CompanyInvestorRelation.InvestorID|Deal.CompanyID|DealInvestorRelation.DealID|DealInvestorRelation.InvestorID|InvestorInvestmentRelation.CompanyID|InvestorInvestmentRelation.InvestorID,"Part5 Rule B company investor graph: 1 token companies, 1 deals, 0 funds | source_methods=company_investor_relation,deal_investor_relation,investor_investment_relation | PrimaryInvestorType: Angel (individual) | PreferredVerticals: FinTech, TMT | CompanyInvestorRelation: Bitso; status=Active; holding=Minority; since=05/28/2015 | DealInvestorRelation: Bitso; deal=57195-55T; date=05/28/2015; type=See",part5_token_company_investor_graph_then_web_search_with_primary_source_priority,investor_router|capability_classification
412,52166-17,Mentor Capital,"MNTR, Mentor",,"Mentor Capital, Inc.",www.mentorcapital.com,mentorcapital.com,,PINX,MNTR,"Plano, TX",United States,Mezzanine,"Accelerator/Incubator, Growth/Expansion, Holding Company, Other Private Equity, PE/Buyout, Venture Capital","Acquisition Financing, Asset Acquisition, Corporate Asset Purchase, Equity For Service, IPO, Later Stage VC, Merger/Acquisition, Merger of Equals, Mezzanine, PE Growth/Expansion, Public-Private Partnership, Spin-Off","Advanced Manufacturing, Cryptocurrency/Blockchain, Digital Health, E-Commerce, HealthTech, Life Sciences, Manufacturing, Mobile Commerce, Oil & Gas","Prefers minority stake, Will syndicate",,,"Founded in 1985, Mentor Capital is a mezzanine investment firm based in Plano, Texas. This firm primarily seeks to invest in B2B, B2C, energy, financial services, healthcare, information technology, material & resources, manufacturing, cryptocurrency & blockchain, life sciences, oil & gas, digital health, e-commerce & mobile commerce sectors based in the United States region.",part5_rule_b_company|source:company_investor_relation|source:deal_investor_relation|source:investor_investment_relation,CompanyInvestorRelation.CompanyID|CompanyInvestorRelation.InvestorID|Deal.CompanyID|DealInvestorRelation.DealID|DealInvestorRelation.InvestorID|InvestorInvestmentRelation.CompanyID|InvestorInvestmentRelation.InvestorID,"Part5 Rule B company investor graph: 1 token companies, 1 deals, 0 funds | source_methods=company_investor_relation,deal_investor_relation,investor_investment_relation | PrimaryInvestorType: Mezzanine | OtherInvestorTypes: Accelerator/Incubator, Growth/Expansion, Holding Company, Other Private Equity, PE/Buyout, Venture Capital | PreferredVerticals: Advanced Manufacturing, Cryptocurrency/Blockchain",part5_token_company_investor_graph_then_web_search_with_primary_source_priority,investor_router|capability_classification
413,228320-74,Mercado Libre Fund,,,,,,MercadoLibre,,,"Buenos Aires, Argentina",Argentina,Corporate Venture Capital,,"Early Stage VC, Seed Round","E-Commerce, FinTech, TMT","Prefers minority stake, Will syndicate",,,"Founded in 2013, Mercado Libre Fund is a corporate venture capital arm of MercadoLibre based in Buenos Aires, Argentina. The firm prefers to invest in technology companies in the e-commerce & financial services sectors in Latin America.",part5_rule_b_company|source:company_investor_relation|source:deal_investor_relation|source:investor_investment_relation,CompanyInvestorRelation.CompanyID|CompanyInvestorRelation.InvestorID|Deal.CompanyID|DealInvestorRelation.DealID|DealInvestorRelation.InvestorID|InvestorInvestmentRelation.CompanyID|InvestorInvestmentRelation.InvestorID,"Part5 Rule B company investor graph: 1 token companies, 1 deals, 0 funds | source_methods=company_investor_relation,deal_investor_relation,investor_investment_relation | PrimaryInvestorType: Corporate Venture Capital | PreferredVerticals: E-Commerce, FinTech, TMT | PreferredInvestmentTypes: Early Stage VC, Seed Round | CompanyInvestorRelation: Paxos; status=Active; holding=Minority; since=01/20/202",part5_token_company_investor_graph_then_web_search_with_primary_source_priority,investor_router|capability_classification
414,489766-78,Meta Investment,,,Meta Investments Inc.,,,,,,"Toronto, Canada",Canada,Venture Capital,,"Early Stage VC, Later Stage VC, Seed Round",,"Prefers minority stake, Will syndicate",,,"Founded in 2021, Meta Investment was a venture capital firm based in Toronto, Canada. The firm preferred to invest in seed, early and later-stage startups.",part5_rule_b_company|source:company_investor_relation|source:deal_investor_relation|source:investor_investment_relation,CompanyInvestorRelation.CompanyID|CompanyInvestorRelation.InvestorID|Deal.CompanyID|DealInvestorRelation.DealID|DealInvestorRelation.InvestorID|InvestorInvestmentRelation.CompanyID|InvestorInvestmentRelation.InvestorID,"Part5 Rule B company investor graph: 1 token companies, 1 deals, 0 funds | source_methods=company_investor_relation,deal_investor_relation,investor_investment_relation | PrimaryInvestorType: Venture Capital | PreferredInvestmentTypes: Early Stage VC, Later Stage VC, Seed Round | CompanyInvestorRelation: Sygnum Bank; status=Former; holding=Minority; since=01/06/2022 | DealInvestorRelation: Sygnum Ba",part5_token_company_investor_graph_then_web_search_with_primary_source_priority,investor_router|capability_classification
415,518472-46,MetaKovan MetaKovan,,,,,,,,,,,Angel (individual),,,,,,,Mr. MetaKovan MetaKovan is an Angel Investor.,part5_rule_b_company|source:company_investor_relation|source:deal_investor_relation|source:investor_investment_relation,CompanyInvestorRelation.CompanyID|CompanyInvestorRelation.InvestorID|Deal.CompanyID|DealInvestorRelation.DealID|DealInvestorRelation.InvestorID|InvestorInvestmentRelation.CompanyID|InvestorInvestmentRelation.InvestorID,"Part5 Rule B company investor graph: 1 token companies, 1 deals, 0 funds | source_methods=company_investor_relation,deal_investor_relation,investor_investment_relation | PrimaryInvestorType: Angel (individual) | CompanyInvestorRelation: Cypher (Bellevue); status=Active; holding=Minority; since=01/19/2023 | DealInvestorRelation: Cypher (Bellevue); deal=194762-80T; date=01/19/2023; type=Seed Round; l",part5_token_company_investor_graph_then_web_search_with_primary_source_priority,investor_router|capability_classification
416,481522-78,Meyer Global Management,,,"Meyer Global Management, LLC.",www.meyerglobalmgmt.com,meyerglobalmgmt.com,,,,"New York, NY",United States,Hedge Fund,Venture Capital,"Bridge, Early Stage VC, Later Stage VC, Seed Round","Artificial Intelligence & Machine Learning, Augmented Reality, Autonomous cars, B2B Payments, Cryptocurrency/Blockchain, Cybersecurity, Internet of Things, Life Sciences, Mobility Tech, Robotics and Drones, SaaS, Space Technology, Supply Chain Tech, TMT, Virtual Reality","Prefers minority stake, Will syndicate",Meyer Squared Capital,Hedge Fund,"Founded in 2021, Meyer Global Management is a hedge fund manager based in New York. The firm employs a long/short equity strategy. The firm prefers to invest in technology startups based in the United States.",part5_rule_b_company|source:company_investor_relation|source:deal_investor_relation|source:investor_investment_relation,CompanyInvestorRelation.CompanyID|CompanyInvestorRelation.InvestorID|Deal.CompanyID|DealInvestorRelation.DealID|DealInvestorRelation.InvestorID|InvestorInvestmentRelation.CompanyID|InvestorInvestmentRelation.InvestorID,"Part5 Rule B company investor graph: 1 token companies, 1 deals, 0 funds | source_methods=company_investor_relation,deal_investor_relation,investor_investment_relation | PrimaryInvestorType: Hedge Fund | OtherInvestorTypes: Venture Capital | PreferredVerticals: Artificial Intelligence & Machine Learning, Augmented Reality, Autonomous cars, B2B Payments, Cryptocurrency/Blockchain, Cybersecurity, Int",part5_token_company_investor_graph_then_web_search_with_primary_source_priority,investor_router|capability_classification
417,53974-54,MG Capital Management,MG Capital,,MG Capital Management L.P.,www.mgcapmgmt.com,mgcapmgmt.com,,,,"New York, NY",United States,Real Estate,Asset Manager,,TMT,,,,"MG Capital is a private equity real estate investment manager that invests exclusively in class A residential properties across Manhattan. It provides investors with a diverse and distinctive product mix that meets individual aspirations through a collateralized, transparent real estate private equity investment.",part5_rule_b_company|source:company_investor_relation|source:deal_investor_relation|source:investor_investment_relation,CompanyInvestorRelation.CompanyID|CompanyInvestorRelation.InvestorID|Deal.CompanyID|DealInvestorRelation.DealID|DealInvestorRelation.InvestorID|InvestorInvestmentRelation.CompanyID|InvestorInvestmentRelation.InvestorID,"Part5 Rule B company investor graph: 1 token companies, 1 deals, 0 funds | source_methods=company_investor_relation,deal_investor_relation,investor_investment_relation | PrimaryInvestorType: Real Estate | OtherInvestorTypes: Asset Manager | PreferredVerticals: TMT | CompanyInvestorRelation: BTA Protocol; status=Former; holding=Minority; since=07/12/2024 | DealInvestorRelation: BTA Protocol; deal=27",part5_token_company_investor_graph_then_web_search_with_primary_source_priority,investor_router|capability_classification
418,106097-68,Michael Liou,,,,,,,,,"San Mateo, CA",United States,Angel (individual),,"Angel (individual), Early Stage VC, Seed Round",TMT,"Prefers minority stake, Will syndicate",,,"Mr. Michael Liou is an Angel Investor. Mr. Liou served as Advisor at AuditFile. Mr. Liou served as Investment Counselor at Citi Private Bank. Previously, he founded and serevd as Chief Investment Officer at Anvil Capital Advisors. Prior to founding Anvil Capital, he spent 17 years at Goldman Sachs as Managing Director. He oversaw three business units in New York and San Francisco with a focus on equity derivatives, equity finance, and institutional sales. Previous to this he worked on Wall Street with Kidder, Peabody building program trading systems, developing quantitative trading strategies, and trading equity derivatives. He began his career at Bell Laboratories Research in New Jersey. Mi",part5_rule_b_company|source:company_investor_relation|source:deal_investor_relation|source:investor_investment_relation,CompanyInvestorRelation.CompanyID|CompanyInvestorRelation.InvestorID|Deal.CompanyID|DealInvestorRelation.DealID|DealInvestorRelation.InvestorID|InvestorInvestmentRelation.CompanyID|InvestorInvestmentRelation.InvestorID,"Part5 Rule B company investor graph: 1 token companies, 1 deals, 0 funds | source_methods=company_investor_relation,deal_investor_relation,investor_investment_relation | PrimaryInvestorType: Angel (individual) | PreferredVerticals: TMT | PreferredInvestmentTypes: Angel (individual), Early Stage VC, Seed Round | CompanyInvestorRelation: PayStand; status=Active; holding=Minority; since=05/11/2016 | D",part5_token_company_investor_graph_then_web_search_with_primary_source_priority,investor_router|capability_classification
419,503342-83,Mike Lanuto,,,,,,,,,,,Angel (individual),,,,,,,Mr. Mike Lanuto is an Angel Investor.,part5_rule_b_company|source:company_investor_relation|source:deal_investor_relation|source:investor_investment_relation,CompanyInvestorRelation.CompanyID|CompanyInvestorRelation.InvestorID|Deal.CompanyID|DealInvestorRelation.DealID|DealInvestorRelation.InvestorID|InvestorInvestmentRelation.CompanyID|InvestorInvestmentRelation.InvestorID,"Part5 Rule B company investor graph: 1 token companies, 1 deals, 0 funds | source_methods=company_investor_relation,deal_investor_relation,investor_investment_relation | PrimaryInvestorType: Angel (individual) | CompanyInvestorRelation: investFeed; status=Former; holding=Minority; since=11/16/2014 | DealInvestorRelation: investFeed; deal=201330-91T; date=11/16/2014; type=Seed Round; lead=No; fund=",part5_token_company_investor_graph_then_web_search_with_primary_source_priority,investor_router|capability_classification
420,65587-06,Minkabu The Infonoid,Minkabu,Masutune,"Minkabu The Innoid Co., Ltd.",www.minkabu.co.jp,minkabu.co.jp,,TKS,4436,"Tokyo, Japan",Japan,Corporation,,"Early Stage VC, Later Stage VC, Merger/Acquisition","FinTech, TMT",Prefers majority stake,,,"Minkabu The Infonoid is engaged in the media and information solution services business. It operates through two primary segments: the Media Business and the Solutions Business. The Media Business centers on the Livedoor platform, offering both user- and professionally generated content through services such as Livedoor Blog, Livedoor News, MINKABU, and specialized media like Kstyle and MINKABU choice. It earns revenue from advertising, paid services, and contracted production. The Solutions Business provides information solutions for financial institutions, including systems built with proprietary APIs and applications. It also manages Kabutan, a stock information service, generating income",part5_rule_b_company|source:company_investor_relation|source:deal_investor_relation|source:investor_investment_relation,CompanyInvestorRelation.CompanyID|CompanyInvestorRelation.InvestorID|Deal.CompanyID|DealInvestorRelation.DealID|DealInvestorRelation.InvestorID|InvestorInvestmentRelation.CompanyID|InvestorInvestmentRelation.InvestorID,"Part5 Rule B company investor graph: 1 token companies, 1 deals, 0 funds | source_methods=company_investor_relation,deal_investor_relation,investor_investment_relation | PrimaryInvestorType: Corporation | PreferredVerticals: FinTech, TMT | PreferredInvestmentTypes: Early Stage VC, Later Stage VC, Merger/Acquisition | CompanyInvestorRelation: investFeed; status=Former; holding=Minority; since=06/13/",part5_token_company_investor_graph_then_web_search_with_primary_source_priority,investor_router|capability_classification
421,1167624-46,Mirko Turrina,,,,,,,,,,,Angel (individual),,,,,,,Mr. Mirko Turrina serves as Angel Investor at Mirko Turrina.,part5_rule_b_company|source:company_investor_relation|source:deal_investor_relation|source:investor_investment_relation,CompanyInvestorRelation.CompanyID|CompanyInvestorRelation.InvestorID|Deal.CompanyID|DealInvestorRelation.DealID|DealInvestorRelation.InvestorID|InvestorInvestmentRelation.CompanyID|InvestorInvestmentRelation.InvestorID,"Part5 Rule B company investor graph: 1 token companies, 1 deals, 0 funds | source_methods=company_investor_relation,deal_investor_relation,investor_investment_relation | PrimaryInvestorType: Angel (individual) | CompanyInvestorRelation: Oner Network; status=Active; holding=; since= | DealInvestorRelation: Oner Network; deal=314879-86T; date=11/27/2025; type=Equity Crowdfunding; lead=No; fund= | Inv",part5_token_company_investor_graph_then_web_search_with_primary_source_priority,investor_router|capability_classification
422,163582-30,MiRXES Innovation,MiRXES,Venturecraft Group,Venturecraft Holdings,mirxesinnovation.com,mirxesinnovation.com,,,,"Singapore, Singapore",Singapore,Venture Capital,Accelerator/Incubator,"Accelerator/Incubator, Early Stage VC, Later Stage VC","FinTech, Life Sciences, Mobile, Oncology, TMT","Prefers minority stake, Will syndicate",Venturecraft Two,Venture - General,"founded in 2015, MiRXES Innovation was a venture capital firm based in Singapore. The firm used to invest in the medtech, biotech, and digital health sector companies.",part5_rule_b_company|source:company_investor_relation|source:deal_investor_relation|source:investor_investment_relation,CompanyInvestorRelation.CompanyID|CompanyInvestorRelation.InvestorID|Deal.CompanyID|DealInvestorRelation.DealID|DealInvestorRelation.InvestorID|InvestorInvestmentRelation.CompanyID|InvestorInvestmentRelation.InvestorID,"Part5 Rule B company investor graph: 1 token companies, 1 deals, 0 funds | source_methods=company_investor_relation,deal_investor_relation,investor_investment_relation | PrimaryInvestorType: Venture Capital | OtherInvestorTypes: Accelerator/Incubator | PreferredVerticals: FinTech, Life Sciences, Mobile, Oncology, TMT | PreferredInvestmentTypes: Accelerator/Incubator, Early Stage VC, Later Stage VC",part5_token_company_investor_graph_then_web_search_with_primary_source_priority,investor_router|capability_classification
423,154669-24,Moonshots Capital,Moonshots,,"Moonshots Capital Management Company, LLC",www.moonshotscapital.com,moonshotscapital.com,,,,"Austin, TX",United States,Venture Capital,,"Early Stage VC, Seed Round","Artificial Intelligence & Machine Learning, Cybersecurity, E-Commerce, FinTech, Mobile, SaaS, TMT","Prefers minority stake, Will syndicate",Moonshots Capital Fund 3,Venture Capital - Early Stage,"Founded in 2017, Moonshots Capital is a venture capital investment firm based in Austin, Texas. The firm seeks to invest in dual-use tech, fintech, consumer Internet, artificial Intelligence, and cybersecurity sectors. This firm is a Registered Investment Adviser (RIA).",part5_rule_b_company|source:company_investor_relation|source:deal_investor_relation|source:investor_investment_relation,CompanyInvestorRelation.CompanyID|CompanyInvestorRelation.InvestorID|Deal.CompanyID|DealInvestorRelation.DealID|DealInvestorRelation.InvestorID|InvestorInvestmentRelation.CompanyID|InvestorInvestmentRelation.InvestorID,"Part5 Rule B company investor graph: 1 token companies, 1 deals, 0 funds | source_methods=company_investor_relation,deal_investor_relation,investor_investment_relation | PrimaryInvestorType: Venture Capital | PreferredVerticals: Artificial Intelligence & Machine Learning, Cybersecurity, E-Commerce, FinTech, Mobile, SaaS, TMT | PreferredInvestmentTypes: Early Stage VC, Seed Round | CompanyInvestorRe",part5_token_company_investor_graph_then_web_search_with_primary_source_priority,investor_router|capability_classification
424,171178-30,Morgan Beller,,,,,,,,,"San Francisco, CA",United States,Angel (individual),,,"SaaS, TMT",,,,"Ms. Morgan Beller serves as a General Partner at NFX. She serves as a Board Member at Xternity. She serves as a Board Member at Starcloud. She is a Co-Founder and serves as an Advisor at Hyperlane. She serves as a Board Member at Celo, Ramp, and Starfish Space. She joined NFX in 2020 to invest in networks and marketplaces across a wide spectrum of sectors and is most interested in technical Founders who are creating new markets. She is the co-founder of Libra and was Head of Strategy for Facebook's Novi, Facebook's digital wallet for the Libra payment system. She originally joined Facebook as part of the Corporate Development team in 2017, where she worked on defining Facebook's strategy aro",part5_rule_b_company|source:company_investor_relation|source:deal_investor_relation|source:investor_investment_relation,CompanyInvestorRelation.CompanyID|CompanyInvestorRelation.InvestorID|Deal.CompanyID|DealInvestorRelation.DealID|DealInvestorRelation.InvestorID|InvestorInvestmentRelation.CompanyID|InvestorInvestmentRelation.InvestorID,"Part5 Rule B company investor graph: 1 token companies, 1 deals, 0 funds | source_methods=company_investor_relation,deal_investor_relation,investor_investment_relation | PrimaryInvestorType: Angel (individual) | PreferredVerticals: SaaS, TMT | CompanyInvestorRelation: Goldfinch Prime; status=Active; holding=Minority; since=01/06/2022 | DealInvestorRelation: Goldfinch Prime; deal=186128-47T; date=01",part5_token_company_investor_graph_then_web_search_with_primary_source_priority,investor_router|capability_classification
425,438093-82,Moshe Berekes,,,,,,,,,,,Angel (individual),,,,,,,Mr. Moshe Berekes is an Angel Investor.,part5_rule_b_company|source:company_investor_relation|source:deal_investor_relation|source:investor_investment_relation,CompanyInvestorRelation.CompanyID|CompanyInvestorRelation.InvestorID|Deal.CompanyID|DealInvestorRelation.DealID|DealInvestorRelation.InvestorID|InvestorInvestmentRelation.CompanyID|InvestorInvestmentRelation.InvestorID,"Part5 Rule B company investor graph: 1 token companies, 1 deals, 0 funds | source_methods=company_investor_relation,deal_investor_relation,investor_investment_relation | PrimaryInvestorType: Angel (individual) | CompanyInvestorRelation: Barrel Protocol; status=Former; holding=Minority; since=09/06/2018 | DealInvestorRelation: Barrel Protocol; deal=132887-26T; date=09/06/2018; type=Seed Round; lead=",part5_token_company_investor_graph_then_web_search_with_primary_source_priority,investor_router|capability_classification
426,436374-37,Moshe Koyfman,,,,,,,,,"New York, NY",United States,Angel (individual),,,,,,,"Mr. Moshe Koyfman is the Founder and serves as General Partner at Shine Capital. Mr. Koyfman serves as a Board Member at Molecule and Trynow. He is also the Founder and serves as Chief Executive Officer at Moko Brands. He serves as a Board Observer at Remark. He serves as a Board Member at Skillshare and Polimorphic. He served as a Board Member at Plaid. He is an Angel Investor. He has served as General Partner of Shine Capital, an early-stage venture capital firm that he founded in September 2020, and as a Managing Member of MOKO Brands, an investment company that he founded in January 2017.is a member of the Vimeo board of directors, the world's leading all-in-one video solution, where he",part5_rule_b_company|source:company_investor_relation|source:deal_investor_relation|source:investor_investment_relation,CompanyInvestorRelation.CompanyID|CompanyInvestorRelation.InvestorID|Deal.CompanyID|DealInvestorRelation.DealID|DealInvestorRelation.InvestorID|InvestorInvestmentRelation.CompanyID|InvestorInvestmentRelation.InvestorID,"Part5 Rule B company investor graph: 1 token companies, 1 deals, 0 funds | source_methods=company_investor_relation,deal_investor_relation,investor_investment_relation | PrimaryInvestorType: Angel (individual) | CompanyInvestorRelation: Coinbase Global; status=Former; holding=Minority; since=01/01/2020 | DealInvestorRelation: Coinbase Global; deal=174797-11T; date=01/01/2020; type=Later Stage VC; l",part5_token_company_investor_graph_then_web_search_with_primary_source_priority,investor_router|capability_classification
427,111093-58,Mutschler Ventures,,,Mutschler Ventures AG,www.mutschler-ventures.com,mutschler-ventures.com,,,,"Baar, Switzerland",Switzerland,Venture Capital,,"Early Stage VC, Later Stage VC, Seed Round","Artificial Intelligence & Machine Learning, CleanTech, Climate Tech, Cybersecurity, Digital Health, E-Commerce, EdTech, FinTech, HealthTech, InsurTech, Micro-Mobility, Mobility Tech, Real Estate Technology, Robotics and Drones, SaaS, Space Technology, TMT","Prefers minority stake, Will syndicate",,,"Founded in 2007, Mutschler Ventures is a venture capital firm based in Baar, Switzerland. The firm prefers to invest in fintech, digital health, proptech, regtech, edtech, cleantech, mobility, b2b/b2c SaaS, enterprise SaaS, and tech-enabled services",part5_rule_b_company|source:company_investor_relation|source:deal_investor_relation|source:investor_investment_relation,CompanyInvestorRelation.CompanyID|CompanyInvestorRelation.InvestorID|Deal.CompanyID|DealInvestorRelation.DealID|DealInvestorRelation.InvestorID|InvestorInvestmentRelation.CompanyID|InvestorInvestmentRelation.InvestorID,"Part5 Rule B company investor graph: 1 token companies, 1 deals, 0 funds | source_methods=company_investor_relation,deal_investor_relation,investor_investment_relation | PrimaryInvestorType: Venture Capital | PreferredVerticals: Artificial Intelligence & Machine Learning, CleanTech, Climate Tech, Cybersecurity, Digital Health, E-Commerce, EdTech, FinTech, HealthTech, InsurTech, Micro-Mobility, Mobi",part5_token_company_investor_graph_then_web_search_with_primary_source_priority,investor_router|capability_classification
428,864638-38,Nana Murugesan,,,,,,,,,,,Angel (individual),,,,,,,Mr. Nana Murugesan serves as Angel Investor at Nana Murugesan.,part5_rule_b_company|source:company_investor_relation|source:deal_investor_relation|source:investor_investment_relation,CompanyInvestorRelation.CompanyID|CompanyInvestorRelation.InvestorID|Deal.CompanyID|DealInvestorRelation.DealID|DealInvestorRelation.InvestorID|InvestorInvestmentRelation.CompanyID|InvestorInvestmentRelation.InvestorID,"Part5 Rule B company investor graph: 1 token companies, 1 deals, 0 funds | source_methods=company_investor_relation,deal_investor_relation,investor_investment_relation | PrimaryInvestorType: Angel (individual) | CompanyInvestorRelation: SOON (New York); status=Active; holding=Minority; since=06/12/2025 | DealInvestorRelation: SOON (New York); deal=297975-34T; date=06/12/2025; type=Early Stage VC; l",part5_token_company_investor_graph_then_web_search_with_primary_source_priority,investor_router|capability_classification
429,41006-80,National Pension Service,NPS,National Pension Corporation,,www.nps.or.kr,nps.or.kr,,,,"Jeonju-si, South Korea",South Korea,Limited Partner,,"Asset Acquisition, Buyout/LBO","CleanTech, LOHAS & Wellness, Manufacturing","Will lead on a deal, Will syndicate",Allianz Real Estate Asia-Pacific Core I,Real Estate Core,"Founded in 1987, National Pension Service is a limited partner based in Seoul, South Korea. The firm prefers to invests in alternative investments, such as private equity, venture capital, real estate and hedge funds.",part5_rule_b_company|source:company_investor_relation|source:deal_investor_relation|source:investor_investment_relation,CompanyInvestorRelation.CompanyID|CompanyInvestorRelation.InvestorID|Deal.CompanyID|DealInvestorRelation.DealID|DealInvestorRelation.InvestorID|InvestorInvestmentRelation.CompanyID|InvestorInvestmentRelation.InvestorID,"Part5 Rule B company investor graph: 1 token companies, 1 deals, 0 funds | source_methods=company_investor_relation,deal_investor_relation,investor_investment_relation | PrimaryInvestorType: Limited Partner | PreferredVerticals: CleanTech, LOHAS & Wellness, Manufacturing | PreferredInvestmentTypes: Asset Acquisition, Buyout/LBO | CompanyInvestorRelation: Coinbase Global; status=Active; holding=Mino",part5_token_company_investor_graph_then_web_search_with_primary_source_priority,investor_router|capability_classification
430,503343-46,Naushad Mucklai,,,,,,,,,,,Angel (individual),,,,,,,Mr. Naushad Mucklai is an Angel Investor.,part5_rule_b_company|source:company_investor_relation|source:deal_investor_relation|source:investor_investment_relation,CompanyInvestorRelation.CompanyID|CompanyInvestorRelation.InvestorID|Deal.CompanyID|DealInvestorRelation.DealID|DealInvestorRelation.InvestorID|InvestorInvestmentRelation.CompanyID|InvestorInvestmentRelation.InvestorID,"Part5 Rule B company investor graph: 1 token companies, 1 deals, 0 funds | source_methods=company_investor_relation,deal_investor_relation,investor_investment_relation | PrimaryInvestorType: Angel (individual) | CompanyInvestorRelation: investFeed; status=Former; holding=Minority; since=11/16/2014 | DealInvestorRelation: investFeed; deal=201330-91T; date=11/16/2014; type=Seed Round; lead=No; fund=",part5_token_company_investor_graph_then_web_search_with_primary_source_priority,investor_router|capability_classification
431,42015-61,NetEase,126.com,"NetEase.com, Netease.Com, Inc., Netease Com Inc","NetEase, Inc.",ir.netease.com,ir.netease.com,,HKG,09999,"Hangzhou, China",China,Corporation,VC-Backed Company,"Add-on, Buyout/LBO, Merger/Acquisition",TMT,Prefers majority stake,NetEase Venture Capital Fund,Venture Capital - Early Stage,"NetEase, which started as an Internet portal service in 1997, is a leading online services provider in China. Its key services include online/mobile games, cloud music, media, advertising, email, live streaming, online education, and e-commerce. The company develops and operates some of China's most popular PC clients and mobile games, and it partners with global leading game developers, such as Blizzard Entertainment and Mojang (a Microsoft subsidiary).",part5_rule_b_company|source:company_investor_relation|source:deal_investor_relation|source:investor_investment_relation,CompanyInvestorRelation.CompanyID|CompanyInvestorRelation.InvestorID|Deal.CompanyID|DealInvestorRelation.DealID|DealInvestorRelation.InvestorID|InvestorInvestmentRelation.CompanyID|InvestorInvestmentRelation.InvestorID,"Part5 Rule B company investor graph: 1 token companies, 1 deals, 0 funds | source_methods=company_investor_relation,deal_investor_relation,investor_investment_relation | PrimaryInvestorType: Corporation | OtherInvestorTypes: VC-Backed Company | PreferredVerticals: TMT | PreferredInvestmentTypes: Add-on, Buyout/LBO, Merger/Acquisition | CompanyInvestorRelation: Improbable Worlds; status=Active; hold",part5_token_company_investor_graph_then_web_search_with_primary_source_priority,investor_router|capability_classification
432,507302-56,Neurone,,,Neurone SA,www.neurone.com,neurone.com,,,,"Luxembourg, Luxembourg",Luxembourg,Venture Capital,"Accelerator/Incubator, Growth/Expansion","Accelerator/Incubator, Early Stage VC, Later Stage VC, PE Growth/Expansion, Seed Round","AgTech, Artificial Intelligence & Machine Learning, Climate Tech, Digital Health, InsurTech, Life Sciences, Robotics and Drones, SaaS","Prefers minority stake, Will syndicate",,,"Founded in 2019, Neurone is a venture capital firm based in Luxembourg. The firm seeks to invest in B2C, healthcare, information technology, life science, SaaS, agriculture technology, climate technology, digital health, insurance technology, robotics & drones sectors.",part5_rule_b_company|source:company_investor_relation|source:deal_investor_relation|source:investor_investment_relation,CompanyInvestorRelation.CompanyID|CompanyInvestorRelation.InvestorID|Deal.CompanyID|DealInvestorRelation.DealID|DealInvestorRelation.InvestorID|InvestorInvestmentRelation.CompanyID|InvestorInvestmentRelation.InvestorID,"Part5 Rule B company investor graph: 1 token companies, 1 deals, 0 funds | source_methods=company_investor_relation,deal_investor_relation,investor_investment_relation | PrimaryInvestorType: Venture Capital | OtherInvestorTypes: Accelerator/Incubator, Growth/Expansion | PreferredVerticals: AgTech, Artificial Intelligence & Machine Learning, Climate Tech, Digital Health, InsurTech, Life Sciences, Ro",part5_token_company_investor_graph_then_web_search_with_primary_source_priority,investor_router|capability_classification
433,501012-91,New Start Ventures,,,New Start Ventures Limited,,,,,,"London, United Kingdom",United Kingdom,Venture Capital,,"Early Stage VC, Later Stage VC, Seed Round",,"Prefers minority stake, Will syndicate",,,"Founded in 2004, New Start Ventures was a venture capital firm based in London, United Kingdom.",part5_rule_b_company|source:company_investor_relation|source:deal_investor_relation|source:investor_investment_relation,CompanyInvestorRelation.CompanyID|CompanyInvestorRelation.InvestorID|Deal.CompanyID|DealInvestorRelation.DealID|DealInvestorRelation.InvestorID|InvestorInvestmentRelation.CompanyID|InvestorInvestmentRelation.InvestorID,"Part5 Rule B company investor graph: 1 token companies, 1 deals, 0 funds | source_methods=company_investor_relation,deal_investor_relation,investor_investment_relation | PrimaryInvestorType: Venture Capital | PreferredInvestmentTypes: Early Stage VC, Later Stage VC, Seed Round | CompanyInvestorRelation: SLG (Entertainment Software); status=Former; holding=Minority; since=07/04/2022 | DealInvestorRe",part5_token_company_investor_graph_then_web_search_with_primary_source_priority,investor_router|capability_classification
434,13372-39,New York Stock Exchange,NYSE,,"The New York Stock Exchange, LLC",www.nyse.com,nyse.com,Intercontinental Exchange,,,"New York, NY",United States,Corporation,,Merger/Acquisition,"FinTech, TMT",Prefers majority stake,,,"Operator of a stock exchange based in New York, United States. The company facilitates firms and businesses to raise the capital and offers securities listing, market data products and thereby enables trading of exchange-traded funds, listed securities and equity derivatives.",part5_rule_b_company|source:company_investor_relation|source:deal_investor_relation|source:investor_investment_relation,CompanyInvestorRelation.CompanyID|CompanyInvestorRelation.InvestorID|Deal.CompanyID|DealInvestorRelation.DealID|DealInvestorRelation.InvestorID|InvestorInvestmentRelation.CompanyID|InvestorInvestmentRelation.InvestorID,"Part5 Rule B company investor graph: 1 token companies, 1 deals, 0 funds | source_methods=company_investor_relation,deal_investor_relation,investor_investment_relation | PrimaryInvestorType: Corporation | PreferredVerticals: FinTech, TMT | PreferredInvestmentTypes: Merger/Acquisition | CompanyInvestorRelation: Coinbase Global; status=Former; holding=Minority; since=01/20/2015 | DealInvestorRelation",part5_token_company_investor_graph_then_web_search_with_primary_source_priority,investor_router|capability_classification
435,86527-00,NEX Opportunities,,Euclid Opportunities,EUCLID OPPORTUNITIES LIMITED,www.nexopportunities.com,nexopportunities.com,NEX Group,,,"London, United Kingdom",United Kingdom,Corporate Venture Capital,Venture Capital,"Early Stage VC, Later Stage VC, Seed Round","FinTech, TMT","Prefers minority stake, Will syndicate",,,"Founded in 2011, NEX Opportunities was a venture capital firm based in London, United Kingdom. The firm invested in financial technology companies.",part5_rule_b_company|source:company_investor_relation|source:deal_investor_relation|source:investor_investment_relation,CompanyInvestorRelation.CompanyID|CompanyInvestorRelation.InvestorID|Deal.CompanyID|DealInvestorRelation.DealID|DealInvestorRelation.InvestorID|InvestorInvestmentRelation.CompanyID|InvestorInvestmentRelation.InvestorID,"Part5 Rule B company investor graph: 1 token companies, 1 deals, 0 funds | source_methods=company_investor_relation,deal_investor_relation,investor_investment_relation | PrimaryInvestorType: Corporate Venture Capital | OtherInvestorTypes: Venture Capital | PreferredVerticals: FinTech, TMT | PreferredInvestmentTypes: Early Stage VC, Later Stage VC, Seed Round | CompanyInvestorRelation: Digital Asset",part5_token_company_investor_graph_then_web_search_with_primary_source_priority,investor_router|capability_classification
436,1162541-89,Nikola Alexandrov,,,,,,,,,"Sofia, Bulgaria",Bulgaria,Angel (individual),,,,,,,Mr. Nikola Alexandrov is a Co-Founder & serves as Chief Executive Officer at LockTrip.,part5_rule_b_company|source:company_investor_relation|source:deal_investor_relation|source:investor_investment_relation,CompanyInvestorRelation.CompanyID|CompanyInvestorRelation.InvestorID|Deal.CompanyID|DealInvestorRelation.DealID|DealInvestorRelation.InvestorID|InvestorInvestmentRelation.CompanyID|InvestorInvestmentRelation.InvestorID,"Part5 Rule B company investor graph: 1 token companies, 1 deals, 0 funds | source_methods=company_investor_relation,deal_investor_relation,investor_investment_relation | PrimaryInvestorType: Angel (individual) | CompanyInvestorRelation: Changex; status=Active; holding=Minority; since= | DealInvestorRelation: Changex; deal=313427-53T; date=; type=Angel (individual); lead=No; fund= | InvestorInvestme",part5_token_company_investor_graph_then_web_search_with_primary_source_priority,investor_router|capability_classification
437,64199-35,Nomura Asset Management,NAM,,"Nomura Asset Management Co., Ltd.",www.nomura-am.co.jp,nomura-am.co.jp,,,,"Tokyo, Japan",Japan,Asset Manager,"Fund of Funds, Hedge Fund",,"SaaS, TMT",Seeks ESG investments,Nomura China Equity Select 2,Buyout,"Founded in 1959, Nomura Asset Management is an asset manager headquartered in Tokyo, Japan. The firm seeks to invest in various debt and equity asset classes. The firm follows a bottom-up relative value approach with rigorous fundamental research on individual stocks and a top-down overlay. The investment process is designed to add value in all market conditions over a medium- to long-term horizon.",part5_rule_b_company|source:company_investor_relation|source:deal_investor_relation|source:investor_investment_relation,CompanyInvestorRelation.CompanyID|CompanyInvestorRelation.InvestorID|Deal.CompanyID|DealInvestorRelation.DealID|DealInvestorRelation.InvestorID|InvestorInvestmentRelation.CompanyID|InvestorInvestmentRelation.InvestorID,"Part5 Rule B company investor graph: 1 token companies, 1 deals, 0 funds | source_methods=company_investor_relation,deal_investor_relation,investor_investment_relation | PrimaryInvestorType: Asset Manager | OtherInvestorTypes: Fund of Funds, Hedge Fund | PreferredVerticals: SaaS, TMT | CompanyInvestorRelation: Liquid (Japan); status=Former; holding=Minority; since=12/03/2019 | DealInvestorRelation:",part5_token_company_investor_graph_then_web_search_with_primary_source_priority,investor_router|capability_classification
438,180511-66,Northpond Ventures,Northpond,,"Northpond Ventures, LLC",www.npv.vc,npv.vc,,,,"Bethesda, MD",United States,Venture Capital,,"Early Stage VC, Later Stage VC, Seed Round","Digital Health, HealthTech, Life Sciences","Prefers minority stake, Will syndicate",Northpond Capital Fund,Venture - General,"Founded in 2018, Northpond Ventures is a venture capital firm based in Bethesda, Maryland. The firm seeks to invest in life sciences, digital health and health tech.",part5_rule_b_company|source:company_investor_relation|source:deal_investor_relation|source:investor_investment_relation|lead_investor,CompanyInvestorRelation.CompanyID|CompanyInvestorRelation.InvestorID|Deal.CompanyID|DealInvestorRelation.DealID|DealInvestorRelation.InvestorID|InvestorInvestmentRelation.CompanyID|InvestorInvestmentRelation.InvestorID,"Part5 Rule B company investor graph: 1 token companies, 1 deals, 0 funds | source_methods=company_investor_relation,deal_investor_relation,investor_investment_relation | PrimaryInvestorType: Venture Capital | PreferredVerticals: Digital Health, HealthTech, Life Sciences | PreferredInvestmentTypes: Early Stage VC, Later Stage VC, Seed Round | CompanyInvestorRelation: Molecule; status=Active; holding",part5_token_company_investor_graph_then_web_search_with_primary_source_priority,investor_router|capability_classification
439,437683-06,Novum Partners,,Novum Capital Partners,Novum Partners SA,www.novumpartners.com,novumpartners.com,,,,"Geneva, Switzerland",Switzerland,Family Office,"Hedge Fund, PE/Buyout, Venture Capital","Angel (individual), Bonds (Convertible), Bridge, Buyout/LBO, Carveout, Early Stage VC, Later Stage VC, PE Growth/Expansion, Seed Round, Spin-Off",,"Prefers majority stake, Will syndicate",,,"Founded in 2018, Novum Capital Partners is a family office headquartered in Geneva, Switzerland. The firm prefers to invest through means of buyouts and growth capital.",part5_rule_b_company|source:company_investor_relation|source:deal_investor_relation|source:investor_investment_relation,CompanyInvestorRelation.CompanyID|CompanyInvestorRelation.InvestorID|Deal.CompanyID|DealInvestorRelation.DealID|DealInvestorRelation.InvestorID|InvestorInvestmentRelation.CompanyID|InvestorInvestmentRelation.InvestorID,"Part5 Rule B company investor graph: 1 token companies, 1 deals, 0 funds | source_methods=company_investor_relation,deal_investor_relation,investor_investment_relation | PrimaryInvestorType: Family Office | OtherInvestorTypes: Hedge Fund, PE/Buyout, Venture Capital | PreferredInvestmentTypes: Angel (individual), Bonds (Convertible), Bridge, Buyout/LBO, Carveout, Early Stage VC, Later Stage VC, PE G",part5_token_company_investor_graph_then_web_search_with_primary_source_priority,investor_router|capability_classification
440,42010-30,NTT DoCoMo,NTT,,"NTT Docomo, Inc.",www.docomo.ne.jp,docomo.ne.jp,Nippon Telegraph & Telephone,,,"Tokyo, Japan",Japan,Corporation,,Merger/Acquisition,"E-Commerce, Mobile, TMT",Prefers majority stake,Docomo Innovation Fund,Venture - General,"Provider of wireless telecommunications services focused on creating a new world of communication culture. The company specializes in offering 5G and 4G data communications products. driver support products, overseas telecommunication plans, as well as related breakdown, repair and customer support services.",part5_rule_b_company|source:company_investor_relation|source:deal_investor_relation|source:investor_investment_relation,CompanyInvestorRelation.CompanyID|CompanyInvestorRelation.InvestorID|Deal.CompanyID|DealInvestorRelation.DealID|DealInvestorRelation.InvestorID|InvestorInvestmentRelation.CompanyID|InvestorInvestmentRelation.InvestorID,"Part5 Rule B company investor graph: 1 token companies, 1 deals, 0 funds | source_methods=company_investor_relation,deal_investor_relation,investor_investment_relation | PrimaryInvestorType: Corporation | PreferredVerticals: E-Commerce, Mobile, TMT | PreferredInvestmentTypes: Merger/Acquisition | CompanyInvestorRelation: Coinbase Global; status=Former; holding=Minority; since=01/20/2015 | DealInves",part5_token_company_investor_graph_then_web_search_with_primary_source_priority,investor_router|capability_classification
441,463275-10,NUS Technology Holdings,,,NUS Technology Holdings Pte Ltd,,,,,,"Singapore, Singapore",Singapore,Asset Manager,,,,,,,NUS Technology Holdings is an asset management firm baded in Singapour.,part5_rule_b_company|source:company_investor_relation|source:deal_investor_relation|source:investor_investment_relation,CompanyInvestorRelation.CompanyID|CompanyInvestorRelation.InvestorID|Deal.CompanyID|DealInvestorRelation.DealID|DealInvestorRelation.InvestorID|InvestorInvestmentRelation.CompanyID|InvestorInvestmentRelation.InvestorID,"Part5 Rule B company investor graph: 1 token companies, 1 deals, 0 funds | source_methods=company_investor_relation,deal_investor_relation,investor_investment_relation | PrimaryInvestorType: Asset Manager | CompanyInvestorRelation: Anquan; status=Active; holding=Minority; since=02/22/2019 | DealInvestorRelation: Anquan; deal=208664-20T; date=02/22/2019; type=Early Stage VC; lead=No; fund= | Investo",part5_token_company_investor_graph_then_web_search_with_primary_source_priority,investor_router|capability_classification
442,120421-72,nvp capital,,,,www.nvpcap.com,nvpcap.com,,,,"New York, NY",United States,Venture Capital,Accelerator/Incubator,"Early Stage VC, Later Stage VC, Seed Round","Advanced Manufacturing, Artificial Intelligence & Machine Learning, B2B Payments, Digital Health, E-Commerce, FinTech, HealthTech, HR Tech, Industrials, InsurTech, Marketing Tech, SaaS, Supply Chain Tech","Will lead on a deal, Will syndicate",NVP Capital Fund II,Venture Capital - Early Stage,"Founded in 2020, nvp capital is a venture capital firm based in New York. The firm prefers to invest in companies operating in the B2B technology, software, SaaS, developer tools, finance technology, insurance technology, and supply chain sectors based in the United States region.",part5_rule_b_company|source:company_investor_relation|source:deal_investor_relation|source:investor_investment_relation,CompanyInvestorRelation.CompanyID|CompanyInvestorRelation.InvestorID|Deal.CompanyID|DealInvestorRelation.DealID|DealInvestorRelation.InvestorID|InvestorInvestmentRelation.CompanyID|InvestorInvestmentRelation.InvestorID,"Part5 Rule B company investor graph: 1 token companies, 1 deals, 0 funds | source_methods=company_investor_relation,deal_investor_relation,investor_investment_relation | PrimaryInvestorType: Venture Capital | OtherInvestorTypes: Accelerator/Incubator | PreferredVerticals: Advanced Manufacturing, Artificial Intelligence & Machine Learning, B2B Payments, Digital Health, E-Commerce, FinTech, HealthTec",part5_token_company_investor_graph_then_web_search_with_primary_source_priority,investor_router|capability_classification
443,188017-21,Omidyar Technology Ventures,,,"Omidyar Technology Ventures, LLC",www.omidyarventures.com,omidyarventures.com,,,,"Redwood City, CA",United States,Venture Capital,,"Early Stage VC, Later Stage VC, Seed Round","Artificial Intelligence & Machine Learning, FinTech, SaaS","Prefers minority stake, Will syndicate",,,"Founded in 2015, Omidyar Technology Ventures is a venture capital investment firm based in Redwood City, California. The firm prefers to invest in seed-stage, early-stage, and later-stage companies in the information technology, SaaS, fintech, artificial intelligence, and machine learning sectors.",part5_rule_b_company|source:company_investor_relation|source:deal_investor_relation|source:investor_investment_relation,CompanyInvestorRelation.CompanyID|CompanyInvestorRelation.InvestorID|Deal.CompanyID|DealInvestorRelation.DealID|DealInvestorRelation.InvestorID|InvestorInvestmentRelation.CompanyID|InvestorInvestmentRelation.InvestorID,"Part5 Rule B company investor graph: 1 token companies, 1 deals, 0 funds | source_methods=company_investor_relation,deal_investor_relation,investor_investment_relation | PrimaryInvestorType: Venture Capital | PreferredVerticals: Artificial Intelligence & Machine Learning, FinTech, SaaS | PreferredInvestmentTypes: Early Stage VC, Later Stage VC, Seed Round | CompanyInvestorRelation: Braintrust; stat",part5_token_company_investor_graph_then_web_search_with_primary_source_priority,investor_router|capability_classification
444,640573-21,One Comma,,,,,,,,,,,Venture Capital,,"Early Stage VC, Later Stage VC, Seed Round",,"Prefers minority stake, Will syndicate",,,One Comma is a venture capital investment firm.,part5_rule_b_company|source:company_investor_relation|source:deal_investor_relation|source:investor_investment_relation,CompanyInvestorRelation.CompanyID|CompanyInvestorRelation.InvestorID|Deal.CompanyID|DealInvestorRelation.DealID|DealInvestorRelation.InvestorID|InvestorInvestmentRelation.CompanyID|InvestorInvestmentRelation.InvestorID,"Part5 Rule B company investor graph: 1 token companies, 1 deals, 0 funds | source_methods=company_investor_relation,deal_investor_relation,investor_investment_relation | PrimaryInvestorType: Venture Capital | PreferredInvestmentTypes: Early Stage VC, Later Stage VC, Seed Round | CompanyInvestorRelation: Edge Matrix Chain; status=Former; holding=Minority; since=08/29/2024 | DealInvestorRelation: Edg",part5_token_company_investor_graph_then_web_search_with_primary_source_priority,investor_router|capability_classification
445,232825-51,Oppenheimer Partners,,,Oppenheimer Partners Limited,www.oppenheimer-partners.com,oppenheimer-partners.com,,,,"Johannesburg, South Africa",South Africa,Growth/Expansion,,"Early Stage VC, Later Stage VC, PE Growth/Expansion, Seed Round","Digital Health, E-Commerce, FoodTech, HealthTech, Impact Investing, Infrastructure, Manufacturing, TMT","Long-Term Investor, Prefers majority stake, Prefers minority stake",,,"Founded in 2016, Oppenheimer Partners is a growth/expansion firm based in Johannesburg, South Africa. The firm seeks to invest in food & beverage, pharmaceuticals, consumables, manufacturing, information, and communications technology, power, business, and consumer services sectors.",part5_rule_b_company|source:company_investor_relation|source:deal_investor_relation|source:investor_investment_relation|lead_investor,CompanyInvestorRelation.CompanyID|CompanyInvestorRelation.InvestorID|Deal.CompanyID|DealInvestorRelation.DealID|DealInvestorRelation.InvestorID|InvestorInvestmentRelation.CompanyID|InvestorInvestmentRelation.InvestorID,"Part5 Rule B company investor graph: 1 token companies, 1 deals, 0 funds | source_methods=company_investor_relation,deal_investor_relation,investor_investment_relation | PrimaryInvestorType: Growth/Expansion | PreferredVerticals: Digital Health, E-Commerce, FoodTech, HealthTech, Impact Investing, Infrastructure, Manufacturing, TMT | PreferredInvestmentTypes: Early Stage VC, Later Stage VC, PE Growt",part5_token_company_investor_graph_then_web_search_with_primary_source_priority,investor_router|capability_classification
446,588671-02,Opulentia,,,Opulentia LLC,www.opulentia.vc,opulentia.vc,,,,"Herndon, VA",United States,Venture Capital,"Accelerator/Incubator, Corporate Venture Capital, Government, Growth/Expansion, Holding Company, Limited Partner, PE-Backed Company, Secondary Buyer, VC-Backed Company","Angel (individual), Early Stage VC, GP Stakes, Investor Buyout by Management, Later Stage VC, Management Buy-In, Merger/Acquisition, PE Growth/Expansion, Secondary Buyout, Secondary Transaction - Open Market, Secondary Transaction - Private, Secondary Transaction - Stock Distribution, Seed Round, Share Repurchase","Digital Health, HealthTech, TMT","Long-Term Investor, Prefers minority stake, Prefers to originate a deal, Seeks Impact investments, Will lead on a deal, Will syndicate",,,"Founded in 2024, Opulentia is a venture capital firm based in Herndon, Virginia. The firm prefers to invest in innovative technologies, defense tech, enterprises, and the healthcare sector.",part5_rule_b_company|source:company_investor_relation|source:deal_investor_relation|source:investor_investment_relation,CompanyInvestorRelation.CompanyID|CompanyInvestorRelation.InvestorID|Deal.CompanyID|DealInvestorRelation.DealID|DealInvestorRelation.InvestorID|InvestorInvestmentRelation.CompanyID|InvestorInvestmentRelation.InvestorID,"Part5 Rule B company investor graph: 1 token companies, 1 deals, 0 funds | source_methods=company_investor_relation,deal_investor_relation,investor_investment_relation | PrimaryInvestorType: Venture Capital | OtherInvestorTypes: Accelerator/Incubator, Corporate Venture Capital, Government, Growth/Expansion, Holding Company, Limited Partner, PE-Backed Company, Secondary Buyer, VC-Backed Company | Pr",part5_token_company_investor_graph_then_web_search_with_primary_source_priority,investor_router|capability_classification
447,518341-33,Oracle VC,,,,www.oraclevc.gg,oraclevc.gg,,,,"Guernsey, United Kingdom",United Kingdom,Venture Capital,,"Early Stage VC, Later Stage VC, Seed Round","B2B Payments, CleanTech, FinTech, Infrastructure, SaaS","Prefers minority stake, Will syndicate",,,"Founded in 2013, Oracle VC is a venture capital firm based in Guernsey, United Kingdom. The firm prefers to invest in business-to-business, software as a service, marine tech, cleantech, and fintech.",part5_rule_b_company|source:company_investor_relation|source:deal_investor_relation|source:investor_investment_relation,CompanyInvestorRelation.CompanyID|CompanyInvestorRelation.InvestorID|Deal.CompanyID|DealInvestorRelation.DealID|DealInvestorRelation.InvestorID|InvestorInvestmentRelation.CompanyID|InvestorInvestmentRelation.InvestorID,"Part5 Rule B company investor graph: 1 token companies, 1 deals, 0 funds | source_methods=company_investor_relation,deal_investor_relation,investor_investment_relation | PrimaryInvestorType: Venture Capital | PreferredVerticals: B2B Payments, CleanTech, FinTech, Infrastructure, SaaS | PreferredInvestmentTypes: Early Stage VC, Later Stage VC, Seed Round | CompanyInvestorRelation: Haycen; status=Acti",part5_token_company_investor_graph_then_web_search_with_primary_source_priority,investor_router|capability_classification
448,10178-65,Orange (Telecommunications Service Providers),,Egora France Telecom,Orange SA,www.orange.com,orange.com,,PAR,ORA,"Issy-les-Moulineaux, France",France,Corporation,Accelerator/Incubator,Merger/Acquisition,"Mobile, TMT",Prefers majority stake,Orange Nature Fund,Real Assets & Natural Resources - General,"Orange operates fixed-line and wireless businesses in France, where it is the market leader ahead of Iliad, Bouygues, and SFR, thanks to its incumbent position. It also has telecom businesses in Spain (through MasOrange), Poland, Belgium, Luxembourg, and Central Europe (Romania, Slovakia, and Moldova). Around 20% of revenue comes from emerging African markets, where it mainly operates wireless networks, and 20% comes from the enterprise segment, which serves companies with more than 50 employees in France and internationally.",part5_rule_b_company|source:company_investor_relation|source:deal_investor_relation|source:investor_investment_relation,CompanyInvestorRelation.CompanyID|CompanyInvestorRelation.InvestorID|Deal.CompanyID|DealInvestorRelation.DealID|DealInvestorRelation.InvestorID|InvestorInvestmentRelation.CompanyID|InvestorInvestmentRelation.InvestorID,"Part5 Rule B company investor graph: 1 token companies, 1 deals, 0 funds | source_methods=company_investor_relation,deal_investor_relation,investor_investment_relation | PrimaryInvestorType: Corporation | OtherInvestorTypes: Accelerator/Incubator | PreferredVerticals: Mobile, TMT | PreferredInvestmentTypes: Merger/Acquisition | CompanyInvestorRelation: Chain; status=Former; holding=Minority; since=",part5_token_company_investor_graph_then_web_search_with_primary_source_priority,investor_router|capability_classification
449,123625-45,Orange Ventures,OV,,,ventures.orange.com,ventures.orange.com,,,,"Issy les Moulineaux, France",France,Corporate Venture Capital,Venture Capital,"Early Stage VC, Later Stage VC, PE Growth/Expansion","Artificial Intelligence & Machine Learning, B2B Payments, Big Data, Climate Tech, CloudTech & DevOps, Cryptocurrency/Blockchain, Cybersecurity, Digital Health, E-Commerce, EdTech, Esports, FinTech, Gaming, HR Tech, Impact Investing, Infrastructure, InsurTech, Internet of Things, Marketing Tech, Mobile, Mobile Commerce, Mobility Tech, Mortgage Tech, SaaS, Supply Chain Tech, TMT, Virtual Reality","Prefers minority stake, Seeks Impact investments, Will lead on a deal, Will syndicate",Orange Ventures Impact Fund,Venture Capital - Early Stage,"Founded in 2021, Orange Ventures is the corporate venture arm of Orange, based in Issy les Moulineaux, France. The firm invests in Africa- and Europe-based companies operating in the software, technology, consumer, networks & information technology, B2B SaaS, AI, cybersecurity, fintech, e-health, marketplace, content, e-commerce, environment, inclusion & caretech sectors, as well as gaming.",part5_rule_b_company|source:company_investor_relation|source:deal_investor_relation|source:investor_investment_relation,CompanyInvestorRelation.CompanyID|CompanyInvestorRelation.InvestorID|Deal.CompanyID|DealInvestorRelation.DealID|DealInvestorRelation.InvestorID|InvestorInvestmentRelation.CompanyID|InvestorInvestmentRelation.InvestorID,"Part5 Rule B company investor graph: 1 token companies, 1 deals, 0 funds | source_methods=company_investor_relation,deal_investor_relation,investor_investment_relation | PrimaryInvestorType: Corporate Venture Capital | OtherInvestorTypes: Venture Capital | PreferredVerticals: Artificial Intelligence & Machine Learning, B2B Payments, Big Data, Climate Tech, CloudTech & DevOps, Cryptocurrency/Blockch",part5_token_company_investor_graph_then_web_search_with_primary_source_priority,investor_router|capability_classification
450,154544-05,OUE Commercial Real Estate Investment,OUE C-REIT,,OUE Commercial REIT Management Pte. Ltd.,www.ouereit.com,ouereit.com,OUE,SES,TS0U,"Singapore, Singapore",Singapore,Real Estate,,,,,,,"OUE Commercial Real Estate Investment is a real estate investment trust listed on the Singapore Exchange Securities. The trust invests in income-producing real estate used primarily for commercial purposes including real estate used primarily for office or retail purposes in financial and business hubs and hospitality or hospitality-related purposes, as well as real estate-related assets. It is a wholly-owned subsidiary of Oue.",part5_rule_b_company|source:company_investor_relation|source:deal_investor_relation|source:investor_investment_relation,CompanyInvestorRelation.CompanyID|CompanyInvestorRelation.InvestorID|Deal.CompanyID|DealInvestorRelation.DealID|DealInvestorRelation.InvestorID|InvestorInvestmentRelation.CompanyID|InvestorInvestmentRelation.InvestorID,"Part5 Rule B company investor graph: 1 token companies, 1 deals, 0 funds | source_methods=company_investor_relation,deal_investor_relation,investor_investment_relation | PrimaryInvestorType: Real Estate | CompanyInvestorRelation: PlatON (Business/Productivity Software); status=Active; holding=Minority; since=10/14/2020 | DealInvestorRelation: PlatON (Business/Productivity Software); deal=158938-30T",part5_token_company_investor_graph_then_web_search_with_primary_source_priority,investor_router|capability_classification
451,104670-46,P.Factory,,,,www.pfactory.co,pfactory.co,Groupe BPCE,,,"Marseille, France",France,Accelerator/Incubator,Venture Capital,"Accelerator/Incubator, Early Stage VC, Later Stage VC, Seed Round","CleanTech, Climate Tech, Digital Health, EdTech, FinTech, HealthTech, HR Tech, LOHAS & Wellness, Micro-Mobility","Prefers minority stake, Will syndicate",,,"Founded in 2014, P.Factory is an accelerator/incubator firm based in Marseille, France. The firm runs various programs to support start-ups operating in the human resources, education, health, leisure tourism, retail, eating, fintech security, environment, cleantech, smart mobility, and business services sectors. The firm also provides seed funding.",part5_rule_b_company|source:company_investor_relation|source:deal_investor_relation|source:investor_investment_relation,CompanyInvestorRelation.CompanyID|CompanyInvestorRelation.InvestorID|Deal.CompanyID|DealInvestorRelation.DealID|DealInvestorRelation.InvestorID|InvestorInvestmentRelation.CompanyID|InvestorInvestmentRelation.InvestorID,"Part5 Rule B company investor graph: 1 token companies, 1 deals, 0 funds | source_methods=company_investor_relation,deal_investor_relation,investor_investment_relation | PrimaryInvestorType: Accelerator/Incubator | OtherInvestorTypes: Venture Capital | PreferredVerticals: CleanTech, Climate Tech, Digital Health, EdTech, FinTech, HealthTech, HR Tech, LOHAS & Wellness, Micro-Mobility | PreferredInves",part5_token_company_investor_graph_then_web_search_with_primary_source_priority,investor_router|capability_classification
452,571990-24,Panga Capital,,,,www.pangacapital.com,pangacapital.com,,,,"Grand Cayman, Cayman Islands",Cayman Islands,Venture Capital,,"Early Stage VC, Later Stage VC, Seed Round",,"Prefers minority stake, Will syndicate",Panga Capital Venture Fund I,Venture - General,"Panga Capital is a venture capital firm based in Grand Cayman, Cayman Islands. The firm invests in web3 companies.",part5_rule_b_company|source:company_investor_relation|source:deal_investor_relation|source:investor_investment_relation,CompanyInvestorRelation.CompanyID|CompanyInvestorRelation.InvestorID|Deal.CompanyID|DealInvestorRelation.DealID|DealInvestorRelation.InvestorID|InvestorInvestmentRelation.CompanyID|InvestorInvestmentRelation.InvestorID,"Part5 Rule B company investor graph: 1 token companies, 1 deals, 0 funds | source_methods=company_investor_relation,deal_investor_relation,investor_investment_relation | PrimaryInvestorType: Venture Capital | PreferredInvestmentTypes: Early Stage VC, Later Stage VC, Seed Round | CompanyInvestorRelation: Puffpaw; status=Active; holding=Minority; since=08/06/2024 | DealInvestorRelation: Puffpaw; deal",part5_token_company_investor_graph_then_web_search_with_primary_source_priority,investor_router|capability_classification
453,106265-44,Pascal Levy-Garboua,,,,,,,,,"San Francisco, CA",United States,Angel (individual),,"Angel (individual), Early Stage VC, Seed Round",TMT,"Prefers minority stake, Will syndicate",,,"Mr. Pascal Levy-Garboua is the Founder & serves as Chief Executive Officer at Noosa Labs. Mr. Levy-Garboua serves as Venture Partner at Long Journey Ventures. Mr. Levy-Garboua also co-founded and served as Chief Executive Officer at SixDoors. He holds an MS in Management Science from Stanford University and a BS in Applied Mathematics, Economics from Ecole polytechnique. He loves exploring innovative ideas and connecting with those who are passionate about them. For him, investing is about scheming for an idea's blossoming potential, set against today's perceived reality. Currently, he is building Noosa Labs, a serial acquirer of small niche SaaS products. Before his work with Long Journey a",part5_rule_b_company|source:company_investor_relation|source:deal_investor_relation|source:investor_investment_relation,CompanyInvestorRelation.CompanyID|CompanyInvestorRelation.InvestorID|Deal.CompanyID|DealInvestorRelation.DealID|DealInvestorRelation.InvestorID|InvestorInvestmentRelation.CompanyID|InvestorInvestmentRelation.InvestorID,"Part5 Rule B company investor graph: 1 token companies, 1 deals, 0 funds | source_methods=company_investor_relation,deal_investor_relation,investor_investment_relation | PrimaryInvestorType: Angel (individual) | PreferredVerticals: TMT | PreferredInvestmentTypes: Angel (individual), Early Stage VC, Seed Round | CompanyInvestorRelation: Set Labs; status=Active; holding=Minority; since=03/12/2018 | D",part5_token_company_investor_graph_then_web_search_with_primary_source_priority,investor_router|capability_classification
454,1158813-01,Patagon Markets,,,,patagonmarkets.com,patagonmarkets.com,,,,"New York, NY",United States,Venture Capital,,"Early Stage VC, Later Stage VC, Seed Round","Artificial Intelligence & Machine Learning, Cryptocurrency/Blockchain","Prefers minority stake, Will syndicate",,,Patagon Markets is a venture capital investment firm headquartered in New York.,part5_rule_b_company|source:company_investor_relation|source:deal_investor_relation|source:investor_investment_relation,CompanyInvestorRelation.CompanyID|CompanyInvestorRelation.InvestorID|Deal.CompanyID|DealInvestorRelation.DealID|DealInvestorRelation.InvestorID|InvestorInvestmentRelation.CompanyID|InvestorInvestmentRelation.InvestorID,"Part5 Rule B company investor graph: 1 token companies, 1 deals, 0 funds | source_methods=company_investor_relation,deal_investor_relation,investor_investment_relation | PrimaryInvestorType: Venture Capital | PreferredVerticals: Artificial Intelligence & Machine Learning, Cryptocurrency/Blockchain | PreferredInvestmentTypes: Early Stage VC, Later Stage VC, Seed Round | CompanyInvestorRelation: Krak",part5_token_company_investor_graph_then_web_search_with_primary_source_priority,investor_router|capability_classification
455,431596-27,Pathfinder H,,,,www.pathfinderh.com,pathfinderh.com,,,,"Seoul, South Korea",South Korea,Venture Capital,,"Early Stage VC, Later Stage VC, Seed Round",AgTech,"Prefers minority stake, Will syndicate",Pathfinder Ribbon Investment Association No. 2,Venture - General,"Pathfinder H is a venture capital firm based in Seoul, South Korea. The firm prefers to invest in the agriculture and transportation sectors.",part5_rule_b_company|source:company_investor_relation|source:deal_investor_relation|source:investor_investment_relation,CompanyInvestorRelation.CompanyID|CompanyInvestorRelation.InvestorID|Deal.CompanyID|DealInvestorRelation.DealID|DealInvestorRelation.InvestorID|InvestorInvestmentRelation.CompanyID|InvestorInvestmentRelation.InvestorID,"Part5 Rule B company investor graph: 1 token companies, 1 deals, 0 funds | source_methods=company_investor_relation,deal_investor_relation,investor_investment_relation | PrimaryInvestorType: Venture Capital | PreferredVerticals: AgTech | PreferredInvestmentTypes: Early Stage VC, Later Stage VC, Seed Round | CompanyInvestorRelation: Parameta; status=Active; holding=Minority; since=06/05/2020 | DealI",part5_token_company_investor_graph_then_web_search_with_primary_source_priority,investor_router|capability_classification
456,55481-05,Pegasus Tech Ventures,"Pegasus, Pegasus Tech Ventures VCaaS",Fenox Venture,"Pegasus Tech Ventures, Inc.",www.pegasustechventures.com,pegasustechventures.com,,,,"San Jose, CA",United States,Venture Capital,Accelerator/Incubator,"Early Stage VC, Later Stage VC, Seed Round","Advanced Manufacturing, Artificial Intelligence & Machine Learning, Cybersecurity, Digital Health, Esports, FinTech, Gaming, HealthTech, Internet of Things, Life Sciences, Manufacturing, Real Estate Technology, Robotics and Drones, SaaS, TMT","Long-Term Investor, Prefers minority stake, Will syndicate",SunnyHealth and Pegasus's Generative AI Fund,Venture - General,"Founded in 2011, Pegasus Tech Ventures is a venture capital firm based in San Jose, California. The firm seeks to invest in companies operating in consumer electronics, automotive, enterprise, gaming, systems integration, finance technology, artificial intelligence, healthcare, internet of things, and hardware sectors.",part5_rule_b_company|source:company_investor_relation|source:deal_investor_relation|source:investor_investment_relation,CompanyInvestorRelation.CompanyID|CompanyInvestorRelation.InvestorID|Deal.CompanyID|DealInvestorRelation.DealID|DealInvestorRelation.InvestorID|InvestorInvestmentRelation.CompanyID|InvestorInvestmentRelation.InvestorID,"Part5 Rule B company investor graph: 1 token companies, 1 deals, 0 funds | source_methods=company_investor_relation,deal_investor_relation,investor_investment_relation | PrimaryInvestorType: Venture Capital | OtherInvestorTypes: Accelerator/Incubator | PreferredVerticals: Advanced Manufacturing, Artificial Intelligence & Machine Learning, Cybersecurity, Digital Health, Esports, FinTech, Gaming, Hea",part5_token_company_investor_graph_then_web_search_with_primary_source_priority,investor_router|capability_classification
457,97734-61,Perry Creek Capital,Perry Creek,,Perry Creek Capital LP,www.perrycreekcap.com,perrycreekcap.com,,,,"New York, NY",United States,PE/Buyout,Asset Manager,"Buyout/LBO, PE Growth/Expansion",TMT,"Prefers minority stake, Will syndicate",Perry Creek Capital Strategic Partners Fund,Buyout,"Founded in 2014, Perry Creek Capital is a private equity investment firm based in New York, New York. The firm prefers to invest in the financial services and information technology sectors. This firm is a Registered Investment Adviser (RIA).",part5_rule_b_company|source:company_investor_relation|source:deal_investor_relation|source:investor_investment_relation,CompanyInvestorRelation.CompanyID|CompanyInvestorRelation.InvestorID|Deal.CompanyID|DealInvestorRelation.DealID|DealInvestorRelation.InvestorID|InvestorInvestmentRelation.CompanyID|InvestorInvestmentRelation.InvestorID,"Part5 Rule B company investor graph: 1 token companies, 1 deals, 0 funds | source_methods=company_investor_relation,deal_investor_relation,investor_investment_relation | PrimaryInvestorType: PE/Buyout | OtherInvestorTypes: Asset Manager | PreferredVerticals: TMT | PreferredInvestmentTypes: Buyout/LBO, PE Growth/Expansion | CompanyInvestorRelation: 1Money Network; status=Active; holding=Minority; si",part5_token_company_investor_graph_then_web_search_with_primary_source_priority,investor_router|capability_classification
458,108118-27,Peter Diamandis,Mr. Peter Diamandis,,,www.diamandis.com,diamandis.com,,,,"Culver City, CA",United States,Angel (individual),,"Angel (individual), Early Stage VC, Seed Round",TMT,"Prefers minority stake, Will syndicate",,,Dr. Peter Diamandis is a Co-Founder and serves as Vice Chairman at Human Longevity. He is a Co-Founder & serves as Executive Chairman of the Board at XPRIZE. He is a Co-Founder of Fountain Life. He is a Co-Founder & Partner at Link Ventures. He is a Co-Founder and serves as Board Member & Advisor at Lifeforce. He served as a Board Member at DPCM Capital. He also serves as a Board Member at OneSkin. He serves as an Advisor at Alsym Energy and Global Space Ventures. He is a Co-Founder of BOLD Longevity Growth. He serves as a Director at Software Acquisition Group Inc. He served as Board Member at Extend America & Verijet. He served as a Board Observer at Hyperloop One. He is an esteemed entrep,part5_rule_b_company|source:company_investor_relation|source:deal_investor_relation|source:investor_investment_relation,CompanyInvestorRelation.CompanyID|CompanyInvestorRelation.InvestorID|Deal.CompanyID|DealInvestorRelation.DealID|DealInvestorRelation.InvestorID|InvestorInvestmentRelation.CompanyID|InvestorInvestmentRelation.InvestorID,"Part5 Rule B company investor graph: 1 token companies, 1 deals, 0 funds | source_methods=company_investor_relation,deal_investor_relation,investor_investment_relation | PrimaryInvestorType: Angel (individual) | PreferredVerticals: TMT | PreferredInvestmentTypes: Angel (individual), Early Stage VC, Seed Round | CompanyInvestorRelation: Chain; status=Former; holding=Minority; since=09/09/2015 | Deal",part5_token_company_investor_graph_then_web_search_with_primary_source_priority,investor_router|capability_classification
459,303903-55,Petri,,,,www.petri.bio,petri.bio,Pillar VC,,,"Boston, MA",United States,Venture Capital,Accelerator/Incubator,"Accelerator/Incubator, Early Stage VC, Later Stage VC, Seed Round",Life Sciences,"Prefers minority stake, Will syndicate",,,"Founded in 2019, Petri is a venture capital investment firm based in Boston, Massachusetts. The firm prefers to invest in formation-stage startups at the intersection of biology and engineering.",part5_rule_b_company|source:company_investor_relation|source:deal_investor_relation|source:investor_investment_relation,CompanyInvestorRelation.CompanyID|CompanyInvestorRelation.InvestorID|Deal.CompanyID|DealInvestorRelation.DealID|DealInvestorRelation.InvestorID|InvestorInvestmentRelation.CompanyID|InvestorInvestmentRelation.InvestorID,"Part5 Rule B company investor graph: 1 token companies, 1 deals, 0 funds | source_methods=company_investor_relation,deal_investor_relation,investor_investment_relation | PrimaryInvestorType: Venture Capital | OtherInvestorTypes: Accelerator/Incubator | PreferredVerticals: Life Sciences | PreferredInvestmentTypes: Accelerator/Incubator, Early Stage VC, Later Stage VC, Seed Round | CompanyInvestorRel",part5_token_company_investor_graph_then_web_search_with_primary_source_priority,investor_router|capability_classification
460,520480-81,PharmStars,,,,www.pharmstars.com,pharmstars.com,,,,"Newton, MA",United States,Accelerator/Incubator,,Accelerator/Incubator,"Digital Health, HealthTech, Life Sciences",,,,"Founded in 2021, PharmStars is an accelerator based in Newton, Massachusetts. The firm focuses on companies operating in the pharma, digital health, oncology, and biotechnology sectors.",part5_rule_b_company|source:company_investor_relation|source:deal_investor_relation|source:investor_investment_relation,CompanyInvestorRelation.CompanyID|CompanyInvestorRelation.InvestorID|Deal.CompanyID|DealInvestorRelation.DealID|DealInvestorRelation.InvestorID|InvestorInvestmentRelation.CompanyID|InvestorInvestmentRelation.InvestorID,"Part5 Rule B company investor graph: 1 token companies, 1 deals, 0 funds | source_methods=company_investor_relation,deal_investor_relation,investor_investment_relation | PrimaryInvestorType: Accelerator/Incubator | PreferredVerticals: Digital Health, HealthTech, Life Sciences | PreferredInvestmentTypes: Accelerator/Incubator | CompanyInvestorRelation: Patientory; status=Active; holding=; since=01/0",part5_token_company_investor_graph_then_web_search_with_primary_source_priority,investor_router|capability_classification
461,736627-51,Pharsalus Capital,,,,www.pharsalus.com,pharsalus.com,,,,"New York, NY",United States,Venture Capital,Accelerator/Incubator,"Early Stage VC, Later Stage VC, Seed Round",Cryptocurrency/Blockchain,"Prefers minority stake, Will syndicate",,,"Founded in 2024, Pharsalus Capital is a venture capital firm based in New York, New York. The firm focuses on blockchain sectors.",part5_rule_b_company|source:company_investor_relation|source:deal_investor_relation|source:investor_investment_relation,CompanyInvestorRelation.CompanyID|CompanyInvestorRelation.InvestorID|Deal.CompanyID|DealInvestorRelation.DealID|DealInvestorRelation.InvestorID|InvestorInvestmentRelation.CompanyID|InvestorInvestmentRelation.InvestorID,"Part5 Rule B company investor graph: 1 token companies, 1 deals, 0 funds | source_methods=company_investor_relation,deal_investor_relation,investor_investment_relation | PrimaryInvestorType: Venture Capital | OtherInvestorTypes: Accelerator/Incubator | PreferredVerticals: Cryptocurrency/Blockchain | PreferredInvestmentTypes: Early Stage VC, Later Stage VC, Seed Round | CompanyInvestorRelation: 1Mon",part5_token_company_investor_graph_then_web_search_with_primary_source_priority,investor_router|capability_classification
462,500935-24,Philipp Banhardt,,,,,,,,,,,Angel (individual),,,,,,,Mr. Philipp Banhardt is an Angel Investor.,part5_rule_b_company|source:company_investor_relation|source:deal_investor_relation|source:investor_investment_relation,CompanyInvestorRelation.CompanyID|CompanyInvestorRelation.InvestorID|Deal.CompanyID|DealInvestorRelation.DealID|DealInvestorRelation.InvestorID|InvestorInvestmentRelation.CompanyID|InvestorInvestmentRelation.InvestorID,"Part5 Rule B company investor graph: 1 token companies, 1 deals, 0 funds | source_methods=company_investor_relation,deal_investor_relation,investor_investment_relation | PrimaryInvestorType: Angel (individual) | CompanyInvestorRelation: Molecule; status=Active; holding=Minority; since=06/22/2022 | DealInvestorRelation: Molecule; deal=196016-50T; date=06/22/2022; type=Seed Round; lead=No; fund= | In",part5_token_company_investor_graph_then_web_search_with_primary_source_priority,investor_router|capability_classification
463,437752-27,Platform Capital Management,,"Platform Venture Capital, Platform VC, Platform Ventures PT, LP, Platform Ventures",,www.platform.management,platform.management,,,,"Darien, CT",United States,Venture Capital,,"Early Stage VC, Seed Round","AdTech, Advanced Manufacturing, B2B Payments, E-Commerce, FinTech, Internet of Things, Mobile Commerce, SaaS, TMT","Prefers minority stake, Will syndicate",,,"Founded in 2018, Platform Capital Management is a venture capital firm based in Darien, Connecticut. The firm invests in early-stage startups focused on the consumer, retail, and technology sectors.",part5_rule_b_company|source:company_investor_relation|source:deal_investor_relation|source:investor_investment_relation,CompanyInvestorRelation.CompanyID|CompanyInvestorRelation.InvestorID|Deal.CompanyID|DealInvestorRelation.DealID|DealInvestorRelation.InvestorID|InvestorInvestmentRelation.CompanyID|InvestorInvestmentRelation.InvestorID,"Part5 Rule B company investor graph: 1 token companies, 1 deals, 0 funds | source_methods=company_investor_relation,deal_investor_relation,investor_investment_relation | PrimaryInvestorType: Venture Capital | PreferredVerticals: AdTech, Advanced Manufacturing, B2B Payments, E-Commerce, FinTech, Internet of Things, Mobile Commerce, SaaS, TMT | PreferredInvestmentTypes: Early Stage VC, Seed Round | C",part5_token_company_investor_graph_then_web_search_with_primary_source_priority,investor_router|capability_classification
464,307325-44,PopFun,,,,toontumblers.com,toontumblers.com,,,,"Shrewsbury, MA",United States,Corporation,,Merger/Acquisition,,Prefers majority stake,,,"Manufacturer of licensed collectibles, specializing in 'Toon Tumblers featuring classic animated, comic book, and comic strip characters on pint glasses, shot glasses, and beer pitchers. The company offers wholesale inquiries and has retail locations for customers to purchase their products.",part5_rule_b_company|source:company_investor_relation|source:deal_investor_relation|source:investor_investment_relation,CompanyInvestorRelation.CompanyID|CompanyInvestorRelation.InvestorID|Deal.CompanyID|DealInvestorRelation.DealID|DealInvestorRelation.InvestorID|InvestorInvestmentRelation.CompanyID|InvestorInvestmentRelation.InvestorID,"Part5 Rule B company investor graph: 1 token companies, 1 deals, 0 funds | source_methods=company_investor_relation,deal_investor_relation,investor_investment_relation | PrimaryInvestorType: Corporation | PreferredInvestmentTypes: Merger/Acquisition | CompanyInvestorRelation: SLG (Entertainment Software); status=Former; holding=Minority; since=07/04/2022 | DealInvestorRelation: SLG (Entertainment S",part5_token_company_investor_graph_then_web_search_with_primary_source_priority,investor_router|capability_classification
465,13247-56,Port Aventura,"PortAventura, PAESA, Port Aventura World, PortAventura World",Universal's Port Aventura,"Port Aventura Entertainment, S.A.U.",www.portaventuraworld.com,portaventuraworld.com,,,,"Vila-seca, Spain",Spain,PE-Backed Company,,"Add-on, Buyout/LBO, Merger/Acquisition",,Prefers majority stake,,,"Operator of an integrated destination resort intended to offer entertainment, relaxation, cuisine, and shopping experience. The company's resort facilities are ideally situated close to Barcelona, Tarragona, Vila-seca, and Salou, enabling visitors to spend their holidays with family, partners, or friends while enjoying the luxury experience.",part5_rule_b_company|source:company_investor_relation|source:deal_investor_relation|source:investor_investment_relation,CompanyInvestorRelation.CompanyID|CompanyInvestorRelation.InvestorID|Deal.CompanyID|DealInvestorRelation.DealID|DealInvestorRelation.InvestorID|InvestorInvestmentRelation.CompanyID|InvestorInvestmentRelation.InvestorID,"Part5 Rule B company investor graph: 1 token companies, 1 deals, 0 funds | source_methods=company_investor_relation,deal_investor_relation,investor_investment_relation | PrimaryInvestorType: PE-Backed Company | PreferredInvestmentTypes: Add-on, Buyout/LBO, Merger/Acquisition | CompanyInvestorRelation: Blue Circular Innovation; status=Active; holding=; since=03/12/2024 | DealInvestorRelation: Blue C",part5_token_company_investor_graph_then_web_search_with_primary_source_priority,investor_router|capability_classification
466,544633-66,Pranksy Pranksy,,,,,,,,,,,Angel (individual),,,,,,,Mr. Pranksy is an Angel Investor.,part5_rule_b_company|source:company_investor_relation|source:deal_investor_relation|source:investor_investment_relation,CompanyInvestorRelation.CompanyID|CompanyInvestorRelation.InvestorID|Deal.CompanyID|DealInvestorRelation.DealID|DealInvestorRelation.InvestorID|InvestorInvestmentRelation.CompanyID|InvestorInvestmentRelation.InvestorID,"Part5 Rule B company investor graph: 1 token companies, 1 deals, 0 funds | source_methods=company_investor_relation,deal_investor_relation,investor_investment_relation | PrimaryInvestorType: Angel (individual) | CompanyInvestorRelation: /Reach Labs; status=Active; holding=Minority; since=12/18/2023 | DealInvestorRelation: /Reach Labs; deal=247813-66T; date=12/18/2023; type=Seed Round; lead=No; fund",part5_token_company_investor_graph_then_web_search_with_primary_source_priority,investor_router|capability_classification
467,464431-51,Prasanna Sankar,,,,,,,,,"San Francisco, CA",United States,Angel (individual),Limited Partner,,,,,,"Mr. Prasanna Sankar is a High-net-worth Investor based in San Francisco Bay Area, United States. He is the Co-Founder and serves as the Chief Technology Officer at Rippling.",part5_rule_b_company|source:company_investor_relation|source:deal_investor_relation|source:investor_investment_relation,CompanyInvestorRelation.CompanyID|CompanyInvestorRelation.InvestorID|Deal.CompanyID|DealInvestorRelation.DealID|DealInvestorRelation.InvestorID|InvestorInvestmentRelation.CompanyID|InvestorInvestmentRelation.InvestorID,"Part5 Rule B company investor graph: 1 token companies, 1 deals, 0 funds | source_methods=company_investor_relation,deal_investor_relation,investor_investment_relation | PrimaryInvestorType: Angel (individual) | OtherInvestorTypes: Limited Partner | CompanyInvestorRelation: Cypher (Bellevue); status=Active; holding=Minority; since=01/19/2023 | DealInvestorRelation: Cypher (Bellevue); deal=194762-80",part5_token_company_investor_graph_then_web_search_with_primary_source_priority,investor_router|capability_classification
468,466487-38,Premal Shah,,,,,,,,,"Mumbai, India",India,Angel (individual),,,,,,,Mr. Premal Shah serves as President at Branch International. He is a Co-Founder and serves as Director and Board Member at Distributed Energy. He co-founded and served as President and Board Member at Kiva.org. He serves as a Board Member at Change.org and the Centre for Humane Technology.,part5_rule_b_company|source:company_investor_relation|source:deal_investor_relation|source:investor_investment_relation,CompanyInvestorRelation.CompanyID|CompanyInvestorRelation.InvestorID|Deal.CompanyID|DealInvestorRelation.DealID|DealInvestorRelation.InvestorID|InvestorInvestmentRelation.CompanyID|InvestorInvestmentRelation.InvestorID,"Part5 Rule B company investor graph: 1 token companies, 1 deals, 0 funds | source_methods=company_investor_relation,deal_investor_relation,investor_investment_relation | PrimaryInvestorType: Angel (individual) | CompanyInvestorRelation: Goldfinch Prime; status=Active; holding=Minority; since=01/06/2022 | DealInvestorRelation: Goldfinch Prime; deal=186128-47T; date=01/06/2022; type=Early Stage VC; l",part5_token_company_investor_graph_then_web_search_with_primary_source_priority,investor_router|capability_classification
469,752918-05,Preva Capital,,,Preva Ventures GmbH,prevacapital.com,prevacapital.com,,,,"Düsseldorf, Germany",Germany,Growth/Expansion,"PE/Buyout, Secondary Buyer","Early Stage VC, Later Stage VC, PE Growth/Expansion, Secondary Transaction - Private","Artificial Intelligence & Machine Learning, FinTech, TMT","Prefers minority stake, Will syndicate",,,"Founded in 2024, Preva Capital is an emerging secondaries manager investing in industry-agnostic growth technology companies in the United States via secondaries.",part5_rule_b_company|source:company_investor_relation|source:deal_investor_relation|source:investor_investment_relation,CompanyInvestorRelation.CompanyID|CompanyInvestorRelation.InvestorID|Deal.CompanyID|DealInvestorRelation.DealID|DealInvestorRelation.InvestorID|InvestorInvestmentRelation.CompanyID|InvestorInvestmentRelation.InvestorID,"Part5 Rule B company investor graph: 1 token companies, 1 deals, 0 funds | source_methods=company_investor_relation,deal_investor_relation,investor_investment_relation | PrimaryInvestorType: Growth/Expansion | OtherInvestorTypes: PE/Buyout, Secondary Buyer | PreferredVerticals: Artificial Intelligence & Machine Learning, FinTech, TMT | PreferredInvestmentTypes: Early Stage VC, Later Stage VC, PE Gr",part5_token_company_investor_graph_then_web_search_with_primary_source_priority,investor_router|capability_classification
470,264935-26,Qiu Jun,,,,,,,,,,,Angel (individual),,,"Cryptocurrency/Blockchain, FinTech, Internet of Things",,,,Mr. Qiu Jun is an Angel Investor.,part5_rule_b_company|source:company_investor_relation|source:deal_investor_relation|source:investor_investment_relation,CompanyInvestorRelation.CompanyID|CompanyInvestorRelation.InvestorID|Deal.CompanyID|DealInvestorRelation.DealID|DealInvestorRelation.InvestorID|InvestorInvestmentRelation.CompanyID|InvestorInvestmentRelation.InvestorID,"Part5 Rule B company investor graph: 1 token companies, 1 deals, 0 funds | source_methods=company_investor_relation,deal_investor_relation,investor_investment_relation | PrimaryInvestorType: Angel (individual) | PreferredVerticals: Cryptocurrency/Blockchain, FinTech, Internet of Things | CompanyInvestorRelation: WaltonChain; status=Former; holding=Minority; since= | DealInvestorRelation: WaltonChai",part5_token_company_investor_graph_then_web_search_with_primary_source_priority,investor_router|capability_classification
471,812181-97,Quantum Leap Growth Initiatives,,,Quantum Leap Growth Initiative Inc.,qgi.jp,qgi.jp,,,,"Tokyo, Japan",Japan,Corporation,,Merger/Acquisition,,Prefers majority stake,,,"Founded in 2023, Quantum Leap Growth Initiatives is a management consulting firm headquartered in Tokyo, Japan. This firm supports the growth of small and medium-sized enterprises and startups. Also this firm provides management support for improving corporate value such as strategy formulation to implementation support funding, capital and business alliance support, mergers and acquisitions intermediation support for overseas market entry, and organizational development.",part5_rule_b_company|source:company_investor_relation|source:deal_investor_relation|source:investor_investment_relation,CompanyInvestorRelation.CompanyID|CompanyInvestorRelation.InvestorID|Deal.CompanyID|DealInvestorRelation.DealID|DealInvestorRelation.InvestorID|InvestorInvestmentRelation.CompanyID|InvestorInvestmentRelation.InvestorID,"Part5 Rule B company investor graph: 1 token companies, 1 deals, 0 funds | source_methods=company_investor_relation,deal_investor_relation,investor_investment_relation | PrimaryInvestorType: Corporation | PreferredInvestmentTypes: Merger/Acquisition | CompanyInvestorRelation: Yoake Entertainment; status=Active; holding=Minority; since=04/24/2025 | DealInvestorRelation: Yoake Entertainment; deal=283",part5_token_company_investor_graph_then_web_search_with_primary_source_priority,investor_router|capability_classification
472,471231-46,QW Ventures,,,,www.qwventures.com,qwventures.com,,,,"Beverly Hills, CA",United States,Venture Capital,Secondary Buyer,"Early Stage VC, Later Stage VC, PE Growth/Expansion, Secondary Transaction - Private, Seed Round","CloudTech & DevOps, Cryptocurrency/Blockchain, Cybersecurity, E-Commerce, FinTech, Mobile, SaaS","Prefers minority stake, Will syndicate",,,"QW Ventures is a venture capital firm based in Beverly Hills, California. The firm seeks to invest in fintech, security, cloud computing, marketplaces, mobile, blockchain, software as a service, and technology-enabled businesses.",part5_rule_b_company|source:company_investor_relation|source:deal_investor_relation|source:investor_investment_relation,CompanyInvestorRelation.CompanyID|CompanyInvestorRelation.InvestorID|Deal.CompanyID|DealInvestorRelation.DealID|DealInvestorRelation.InvestorID|InvestorInvestmentRelation.CompanyID|InvestorInvestmentRelation.InvestorID,"Part5 Rule B company investor graph: 1 token companies, 1 deals, 0 funds | source_methods=company_investor_relation,deal_investor_relation,investor_investment_relation | PrimaryInvestorType: Venture Capital | OtherInvestorTypes: Secondary Buyer | PreferredVerticals: CloudTech & DevOps, Cryptocurrency/Blockchain, Cybersecurity, E-Commerce, FinTech, Mobile, SaaS | PreferredInvestmentTypes: Early Stag",part5_token_company_investor_graph_then_web_search_with_primary_source_priority,investor_router|capability_classification
473,649902-79,R3D3 Ventures,,,,r3d3.vc,r3d3.vc,,,,"Hong Kong, Hong Kong",Hong Kong,Corporation,,Merger/Acquisition,,Prefers majority stake,,,,part5_rule_b_company|source:company_investor_relation|source:deal_investor_relation|source:investor_investment_relation,CompanyInvestorRelation.CompanyID|CompanyInvestorRelation.InvestorID|Deal.CompanyID|DealInvestorRelation.DealID|DealInvestorRelation.InvestorID|InvestorInvestmentRelation.CompanyID|InvestorInvestmentRelation.InvestorID,"Part5 Rule B company investor graph: 1 token companies, 1 deals, 0 funds | source_methods=company_investor_relation,deal_investor_relation,investor_investment_relation | PrimaryInvestorType: Corporation | PreferredInvestmentTypes: Merger/Acquisition | CompanyInvestorRelation: 1Money Network; status=Active; holding=Minority; since=01/16/2025 | DealInvestorRelation: 1Money Network; deal=282427-84T; d",part5_token_company_investor_graph_then_web_search_with_primary_source_priority,investor_router|capability_classification
474,741539-80,Rachel Chu,,,,,,,,,,,Angel (individual),,,,,,,Mr. Rachel Chu serves as Angel Investor at Rachel Chu.,part5_rule_b_company|source:company_investor_relation|source:deal_investor_relation|source:investor_investment_relation,CompanyInvestorRelation.CompanyID|CompanyInvestorRelation.InvestorID|Deal.CompanyID|DealInvestorRelation.DealID|DealInvestorRelation.InvestorID|InvestorInvestmentRelation.CompanyID|InvestorInvestmentRelation.InvestorID,"Part5 Rule B company investor graph: 1 token companies, 1 deals, 0 funds | source_methods=company_investor_relation,deal_investor_relation,investor_investment_relation | PrimaryInvestorType: Angel (individual) | CompanyInvestorRelation: SOON (New York); status=Active; holding=Minority; since=08/27/2024 | DealInvestorRelation: SOON (New York); deal=270970-48T; date=08/27/2024; type=Seed Round; lead=",part5_token_company_investor_graph_then_web_search_with_primary_source_priority,investor_router|capability_classification
475,50906-26,Radar Partners,Radar,,Radar Partners LLC,,,,,,"Palo Alto, CA",United States,Venture Capital,Asset Manager,Early Stage VC,Internet of Things,Will syndicate,,,"Founded in 2014, Radar Partners is a venture capital firm headquartered in Palo Alto, California. The firm prefers to invest in seed-stage, early-stage, and later-stage companies. The firm seeks to invest in consumer products, consumer services, materials, resources, information technology, cybersecurity, the internet of things, and technology-based sectors in the United States.",part5_rule_b_company|source:company_investor_relation|source:deal_investor_relation|source:investor_investment_relation|lead_investor,CompanyInvestorRelation.CompanyID|CompanyInvestorRelation.InvestorID|Deal.CompanyID|DealInvestorRelation.DealID|DealInvestorRelation.InvestorID|InvestorInvestmentRelation.CompanyID|InvestorInvestmentRelation.InvestorID,"Part5 Rule B company investor graph: 1 token companies, 1 deals, 0 funds | source_methods=company_investor_relation,deal_investor_relation,investor_investment_relation | PrimaryInvestorType: Venture Capital | OtherInvestorTypes: Asset Manager | PreferredVerticals: Internet of Things | PreferredInvestmentTypes: Early Stage VC | CompanyInvestorRelation: BitGo; status=Former; holding=Minority; since=0",part5_token_company_investor_graph_then_web_search_with_primary_source_priority,investor_router|capability_classification
476,438295-78,Raja Valley,,,,www.rajavalley.com.br,rajavalley.com.br,,,,"Belo Horizonte, Brazil",Brazil,Accelerator/Incubator,,"Accelerator/Incubator, Seed Round","Artificial Intelligence & Machine Learning, CleanTech, Construction Technology, Cryptocurrency/Blockchain, Internet of Things, Mobility Tech, Real Estate Technology",Prefers minority stake,,,"Founded in 2016, Raja Valley was an accelerator/incubator firm based in Belo Horizonte, Brazil. The firm preferred to invest in energy tech, construction technology, real estate, automotive, artificial intelligence, the internet of things, industry 4.0, blockchain, and building information modeling sectors.",part5_rule_b_company|source:company_investor_relation|source:deal_investor_relation|source:investor_investment_relation,CompanyInvestorRelation.CompanyID|CompanyInvestorRelation.InvestorID|Deal.CompanyID|DealInvestorRelation.DealID|DealInvestorRelation.InvestorID|InvestorInvestmentRelation.CompanyID|InvestorInvestmentRelation.InvestorID,"Part5 Rule B company investor graph: 1 token companies, 1 deals, 0 funds | source_methods=company_investor_relation,deal_investor_relation,investor_investment_relation | PrimaryInvestorType: Accelerator/Incubator | PreferredVerticals: Artificial Intelligence & Machine Learning, CleanTech, Construction Technology, Cryptocurrency/Blockchain, Internet of Things, Mobility Tech, Real Estate Technology |",part5_token_company_investor_graph_then_web_search_with_primary_source_priority,investor_router|capability_classification
477,156257-02,Rameet Chawla,,,,,,,,,"New York, NY",United States,Angel (individual),,"Angel (individual), Early Stage VC, Seed Round",,"Prefers minority stake, Will syndicate",,,"Mr. Rameet Chawla is a Co-Founder and serves as Chief Executive Officer & Partner at Fueled. He is a Co-Founder and serves as CPO & Chief Technology Officer at MyPlace. Mr. Chawla is also a Co-Founder and serves as Board Member at Spare. He also serves as a Mobile Architect at the company. Rameet Chawla is widely recognized as an authority on mobile technology and a player in the global technology scene. He's the founder of Fueled, an award-winning technology product consultancy, the Fueled Collective, a socially-driven event space and incubator home to 35 of New York's fastest-growing startups, and Spare Change, a nonprofit that incentivizes consumers to round up their purchases for the ben",part5_rule_b_company|source:company_investor_relation|source:deal_investor_relation|source:investor_investment_relation,CompanyInvestorRelation.CompanyID|CompanyInvestorRelation.InvestorID|Deal.CompanyID|DealInvestorRelation.DealID|DealInvestorRelation.InvestorID|InvestorInvestmentRelation.CompanyID|InvestorInvestmentRelation.InvestorID,"Part5 Rule B company investor graph: 1 token companies, 1 deals, 0 funds | source_methods=company_investor_relation,deal_investor_relation,investor_investment_relation | PrimaryInvestorType: Angel (individual) | PreferredInvestmentTypes: Angel (individual), Early Stage VC, Seed Round | CompanyInvestorRelation: Coinbase Global; status=Former; holding=Minority; since=04/04/2013 | DealInvestorRelation",part5_token_company_investor_graph_then_web_search_with_primary_source_priority,investor_router|capability_classification
478,494020-45,Rayan Ventures,,,,rayan.vc,rayan.vc,,,,"Tehran, Iran",Iran,Venture Capital,,"Early Stage VC, Seed Round",,"Prefers minority stake, Will syndicate",,,"Founded in 2016, Ryan Ventures is a venture capital investment firm headquartered in Tehran, Iran. The firm focuses on early-stage investments.",part5_rule_b_company|source:company_investor_relation|source:deal_investor_relation|source:investor_investment_relation,CompanyInvestorRelation.CompanyID|CompanyInvestorRelation.InvestorID|Deal.CompanyID|DealInvestorRelation.DealID|DealInvestorRelation.InvestorID|InvestorInvestmentRelation.CompanyID|InvestorInvestmentRelation.InvestorID,"Part5 Rule B company investor graph: 1 token companies, 1 deals, 0 funds | source_methods=company_investor_relation,deal_investor_relation,investor_investment_relation | PrimaryInvestorType: Venture Capital | PreferredInvestmentTypes: Early Stage VC, Seed Round | CompanyInvestorRelation: CarChain (Automotive); status=Former; holding=Minority; since= | DealInvestorRelation: CarChain (Automotive); de",part5_token_company_investor_graph_then_web_search_with_primary_source_priority,investor_router|capability_classification
479,232360-39,RayStone Capital,,,,www.raystonecapital.com,raystonecapital.com,,,,"Beijing, China",China,Growth/Expansion,Venture Capital,"Later Stage VC, PE Growth/Expansion",,Prefers minority stake,Hangzhou Leishi Qianchao Venture Capital Fund,Venture - General,"RayStone Capital is a direct investment firm based in Beijing, China. Established in 2007, the firm focuses on private equity and venture capital investments, particularly in sectors that align with China's strategic economic priorities. The assets are managed by the executive team.",part5_rule_b_company|source:company_investor_relation|source:deal_investor_relation|source:investor_investment_relation,CompanyInvestorRelation.CompanyID|CompanyInvestorRelation.InvestorID|Deal.CompanyID|DealInvestorRelation.DealID|DealInvestorRelation.InvestorID|InvestorInvestmentRelation.CompanyID|InvestorInvestmentRelation.InvestorID,"Part5 Rule B company investor graph: 1 token companies, 1 deals, 0 funds | source_methods=company_investor_relation,deal_investor_relation,investor_investment_relation | PrimaryInvestorType: Growth/Expansion | OtherInvestorTypes: Venture Capital | PreferredInvestmentTypes: Later Stage VC, PE Growth/Expansion | CompanyInvestorRelation: API3; status=Active; holding=Minority; since=11/12/2020 | DealIn",part5_token_company_investor_graph_then_web_search_with_primary_source_priority,investor_router|capability_classification
480,433050-67,Regah Ventures,,,Regah LTD.,www.regahventures.com,regahventures.com,,,,"New York, NY",United States,Venture Capital,,"Early Stage VC, Later Stage VC, PE Growth/Expansion, Seed Round","Artificial Intelligence & Machine Learning, Big Data, CloudTech & DevOps, Cybersecurity, E-Commerce, Esports, Life Sciences, SaaS","Prefers minority stake, Will syndicate",,,"Founded in 2016, Regah Ventures is a venture capital firm based in New York. The firm prefers to invest in artificial intelligence & machine learning, data analytics, cybersecurity, cloud and edge computing, enterprise software platforms, biotechnology, and esports sectors.",part5_rule_b_company|source:company_investor_relation|source:deal_investor_relation|source:investor_investment_relation,CompanyInvestorRelation.CompanyID|CompanyInvestorRelation.InvestorID|Deal.CompanyID|DealInvestorRelation.DealID|DealInvestorRelation.InvestorID|InvestorInvestmentRelation.CompanyID|InvestorInvestmentRelation.InvestorID,"Part5 Rule B company investor graph: 1 token companies, 1 deals, 0 funds | source_methods=company_investor_relation,deal_investor_relation,investor_investment_relation | PrimaryInvestorType: Venture Capital | PreferredVerticals: Artificial Intelligence & Machine Learning, Big Data, CloudTech & DevOps, Cybersecurity, E-Commerce, Esports, Life Sciences, SaaS | PreferredInvestmentTypes: Early Stage VC",part5_token_company_investor_graph_then_web_search_with_primary_source_priority,investor_router|capability_classification
481,467284-15,Remington Ong,,,,,,,,,"Shanghai, China",China,Angel (individual),,,,,,,Mr. Remington Ong serves as Partner at Fenbushi Capital. Mr. Remington serves as Board Member at Otonomos. He also serves as Advisor at BlockAsset Ventures.,part5_rule_b_company|source:company_investor_relation|source:deal_investor_relation|source:investor_investment_relation,CompanyInvestorRelation.CompanyID|CompanyInvestorRelation.InvestorID|Deal.CompanyID|DealInvestorRelation.DealID|DealInvestorRelation.InvestorID|InvestorInvestmentRelation.CompanyID|InvestorInvestmentRelation.InvestorID,"Part5 Rule B company investor graph: 1 token companies, 1 deals, 0 funds | source_methods=company_investor_relation,deal_investor_relation,investor_investment_relation | PrimaryInvestorType: Angel (individual) | CompanyInvestorRelation: Skynet (Systems and Information Management); status=Former; holding=Minority; since=09/22/2020 | DealInvestorRelation: Skynet (Systems and Information Management);",part5_token_company_investor_graph_then_web_search_with_primary_source_priority,investor_router|capability_classification
482,769525-48,Rene Schrittwieser,,,,,,,,,"Vienna, Austria",Austria,Angel (individual),,,,,,,Mr. Rene Schrittwieser serves as Head of Private Equity and Real Estate Investments at Flick Privatstiftung. Mr. Schrittwieser earned a degree from Vienna University of Economics and Business.,part5_rule_b_company|source:company_investor_relation|source:deal_investor_relation|source:investor_investment_relation,CompanyInvestorRelation.CompanyID|CompanyInvestorRelation.InvestorID|Deal.CompanyID|DealInvestorRelation.DealID|DealInvestorRelation.InvestorID|InvestorInvestmentRelation.CompanyID|InvestorInvestmentRelation.InvestorID,"Part5 Rule B company investor graph: 1 token companies, 1 deals, 0 funds | source_methods=company_investor_relation,deal_investor_relation,investor_investment_relation | PrimaryInvestorType: Angel (individual) | CompanyInvestorRelation: Riddle&Code; status=Active; holding=Minority; since= | DealInvestorRelation: Riddle&Code; deal=252990-37T; date=; type=Later Stage VC; lead=No; fund= | InvestorInve",part5_token_company_investor_graph_then_web_search_with_primary_source_priority,investor_router|capability_classification
483,755991-73,Republic Digital Acquisition,,,Republic Digital Acquisition Co,,,,NAS,RDAG,"New York, NY",United States,Special Purpose Acquisition Company (SPAC),,,,,,,"Operator of a blank check company based in New York, United States.",part5_rule_b_company|source:company_investor_relation|source:deal_investor_relation|source:investor_investment_relation,CompanyInvestorRelation.CompanyID|CompanyInvestorRelation.InvestorID|Deal.CompanyID|DealInvestorRelation.DealID|DealInvestorRelation.InvestorID|InvestorInvestmentRelation.CompanyID|InvestorInvestmentRelation.InvestorID,"Part5 Rule B company investor graph: 1 token companies, 1 deals, 0 funds | source_methods=company_investor_relation,deal_investor_relation,investor_investment_relation | PrimaryInvestorType: Special Purpose Acquisition Company (SPAC) | CompanyInvestorRelation: Digital Asset; status=Active; holding=Minority; since=07/03/2025 | DealInvestorRelation: Digital Asset; deal=299106-82T; date=07/03/2025; ty",part5_token_company_investor_graph_then_web_search_with_primary_source_priority,investor_router|capability_classification
484,741542-32,Rex St. John,,,,,,,,,,,Angel (individual),,,,,,,Mr. Rex St. John serves as Angel Investor at Rex St. John.,part5_rule_b_company|source:company_investor_relation|source:deal_investor_relation|source:investor_investment_relation,CompanyInvestorRelation.CompanyID|CompanyInvestorRelation.InvestorID|Deal.CompanyID|DealInvestorRelation.DealID|DealInvestorRelation.InvestorID|InvestorInvestmentRelation.CompanyID|InvestorInvestmentRelation.InvestorID,"Part5 Rule B company investor graph: 1 token companies, 1 deals, 0 funds | source_methods=company_investor_relation,deal_investor_relation,investor_investment_relation | PrimaryInvestorType: Angel (individual) | CompanyInvestorRelation: SOON (New York); status=Active; holding=Minority; since=08/27/2024 | DealInvestorRelation: SOON (New York); deal=270970-48T; date=08/27/2024; type=Seed Round; lead=",part5_token_company_investor_graph_then_web_search_with_primary_source_priority,investor_router|capability_classification
485,109103-59,Ricardo Salinas Pliego,,,,www.ricardosalinas.com,ricardosalinas.com,,,,"Mexico City, Mexico",Mexico,Angel (individual),,,"Cryptocurrency/Blockchain, FinTech, TMT",,,,"Mr. Ricardo Salinas Pliego is the Founder and serves as President & Chairman at Grupo Salinas. Mr. Salinas Pliego is an Angel Investor. Mr. Salinas Pliego runs the number two Mexican TV broadcaster, TV Azteca, and retailer Grupo Elektra. He is a CPA graduate of the ITESM. After earning his MBA at Tulane University, he joined Elektra in 1981 as import manager. He learned the business moves when the company was in dire financial straits at the continuing devaluation of 80. Between 1981 and 1986, he experimented with other businesses such as a restaurant in Monterrey, satellite dishes and the sale of systems multi communication. He has participated and addressed The World Economic Forum, The Ec",part5_rule_b_company|source:company_investor_relation|source:deal_investor_relation|source:investor_investment_relation,CompanyInvestorRelation.CompanyID|CompanyInvestorRelation.InvestorID|Deal.CompanyID|DealInvestorRelation.DealID|DealInvestorRelation.InvestorID|InvestorInvestmentRelation.CompanyID|InvestorInvestmentRelation.InvestorID,"Part5 Rule B company investor graph: 1 token companies, 1 deals, 0 funds | source_methods=company_investor_relation,deal_investor_relation,investor_investment_relation | PrimaryInvestorType: Angel (individual) | PreferredVerticals: Cryptocurrency/Blockchain, FinTech, TMT | CompanyInvestorRelation: Uphold Worldwide; status=Active; holding=Minority; since=01/13/2015 | DealInvestorRelation: Uphold Wor",part5_token_company_investor_graph_then_web_search_with_primary_source_priority,investor_router|capability_classification
486,639728-11,RippleBank,,,,www.ripplebank.site,ripplebank.site,,,,,,Venture Capital,,"Early Stage VC, Later Stage VC, Seed Round",,"Prefers minority stake, Will syndicate",,,RippleBank was a venture capital firm. The firm sought to invest in early-stage and later-stage firms.,part5_rule_b_company|source:company_investor_relation|source:deal_investor_relation|source:investor_investment_relation,CompanyInvestorRelation.CompanyID|CompanyInvestorRelation.InvestorID|Deal.CompanyID|DealInvestorRelation.DealID|DealInvestorRelation.InvestorID|InvestorInvestmentRelation.CompanyID|InvestorInvestmentRelation.InvestorID,"Part5 Rule B company investor graph: 1 token companies, 1 deals, 0 funds | source_methods=company_investor_relation,deal_investor_relation,investor_investment_relation | PrimaryInvestorType: Venture Capital | PreferredInvestmentTypes: Early Stage VC, Later Stage VC, Seed Round | CompanyInvestorRelation: BTA Protocol; status=Former; holding=Minority; since=08/26/2024 | DealInvestorRelation: BTA Prot",part5_token_company_investor_graph_then_web_search_with_primary_source_priority,investor_router|capability_classification
487,493006-96,Rise Together Ventures,,,,www.risetogetherventures.com,risetogetherventures.com,,,,"Los Gatos, CA",United States,Venture Capital,Impact Investing,"Early Stage VC, Grant, Later Stage VC, Seed Round",HealthTech,"Prefers minority stake, Seeks Impact investments, Will syndicate",Rise Together Ventures Fund,Venture Capital - Early Stage,"Founded in 2022, Rise Together Ventures is a venture capital firm based in Los Gatos, California. The firm seeks to invest in the healthcare & health technology sectors.",part5_rule_b_company|source:company_investor_relation|source:deal_investor_relation|source:investor_investment_relation,CompanyInvestorRelation.CompanyID|CompanyInvestorRelation.InvestorID|Deal.CompanyID|DealInvestorRelation.DealID|DealInvestorRelation.InvestorID|InvestorInvestmentRelation.CompanyID|InvestorInvestmentRelation.InvestorID,"Part5 Rule B company investor graph: 1 token companies, 1 deals, 0 funds | source_methods=company_investor_relation,deal_investor_relation,investor_investment_relation | PrimaryInvestorType: Venture Capital | OtherInvestorTypes: Impact Investing | PreferredVerticals: HealthTech | PreferredInvestmentTypes: Early Stage VC, Grant, Later Stage VC, Seed Round | CompanyInvestorRelation: PayStand; status=",part5_token_company_investor_graph_then_web_search_with_primary_source_priority,investor_router|capability_classification
488,268447-96,Robert Hefner,,,,,,,,,"Oklahoma City, OK",United States,Angel (individual),,,"Artificial Intelligence & Machine Learning, Cryptocurrency/Blockchain, FinTech, Internet of Things",,,,"Mr. Robert Hefner is the Founder and Owner and serves as Managing Director at The GHK Company. Robert, professionally a geologist and geophysicist, graduated in 1957 from the University of Oklahoma. He trained with Phillips Petroleum and worked briefly for his family at The Hefner Company before founding The GHK Company in 1959. Under Robert's guidance, the privately owned GHK Company pioneered deep natural gas exploration in the Anadarko Basin. The firm's operations led to most of the technological innovation necessary to drill and produce the world's deepest and highest pressure natural gas wells, including many world records. In the late 1980's he led the GHK exploration team's analysis o",part5_rule_b_company|source:company_investor_relation|source:deal_investor_relation|source:investor_investment_relation,CompanyInvestorRelation.CompanyID|CompanyInvestorRelation.InvestorID|Deal.CompanyID|DealInvestorRelation.DealID|DealInvestorRelation.InvestorID|InvestorInvestmentRelation.CompanyID|InvestorInvestmentRelation.InvestorID,"Part5 Rule B company investor graph: 1 token companies, 1 deals, 0 funds | source_methods=company_investor_relation,deal_investor_relation,investor_investment_relation | PrimaryInvestorType: Angel (individual) | PreferredVerticals: Artificial Intelligence & Machine Learning, Cryptocurrency/Blockchain, FinTech, Internet of Things | CompanyInvestorRelation: Atlas 3T; status=Former; holding=Minority;",part5_token_company_investor_graph_then_web_search_with_primary_source_priority,investor_router|capability_classification
489,503342-56,Ryan Erskine,,,,,,,,,,,Angel (individual),,,,,,,Mr. Ryan Erskine is an Angel Investor. He is a Brand Strategist at BrandYourself.,part5_rule_b_company|source:company_investor_relation|source:deal_investor_relation|source:investor_investment_relation,CompanyInvestorRelation.CompanyID|CompanyInvestorRelation.InvestorID|Deal.CompanyID|DealInvestorRelation.DealID|DealInvestorRelation.InvestorID|InvestorInvestmentRelation.CompanyID|InvestorInvestmentRelation.InvestorID,"Part5 Rule B company investor graph: 1 token companies, 1 deals, 0 funds | source_methods=company_investor_relation,deal_investor_relation,investor_investment_relation | PrimaryInvestorType: Angel (individual) | CompanyInvestorRelation: investFeed; status=Former; holding=Minority; since=11/16/2014 | DealInvestorRelation: investFeed; deal=201330-91T; date=11/16/2014; type=Seed Round; lead=No; fund=",part5_token_company_investor_graph_then_web_search_with_primary_source_priority,investor_router|capability_classification
490,41027-05,S&P Global,S&P,Mcgraw Hill,"S&P Global, Inc.",www.spglobal.com,spglobal.com,,NYS,SPGI,"New York, NY",United States,Corporation,,Merger/Acquisition,TMT,Prefers majority stake,,,"S&P Global provides data and benchmarks to capital and commodity market participants. Its ratings business is the largest credit rating agency in the world and S&P's largest segment by profitability. S&P's largest segment by revenue is market intelligence, which provides desktop, data, and advisory solutions, enterprise solutions, and credit/risk solutions mostly in the financial services industry. S&P's other segments include commodity insights (Platts and other data), mobility (Carfax), and indexes.",part5_rule_b_company|source:company_investor_relation|source:deal_investor_relation|source:investor_investment_relation,CompanyInvestorRelation.CompanyID|CompanyInvestorRelation.InvestorID|Deal.CompanyID|DealInvestorRelation.DealID|DealInvestorRelation.InvestorID|InvestorInvestmentRelation.CompanyID|InvestorInvestmentRelation.InvestorID,"Part5 Rule B company investor graph: 1 token companies, 1 deals, 0 funds | source_methods=company_investor_relation,deal_investor_relation,investor_investment_relation | PrimaryInvestorType: Corporation | PreferredVerticals: TMT | PreferredInvestmentTypes: Merger/Acquisition | CompanyInvestorRelation: Digital Asset; status=Active; holding=Minority; since=12/04/2025 | DealInvestorRelation: Digital A",part5_token_company_investor_graph_then_web_search_with_primary_source_priority,investor_router|capability_classification
491,114328-36,Salman Azhar,,,,,,,,,,,Angel (individual),,,TMT,,,,Mr. Salman Azhar is an Angel Investor.,part5_rule_b_company|source:company_investor_relation|source:deal_investor_relation|source:investor_investment_relation,CompanyInvestorRelation.CompanyID|CompanyInvestorRelation.InvestorID|Deal.CompanyID|DealInvestorRelation.DealID|DealInvestorRelation.InvestorID|InvestorInvestmentRelation.CompanyID|InvestorInvestmentRelation.InvestorID,"Part5 Rule B company investor graph: 1 token companies, 1 deals, 0 funds | source_methods=company_investor_relation,deal_investor_relation,investor_investment_relation | PrimaryInvestorType: Angel (individual) | PreferredVerticals: TMT | CompanyInvestorRelation: PayStand; status=Active; holding=Minority; since=03/24/2020 | DealInvestorRelation: PayStand; deal=129965-86T; date=03/24/2020; type=Later",part5_token_company_investor_graph_then_web_search_with_primary_source_priority,investor_router|capability_classification
492,497233-36,Salvador Gala,,,,,,,,,"New York, NY",United States,Angel (individual),,,,,,,"Mr. Salvador Gala is a Co-Founder of EV3. Mr. Gala serves as a Board Member and Advisor at Quantinium. Mr. Gala is an Angel Investor. He served as an Analyst at Ribbit Capital. Before joining Ribbit, he worked at Goldman Sachs, focusing on Fintech M&A, and as an investor at the Carnegie Mellon Endowment, concentrating on venture capital. He holds a Bachelor's Degree in Applied Mathematics from the University of Pittsburgh.",part5_rule_b_company|source:company_investor_relation|source:deal_investor_relation|source:investor_investment_relation,CompanyInvestorRelation.CompanyID|CompanyInvestorRelation.InvestorID|Deal.CompanyID|DealInvestorRelation.DealID|DealInvestorRelation.InvestorID|InvestorInvestmentRelation.CompanyID|InvestorInvestmentRelation.InvestorID,"Part5 Rule B company investor graph: 1 token companies, 1 deals, 0 funds | source_methods=company_investor_relation,deal_investor_relation,investor_investment_relation | PrimaryInvestorType: Angel (individual) | CompanyInvestorRelation: Starpower (San Francisco); status=Active; holding=Minority; since=06/04/2024 | DealInvestorRelation: Starpower (San Francisco); deal=248393-44T; date=06/04/2024; ty",part5_token_company_investor_graph_then_web_search_with_primary_source_priority,investor_router|capability_classification
493,590604-58,Santa Cruz Ventures,,,,www.santacruzventures.com,santacruzventures.com,,,,"Santa Cruz, CA",United States,Venture Capital,Accelerator/Incubator,"Early Stage VC, Later Stage VC, Seed Round",TMT,"Prefers minority stake, Will syndicate",,,"Founded in 2023, Santa Cruz Ventures is a venture capital firm based in Santa Cruz, California. The firm invests in early-stage, high-growth technology companies.",part5_rule_b_company|source:company_investor_relation|source:deal_investor_relation|source:investor_investment_relation,CompanyInvestorRelation.CompanyID|CompanyInvestorRelation.InvestorID|Deal.CompanyID|DealInvestorRelation.DealID|DealInvestorRelation.InvestorID|InvestorInvestmentRelation.CompanyID|InvestorInvestmentRelation.InvestorID,"Part5 Rule B company investor graph: 1 token companies, 1 deals, 0 funds | source_methods=company_investor_relation,deal_investor_relation,investor_investment_relation | PrimaryInvestorType: Venture Capital | OtherInvestorTypes: Accelerator/Incubator | PreferredVerticals: TMT | PreferredInvestmentTypes: Early Stage VC, Later Stage VC, Seed Round | CompanyInvestorRelation: PayStand; status=Active; h",part5_token_company_investor_graph_then_web_search_with_primary_source_priority,investor_router|capability_classification
494,503244-91,Saquon Barkley,,,,,,,,,,,Angel (individual),,,,,,,Mr. Saquon Barkley is an Angel Investor. Mr. Barkley served as Board Member at X2 Performance.,part5_rule_b_company|source:company_investor_relation|source:deal_investor_relation|source:investor_investment_relation,CompanyInvestorRelation.CompanyID|CompanyInvestorRelation.InvestorID|Deal.CompanyID|DealInvestorRelation.DealID|DealInvestorRelation.InvestorID|InvestorInvestmentRelation.CompanyID|InvestorInvestmentRelation.InvestorID,"Part5 Rule B company investor graph: 1 token companies, 1 deals, 0 funds | source_methods=company_investor_relation,deal_investor_relation,investor_investment_relation | PrimaryInvestorType: Angel (individual) | CompanyInvestorRelation: Category Labs; status=Active; holding=Minority; since=04/09/2024 | DealInvestorRelation: Category Labs; deal=254070-10T; date=04/09/2024; type=Early Stage VC; lead=",part5_token_company_investor_graph_then_web_search_with_primary_source_priority,investor_router|capability_classification
495,166770-01,Saranac Partners,Saranac,,Saranac Partners Limited,www.saranacpartners.com,saranacpartners.com,,,,"London, United Kingdom",United Kingdom,Family Office,Other,,,,,,"Saranac Partners is a private client advisory partnership, offering bespoke wealth management services for ultra-high net worth clients. The firm's seeks to leverage high intellectual capital and the latest technologies to provide investment management, financing, fiduciary and corporate finance services. Saranac was founded in 2016 and is based in London, United Kingdom.",part5_rule_b_company|source:company_investor_relation|source:deal_investor_relation|source:investor_investment_relation,CompanyInvestorRelation.CompanyID|CompanyInvestorRelation.InvestorID|Deal.CompanyID|DealInvestorRelation.DealID|DealInvestorRelation.InvestorID|InvestorInvestmentRelation.CompanyID|InvestorInvestmentRelation.InvestorID,"Part5 Rule B company investor graph: 1 token companies, 1 deals, 0 funds | source_methods=company_investor_relation,deal_investor_relation,investor_investment_relation | PrimaryInvestorType: Family Office | OtherInvestorTypes: Other | CompanyInvestorRelation: Improbable Worlds; status=Active; holding=Minority; since=03/17/2022 | DealInvestorRelation: Improbable Worlds; deal=191799-19T; date=03/17/2",part5_token_company_investor_graph_then_web_search_with_primary_source_priority,investor_router|capability_classification
496,184661-92,Satoshi Fund,Satoshi.Fund,,,www.satoshi.fund,satoshi.fund,,,,"Kaliningrad, Russia",Russia,Venture Capital,Hedge Fund,"Early Stage VC, Later Stage VC, Seed Round","B2B Payments, Big Data, Cryptocurrency/Blockchain, FinTech, Internet of Things, TMT","Prefers minority stake, Will syndicate",Cybernator,Venture Capital - Early Stage,"Satoshi Fund was a venture capital firm based in Kaliningrad, Russia. The firm preferred to invest in cryptocurrency and blockchain assets.",part5_rule_b_company|source:company_investor_relation|source:deal_investor_relation|source:investor_investment_relation,CompanyInvestorRelation.CompanyID|CompanyInvestorRelation.InvestorID|Deal.CompanyID|DealInvestorRelation.DealID|DealInvestorRelation.InvestorID|InvestorInvestmentRelation.CompanyID|InvestorInvestmentRelation.InvestorID,"Part5 Rule B company investor graph: 1 token companies, 1 deals, 0 funds | source_methods=company_investor_relation,deal_investor_relation,investor_investment_relation | PrimaryInvestorType: Venture Capital | OtherInvestorTypes: Hedge Fund | PreferredVerticals: B2B Payments, Big Data, Cryptocurrency/Blockchain, FinTech, Internet of Things, TMT | PreferredInvestmentTypes: Early Stage VC, Later Stage",part5_token_company_investor_graph_then_web_search_with_primary_source_priority,investor_router|capability_classification
497,460212-94,SBI Digital Asset Holdings,,,"SBI Digital Asset Holdings Co., Ltd.",www.sbidah.com,sbidah.com,,,,"Tokyo, Japan",Japan,VC-Backed Company,Holding Company,Merger/Acquisition,,Prefers majority stake,,,"Provider of digital asset resolutions and digital banking services intended to deliver trusted services for the digital economy. The company's services include key components to create or upgrade digital banking infrastructure, enabling customers to use payment technology and infrastructure, blockchain as a service, digital wallet resolutions, and technology for digital exchanges.",part5_rule_b_company|source:company_investor_relation|source:deal_investor_relation|source:investor_investment_relation,CompanyInvestorRelation.CompanyID|CompanyInvestorRelation.InvestorID|Deal.CompanyID|DealInvestorRelation.DealID|DealInvestorRelation.InvestorID|InvestorInvestmentRelation.CompanyID|InvestorInvestmentRelation.InvestorID,"Part5 Rule B company investor graph: 1 token companies, 1 deals, 0 funds | source_methods=company_investor_relation,deal_investor_relation,investor_investment_relation | PrimaryInvestorType: VC-Backed Company | OtherInvestorTypes: Holding Company | PreferredInvestmentTypes: Merger/Acquisition | CompanyInvestorRelation: Sygnum Bank; status=Active; holding=Minority; since=02/17/2021 | DealInvestorRel",part5_token_company_investor_graph_then_web_search_with_primary_source_priority,investor_router|capability_classification
498,510234-67,Scott Sunarto,,,,,,,,,"San Francisco, CA",United States,Angel (individual),Venture Capital,"Early Stage VC, Later Stage VC, Seed Round",,"Prefers minority stake, Will syndicate",,,Mr. Scott Sunarto is the Founder & serves as Chief Executive Officer at Argus Labs. Mr. Sunarto serves as Advisor at Veridise. He is an Angel Investor.,part5_rule_b_company|source:company_investor_relation|source:deal_investor_relation|source:investor_investment_relation,CompanyInvestorRelation.CompanyID|CompanyInvestorRelation.InvestorID|Deal.CompanyID|DealInvestorRelation.DealID|DealInvestorRelation.InvestorID|InvestorInvestmentRelation.CompanyID|InvestorInvestmentRelation.InvestorID,"Part5 Rule B company investor graph: 1 token companies, 1 deals, 0 funds | source_methods=company_investor_relation,deal_investor_relation,investor_investment_relation | PrimaryInvestorType: Angel (individual) | OtherInvestorTypes: Venture Capital | PreferredInvestmentTypes: Early Stage VC, Later Stage VC, Seed Round | CompanyInvestorRelation: Category Labs; status=Active; holding=Minority; since=0",part5_token_company_investor_graph_then_web_search_with_primary_source_priority,investor_router|capability_classification
499,521668-81,Seedphrase,,,,,,,,,,United States,Venture Capital,,"Early Stage VC, Later Stage VC, Seed Round",,"Prefers minority stake, Will syndicate",,,Seedphrase is a venture capital investment firm based in United States.,part5_rule_b_company|source:company_investor_relation|source:deal_investor_relation|source:investor_investment_relation,CompanyInvestorRelation.CompanyID|CompanyInvestorRelation.InvestorID|Deal.CompanyID|DealInvestorRelation.DealID|DealInvestorRelation.InvestorID|InvestorInvestmentRelation.CompanyID|InvestorInvestmentRelation.InvestorID,"Part5 Rule B company investor graph: 1 token companies, 1 deals, 0 funds | source_methods=company_investor_relation,deal_investor_relation,investor_investment_relation | PrimaryInvestorType: Venture Capital | PreferredInvestmentTypes: Early Stage VC, Later Stage VC, Seed Round | CompanyInvestorRelation: /Reach Labs; status=Active; holding=Minority; since=12/18/2023 | DealInvestorRelation: /Reach La",part5_token_company_investor_graph_then_web_search_with_primary_source_priority,investor_router|capability_classification
500,58980-88,Seoul Business Agency,SBA,,,www.sba.seoul.kr,sba.seoul.kr,,,,"Seoul, South Korea",South Korea,Government,Accelerator/Incubator,"Accelerator/Incubator, Early Stage VC, Seed Round","Advanced Manufacturing, SaaS, TMT","Prefers minority stake, Will syndicate",,,"Founded in 1998, Seoul Business Agency is a government firm based in Seoul, South Korea. This firm is a subsidiary organization of the Seoul metropolitan government for supporting small and medium-sized enterprises based in the Seoul region.",part5_rule_b_company|source:company_investor_relation|source:deal_investor_relation|source:investor_investment_relation,CompanyInvestorRelation.CompanyID|CompanyInvestorRelation.InvestorID|Deal.CompanyID|DealInvestorRelation.DealID|DealInvestorRelation.InvestorID|InvestorInvestmentRelation.CompanyID|InvestorInvestmentRelation.InvestorID,"Part5 Rule B company investor graph: 1 token companies, 1 deals, 0 funds | source_methods=company_investor_relation,deal_investor_relation,investor_investment_relation | PrimaryInvestorType: Government | OtherInvestorTypes: Accelerator/Incubator | PreferredVerticals: Advanced Manufacturing, SaaS, TMT | PreferredInvestmentTypes: Accelerator/Incubator, Early Stage VC, Seed Round | CompanyInvestorRela",part5_token_company_investor_graph_then_web_search_with_primary_source_priority,investor_router|capability_classification
501,149606-56,Seth Flowerman,,,,,,,,,"New York, NY",United States,Angel (individual),,"Angel (individual), Early Stage VC, Later Stage VC","Big Data, SaaS, TMT",,,,"Mr. Seth Flowerman serves as Chief Executive Officer & President at PLT Health Solutions. Mr. Flowerman is an Angel Investor. He joined PLT in 2010 after the previous start-up he founded was acquired. He was most recently Executive Vice President, where he oversaw PLT's corporate leadership team, corporate strategic initiatives, and strategic alliances, and oversaw the expansion of the company's international business. He holds an MBA in Strategic Operations and a B.Sc in Applied Economics & Management from Cornell University. Immediately before joining PLT Health Solutions, he was the President & Founder of Career Explorations, LLC - a staffing firm he formed in 2003 and successfully exited",part5_rule_b_company|source:company_investor_relation|source:deal_investor_relation|source:investor_investment_relation,CompanyInvestorRelation.CompanyID|CompanyInvestorRelation.InvestorID|Deal.CompanyID|DealInvestorRelation.DealID|DealInvestorRelation.InvestorID|InvestorInvestmentRelation.CompanyID|InvestorInvestmentRelation.InvestorID,"Part5 Rule B company investor graph: 1 token companies, 1 deals, 0 funds | source_methods=company_investor_relation,deal_investor_relation,investor_investment_relation | PrimaryInvestorType: Angel (individual) | PreferredVerticals: Big Data, SaaS, TMT | PreferredInvestmentTypes: Angel (individual), Early Stage VC, Later Stage VC | CompanyInvestorRelation: Coinbase Global; status=Former; holding=Min",part5_token_company_investor_graph_then_web_search_with_primary_source_priority,investor_router|capability_classification
502,109859-05,Seth Ginns,,,,,,,,,"New York, NY",United States,Angel (individual),,"Angel (individual), Early Stage VC, Seed Round",TMT,"Prefers minority stake, Will syndicate",,,"Mr. Seth Ginns serves as Managing Partner & Head of Liquid Investments at CoinFund. Mr. Ginns is an Angel Investor. He is also an Angel Investor. Mr. Ginns served as Managing Director & Equity Research Analyst at Jennison Associates. He joined Jennison Associates in July 2002. He has 20 years of Wall Street experience and has been deeply involved in the crypto community since his angel investment in Coinbase in 2012. He is also an angel in Starkware, and Chainalysis, and participated in the Ethereum ICO in 2014. His angel portfolio also includes Instacart, BillionToOne DoorDash, and many earlier-stage, high-growth startups.",part5_rule_b_company|source:company_investor_relation|source:deal_investor_relation|source:investor_investment_relation,CompanyInvestorRelation.CompanyID|CompanyInvestorRelation.InvestorID|Deal.CompanyID|DealInvestorRelation.DealID|DealInvestorRelation.InvestorID|InvestorInvestmentRelation.CompanyID|InvestorInvestmentRelation.InvestorID,"Part5 Rule B company investor graph: 1 token companies, 1 deals, 0 funds | source_methods=company_investor_relation,deal_investor_relation,investor_investment_relation | PrimaryInvestorType: Angel (individual) | PreferredVerticals: TMT | PreferredInvestmentTypes: Angel (individual), Early Stage VC, Seed Round | CompanyInvestorRelation: Coinbase Global; status=Former; holding=Minority; since=01/20/2",part5_token_company_investor_graph_then_web_search_with_primary_source_priority,investor_router|capability_classification
503,470991-16,Seven Rivers Capital,,,"Seven Rivers Capital, Ltd.",www.seven-rivers-capital.com,seven-rivers-capital.com,,,,"Dubai, United Arab Emirates",United Arab Emirates,Venture Capital,"Angel Group, Investment Bank, PE/Buyout","Buyout/LBO, Early Stage VC, Later Stage VC, PE Growth/Expansion, Seed Round","B2B Payments, Cryptocurrency/Blockchain, E-Commerce, FinTech, Oil & Gas, SaaS","Prefers majority stake, Prefers minority stake, Will lead on a deal, Will syndicate",,,"Founded in 2015, Seven Rivers Capital is a venture capital firm headquartered in Dubai, United Arab Emirates.",part5_rule_b_company|source:company_investor_relation|source:deal_investor_relation|source:investor_investment_relation,CompanyInvestorRelation.CompanyID|CompanyInvestorRelation.InvestorID|Deal.CompanyID|DealInvestorRelation.DealID|DealInvestorRelation.InvestorID|InvestorInvestmentRelation.CompanyID|InvestorInvestmentRelation.InvestorID,"Part5 Rule B company investor graph: 1 token companies, 1 deals, 0 funds | source_methods=company_investor_relation,deal_investor_relation,investor_investment_relation | PrimaryInvestorType: Venture Capital | OtherInvestorTypes: Angel Group, Investment Bank, PE/Buyout | PreferredVerticals: B2B Payments, Cryptocurrency/Blockchain, E-Commerce, FinTech, Oil & Gas, SaaS | PreferredInvestmentTypes: Buyo",part5_token_company_investor_graph_then_web_search_with_primary_source_priority,investor_router|capability_classification
504,121787-29,Shanti Bergel,,,,www.shantibergel.com,shantibergel.com,,,,"San Francisco, CA",United States,Angel (individual),,"Angel (individual), Early Stage VC, Seed Round","Gaming, TMT","Prefers minority stake, Will syndicate",,,"Mr. Shanti Bergel is a Founding Partner and serves as a Managing Director at Transcend Fund. He serves as a Board Member at Big Run Studios and Midsummer Studios. He is an Angel Investor. He co-founded Qbiquity. He serves as a Board Member at Midsummer Studios. His global operating experience spans every major platform and business model transition of the last several decades and is animated by a career-long fascination with how changes in technology and distribution affect products, services, and communities. As an investor, he is proud to work alongside some of the most ambitious and talented founders in the business. He is a recognized member of the Techcrunch List, speaks fluent Japanese",part5_rule_b_company|source:company_investor_relation|source:deal_investor_relation|source:investor_investment_relation,CompanyInvestorRelation.CompanyID|CompanyInvestorRelation.InvestorID|Deal.CompanyID|DealInvestorRelation.DealID|DealInvestorRelation.InvestorID|InvestorInvestmentRelation.CompanyID|InvestorInvestmentRelation.InvestorID,"Part5 Rule B company investor graph: 1 token companies, 1 deals, 0 funds | source_methods=company_investor_relation,deal_investor_relation,investor_investment_relation | PrimaryInvestorType: Angel (individual) | PreferredVerticals: Gaming, TMT | PreferredInvestmentTypes: Angel (individual), Early Stage VC, Seed Round | CompanyInvestorRelation: Coinbase Global; status=Former; holding=Minority; since",part5_token_company_investor_graph_then_web_search_with_primary_source_priority,investor_router|capability_classification
505,106008-13,Shervin Pishevar,,,,www.pishevar.com,pishevar.com,,,,"San Francisco, CA",United States,Angel (individual),,"Angel (individual), Early Stage VC, Seed Round",TMT,"Prefers minority stake, Will syndicate",,,"Mr. Shervin Pishevar is a Co-Founder & serves as Chairman at Telly. He is a Co-Founder & serves as Managing Director at Sofreh Capital. He served as a Board Member at Warby Parker. He co-founded Hyperloop One. In addition to his roles at Sofreh Capital, he is known as an Entrepreneur, Venture Capitalist, and Angel Investor. He served as an Advisor at Nue Life. He is also a Co-Founder of Sofreh. Previously, he served as a Board Member at Micromobility.com and co-founded Silicon Foundry. His extensive experience includes serving as a Board Member at Cue Health and Getaround, as well as comScore. He also founded Halo Computing. During his time at Menlo Ventures, he served as a Managing Director",part5_rule_b_company|source:company_investor_relation|source:deal_investor_relation|source:investor_investment_relation,CompanyInvestorRelation.CompanyID|CompanyInvestorRelation.InvestorID|Deal.CompanyID|DealInvestorRelation.DealID|DealInvestorRelation.InvestorID|InvestorInvestmentRelation.CompanyID|InvestorInvestmentRelation.InvestorID,"Part5 Rule B company investor graph: 1 token companies, 1 deals, 0 funds | source_methods=company_investor_relation,deal_investor_relation,investor_investment_relation | PrimaryInvestorType: Angel (individual) | PreferredVerticals: TMT | PreferredInvestmentTypes: Angel (individual), Early Stage VC, Seed Round | CompanyInvestorRelation: Braintrust; status=Active; holding=Minority; since=09/11/2020 |",part5_token_company_investor_graph_then_web_search_with_primary_source_priority,investor_router|capability_classification
506,465261-94,Sid Mewara,,,,,,,,,,,Angel (individual),,"Angel (individual), Early Stage VC, Seed Round",,"Prefers minority stake, Will syndicate",,,"Mr. Sid Mewara served as a Board Member at Trendy Butler. He served as Chief Investment Officer & Partner at Capital Union Investments. As Chief Investment Officer, he heads all investments & portfolios at CUI and in that role, is responsible for evaluating investment opportunities and managing portfolio companies. He is also charged with building and expanding the firm's global network. A graduate of the Wharton School of Business, University of Pennsylvania, he has worked as a management & strategy consultant and investment banker for the last decade in China and Hong Kong. He sits on various advisory and management boards of portfolio companies in China and the US. Previously as Founder &",part5_rule_b_company|source:company_investor_relation|source:deal_investor_relation|source:investor_investment_relation,CompanyInvestorRelation.CompanyID|CompanyInvestorRelation.InvestorID|Deal.CompanyID|DealInvestorRelation.DealID|DealInvestorRelation.InvestorID|InvestorInvestmentRelation.CompanyID|InvestorInvestmentRelation.InvestorID,"Part5 Rule B company investor graph: 1 token companies, 1 deals, 0 funds | source_methods=company_investor_relation,deal_investor_relation,investor_investment_relation | PrimaryInvestorType: Angel (individual) | PreferredInvestmentTypes: Angel (individual), Early Stage VC, Seed Round | CompanyInvestorRelation: Digital Asset; status=Active; holding=Minority; since=02/04/2020 | DealInvestorRelation:",part5_token_company_investor_graph_then_web_search_with_primary_source_priority,investor_router|capability_classification
507,10464-31,Siemens,,Siemens & Halske,Siemens AG,www.siemens.com,siemens.com,,ETR,SIE,"Munich, Germany",Germany,Corporation,,Merger/Acquisition,Manufacturing,Prefers majority stake,Industry of the Future Fund,Venture Capital - Early Stage,"Siemens is a multi-industry company focused on the areas of automation, electrification, mobility, and healthcare. Its top three geographic regions-the United States, Germany, and China-contribute over half of group revenue. Siemens has a 71% investment in separately listed Siemens Healthineers. Recent portfolio activity included the listing of Siemens Energy, spinning out its power and gas and Siemens Gamesa business divisions in 2020.",part5_rule_b_company|source:company_investor_relation|source:deal_investor_relation|source:investor_investment_relation,CompanyInvestorRelation.CompanyID|CompanyInvestorRelation.InvestorID|Deal.CompanyID|DealInvestorRelation.DealID|DealInvestorRelation.InvestorID|InvestorInvestmentRelation.CompanyID|InvestorInvestmentRelation.InvestorID,"Part5 Rule B company investor graph: 1 token companies, 1 deals, 0 funds | source_methods=company_investor_relation,deal_investor_relation,investor_investment_relation | PrimaryInvestorType: Corporation | PreferredVerticals: Manufacturing | PreferredInvestmentTypes: Merger/Acquisition | CompanyInvestorRelation: Augmate; status=Former; holding=Minority; since=09/28/2018 | DealInvestorRelation: Augma",part5_token_company_investor_graph_then_web_search_with_primary_source_priority,investor_router|capability_classification
508,65999-89,SilverBlue,Silver Blue,,"Silverblue, Inc.",,,,,,"Saratoga, CA",United States,Venture Capital,,"Early Stage VC, Later Stage VC, Seed Round",,"Prefers minority stake, Will syndicate",,,"Founded in 2003, SilverBlue is a venture capital firm based in Saratoga, California. The firm seeks to invest in seed stage, early-stage, and later-stage companies.",part5_rule_b_company|source:company_investor_relation|source:deal_investor_relation|source:investor_investment_relation,CompanyInvestorRelation.CompanyID|CompanyInvestorRelation.InvestorID|Deal.CompanyID|DealInvestorRelation.DealID|DealInvestorRelation.InvestorID|InvestorInvestmentRelation.CompanyID|InvestorInvestmentRelation.InvestorID,"Part5 Rule B company investor graph: 1 token companies, 1 deals, 0 funds | source_methods=company_investor_relation,deal_investor_relation,investor_investment_relation | PrimaryInvestorType: Venture Capital | PreferredInvestmentTypes: Early Stage VC, Later Stage VC, Seed Round | CompanyInvestorRelation: CP Labs; status=Active; holding=Minority; since=04/02/2014 | DealInvestorRelation: CP Labs; deal",part5_token_company_investor_graph_then_web_search_with_primary_source_priority,investor_router|capability_classification
509,51267-79,Singtel Innov8,Innov8,,Singtel Innov8 Ventures Pte. Ltd.,innov8.singtel.com,innov8.singtel.com,Singtel,,,"Singapore, Singapore",Singapore,Corporate Venture Capital,,"Early Stage VC, Later Stage VC, Seed Round","AdTech, Advanced Manufacturing, Artificial Intelligence & Machine Learning, Augmented Reality, Autonomous cars, B2B Payments, Big Data, CleanTech, Climate Tech, CloudTech & DevOps, Cryptocurrency/Blockchain, Cybersecurity, Digital Health, E-Commerce, EdTech, Esports, FinTech, Gaming, HealthTech, HR Tech, InsurTech, Internet of Things, Legal Tech, Marketing Tech, Mobile, Mobile Commerce, SaaS, Space Technology, TMT, Virtual Reality","Prefers minority stake, Will lead on a deal, Will syndicate",,,"Established in 2010, Singtel Innov8 is the corporate venture capital fund of Singtel based in Singapore. The firm prefers to invest in 5g enterprise and applications, digital technology, green-tech, and new emerging technologies across Asia, Australia, and Africa.",part5_rule_b_company|source:company_investor_relation|source:deal_investor_relation|source:investor_investment_relation,CompanyInvestorRelation.CompanyID|CompanyInvestorRelation.InvestorID|Deal.CompanyID|DealInvestorRelation.DealID|DealInvestorRelation.InvestorID|InvestorInvestmentRelation.CompanyID|InvestorInvestmentRelation.InvestorID,"Part5 Rule B company investor graph: 1 token companies, 1 deals, 0 funds | source_methods=company_investor_relation,deal_investor_relation,investor_investment_relation | PrimaryInvestorType: Corporate Venture Capital | PreferredVerticals: AdTech, Advanced Manufacturing, Artificial Intelligence & Machine Learning, Augmented Reality, Autonomous cars, B2B Payments, Big Data, CleanTech, Climate Tech, C",part5_token_company_investor_graph_then_web_search_with_primary_source_priority,investor_router|capability_classification
510,221939-83,Sino Global Development,,,,,,,,,China,China,Corporation,,Merger/Acquisition,,Prefers majority stake,,,,part5_rule_b_company|source:company_investor_relation|source:deal_investor_relation|source:investor_investment_relation,CompanyInvestorRelation.CompanyID|CompanyInvestorRelation.InvestorID|Deal.CompanyID|DealInvestorRelation.DealID|DealInvestorRelation.InvestorID|InvestorInvestmentRelation.CompanyID|InvestorInvestmentRelation.InvestorID,"Part5 Rule B company investor graph: 1 token companies, 1 deals, 0 funds | source_methods=company_investor_relation,deal_investor_relation,investor_investment_relation | PrimaryInvestorType: Corporation | PreferredInvestmentTypes: Merger/Acquisition | CompanyInvestorRelation: Mask Network; status=Active; holding=Minority; since=02/16/2021 | DealInvestorRelation: Mask Network; deal=159737-23T; date=",part5_token_company_investor_graph_then_web_search_with_primary_source_priority,investor_router|capability_classification
511,698082-94,Skylar Weaver,,,,,,,,,,,Angel (individual),,"Angel (individual), Early Stage VC, Seed Round",,"Prefers minority stake, Will syndicate",,,Mr. Skylar Weaver is an Angel Investor.,part5_rule_b_company|source:company_investor_relation|source:deal_investor_relation|source:investor_investment_relation,CompanyInvestorRelation.CompanyID|CompanyInvestorRelation.InvestorID|Deal.CompanyID|DealInvestorRelation.DealID|DealInvestorRelation.InvestorID|InvestorInvestmentRelation.CompanyID|InvestorInvestmentRelation.InvestorID,"Part5 Rule B company investor graph: 1 token companies, 1 deals, 0 funds | source_methods=company_investor_relation,deal_investor_relation,investor_investment_relation | PrimaryInvestorType: Angel (individual) | PreferredInvestmentTypes: Angel (individual), Early Stage VC, Seed Round | CompanyInvestorRelation: SOON (New York); status=Active; holding=Minority; since=08/27/2024 | DealInvestorRelation",part5_token_company_investor_graph_then_web_search_with_primary_source_priority,investor_router|capability_classification
512,741542-41,Smit Smit,,,,,,,,,,,Angel (individual),,,,,,,Mr. Smit Smit serves as Angel Investor at Smit (Angel Investor).,part5_rule_b_company|source:company_investor_relation|source:deal_investor_relation|source:investor_investment_relation,CompanyInvestorRelation.CompanyID|CompanyInvestorRelation.InvestorID|Deal.CompanyID|DealInvestorRelation.DealID|DealInvestorRelation.InvestorID|InvestorInvestmentRelation.CompanyID|InvestorInvestmentRelation.InvestorID,"Part5 Rule B company investor graph: 1 token companies, 1 deals, 0 funds | source_methods=company_investor_relation,deal_investor_relation,investor_investment_relation | PrimaryInvestorType: Angel (individual) | CompanyInvestorRelation: SOON (New York); status=Active; holding=Minority; since=08/27/2024 | DealInvestorRelation: SOON (New York); deal=270970-48T; date=08/27/2024; type=Seed Round; lead=",part5_token_company_investor_graph_then_web_search_with_primary_source_priority,investor_router|capability_classification
513,467813-53,Sohaib Waheed,,,,,,,,,,,Angel (individual),,,,,,,Mr. Sohaib Waheed is an Angel Investor.,part5_rule_b_company|source:company_investor_relation|source:deal_investor_relation|source:investor_investment_relation,CompanyInvestorRelation.CompanyID|CompanyInvestorRelation.InvestorID|Deal.CompanyID|DealInvestorRelation.DealID|DealInvestorRelation.InvestorID|InvestorInvestmentRelation.CompanyID|InvestorInvestmentRelation.InvestorID,"Part5 Rule B company investor graph: 1 token companies, 1 deals, 0 funds | source_methods=company_investor_relation,deal_investor_relation,investor_investment_relation | PrimaryInvestorType: Angel (individual) | CompanyInvestorRelation: Algorand Technologies; status=Active; holding=Minority; since=10/24/2018 | DealInvestorRelation: Algorand Technologies; deal=113126-95T; date=10/24/2018; type=Early",part5_token_company_investor_graph_then_web_search_with_primary_source_priority,investor_router|capability_classification
514,541617-22,Solo Investments,,,,,,,,,,,Venture Capital,,"Early Stage VC, Later Stage VC, Seed Round",,"Prefers minority stake, Will syndicate",,,"Solo Investments is a venture capital firm. The firm prefers to invest in seed-stage, early-stage, and later-stage companies.",part5_rule_b_company|source:company_investor_relation|source:deal_investor_relation|source:investor_investment_relation,CompanyInvestorRelation.CompanyID|CompanyInvestorRelation.InvestorID|Deal.CompanyID|DealInvestorRelation.DealID|DealInvestorRelation.InvestorID|InvestorInvestmentRelation.CompanyID|InvestorInvestmentRelation.InvestorID,"Part5 Rule B company investor graph: 1 token companies, 1 deals, 0 funds | source_methods=company_investor_relation,deal_investor_relation,investor_investment_relation | PrimaryInvestorType: Venture Capital | PreferredInvestmentTypes: Early Stage VC, Later Stage VC, Seed Round | CompanyInvestorRelation: Agant; status=Active; holding=Minority; since=09/20/2024 | DealInvestorRelation: Agant; deal=316",part5_token_company_investor_graph_then_web_search_with_primary_source_priority,investor_router|capability_classification
515,106825-96,Solon Mack Capital,Solon Mack,,"Solon Mack Capital, LLC",,,,,,"Greenwich, CT",United States,Family Office,Venture Capital,"Early Stage VC, Seed Round",,"Prefers minority stake, Will syndicate",,,"Founded on 2003, Solon Mack Capital is a family office based in Greenwich, Connecticut. The firm makes venture capital investments in companies operating in the retail, real estate, healthcare, cooking, e-commerce, social media platforms, hospitality and business development sectors.",part5_rule_b_company|source:company_investor_relation|source:deal_investor_relation|source:investor_investment_relation,CompanyInvestorRelation.CompanyID|CompanyInvestorRelation.InvestorID|Deal.CompanyID|DealInvestorRelation.DealID|DealInvestorRelation.InvestorID|InvestorInvestmentRelation.CompanyID|InvestorInvestmentRelation.InvestorID,"Part5 Rule B company investor graph: 1 token companies, 1 deals, 0 funds | source_methods=company_investor_relation,deal_investor_relation,investor_investment_relation | PrimaryInvestorType: Family Office | OtherInvestorTypes: Venture Capital | PreferredInvestmentTypes: Early Stage VC, Seed Round | CompanyInvestorRelation: Paxos; status=Active; holding=Minority; since=05/07/2015 | DealInvestorRelat",part5_token_company_investor_graph_then_web_search_with_primary_source_priority,investor_router|capability_classification
516,264935-08,Song Guoping,,,,,,,,,,,Angel (individual),,,"Cryptocurrency/Blockchain, FinTech, Internet of Things",,,,Mr. Song Guoping is an Angel Investor.,part5_rule_b_company|source:company_investor_relation|source:deal_investor_relation|source:investor_investment_relation,CompanyInvestorRelation.CompanyID|CompanyInvestorRelation.InvestorID|Deal.CompanyID|DealInvestorRelation.DealID|DealInvestorRelation.InvestorID|InvestorInvestmentRelation.CompanyID|InvestorInvestmentRelation.InvestorID,"Part5 Rule B company investor graph: 1 token companies, 1 deals, 0 funds | source_methods=company_investor_relation,deal_investor_relation,investor_investment_relation | PrimaryInvestorType: Angel (individual) | PreferredVerticals: Cryptocurrency/Blockchain, FinTech, Internet of Things | CompanyInvestorRelation: WaltonChain; status=Former; holding=Minority; since= | DealInvestorRelation: WaltonChai",part5_token_company_investor_graph_then_web_search_with_primary_source_priority,investor_router|capability_classification
517,438993-46,South Swell Ventures,,,,,,,,,"Santa Cruz, CA",United States,Venture Capital,,"Early Stage VC, Later Stage VC, Seed Round",,"Prefers minority stake, Will syndicate",,,,part5_rule_b_company|source:company_investor_relation|source:deal_investor_relation|source:investor_investment_relation,CompanyInvestorRelation.CompanyID|CompanyInvestorRelation.InvestorID|Deal.CompanyID|DealInvestorRelation.DealID|DealInvestorRelation.InvestorID|InvestorInvestmentRelation.CompanyID|InvestorInvestmentRelation.InvestorID,"Part5 Rule B company investor graph: 1 token companies, 1 deals, 0 funds | source_methods=company_investor_relation,deal_investor_relation,investor_investment_relation | PrimaryInvestorType: Venture Capital | PreferredInvestmentTypes: Early Stage VC, Later Stage VC, Seed Round | CompanyInvestorRelation: PayStand; status=Active; holding=Minority; since=03/24/2020 | DealInvestorRelation: PayStand; de",part5_token_company_investor_graph_then_web_search_with_primary_source_priority,investor_router|capability_classification
518,224406-01,Southeastern Medical Device Association Conference,,,,,,,,,"Nashville, TN",United States,Other,,,,,,,,part5_rule_b_company|source:company_investor_relation|source:deal_investor_relation|source:investor_investment_relation|lead_investor,CompanyInvestorRelation.CompanyID|CompanyInvestorRelation.InvestorID|Deal.CompanyID|DealInvestorRelation.DealID|DealInvestorRelation.InvestorID|InvestorInvestmentRelation.CompanyID|InvestorInvestmentRelation.InvestorID,"Part5 Rule B company investor graph: 1 token companies, 1 deals, 0 funds | source_methods=company_investor_relation,deal_investor_relation,investor_investment_relation | PrimaryInvestorType: Other | CompanyInvestorRelation: Patientory; status=Active; holding=; since=05/03/2017 | DealInvestorRelation: Patientory; deal=100628-02T; date=05/03/2017; type=Grant; lead=Yes; fund= | InvestorInvestmentRelat",part5_token_company_investor_graph_then_web_search_with_primary_source_priority,investor_router|capability_classification
519,469451-35,Spacestation (UK),,,Spacestation LLC.,www.spacestation.vc,spacestation.vc,Spacestation Gaming,,,"Layton, UT",United States,Angel Group,Venture Capital,"Early Stage VC, Later Stage VC, Seed Round","AdTech, Artificial Intelligence & Machine Learning, Augmented Reality, Beauty, Cryptocurrency/Blockchain, E-Commerce, EdTech, FinTech, Gaming, LOHAS & Wellness, SaaS, Space Technology","Prefers minority stake, Will syndicate",,,"Founded in 2019, Spacestation Investments is an angel group based in Layton, Utah. The firm prefers to invest in the food and beverage, fintech, real estate, travel, beauty, biotech, and gaming sectors.",part5_rule_b_company|source:company_investor_relation|source:deal_investor_relation|source:investor_investment_relation,CompanyInvestorRelation.CompanyID|CompanyInvestorRelation.InvestorID|Deal.CompanyID|DealInvestorRelation.DealID|DealInvestorRelation.InvestorID|InvestorInvestmentRelation.CompanyID|InvestorInvestmentRelation.InvestorID,"Part5 Rule B company investor graph: 1 token companies, 1 deals, 0 funds | source_methods=company_investor_relation,deal_investor_relation,investor_investment_relation | PrimaryInvestorType: Angel Group | OtherInvestorTypes: Venture Capital | PreferredVerticals: AdTech, Artificial Intelligence & Machine Learning, Augmented Reality, Beauty, Cryptocurrency/Blockchain, E-Commerce, EdTech, FinTech, Gam",part5_token_company_investor_graph_then_web_search_with_primary_source_priority,investor_router|capability_classification
520,530807-68,Spade Ventures,,,,www.spade.ventures,spade.ventures,,,,"Dubai, United Arab Emirates",United Arab Emirates,Angel Group,,"Angel (individual), Early Stage VC, Seed Round","Artificial Intelligence & Machine Learning, CloudTech & DevOps, Digital Health, EdTech, FoodTech, HealthTech, HR Tech, InsurTech, Ridesharing, SaaS","Prefers minority stake, Will syndicate",,,"Founded in 2019, Spade Ventures is an angel network based in Dubai, United Arab Emirates. The firm seeks to invest in technology startups operating in the Middle East, North Africa and Pakistan.",part5_rule_b_company|source:company_investor_relation|source:deal_investor_relation|source:investor_investment_relation,CompanyInvestorRelation.CompanyID|CompanyInvestorRelation.InvestorID|Deal.CompanyID|DealInvestorRelation.DealID|DealInvestorRelation.InvestorID|InvestorInvestmentRelation.CompanyID|InvestorInvestmentRelation.InvestorID,"Part5 Rule B company investor graph: 1 token companies, 1 deals, 0 funds | source_methods=company_investor_relation,deal_investor_relation,investor_investment_relation | PrimaryInvestorType: Angel Group | PreferredVerticals: Artificial Intelligence & Machine Learning, CloudTech & DevOps, Digital Health, EdTech, FoodTech, HealthTech, HR Tech, InsurTech, Ridesharing, SaaS | PreferredInvestmentTypes:",part5_token_company_investor_graph_then_web_search_with_primary_source_priority,investor_router|capability_classification
521,606409-93,SPJ GTM Ventures,,,,www.spjgtm.com,spjgtm.com,,,,"Los Gatos, CA",United States,Venture Capital,Accelerator/Incubator,"Accelerator/Incubator, Early Stage VC, Later Stage VC, Seed Round",TMT,"Prefers minority stake, Will syndicate",,,"Founded in 2013, SPJ GTM Ventures is a venture capital firm based in Los Gatos, California. The firm focuses on technology sector companies.",part5_rule_b_company|source:company_investor_relation|source:deal_investor_relation|source:investor_investment_relation,CompanyInvestorRelation.CompanyID|CompanyInvestorRelation.InvestorID|Deal.CompanyID|DealInvestorRelation.DealID|DealInvestorRelation.InvestorID|InvestorInvestmentRelation.CompanyID|InvestorInvestmentRelation.InvestorID,"Part5 Rule B company investor graph: 1 token companies, 1 deals, 0 funds | source_methods=company_investor_relation,deal_investor_relation,investor_investment_relation | PrimaryInvestorType: Venture Capital | OtherInvestorTypes: Accelerator/Incubator | PreferredVerticals: TMT | PreferredInvestmentTypes: Accelerator/Incubator, Early Stage VC, Later Stage VC, Seed Round | CompanyInvestorRelation: Pay",part5_token_company_investor_graph_then_web_search_with_primary_source_priority,investor_router|capability_classification
522,65072-62,Springboard Enterprises,Springboard,,"Springboard Enterprises, Inc.",www.springboardenterprises.org,springboardenterprises.org,,,,"McLean, VA",United States,Accelerator/Incubator,,"Accelerator/Incubator, Early Stage VC, Seed Round","Digital Health, HealthTech, Internet of Things, Life Sciences, LOHAS & Wellness, SaaS, TMT","Prefers minority stake, Will syndicate",,,"Founded in 2000, Springboard Enterprises is an accelerator and incubator firm based in McLean, Virginia. The firm seeks to invest in healthcare, information technology, digital health, health technology, the internet of things, life science & SaaS sectors based in the United States region.",part5_rule_b_company|source:company_investor_relation|source:deal_investor_relation|source:investor_investment_relation,CompanyInvestorRelation.CompanyID|CompanyInvestorRelation.InvestorID|Deal.CompanyID|DealInvestorRelation.DealID|DealInvestorRelation.InvestorID|InvestorInvestmentRelation.CompanyID|InvestorInvestmentRelation.InvestorID,"Part5 Rule B company investor graph: 1 token companies, 1 deals, 0 funds | source_methods=company_investor_relation,deal_investor_relation,investor_investment_relation | PrimaryInvestorType: Accelerator/Incubator | PreferredVerticals: Digital Health, HealthTech, Internet of Things, Life Sciences, LOHAS & Wellness, SaaS, TMT | PreferredInvestmentTypes: Accelerator/Incubator, Early Stage VC, Seed Rou",part5_token_company_investor_graph_then_web_search_with_primary_source_priority,investor_router|capability_classification
523,277310-44,Stableton Financial,,,Stableton Financial AG,www.stableton.com,stableton.com,,,,"Zurich, Switzerland",Switzerland,Secondary Buyer,"Other, VC-Backed Company","Later Stage VC, Secondary Transaction - Private","AdTech, AgTech, Artificial Intelligence & Machine Learning, AudioTech, Augmented Reality, Autonomous cars, B2B Payments, Beauty, Big Data, Car-Sharing, CleanTech, Climate Tech, CloudTech & DevOps, Construction Technology, Cryptocurrency/Blockchain, Cybersecurity, Digital Health, E-Commerce, EdTech, Esports, FemTech, FinTech, FoodTech, Gaming, HealthTech, HR Tech, Impact Investing, InsurTech, Internet of Things, Legal Tech, Life Sciences, LOHAS & Wellness, Marketing Tech, Micro-Mobility, Mobile, Mobile Commerce, Mobility Tech, Mortgage Tech, Pet Technology, Real Estate Technology, Restaurant Technology, Ridesharing, SaaS, Space Technology, Supply Chain Tech, TMT, Virtual Reality",,,,"Founded in 2018, Stableton Financial is based in Zurich, Switzerland. The firm provides systematic, passive, low-cost investment portfolios into the world's most valuable unicorns, delivering growth equity as a scalable, more liquid, and trusted asset class for institutional investors. The firm operates under its FINMA license as a portfolio manager, according to Art. 17 (1) of the Financial Institutions Act (FINIA). The firm is committed to delivering institutional-grade quality.",part5_rule_b_company|source:company_investor_relation|source:deal_investor_relation|source:investor_investment_relation,CompanyInvestorRelation.CompanyID|CompanyInvestorRelation.InvestorID|Deal.CompanyID|DealInvestorRelation.DealID|DealInvestorRelation.InvestorID|InvestorInvestmentRelation.CompanyID|InvestorInvestmentRelation.InvestorID,"Part5 Rule B company investor graph: 1 token companies, 1 deals, 0 funds | source_methods=company_investor_relation,deal_investor_relation,investor_investment_relation | PrimaryInvestorType: Secondary Buyer | OtherInvestorTypes: Other, VC-Backed Company | PreferredVerticals: AdTech, AgTech, Artificial Intelligence & Machine Learning, AudioTech, Augmented Reality, Autonomous cars, B2B Payments, Beau",part5_token_company_investor_graph_then_web_search_with_primary_source_priority,investor_router|capability_classification
524,265900-42,Stacy Brown-Philpot,,,,,,,,,"Palo Alto, CA",United States,Angel (individual),,,,,,,"Ms. Stacy Brown-Philpot is the Co-Founder and serves as Managing Partner at Cherryrock Capital. She serves as an Advisory Board Member & Operator LP at Operator Collective. She was a Founding Member of the Open Opportunity Fund. She serves as Board Member at Joy. She serves as a Trustee at Stanford University. She serves as Board Member & Member of the Audit, Nominating, Governance, and Social Responsibility Committee at HP. She serves as a Board Member at Noom, Ariel Alternatives. She has served as an Advisory Board Member at General Catalyst, LLC. She has also served as a board member at HP Inc., Nordstrom, Inc., StockX, and The Urban Institute. She is an Angel Investor. She holds a BS in",part5_rule_b_company|source:company_investor_relation|source:deal_investor_relation|source:investor_investment_relation,CompanyInvestorRelation.CompanyID|CompanyInvestorRelation.InvestorID|Deal.CompanyID|DealInvestorRelation.DealID|DealInvestorRelation.InvestorID|InvestorInvestmentRelation.CompanyID|InvestorInvestmentRelation.InvestorID,"Part5 Rule B company investor graph: 1 token companies, 1 deals, 0 funds | source_methods=company_investor_relation,deal_investor_relation,investor_investment_relation | PrimaryInvestorType: Angel (individual) | CompanyInvestorRelation: Braintrust; status=Active; holding=Minority; since=01/01/2018 | DealInvestorRelation: Braintrust; deal=123770-26T; date=01/01/2018; type=Seed Round; lead=No; fund=",part5_token_company_investor_graph_then_web_search_with_primary_source_priority,investor_router|capability_classification
525,52173-28,Start Fund,,,"Start Fund, LLC",,,,,,"Palo Alto, CA",United States,Venture Capital,,"Convertible Debt, Early Stage VC, Joint Venture, Later Stage VC, Seed Round",TMT,"Prefers minority stake, Will syndicate",Start Fund,Venture - General,"Start Fund was a joint venture between Yuri Milner and SV Angel. The fund was created to invest in Y Combinator startups and had made its first set of investments in January 2011. It was established in 2011 and was based in Palo Alto, California.",part5_rule_b_company|source:company_investor_relation|source:deal_investor_relation|source:investor_investment_relation,CompanyInvestorRelation.CompanyID|CompanyInvestorRelation.InvestorID|Deal.CompanyID|DealInvestorRelation.DealID|DealInvestorRelation.InvestorID|InvestorInvestmentRelation.CompanyID|InvestorInvestmentRelation.InvestorID,"Part5 Rule B company investor graph: 1 token companies, 1 deals, 0 funds | source_methods=company_investor_relation,deal_investor_relation,investor_investment_relation | PrimaryInvestorType: Venture Capital | PreferredVerticals: TMT | PreferredInvestmentTypes: Convertible Debt, Early Stage VC, Joint Venture, Later Stage VC, Seed Round | CompanyInvestorRelation: Coinbase Global; status=Former; holdi",part5_token_company_investor_graph_then_web_search_with_primary_source_priority,investor_router|capability_classification
526,509371-66,Stefaan Vervaet,,,,,,,,,,,Angel (individual),,,,,,,,part5_rule_b_company|source:company_investor_relation|source:deal_investor_relation|source:investor_investment_relation,CompanyInvestorRelation.CompanyID|CompanyInvestorRelation.InvestorID|Deal.CompanyID|DealInvestorRelation.DealID|DealInvestorRelation.InvestorID|InvestorInvestmentRelation.CompanyID|InvestorInvestmentRelation.InvestorID,"Part5 Rule B company investor graph: 1 token companies, 1 deals, 0 funds | source_methods=company_investor_relation,deal_investor_relation,investor_investment_relation | PrimaryInvestorType: Angel (individual) | CompanyInvestorRelation: Lit Protocol; status=Active; holding=Minority; since=06/01/2022 | DealInvestorRelation: Lit Protocol; deal=204552-64T; date=06/01/2022; type=Early Stage VC; lead=No",part5_token_company_investor_graph_then_web_search_with_primary_source_priority,investor_router|capability_classification
527,519228-37,Stellar Partners (Hong Kong),,,,www.1stellar.com,1stellar.com,,,,"Hong Kong, Hong Kong",Hong Kong,Other,,,,,,,,part5_rule_b_company|source:company_investor_relation|source:deal_investor_relation|source:investor_investment_relation,CompanyInvestorRelation.CompanyID|CompanyInvestorRelation.InvestorID|Deal.CompanyID|DealInvestorRelation.DealID|DealInvestorRelation.InvestorID|InvestorInvestmentRelation.CompanyID|InvestorInvestmentRelation.InvestorID,"Part5 Rule B company investor graph: 1 token companies, 1 deals, 0 funds | source_methods=company_investor_relation,deal_investor_relation,investor_investment_relation | PrimaryInvestorType: Other | CompanyInvestorRelation: Hashstacs; status=Active; holding=Minority; since=12/21/2020 | DealInvestorRelation: Hashstacs; deal=223588-63T; date=12/21/2020; type=Early Stage VC; lead=No; fund= | InvestorI",part5_token_company_investor_graph_then_web_search_with_primary_source_priority,investor_router|capability_classification
528,434832-76,Stephen Wiggins,,,,,,,,,"Salem, SC",United States,Angel (individual),,,,,,,Mr. Stephen Wiggins serves as Chief Executive Officer & Chairman at Artemis Acquisition. He serves as a Board Member at Big Bold Health. He served as Managing Director & Operating Partner at EW Healthcare Partners. He was the founder of Golden Pond Healthcare. He also served as a Board Member at COTA. He served as a Board Member at Cannamedical Pharma. He also serves as a Board Member at Semdor Pharma Group. He served as Executive Vice President & Chief Information Officer at BlueCross BlueShield of South Carolina. He serves as a Board Member at Remedy Partners and Cannamedical Pharma. He joined Essex Woodlands in 2007 as Operating Partner and was appointed Managing Director in February 2008,part5_rule_b_company|source:company_investor_relation|source:deal_investor_relation|source:investor_investment_relation,CompanyInvestorRelation.CompanyID|CompanyInvestorRelation.InvestorID|Deal.CompanyID|DealInvestorRelation.DealID|DealInvestorRelation.InvestorID|InvestorInvestmentRelation.CompanyID|InvestorInvestmentRelation.InvestorID,"Part5 Rule B company investor graph: 1 token companies, 1 deals, 0 funds | source_methods=company_investor_relation,deal_investor_relation,investor_investment_relation | PrimaryInvestorType: Angel (individual) | CompanyInvestorRelation: Molecule; status=Active; holding=Minority; since=06/22/2022 | DealInvestorRelation: Molecule; deal=196016-50T; date=06/22/2022; type=Seed Round; lead=No; fund= | In",part5_token_company_investor_graph_then_web_search_with_primary_source_priority,investor_router|capability_classification
529,467813-44,Sumit Shah,,,,,,,,,,,Angel (individual),,,,,,,Mr. Sumit Shah is an Angel Investor.,part5_rule_b_company|source:company_investor_relation|source:deal_investor_relation|source:investor_investment_relation,CompanyInvestorRelation.CompanyID|CompanyInvestorRelation.InvestorID|Deal.CompanyID|DealInvestorRelation.DealID|DealInvestorRelation.InvestorID|InvestorInvestmentRelation.CompanyID|InvestorInvestmentRelation.InvestorID,"Part5 Rule B company investor graph: 1 token companies, 1 deals, 0 funds | source_methods=company_investor_relation,deal_investor_relation,investor_investment_relation | PrimaryInvestorType: Angel (individual) | CompanyInvestorRelation: Algorand Technologies; status=Active; holding=Minority; since=10/24/2018 | DealInvestorRelation: Algorand Technologies; deal=113126-95T; date=10/24/2018; type=Early",part5_token_company_investor_graph_then_web_search_with_primary_source_priority,investor_router|capability_classification
530,459230-41,Sunil Grover,,,,,,,,,"Campbell, CA",United States,Angel (individual),,,,,,,"Mr. Sunil Grover is the Founder & serves as Managing Director at True Blue Partners. He serves as a Partner at G2C Venture Partners. He has experience in investment banking and technology business operations. He has captured transactions in M&A, private placements, and capital raises. He has executed bulge bracket transactions at Morgan Stanley and mid-market transactions at Martinwolf M&A advisors. As a technology entrepreneur, he was co-founder and CEO of a Software as a Service Company where he raised seed capital, built the product, and took it to market.",part5_rule_b_company|source:company_investor_relation|source:deal_investor_relation|source:investor_investment_relation,CompanyInvestorRelation.CompanyID|CompanyInvestorRelation.InvestorID|Deal.CompanyID|DealInvestorRelation.DealID|DealInvestorRelation.InvestorID|InvestorInvestmentRelation.CompanyID|InvestorInvestmentRelation.InvestorID,"Part5 Rule B company investor graph: 1 token companies, 1 deals, 0 funds | source_methods=company_investor_relation,deal_investor_relation,investor_investment_relation | PrimaryInvestorType: Angel (individual) | CompanyInvestorRelation: PayStand; status=Active; holding=Minority; since=03/24/2020 | DealInvestorRelation: PayStand; deal=129965-86T; date=03/24/2020; type=Later Stage VC; lead=No; fund=",part5_token_company_investor_graph_then_web_search_with_primary_source_priority,investor_router|capability_classification
531,466812-10,Sunova Capital Management,,,Sunova Capital Management Pte Ltd.,www.sunova.sg,sunova.sg,,,,"Singapore, Singapore",Singapore,Asset Manager,,,,,,,"Founded in 2017, Sunova Capital Management is an asset management firm based in Singapore. The firm also provides fund management services.",part5_rule_b_company|source:company_investor_relation|source:deal_investor_relation|source:investor_investment_relation,CompanyInvestorRelation.CompanyID|CompanyInvestorRelation.InvestorID|Deal.CompanyID|DealInvestorRelation.DealID|DealInvestorRelation.InvestorID|InvestorInvestmentRelation.CompanyID|InvestorInvestmentRelation.InvestorID,"Part5 Rule B company investor graph: 1 token companies, 1 deals, 0 funds | source_methods=company_investor_relation,deal_investor_relation,investor_investment_relation | PrimaryInvestorType: Asset Manager | CompanyInvestorRelation: Sygnum Bank; status=Active; holding=; since=01/14/2025 | DealInvestorRelation: Sygnum Bank; deal=282087-19T; date=01/14/2025; type=Later Stage VC; lead=No; fund= | Inves",part5_token_company_investor_graph_then_web_search_with_primary_source_priority,investor_router|capability_classification
532,466173-19,Superposition Venture Partners,,,"Superposition Venture Partners, LLC",www.superposition.vc,superposition.vc,,,,"Covina, CA",United States,Venture Capital,,"Early Stage VC, Later Stage VC, Seed Round","Artificial Intelligence & Machine Learning, CloudTech & DevOps, Mobility Tech","Prefers minority stake, Will syndicate",,,"Founded in 2020, Superposition Venture Partners is a venture capital firm based in Covina, California. The firm prefers to invest in artificial intelligence, connected devices, cloud, mobility, and semiconductor sectors.",part5_rule_b_company|source:company_investor_relation|source:deal_investor_relation|source:investor_investment_relation,CompanyInvestorRelation.CompanyID|CompanyInvestorRelation.InvestorID|Deal.CompanyID|DealInvestorRelation.DealID|DealInvestorRelation.InvestorID|InvestorInvestmentRelation.CompanyID|InvestorInvestmentRelation.InvestorID,"Part5 Rule B company investor graph: 1 token companies, 1 deals, 0 funds | source_methods=company_investor_relation,deal_investor_relation,investor_investment_relation | PrimaryInvestorType: Venture Capital | PreferredVerticals: Artificial Intelligence & Machine Learning, CloudTech & DevOps, Mobility Tech | PreferredInvestmentTypes: Early Stage VC, Later Stage VC, Seed Round | CompanyInvestorRelati",part5_token_company_investor_graph_then_web_search_with_primary_source_priority,investor_router|capability_classification
533,656076-79,Swiss Fund,,,,,,,,,United Kingdom,United Kingdom,Venture Capital,,"Early Stage VC, Later Stage VC, Seed Round",,"Prefers minority stake, Will syndicate",,,"Swiss Fund is a venture capital firm based in the United Kingdom. The firm prefers to invest in seed, early, and later-stage firms.",part5_rule_b_company|source:company_investor_relation|source:deal_investor_relation|source:investor_investment_relation,CompanyInvestorRelation.CompanyID|CompanyInvestorRelation.InvestorID|Deal.CompanyID|DealInvestorRelation.DealID|DealInvestorRelation.InvestorID|InvestorInvestmentRelation.CompanyID|InvestorInvestmentRelation.InvestorID,"Part5 Rule B company investor graph: 1 token companies, 1 deals, 0 funds | source_methods=company_investor_relation,deal_investor_relation,investor_investment_relation | PrimaryInvestorType: Venture Capital | PreferredInvestmentTypes: Early Stage VC, Later Stage VC, Seed Round | CompanyInvestorRelation: BTA Protocol; status=Former; holding=Minority; since=08/26/2024 | DealInvestorRelation: BTA Prot",part5_token_company_investor_graph_then_web_search_with_primary_source_priority,investor_router|capability_classification
534,496345-69,Synergy Ventures (Brazil),,,,www.synergyventures.com.br,synergyventures.com.br,,,,"Belo Horizonte, Brazil",Brazil,Accelerator/Incubator,Venture Capital,"Accelerator/Incubator, Early Stage VC, Later Stage VC, Seed Round","CleanTech, Climate Tech, Internet of Things","Prefers minority stake, Will syndicate",,,"Founded in 2018, Synergy Ventures is a venture builder firm based in Belo Horizonte, Brazil. The firm prefers to invest in companies operating in the energy, renewable energy, distributed generation, energy storage, smart cities, and internet of things sectors.",part5_rule_b_company|source:company_investor_relation|source:deal_investor_relation|source:investor_investment_relation,CompanyInvestorRelation.CompanyID|CompanyInvestorRelation.InvestorID|Deal.CompanyID|DealInvestorRelation.DealID|DealInvestorRelation.InvestorID|InvestorInvestmentRelation.CompanyID|InvestorInvestmentRelation.InvestorID,"Part5 Rule B company investor graph: 1 token companies, 1 deals, 0 funds | source_methods=company_investor_relation,deal_investor_relation,investor_investment_relation | PrimaryInvestorType: Accelerator/Incubator | OtherInvestorTypes: Venture Capital | PreferredVerticals: CleanTech, Climate Tech, Internet of Things | PreferredInvestmentTypes: Accelerator/Incubator, Early Stage VC, Later Stage VC, S",part5_token_company_investor_graph_then_web_search_with_primary_source_priority,investor_router|capability_classification
535,156924-73,Syren Capital Advisors,,,,www.syrencapitaladvisors.com,syrencapitaladvisors.com,,,,"New York, NY",United States,Venture Capital,"Growth/Expansion, Impact Investing, Limited Partner, Mezzanine, PE/Buyout, Secondary Buyer","Buyout/LBO, Early Stage VC, Later Stage VC, PE Growth/Expansion, PIPE, Seed Round","Artificial Intelligence & Machine Learning, Big Data, Life Sciences, Robotics and Drones, TMT, Virtual Reality","Prefers majority stake, Prefers minority stake, Will syndicate",M7 Balanced Stage Fund II,Venture - General,"Founded in 2016, Syren Capital Advisors is a venture capital firm based in New York. The firm focuses on dual-use technology, robotics, aerospace, artificial intelligence, and life sciences companies.",part5_rule_b_company|source:company_investor_relation|source:deal_investor_relation|source:investor_investment_relation,CompanyInvestorRelation.CompanyID|CompanyInvestorRelation.InvestorID|Deal.CompanyID|DealInvestorRelation.DealID|DealInvestorRelation.InvestorID|InvestorInvestmentRelation.CompanyID|InvestorInvestmentRelation.InvestorID,"Part5 Rule B company investor graph: 1 token companies, 1 deals, 0 funds | source_methods=company_investor_relation,deal_investor_relation,investor_investment_relation | PrimaryInvestorType: Venture Capital | OtherInvestorTypes: Growth/Expansion, Impact Investing, Limited Partner, Mezzanine, PE/Buyout, Secondary Buyer | PreferredVerticals: Artificial Intelligence & Machine Learning, Big Data, Life",part5_token_company_investor_graph_then_web_search_with_primary_source_priority,investor_router|capability_classification
536,234074-35,Tableland,,,"We Are Set, Inc",www.tableland.xyz,tableland.xyz,,,,"Mill Valley, CA",United States,VC-Backed Company,,Merger/Acquisition,,Prefers majority stake,,,"Developer of a decentralized cloud database designed to offer secure and tamper-proof storage and retrieval of data on a global scale. The company allows storage, synchronization, and sharing of digital photos over a decentralized web protocol without relying on centralized servers and to manage on-chain data with flexible access control and multi-chain compatibility, enabling application developers to regain control of their data through digital wallets.",part5_rule_b_company|source:company_investor_relation|source:deal_investor_relation|source:investor_investment_relation,CompanyInvestorRelation.CompanyID|CompanyInvestorRelation.InvestorID|Deal.CompanyID|DealInvestorRelation.DealID|DealInvestorRelation.InvestorID|InvestorInvestmentRelation.CompanyID|InvestorInvestmentRelation.InvestorID,"Part5 Rule B company investor graph: 1 token companies, 1 deals, 0 funds | source_methods=company_investor_relation,deal_investor_relation,investor_investment_relation | PrimaryInvestorType: VC-Backed Company | PreferredInvestmentTypes: Merger/Acquisition | CompanyInvestorRelation: 3Box Labs; status=Pending (Buy Side); holding=Majority; since= | DealInvestorRelation: 3Box Labs; deal=284526-55T; dat",part5_token_company_investor_graph_then_web_search_with_primary_source_priority,investor_router|capability_classification
537,228969-55,Tatsuro Okumura,,,,,,,,,,,Angel (individual),,,,,,,"Mr. Tatsuro Okumura is an Angel Investor. Mr. Okumura is the CEO of Okumura Real Estate Agency Co.,Ltd. After graduating from the Kanagawa University Faculty of Engineering, he worked for Nikko Cordial Securities Co., Ltd. (now Rik Seng Securities Co., Ltd.) and established an investment company in Southeast Asia to invest in securities and real estate in Taiwan to provide financial real estate investment and professionalism.",part5_rule_b_company|source:company_investor_relation|source:deal_investor_relation|source:investor_investment_relation,CompanyInvestorRelation.CompanyID|CompanyInvestorRelation.InvestorID|Deal.CompanyID|DealInvestorRelation.DealID|DealInvestorRelation.InvestorID|InvestorInvestmentRelation.CompanyID|InvestorInvestmentRelation.InvestorID,"Part5 Rule B company investor graph: 1 token companies, 1 deals, 0 funds | source_methods=company_investor_relation,deal_investor_relation,investor_investment_relation | PrimaryInvestorType: Angel (individual) | CompanyInvestorRelation: BitoEX; status=Active; holding=Minority; since= | DealInvestorRelation: BitoEX; deal=106309-45T; date=; type=Early Stage VC; lead=No; fund= | InvestorInvestmentRela",part5_token_company_investor_graph_then_web_search_with_primary_source_priority,investor_router|capability_classification
538,108039-79,Technicolor Ventures,,,,www.technicolor.vc,technicolor.vc,,,,"Los Angeles, CA",United States,Venture Capital,,"Early Stage VC, Later Stage VC, Seed Round","Artificial Intelligence & Machine Learning, Big Data, Marketing Tech, SaaS, TMT, Virtual Reality","Prefers minority stake, Will syndicate",,,"Founded in 2014, Technicolor Ventures was a venture capital firm based in Los Angeles, California. The firm used to make investments in the media, video, artificial intelligence, virtual reality, business applications, transactions, logistics, data, software, technology, marketing, and data analytics sectors.",part5_rule_b_company|source:company_investor_relation|source:deal_investor_relation|source:investor_investment_relation,CompanyInvestorRelation.CompanyID|CompanyInvestorRelation.InvestorID|Deal.CompanyID|DealInvestorRelation.DealID|DealInvestorRelation.InvestorID|InvestorInvestmentRelation.CompanyID|InvestorInvestmentRelation.InvestorID,"Part5 Rule B company investor graph: 1 token companies, 1 deals, 0 funds | source_methods=company_investor_relation,deal_investor_relation,investor_investment_relation | PrimaryInvestorType: Venture Capital | PreferredVerticals: Artificial Intelligence & Machine Learning, Big Data, Marketing Tech, SaaS, TMT, Virtual Reality | PreferredInvestmentTypes: Early Stage VC, Later Stage VC, Seed Round | Co",part5_token_company_investor_graph_then_web_search_with_primary_source_priority,investor_router|capability_classification
539,399251-17,Tectonic Capital,,,"Tectonic Capital, L.P.",www.tectonic.vc,tectonic.vc,,,,"Cedarhurst, NY",United States,Venture Capital,,"Early Stage VC, Later Stage VC, Seed Round","Artificial Intelligence & Machine Learning, Autonomous cars, B2B Payments, Big Data, Construction Technology, Cybersecurity, Digital Health, E-Commerce, EdTech, FinTech, HR Tech, InsurTech, Life Sciences, Real Estate Technology, SaaS, TMT","Prefers minority stake, Will syndicate",Tectonic Capital Fund,Venture Capital - Early Stage,"Founded in 2017, Tectonic Capital is a venture capital investment firm based in Cedarhurst, New York. The firm seeks to invest in technology companies.",part5_rule_b_company|source:company_investor_relation|source:deal_investor_relation|source:investor_investment_relation,CompanyInvestorRelation.CompanyID|CompanyInvestorRelation.InvestorID|Deal.CompanyID|DealInvestorRelation.DealID|DealInvestorRelation.InvestorID|InvestorInvestmentRelation.CompanyID|InvestorInvestmentRelation.InvestorID,"Part5 Rule B company investor graph: 1 token companies, 1 deals, 0 funds | source_methods=company_investor_relation,deal_investor_relation,investor_investment_relation | PrimaryInvestorType: Venture Capital | PreferredVerticals: Artificial Intelligence & Machine Learning, Autonomous cars, B2B Payments, Big Data, Construction Technology, Cybersecurity, Digital Health, E-Commerce, EdTech, FinTech, HR",part5_token_company_investor_graph_then_web_search_with_primary_source_priority,investor_router|capability_classification
540,231033-52,Terrence Rohan,,,,,,,,,"Mill Valley, CA",United States,Angel (individual),,Seed Round,"FinTech, Mortgage Tech, Real Estate Technology, TMT",,,,"Mr. Terrence Rohan is Co-Founder and serves as Managing Director at Otherwise Fund. He runs operations for Otherwise and also invests from the fund. His seed investments include Figma, Notion, Hugging Face, Vanta, Robinhood, Ganola, and others. Before starting at Otherwise, he was at Index Ventures for seven years. While at Index, he co-created and eventually led Index's first Seed Fund and then incubated the firm's inaugural Founder-Angel Fund, which he served as General Partner and Co-Founder. In 2017, he launched Otherwise, a novel Founder-Angel Fund inspired by the one he created for Index. Before becoming an investor, he held various roles in product marketing and development at Google",part5_rule_b_company|source:company_investor_relation|source:deal_investor_relation|source:investor_investment_relation,CompanyInvestorRelation.CompanyID|CompanyInvestorRelation.InvestorID|Deal.CompanyID|DealInvestorRelation.DealID|DealInvestorRelation.InvestorID|InvestorInvestmentRelation.CompanyID|InvestorInvestmentRelation.InvestorID,"Part5 Rule B company investor graph: 1 token companies, 1 deals, 0 funds | source_methods=company_investor_relation,deal_investor_relation,investor_investment_relation | PrimaryInvestorType: Angel (individual) | PreferredVerticals: FinTech, Mortgage Tech, Real Estate Technology, TMT | PreferredInvestmentTypes: Seed Round | CompanyInvestorRelation: Coinbase Global; status=Former; holding=Minority; s",part5_token_company_investor_graph_then_web_search_with_primary_source_priority,investor_router|capability_classification
541,61854-40,Texas Ventures,,,,www.texasventures.com,texasventures.com,,,,"Houston, TX",United States,Venture Capital,"Growth/Expansion, PE/Buyout","Buyout/LBO, Debt - General, Early Stage VC, Later Stage VC, PE Growth/Expansion, Seed Round","FinTech, HealthTech, Infrastructure, Internet of Things, Life Sciences, Mobile, SaaS, TMT","Prefers minority stake, Will syndicate",,,"Founded in 1998, Texas Ventures is a private equity firm based in Dallas, Texas. The firm prefers to invest in communications, financial technology, software, healthcare, life sciences, specialty finance, and energy transition & renewables sector. The firm also invests in debt, and venture investments.",part5_rule_b_company|source:company_investor_relation|source:deal_investor_relation|source:investor_investment_relation,CompanyInvestorRelation.CompanyID|CompanyInvestorRelation.InvestorID|Deal.CompanyID|DealInvestorRelation.DealID|DealInvestorRelation.InvestorID|InvestorInvestmentRelation.CompanyID|InvestorInvestmentRelation.InvestorID,"Part5 Rule B company investor graph: 1 token companies, 1 deals, 0 funds | source_methods=company_investor_relation,deal_investor_relation,investor_investment_relation | PrimaryInvestorType: Venture Capital | OtherInvestorTypes: Growth/Expansion, PE/Buyout | PreferredVerticals: FinTech, HealthTech, Infrastructure, Internet of Things, Life Sciences, Mobile, SaaS, TMT | PreferredInvestmentTypes: Buyo",part5_token_company_investor_graph_then_web_search_with_primary_source_priority,investor_router|capability_classification
542,95148-46,The Aria Group,,,,theariagroup.co,theariagroup.co,,,,,,Other,,"Early Stage VC, Later Stage VC, Seed Round",TMT,"Prefers minority stake, Will syndicate",,,,part5_rule_b_company|source:company_investor_relation|source:deal_investor_relation|source:investor_investment_relation,CompanyInvestorRelation.CompanyID|CompanyInvestorRelation.InvestorID|Deal.CompanyID|DealInvestorRelation.DealID|DealInvestorRelation.InvestorID|InvestorInvestmentRelation.CompanyID|InvestorInvestmentRelation.InvestorID,"Part5 Rule B company investor graph: 1 token companies, 1 deals, 0 funds | source_methods=company_investor_relation,deal_investor_relation,investor_investment_relation | PrimaryInvestorType: Other | PreferredVerticals: TMT | PreferredInvestmentTypes: Early Stage VC, Later Stage VC, Seed Round | CompanyInvestorRelation: Degis Global; status=Active; holding=Minority; since=02/01/2022 | DealInvestorRe",part5_token_company_investor_graph_then_web_search_with_primary_source_priority,investor_router|capability_classification
543,62854-48,The Depository Trust & Clearing (GCA Validation Operations),,,,,,,,,"New York, NY",United States,Corporation,,Merger/Acquisition,,Prefers majority stake,,,"Provider of financial corporate services. The company primarily focuses on providing financial corporate services in New York, United States.",part5_rule_b_company|source:company_investor_relation|source:deal_investor_relation|source:investor_investment_relation,CompanyInvestorRelation.CompanyID|CompanyInvestorRelation.InvestorID|Deal.CompanyID|DealInvestorRelation.DealID|DealInvestorRelation.InvestorID|InvestorInvestmentRelation.CompanyID|InvestorInvestmentRelation.InvestorID,"Part5 Rule B company investor graph: 1 token companies, 1 deals, 0 funds | source_methods=company_investor_relation,deal_investor_relation,investor_investment_relation | PrimaryInvestorType: Corporation | PreferredInvestmentTypes: Merger/Acquisition | CompanyInvestorRelation: Digital Asset; status=Active; holding=Minority; since=07/03/2025 | DealInvestorRelation: Digital Asset; deal=299106-82T; dat",part5_token_company_investor_graph_then_web_search_with_primary_source_priority,investor_router|capability_classification
544,895334-32,The Engine,,,,www.engine.xyz,engine.xyz,,,,"Cambridge, MA",United States,Accelerator/Incubator,,Accelerator/Incubator,"AgTech, Climate Tech, Infrastructure, Life Sciences, Manufacturing, Micro-Mobility, Mobility Tech, Nanotechnology, Oil & Gas, Robotics and Drones",Seeks Impact investments,,,"Founded in 2017, The Engine is an accelerator/incubator based in Cambridge, Massachusetts. The firm focuses on early-stage tech companies operating in the infrastructure, programs, and ecosystem.",part5_rule_b_company|source:company_investor_relation|source:deal_investor_relation|source:investor_investment_relation,CompanyInvestorRelation.CompanyID|CompanyInvestorRelation.InvestorID|Deal.CompanyID|DealInvestorRelation.DealID|DealInvestorRelation.InvestorID|InvestorInvestmentRelation.CompanyID|InvestorInvestmentRelation.InvestorID,"Part5 Rule B company investor graph: 1 token companies, 1 deals, 0 funds | source_methods=company_investor_relation,deal_investor_relation,investor_investment_relation | PrimaryInvestorType: Accelerator/Incubator | PreferredVerticals: AgTech, Climate Tech, Infrastructure, Life Sciences, Manufacturing, Micro-Mobility, Mobility Tech, Nanotechnology, Oil & Gas, Robotics and Drones | PreferredInvestmen",part5_token_company_investor_graph_then_web_search_with_primary_source_priority,investor_router|capability_classification
545,489789-19,The Garage Syndicate,,,The Garage Syndicate Management LLC,www.t16e.com,t16e.com,,,,"Wilmington, DE",United States,Angel Group,Venture Capital,"Early Stage VC, Later Stage VC, Secondary Transaction - Private","Artificial Intelligence & Machine Learning, B2B Payments, Big Data, CloudTech & DevOps, Cybersecurity, Digital Health, E-Commerce, FinTech, FoodTech, HealthTech, HR Tech, Infrastructure, Life Sciences, Micro-Mobility, Mobile Commerce, Mobility Tech, Mortgage Tech, Real Estate Technology, SaaS","Prefers minority stake, Seeks Impact investments, Will syndicate",,,"Founded in 2021, The Garage Syndicate is an angel group based in Wilmington, Delaware. The firm seeks to invest in companies operating in healthcare, artificial intelligence and data analytics, and e-commerce and marketplace sectors. The firm operates deal-by-deal SPVs that invest in both primary funding rounds of early-stage startups and late-stage secondaries.",part5_rule_b_company|source:company_investor_relation|source:deal_investor_relation|source:investor_investment_relation,CompanyInvestorRelation.CompanyID|CompanyInvestorRelation.InvestorID|Deal.CompanyID|DealInvestorRelation.DealID|DealInvestorRelation.InvestorID|InvestorInvestmentRelation.CompanyID|InvestorInvestmentRelation.InvestorID,"Part5 Rule B company investor graph: 1 token companies, 1 deals, 0 funds | source_methods=company_investor_relation,deal_investor_relation,investor_investment_relation | PrimaryInvestorType: Angel Group | OtherInvestorTypes: Venture Capital | PreferredVerticals: Artificial Intelligence & Machine Learning, B2B Payments, Big Data, CloudTech & DevOps, Cybersecurity, Digital Health, E-Commerce, FinTech",part5_token_company_investor_graph_then_web_search_with_primary_source_priority,investor_router|capability_classification
546,596321-38,The Lifelong Learning Platform,,,,www.lllplatform.eu,lllplatform.eu,,,,,,Corporation,,Merger/Acquisition,,Prefers majority stake,,,,part5_rule_b_company|source:company_investor_relation|source:deal_investor_relation|source:investor_investment_relation,CompanyInvestorRelation.CompanyID|CompanyInvestorRelation.InvestorID|Deal.CompanyID|DealInvestorRelation.DealID|DealInvestorRelation.InvestorID|InvestorInvestmentRelation.CompanyID|InvestorInvestmentRelation.InvestorID,"Part5 Rule B company investor graph: 1 token companies, 1 deals, 0 funds | source_methods=company_investor_relation,deal_investor_relation,investor_investment_relation | PrimaryInvestorType: Corporation | PreferredInvestmentTypes: Merger/Acquisition | CompanyInvestorRelation: Jiritsu; status=Active; holding=Minority; since=09/19/2023 | DealInvestorRelation: Jiritsu; deal=241489-00T; date=09/19/2023",part5_token_company_investor_graph_then_web_search_with_primary_source_priority,investor_router|capability_classification
547,10042-84,The PNC Financial Services Group,PNC,"Pittsburg National Bank, Pittsburgh Trust and Savings, Pnc Bank Corp","The PNC Financial Services Group, Inc.",www.pnc.com,pnc.com,,NYS,PNC,"Pittsburgh, PA",United States,Corporation,,Merger/Acquisition,FemTech,Prefers majority stake,PNC Riverarch Capital III,Buyout,"PNC Financial Services Group is a diversified financial services company offering retail banking, corporate and institutional banking, asset management, and residential mortgage banking across the United States.",part5_rule_b_company|source:company_investor_relation|source:deal_investor_relation|source:investor_investment_relation,CompanyInvestorRelation.CompanyID|CompanyInvestorRelation.InvestorID|Deal.CompanyID|DealInvestorRelation.DealID|DealInvestorRelation.InvestorID|InvestorInvestmentRelation.CompanyID|InvestorInvestmentRelation.InvestorID,"Part5 Rule B company investor graph: 1 token companies, 1 deals, 0 funds | source_methods=company_investor_relation,deal_investor_relation,investor_investment_relation | PrimaryInvestorType: Corporation | PreferredVerticals: FemTech | PreferredInvestmentTypes: Merger/Acquisition | CompanyInvestorRelation: Digital Asset; status=Active; holding=Minority; since=02/03/2016 | DealInvestorRelation: Digit",part5_token_company_investor_graph_then_web_search_with_primary_source_priority,investor_router|capability_classification
548,40764-97,The Vanguard Group,Vanguard,,"The Vanguard Group, Inc.",www.vanguard.com,vanguard.com,,,,"Valley Forge, PA",United States,Asset Manager,Mutual Fund,,Manufacturing,Seeks ESG investments,Vanguard HarbourVest 2023 Private Equity Fund,Buyout,"Founded in 1975, The Vanguard Group is an asset management firm headquartered in Valley Forge, Pennsylvania. The firm focuses on public equity and fixed-income markets. This firm is a Registered Investment Adviser (RIA).",part5_rule_b_company|source:company_investor_relation|source:deal_investor_relation|source:investor_investment_relation,CompanyInvestorRelation.CompanyID|CompanyInvestorRelation.InvestorID|Deal.CompanyID|DealInvestorRelation.DealID|DealInvestorRelation.InvestorID|InvestorInvestmentRelation.CompanyID|InvestorInvestmentRelation.InvestorID,"Part5 Rule B company investor graph: 1 token companies, 1 deals, 0 funds | source_methods=company_investor_relation,deal_investor_relation,investor_investment_relation | PrimaryInvestorType: Asset Manager | OtherInvestorTypes: Mutual Fund | PreferredVerticals: Manufacturing | CompanyInvestorRelation: Liquid (Japan); status=Former; holding=Minority; since=12/03/2019 | DealInvestorRelation: Liquid (J",part5_token_company_investor_graph_then_web_search_with_primary_source_priority,investor_router|capability_classification
549,500939-38,Theodor Walker,,,,,,,,,,,Angel (individual),,,,,,,Mr. Theodor Walker is an Angel Investor.,part5_rule_b_company|source:company_investor_relation|source:deal_investor_relation|source:investor_investment_relation,CompanyInvestorRelation.CompanyID|CompanyInvestorRelation.InvestorID|Deal.CompanyID|DealInvestorRelation.DealID|DealInvestorRelation.InvestorID|InvestorInvestmentRelation.CompanyID|InvestorInvestmentRelation.InvestorID,"Part5 Rule B company investor graph: 1 token companies, 1 deals, 0 funds | source_methods=company_investor_relation,deal_investor_relation,investor_investment_relation | PrimaryInvestorType: Angel (individual) | CompanyInvestorRelation: Molecule; status=Active; holding=Minority; since=06/22/2022 | DealInvestorRelation: Molecule; deal=196016-50T; date=06/22/2022; type=Seed Round; lead=No; fund= | In",part5_token_company_investor_graph_then_web_search_with_primary_source_priority,investor_router|capability_classification
550,492831-19,This is Water,,,"This is Water, LLC.",www.thisiswaterllc.com,thisiswaterllc.com,,,,"San Francisco, CA",United States,Venture Capital,Fund of Funds,"Early Stage VC, Later Stage VC, Seed Round",,"Prefers minority stake, Will syndicate",,,"Founded in 2019, This is Water is a venture capital investment firm based in San Francisco, California. The firm focuses on mission-driven businesses and funds.",part5_rule_b_company|source:company_investor_relation|source:deal_investor_relation|source:investor_investment_relation,CompanyInvestorRelation.CompanyID|CompanyInvestorRelation.InvestorID|Deal.CompanyID|DealInvestorRelation.DealID|DealInvestorRelation.InvestorID|InvestorInvestmentRelation.CompanyID|InvestorInvestmentRelation.InvestorID,"Part5 Rule B company investor graph: 1 token companies, 1 deals, 0 funds | source_methods=company_investor_relation,deal_investor_relation,investor_investment_relation | PrimaryInvestorType: Venture Capital | OtherInvestorTypes: Fund of Funds | PreferredInvestmentTypes: Early Stage VC, Later Stage VC, Seed Round | CompanyInvestorRelation: Uphold Worldwide; status=Active; holding=Minority; since=12/",part5_token_company_investor_graph_then_web_search_with_primary_source_priority,investor_router|capability_classification
551,107516-53,Thomas Glocer,Tom Glocer,,,www.tomglocer.com,tomglocer.com,,,,"New York, NY",United States,Angel (individual),,"Angel (individual), Early Stage VC, Seed Round",TMT,"Prefers minority stake, Will syndicate",,,Mr. Thomas Glocer is the Founder and serves as Managing Partner at Angelic Ventures. Mr. Glocer is a Co-Founder & serves as General Partner at Communitas Capital Partners. He serves as Board Member at Morgan Stanley. He serves as a Member of the Audit Committee at Publicis Groupe. He served as an Advisor at CircleUp and Board Member at FinLync. He is a Co-Founder and serves as Executive Chairman at BlueVoyant. He is a Co-Founder & serves as Executive Chairman at Capitolis. He served as the Chairman of the Advisory Board at Trendrating. He served as an Advisor at AlphaSense. He served as an Advisor at Curation Corporation. He is also the Founder and serves as Managing Partner at Angelic Ventu,part5_rule_b_company|source:company_investor_relation|source:deal_investor_relation|source:investor_investment_relation,CompanyInvestorRelation.CompanyID|CompanyInvestorRelation.InvestorID|Deal.CompanyID|DealInvestorRelation.DealID|DealInvestorRelation.InvestorID|InvestorInvestmentRelation.CompanyID|InvestorInvestmentRelation.InvestorID,"Part5 Rule B company investor graph: 1 token companies, 1 deals, 0 funds | source_methods=company_investor_relation,deal_investor_relation,investor_investment_relation | PrimaryInvestorType: Angel (individual) | PreferredVerticals: TMT | PreferredInvestmentTypes: Angel (individual), Early Stage VC, Seed Round | CompanyInvestorRelation: Coinbase Global; status=Former; holding=Minority; since=08/21/2",part5_token_company_investor_graph_then_web_search_with_primary_source_priority,investor_router|capability_classification
552,56085-67,TiE Silicon Valley,TiE SV,,,sv.tie.org,sv.tie.org,,,,"Palo Alto, CA",United States,Angel Group,,"Early Stage VC, Seed Round",TMT,,,,"Founded in 1992, TiE Silicon Valley is an angel group based in Palo Alto, California. The firm provides education, mentoring, networking, investing, and incubating early-stage technology companies.",part5_rule_b_company|source:company_investor_relation|source:deal_investor_relation|source:investor_investment_relation,CompanyInvestorRelation.CompanyID|CompanyInvestorRelation.InvestorID|Deal.CompanyID|DealInvestorRelation.DealID|DealInvestorRelation.InvestorID|InvestorInvestmentRelation.CompanyID|InvestorInvestmentRelation.InvestorID,"Part5 Rule B company investor graph: 1 token companies, 1 deals, 0 funds | source_methods=company_investor_relation,deal_investor_relation,investor_investment_relation | PrimaryInvestorType: Angel Group | PreferredVerticals: TMT | PreferredInvestmentTypes: Early Stage VC, Seed Round | CompanyInvestorRelation: PayStand; status=Active; holding=Minority; since=03/24/2020 | DealInvestorRelation: PaySta",part5_token_company_investor_graph_then_web_search_with_primary_source_priority,investor_router|capability_classification
553,59750-02,Tiller Resources,Tiller,,Tiller Resources Ltd.,,,,,,"Vancouver, Canada",Canada,Corporation,,Merger/Acquisition,,Prefers majority stake,,,"Blockchain Foundry Inc, formerly Tiller Resources Ltd develops and commercializes blockchain based business solutions and provides consulting services to corporate clients seeking to incorporate blockchain technology into their businesses.",part5_rule_b_company|source:company_investor_relation|source:deal_investor_relation|source:investor_investment_relation,CompanyInvestorRelation.CompanyID|CompanyInvestorRelation.InvestorID|Deal.CompanyID|DealInvestorRelation.DealID|DealInvestorRelation.InvestorID|InvestorInvestmentRelation.CompanyID|InvestorInvestmentRelation.InvestorID,"Part5 Rule B company investor graph: 1 token companies, 1 deals, 0 funds | source_methods=company_investor_relation,deal_investor_relation,investor_investment_relation | PrimaryInvestorType: Corporation | PreferredInvestmentTypes: Merger/Acquisition | CompanyInvestorRelation: Blockchain Foundry; status=Active; holding=Minority; since=05/03/2018 | DealInvestorRelation: Blockchain Foundry; deal=10157",part5_token_company_investor_graph_then_web_search_with_primary_source_priority,investor_router|capability_classification
554,228969-37,Tim Hsu,,,,timhsu.net,timhsu.net,,,,,,Angel (individual),,,,,,,Mr. Tim Hsu is an Angel Investor. Mr. Hsu co-founded & served as Chief Technology Officer at CYBAVO.,part5_rule_b_company|source:company_investor_relation|source:deal_investor_relation|source:investor_investment_relation,CompanyInvestorRelation.CompanyID|CompanyInvestorRelation.InvestorID|Deal.CompanyID|DealInvestorRelation.DealID|DealInvestorRelation.InvestorID|InvestorInvestmentRelation.CompanyID|InvestorInvestmentRelation.InvestorID,"Part5 Rule B company investor graph: 1 token companies, 1 deals, 0 funds | source_methods=company_investor_relation,deal_investor_relation,investor_investment_relation | PrimaryInvestorType: Angel (individual) | CompanyInvestorRelation: BitoEX; status=Active; holding=Minority; since= | DealInvestorRelation: BitoEX; deal=106309-45T; date=; type=Early Stage VC; lead=No; fund= | InvestorInvestmentRela",part5_token_company_investor_graph_then_web_search_with_primary_source_priority,investor_router|capability_classification
555,148209-94,Tim Peterson,,,,,,,,,,,Angel (individual),,,"E-Commerce, Industrials, Manufacturing, TMT",,,,Mr. Tim Peterson is an Angel Investor.,part5_rule_b_company|source:company_investor_relation|source:deal_investor_relation|source:investor_investment_relation,CompanyInvestorRelation.CompanyID|CompanyInvestorRelation.InvestorID|Deal.CompanyID|DealInvestorRelation.DealID|DealInvestorRelation.InvestorID|InvestorInvestmentRelation.CompanyID|InvestorInvestmentRelation.InvestorID,"Part5 Rule B company investor graph: 1 token companies, 1 deals, 0 funds | source_methods=company_investor_relation,deal_investor_relation,investor_investment_relation | PrimaryInvestorType: Angel (individual) | PreferredVerticals: E-Commerce, Industrials, Manufacturing, TMT | CompanyInvestorRelation: Molecule; status=Active; holding=Minority; since=06/22/2022 | DealInvestorRelation: Molecule; deal",part5_token_company_investor_graph_then_web_search_with_primary_source_priority,investor_router|capability_classification
556,500940-55,Tim Schlidt,,,,,,,,,,,Angel (individual),,,,,,,Mr. Tim Schlidt is an Angel Investor.,part5_rule_b_company|source:company_investor_relation|source:deal_investor_relation|source:investor_investment_relation,CompanyInvestorRelation.CompanyID|CompanyInvestorRelation.InvestorID|Deal.CompanyID|DealInvestorRelation.DealID|DealInvestorRelation.InvestorID|InvestorInvestmentRelation.CompanyID|InvestorInvestmentRelation.InvestorID,"Part5 Rule B company investor graph: 1 token companies, 1 deals, 0 funds | source_methods=company_investor_relation,deal_investor_relation,investor_investment_relation | PrimaryInvestorType: Angel (individual) | CompanyInvestorRelation: Molecule; status=Active; holding=Minority; since=06/22/2022 | DealInvestorRelation: Molecule; deal=196016-50T; date=06/22/2022; type=Seed Round; lead=No; fund= | In",part5_token_company_investor_graph_then_web_search_with_primary_source_priority,investor_router|capability_classification
557,590073-13,Tim Shi,,,,,,,,,"Sunnyvale, CA",United States,Angel (individual),,,,,,,Mr. Tim Shi is a Co-Founder and serves as Board Member at Cresta. He is an Angel Investor.,part5_rule_b_company|source:company_investor_relation|source:deal_investor_relation|source:investor_investment_relation,CompanyInvestorRelation.CompanyID|CompanyInvestorRelation.InvestorID|Deal.CompanyID|DealInvestorRelation.DealID|DealInvestorRelation.InvestorID|InvestorInvestmentRelation.CompanyID|InvestorInvestmentRelation.InvestorID,"Part5 Rule B company investor graph: 1 token companies, 1 deals, 0 funds | source_methods=company_investor_relation,deal_investor_relation,investor_investment_relation | PrimaryInvestorType: Angel (individual) | CompanyInvestorRelation: PIN AI; status=Active; holding=Minority; since=09/09/2024 | DealInvestorRelation: PIN AI; deal=271620-55T; date=09/09/2024; type=Seed Round; lead=No; fund= | Invest",part5_token_company_investor_graph_then_web_search_with_primary_source_priority,investor_router|capability_classification
558,181116-46,Tinc,,,,,,,,,"San Francisco, CA",United States,Accelerator/Incubator,,"Accelerator/Incubator, Early Stage VC, Seed Round","SaaS, TMT",Prefers minority stake,,,"Founded in 2012, Tinc is an accelerator investment firm based in San Francisco, California.",part5_rule_b_company|source:company_investor_relation|source:deal_investor_relation|source:investor_investment_relation,CompanyInvestorRelation.CompanyID|CompanyInvestorRelation.InvestorID|Deal.CompanyID|DealInvestorRelation.DealID|DealInvestorRelation.InvestorID|InvestorInvestmentRelation.CompanyID|InvestorInvestmentRelation.InvestorID,"Part5 Rule B company investor graph: 1 token companies, 1 deals, 0 funds | source_methods=company_investor_relation,deal_investor_relation,investor_investment_relation | PrimaryInvestorType: Accelerator/Incubator | PreferredVerticals: SaaS, TMT | PreferredInvestmentTypes: Accelerator/Incubator, Early Stage VC, Seed Round | CompanyInvestorRelation: Soma Protocol; status=Former; holding=Minority; sin",part5_token_company_investor_graph_then_web_search_with_primary_source_priority,investor_router|capability_classification
559,500939-74,Todd White,,,,,,,,,,,Angel (individual),,,,,,,Mr. Todd White is an Angel Investor.,part5_rule_b_company|source:company_investor_relation|source:deal_investor_relation|source:investor_investment_relation,CompanyInvestorRelation.CompanyID|CompanyInvestorRelation.InvestorID|Deal.CompanyID|DealInvestorRelation.DealID|DealInvestorRelation.InvestorID|InvestorInvestmentRelation.CompanyID|InvestorInvestmentRelation.InvestorID,"Part5 Rule B company investor graph: 1 token companies, 1 deals, 0 funds | source_methods=company_investor_relation,deal_investor_relation,investor_investment_relation | PrimaryInvestorType: Angel (individual) | CompanyInvestorRelation: Molecule; status=Active; holding=Minority; since=06/22/2022 | DealInvestorRelation: Molecule; deal=196016-50T; date=06/22/2022; type=Seed Round; lead=No; fund= | In",part5_token_company_investor_graph_then_web_search_with_primary_source_priority,investor_router|capability_classification
560,741541-06,Tom Warner,,,,,,,,,,,Angel (individual),,,,,,,Mr. Tom Warner serves as Angel Investor at Tom Warner.,part5_rule_b_company|source:company_investor_relation|source:deal_investor_relation|source:investor_investment_relation,CompanyInvestorRelation.CompanyID|CompanyInvestorRelation.InvestorID|Deal.CompanyID|DealInvestorRelation.DealID|DealInvestorRelation.InvestorID|InvestorInvestmentRelation.CompanyID|InvestorInvestmentRelation.InvestorID,"Part5 Rule B company investor graph: 1 token companies, 1 deals, 0 funds | source_methods=company_investor_relation,deal_investor_relation,investor_investment_relation | PrimaryInvestorType: Angel (individual) | CompanyInvestorRelation: SOON (New York); status=Active; holding=Minority; since=08/27/2024 | DealInvestorRelation: SOON (New York); deal=270970-48T; date=08/27/2024; type=Seed Round; lead=",part5_token_company_investor_graph_then_web_search_with_primary_source_priority,investor_router|capability_classification
561,864638-65,Tori Cohen,,,,,,,,,,,Angel (individual),,,,,,,Mr. Tori Cohen serves as Angel Investor at Tori Cohen.,part5_rule_b_company|source:company_investor_relation|source:deal_investor_relation|source:investor_investment_relation,CompanyInvestorRelation.CompanyID|CompanyInvestorRelation.InvestorID|Deal.CompanyID|DealInvestorRelation.DealID|DealInvestorRelation.InvestorID|InvestorInvestmentRelation.CompanyID|InvestorInvestmentRelation.InvestorID,"Part5 Rule B company investor graph: 1 token companies, 1 deals, 0 funds | source_methods=company_investor_relation,deal_investor_relation,investor_investment_relation | PrimaryInvestorType: Angel (individual) | CompanyInvestorRelation: SOON (New York); status=Active; holding=Minority; since=06/12/2025 | DealInvestorRelation: SOON (New York); deal=297975-34T; date=06/12/2025; type=Early Stage VC; l",part5_token_company_investor_graph_then_web_search_with_primary_source_priority,investor_router|capability_classification
562,42955-39,TP ICAP,,"Collins Stewart Tullett, Tullett Prebon, Tullett & Tokyo Liberty Securities Inc., Tullett Liberty Securities Inc., Tullett Liberty Securities Llc, Tullett Prebon Plc",TP ICAP Group Plc,www.tpicap.com,tpicap.com,Collins Stewart (Investment Bank),LON,TCAP,"London, United Kingdom",United Kingdom,Corporation,,Merger/Acquisition,"Big Data, FinTech",Prefers majority stake,,,"TP ICAP GROUP provides broking professional intermediary services to match buyers and sellers of different financial, energy, and commodities products. Its role includes creating liquidity and price discovery in markets and providing insight and context to the clients. The company provides proprietary over-the-counter (OTC) pricing information in the world, including data on financial, energy, and commodity products. Its clients include banks, insurance companies, pension funds, asset managers, hedge funds, central banks, energy producers and refiners, risk and compliance managers, and charities. The company's segments include Global Broking, which generates key revenue, Energy & Commodities",part5_rule_b_company|source:company_investor_relation|source:deal_investor_relation|source:investor_investment_relation,CompanyInvestorRelation.CompanyID|CompanyInvestorRelation.InvestorID|Deal.CompanyID|DealInvestorRelation.DealID|DealInvestorRelation.InvestorID|InvestorInvestmentRelation.CompanyID|InvestorInvestmentRelation.InvestorID,"Part5 Rule B company investor graph: 1 token companies, 1 deals, 0 funds | source_methods=company_investor_relation,deal_investor_relation,investor_investment_relation | PrimaryInvestorType: Corporation | PreferredVerticals: Big Data, FinTech | PreferredInvestmentTypes: Merger/Acquisition | CompanyInvestorRelation: Digital Asset; status=Active; holding=Minority; since=02/03/2016 | DealInvestorRelat",part5_token_company_investor_graph_then_web_search_with_primary_source_priority,investor_router|capability_classification
563,433201-69,TRAC VC,,,"Third Round Analytics Capital, LLC",www.trac.vc,trac.vc,,,,"Sonoma, CA",United States,Venture Capital,,"Early Stage VC, Seed Round","Advanced Manufacturing, Artificial Intelligence & Machine Learning, CleanTech, Cryptocurrency/Blockchain, Digital Health, EdTech, FinTech, Gaming, HealthTech, HR Tech, Robotics and Drones, SaaS, Space Technology, TMT","Prefers minority stake, Will syndicate",TRAC Unicorn Fund II,Venture Capital - Early Stage,"Founded in 2020, TRAC VC is a venture capital firm based in Sonoma, California. The firm seeks to invest in companies based in North America and Western Europe. The firm seeks to invest in edtech, fintech, clean tech, SaaS, robotics, space, web3, and gaming sectors.",part5_rule_b_company|source:company_investor_relation|source:deal_investor_relation|source:investor_investment_relation,CompanyInvestorRelation.CompanyID|CompanyInvestorRelation.InvestorID|Deal.CompanyID|DealInvestorRelation.DealID|DealInvestorRelation.InvestorID|InvestorInvestmentRelation.CompanyID|InvestorInvestmentRelation.InvestorID,"Part5 Rule B company investor graph: 1 token companies, 1 deals, 0 funds | source_methods=company_investor_relation,deal_investor_relation,investor_investment_relation | PrimaryInvestorType: Venture Capital | PreferredVerticals: Advanced Manufacturing, Artificial Intelligence & Machine Learning, CleanTech, Cryptocurrency/Blockchain, Digital Health, EdTech, FinTech, Gaming, HealthTech, HR Tech, Robo",part5_token_company_investor_graph_then_web_search_with_primary_source_priority,investor_router|capability_classification
564,469204-12,Trace Meyer,,,,www.trace.com,trace.com,,,,"Las Vegas, NV",United States,Angel (individual),,,Cryptocurrency/Blockchain,,,,Mr. Trace Meyer serves as Chief Executive Officer & Executive Manager at Urim Capital.,part5_rule_b_company|source:company_investor_relation|source:deal_investor_relation|source:investor_investment_relation,CompanyInvestorRelation.CompanyID|CompanyInvestorRelation.InvestorID|Deal.CompanyID|DealInvestorRelation.DealID|DealInvestorRelation.InvestorID|InvestorInvestmentRelation.CompanyID|InvestorInvestmentRelation.InvestorID,"Part5 Rule B company investor graph: 1 token companies, 1 deals, 0 funds | source_methods=company_investor_relation,deal_investor_relation,investor_investment_relation | PrimaryInvestorType: Angel (individual) | PreferredVerticals: Cryptocurrency/Blockchain | CompanyInvestorRelation: Kraken; status=Pending (Sell Side); holding=Minority; since=03/25/2014 | DealInvestorRelation: Kraken; deal=32501-17",part5_token_company_investor_graph_then_web_search_with_primary_source_priority,investor_router|capability_classification
565,490739-95,Traction Club Partners,,,,www.traction.fund,traction.fund,,,,"San Francisco, CA",United States,Venture Capital,Growth/Expansion,"Early Stage VC, Later Stage VC, Seed Round","FinTech, SaaS, TMT","Prefers minority stake, Will syndicate",,,"Traction Club Partners is a venture capital firm based in San Francisco, California. The firm prefers to invest in professional services, financial, and technology sectors.",part5_rule_b_company|source:company_investor_relation|source:deal_investor_relation|source:investor_investment_relation,CompanyInvestorRelation.CompanyID|CompanyInvestorRelation.InvestorID|Deal.CompanyID|DealInvestorRelation.DealID|DealInvestorRelation.InvestorID|InvestorInvestmentRelation.CompanyID|InvestorInvestmentRelation.InvestorID,"Part5 Rule B company investor graph: 1 token companies, 1 deals, 0 funds | source_methods=company_investor_relation,deal_investor_relation,investor_investment_relation | PrimaryInvestorType: Venture Capital | OtherInvestorTypes: Growth/Expansion | PreferredVerticals: FinTech, SaaS, TMT | PreferredInvestmentTypes: Early Stage VC, Later Stage VC, Seed Round | CompanyInvestorRelation: Kraken; status=P",part5_token_company_investor_graph_then_web_search_with_primary_source_priority,investor_router|capability_classification
566,62939-53,Tradeweb Markets,,,"Tradeweb Markets, LLC.",www.tradeweb.com,tradeweb.com,,NAS,TW,"New York, NY",United States,Corporation,,"Add-on, Buyout/LBO, Merger/Acquisition","FinTech, TMT",Prefers majority stake,,,"Founded in 1998 and headquartered in New York City, Tradeweb Markets is a leading fixed-income trading platform. While it does offer electronic processing for some voice-negotiated trades, the company focuses primarily on providing electronic trading networks that connect brokers/dealers, institutional clients, and retail customers. While the company offers to trade in a wide variety of products, the bulk of its business is in U.S. and European government debt, mortgage-backed securities, interest-rate swaps, and U.S. and international corporate bonds. The firm also sells fixed-income trading and price data, primarily through a deal with Refinitiv's Eikon service.",part5_rule_b_company|source:company_investor_relation|source:deal_investor_relation|source:investor_investment_relation|lead_investor,CompanyInvestorRelation.CompanyID|CompanyInvestorRelation.InvestorID|Deal.CompanyID|DealInvestorRelation.DealID|DealInvestorRelation.InvestorID|InvestorInvestmentRelation.CompanyID|InvestorInvestmentRelation.InvestorID,"Part5 Rule B company investor graph: 1 token companies, 1 deals, 0 funds | source_methods=company_investor_relation,deal_investor_relation,investor_investment_relation | PrimaryInvestorType: Corporation | PreferredVerticals: FinTech, TMT | PreferredInvestmentTypes: Add-on, Buyout/LBO, Merger/Acquisition | CompanyInvestorRelation: Digital Asset; status=Active; holding=Minority; since=07/03/2025 | De",part5_token_company_investor_graph_then_web_search_with_primary_source_priority,investor_router|capability_classification
567,528733-45,Transparent Equity Entrepreneurs,,,"Transparent Equity Entrepreneurs, LLC",www.tee-llc.com,tee-llc.com,,,,"Columbia, CT",United States,Asset Manager,Venture Capital,"Early Stage VC, Later Stage VC, Seed Round",,"Prefers minority stake, Will syndicate",,,"Founded in 2021, Transparent Equity Entrepreneurs is an asset manager based in Columbia, Connecticut. The firm specializes in capital allocation, intraday trading, cryptocurrency, and managing a portfolio of limited partnerships, including a continually evolving list of pre-IPO companies.",part5_rule_b_company|source:company_investor_relation|source:deal_investor_relation|source:investor_investment_relation,CompanyInvestorRelation.CompanyID|CompanyInvestorRelation.InvestorID|Deal.CompanyID|DealInvestorRelation.DealID|DealInvestorRelation.InvestorID|InvestorInvestmentRelation.CompanyID|InvestorInvestmentRelation.InvestorID,"Part5 Rule B company investor graph: 1 token companies, 1 deals, 0 funds | source_methods=company_investor_relation,deal_investor_relation,investor_investment_relation | PrimaryInvestorType: Asset Manager | OtherInvestorTypes: Venture Capital | PreferredInvestmentTypes: Early Stage VC, Later Stage VC, Seed Round | CompanyInvestorRelation: Kraken; status=Pending (Sell Side); holding=Minority; since=",part5_token_company_investor_graph_then_web_search_with_primary_source_priority,investor_router|capability_classification
568,121226-50,Tristan Harris,,,,tristanharris.com,tristanharris.com,,,,,,Angel (individual),,,,,,,Mr. Tristan Harris is an Angel Investor.,part5_rule_b_company|source:company_investor_relation|source:deal_investor_relation|source:investor_investment_relation,CompanyInvestorRelation.CompanyID|CompanyInvestorRelation.InvestorID|Deal.CompanyID|DealInvestorRelation.DealID|DealInvestorRelation.InvestorID|InvestorInvestmentRelation.CompanyID|InvestorInvestmentRelation.InvestorID,"Part5 Rule B company investor graph: 1 token companies, 1 deals, 0 funds | source_methods=company_investor_relation,deal_investor_relation,investor_investment_relation | PrimaryInvestorType: Angel (individual) | CompanyInvestorRelation: Lit Protocol; status=Active; holding=Minority; since=06/01/2022 | DealInvestorRelation: Lit Protocol; deal=204552-64T; date=06/01/2022; type=Early Stage VC; lead=No",part5_token_company_investor_graph_then_web_search_with_primary_source_priority,investor_router|capability_classification
569,228555-28,True Blue Partners,,,"True Blue Partners, LLC",www.truebluepartners.com,truebluepartners.com,,,,"Campbell, CA",United States,Venture Capital,"Corporate Development, Investment Bank","Early Stage VC, Seed Round","Artificial Intelligence & Machine Learning, B2B Payments, Big Data, CloudTech & DevOps, Construction Technology, Cybersecurity, E-Commerce, EdTech, FinTech, HealthTech, HR Tech, InsurTech, Legal Tech, Marketing Tech, Mobile, Mobile Commerce, Mobility Tech, Mortgage Tech, SaaS, Supply Chain Tech, TMT, Virtual Reality","Prefers minority stake, Will syndicate",True Blue Partners Venture Fund I,Venture Capital - Early Stage,"Founded in 2017, True Blue Partners is a venture capital firm based in San Jose, California. The firm seeks to invest in the information technology sector, including enterprise software, software-as-a-service, tech-enabled services, and IT services. The firm also offers advice on mergers and acquisitions, private placements, debt and seed capital raising, secondary offerings, buyouts, and pre-initial public offerings.",part5_rule_b_company|source:company_investor_relation|source:deal_investor_relation|source:investor_investment_relation,CompanyInvestorRelation.CompanyID|CompanyInvestorRelation.InvestorID|Deal.CompanyID|DealInvestorRelation.DealID|DealInvestorRelation.InvestorID|InvestorInvestmentRelation.CompanyID|InvestorInvestmentRelation.InvestorID,"Part5 Rule B company investor graph: 1 token companies, 1 deals, 0 funds | source_methods=company_investor_relation,deal_investor_relation,investor_investment_relation | PrimaryInvestorType: Venture Capital | OtherInvestorTypes: Corporate Development, Investment Bank | PreferredVerticals: Artificial Intelligence & Machine Learning, B2B Payments, Big Data, CloudTech & DevOps, Construction Technology",part5_token_company_investor_graph_then_web_search_with_primary_source_priority,investor_router|capability_classification
570,59276-62,TS Ventures,,,,www.tsventures.io,tsventures.io,,,,"Bergisch Gladbach, Germany",Germany,Venture Capital,Angel Group,"Angel (individual), Early Stage VC, Seed Round","AdTech, Artificial Intelligence & Machine Learning, Autonomous cars, Big Data, CloudTech & DevOps, Cybersecurity, E-Commerce, FinTech, HR Tech, Marketing Tech, Mobile, Mobile Commerce, SaaS",,,,"Founded in 2012, TS Ventures is a venture capital investment firm based in Bergisch Gladbach, Germany.",part5_rule_b_company|source:company_investor_relation|source:deal_investor_relation|source:investor_investment_relation,CompanyInvestorRelation.CompanyID|CompanyInvestorRelation.InvestorID|Deal.CompanyID|DealInvestorRelation.DealID|DealInvestorRelation.InvestorID|InvestorInvestmentRelation.CompanyID|InvestorInvestmentRelation.InvestorID,"Part5 Rule B company investor graph: 1 token companies, 1 deals, 0 funds | source_methods=company_investor_relation,deal_investor_relation,investor_investment_relation | PrimaryInvestorType: Venture Capital | OtherInvestorTypes: Angel Group | PreferredVerticals: AdTech, Artificial Intelligence & Machine Learning, Autonomous cars, Big Data, CloudTech & DevOps, Cybersecurity, E-Commerce, FinTech, HR",part5_token_company_investor_graph_then_web_search_with_primary_source_priority,investor_router|capability_classification
571,544707-73,Twin Planet (Japan),,,"Twin Planet Co., Ltd",www.twinplanet.co.jp,twinplanet.co.jp,,,,"Tokyo, Japan",Japan,Corporation,,Merger/Acquisition,,Prefers majority stake,,,"Operator of an IP production company headquartered in Tokyo, Japan. The company specializes in content marketing, digital marketing, cross-media promotions, artist production, and more.",part5_rule_b_company|source:company_investor_relation|source:deal_investor_relation|source:investor_investment_relation,CompanyInvestorRelation.CompanyID|CompanyInvestorRelation.InvestorID|Deal.CompanyID|DealInvestorRelation.DealID|DealInvestorRelation.InvestorID|InvestorInvestmentRelation.CompanyID|InvestorInvestmentRelation.InvestorID,"Part5 Rule B company investor graph: 1 token companies, 1 deals, 0 funds | source_methods=company_investor_relation,deal_investor_relation,investor_investment_relation | PrimaryInvestorType: Corporation | PreferredInvestmentTypes: Merger/Acquisition | CompanyInvestorRelation: Yoake Entertainment; status=Active; holding=Minority; since=12/19/2023 | DealInvestorRelation: Yoake Entertainment; deal=247",part5_token_company_investor_graph_then_web_search_with_primary_source_priority,investor_router|capability_classification
572,151543-72,ULS Group,,UL Systems,"ULS Group, Inc.",www.ulsgroup.co.jp,ulsgroup.co.jp,,TKS,3798,"Tokyo, Japan",Japan,Holding Company,,Merger/Acquisition,"Cryptocurrency/Blockchain, FinTech, TMT",Prefers majority stake,,,ULS Group is an information technology company. It develops an IT consulting and solutions business in the strategic IT field.,part5_rule_b_company|source:company_investor_relation|source:deal_investor_relation|source:investor_investment_relation,CompanyInvestorRelation.CompanyID|CompanyInvestorRelation.InvestorID|Deal.CompanyID|DealInvestorRelation.DealID|DealInvestorRelation.InvestorID|InvestorInvestmentRelation.CompanyID|InvestorInvestmentRelation.InvestorID,"Part5 Rule B company investor graph: 1 token companies, 1 deals, 0 funds | source_methods=company_investor_relation,deal_investor_relation,investor_investment_relation | PrimaryInvestorType: Holding Company | PreferredVerticals: Cryptocurrency/Blockchain, FinTech, TMT | PreferredInvestmentTypes: Merger/Acquisition | CompanyInvestorRelation: Liquid (Japan); status=Former; holding=Minority; since=06/",part5_token_company_investor_graph_then_web_search_with_primary_source_priority,investor_router|capability_classification
573,593388-10,Uni-Ventures,,,,www.uni-ventures.com,uni-ventures.com,,,,"Riyadh, Saudi Arabia",Saudi Arabia,Venture Capital,Growth/Expansion,"Buyout/LBO, Early Stage VC, Later Stage VC, Seed Round",,"Prefers minority stake, Will syndicate",,,"Founded in 2021, Uni-Ventures is a venture capital firm based in Riyadh, Saudi Arabia. The firm is a subsidiary of ORSCOM Investments Group. The firm seeks to invest across the United States, Europe, and Middle East, and North Africa region.",part5_rule_b_company|source:company_investor_relation|source:deal_investor_relation|source:investor_investment_relation,CompanyInvestorRelation.CompanyID|CompanyInvestorRelation.InvestorID|Deal.CompanyID|DealInvestorRelation.DealID|DealInvestorRelation.InvestorID|InvestorInvestmentRelation.CompanyID|InvestorInvestmentRelation.InvestorID,"Part5 Rule B company investor graph: 1 token companies, 1 deals, 0 funds | source_methods=company_investor_relation,deal_investor_relation,investor_investment_relation | PrimaryInvestorType: Venture Capital | OtherInvestorTypes: Growth/Expansion | PreferredInvestmentTypes: Buyout/LBO, Early Stage VC, Later Stage VC, Seed Round | CompanyInvestorRelation: Kraken; status=Pending (Sell Side); holding=M",part5_token_company_investor_graph_then_web_search_with_primary_source_priority,investor_router|capability_classification
574,481448-26,Unity Growth Fund,,,Unity Growth Fund LLC,www.unitygrowthfund.com,unitygrowthfund.com,,,,"Newark, DE",United States,Venture Capital,,"Early Stage VC, Later Stage VC, Seed Round","Advanced Manufacturing, Artificial Intelligence & Machine Learning, Big Data, CloudTech & DevOps, Robotics and Drones","Prefers minority stake, Will syndicate",,,"Founded in 2020, Unity Growth Fund is a venture capital firm based in Newark, Delaware. The firm seeks to invest in B2B, information technology, advanced manufacturing, artificial intelligence, big data, cloud technology, robotics & drones sectors.",part5_rule_b_company|source:company_investor_relation|source:deal_investor_relation|source:investor_investment_relation,CompanyInvestorRelation.CompanyID|CompanyInvestorRelation.InvestorID|Deal.CompanyID|DealInvestorRelation.DealID|DealInvestorRelation.InvestorID|InvestorInvestmentRelation.CompanyID|InvestorInvestmentRelation.InvestorID,"Part5 Rule B company investor graph: 1 token companies, 1 deals, 0 funds | source_methods=company_investor_relation,deal_investor_relation,investor_investment_relation | PrimaryInvestorType: Venture Capital | PreferredVerticals: Advanced Manufacturing, Artificial Intelligence & Machine Learning, Big Data, CloudTech & DevOps, Robotics and Drones | PreferredInvestmentTypes: Early Stage VC, Later Stag",part5_token_company_investor_graph_then_web_search_with_primary_source_priority,investor_router|capability_classification
575,57081-07,Uprising Ventures,Uprising,,"Uprising Management, LLC",www.uprising.us,uprising.us,,,,"San Francisco, CA",United States,Venture Capital,Impact Investing,"Early Stage VC, Later Stage VC, Seed Round",,"Prefers minority stake, Seeks Impact investments, Will syndicate",Uprising Fund I Extension,Venture - General,"Founded in 2012, Uprising Ventures is a venture capital firm based in San Francisco, California. The firm seeks to invest in the technology sector.",part5_rule_b_company|source:company_investor_relation|source:deal_investor_relation|source:investor_investment_relation,CompanyInvestorRelation.CompanyID|CompanyInvestorRelation.InvestorID|Deal.CompanyID|DealInvestorRelation.DealID|DealInvestorRelation.InvestorID|InvestorInvestmentRelation.CompanyID|InvestorInvestmentRelation.InvestorID,"Part5 Rule B company investor graph: 1 token companies, 1 deals, 0 funds | source_methods=company_investor_relation,deal_investor_relation,investor_investment_relation | PrimaryInvestorType: Venture Capital | OtherInvestorTypes: Impact Investing | PreferredInvestmentTypes: Early Stage VC, Later Stage VC, Seed Round | CompanyInvestorRelation: Braintrust; status=Active; holding=Minority; since=01/01/",part5_token_company_investor_graph_then_web_search_with_primary_source_priority,investor_router|capability_classification
576,155834-29,Upshift Capital,,,Upshift Capital LLC,www.upshiftcapital.com,upshiftcapital.com,,,,"San Francisco, CA",United States,Venture Capital,,Seed Round,"Cryptocurrency/Blockchain, SaaS, TMT","Prefers minority stake, Will syndicate",,,"Founded in 2017, Upshift Capital is a venture capital firm based in San Francisco, California. The firm seeks to invest in seed-stage companies. The firm prefers to invest in SaaS, cryptocurrency, and marketplace sectors.",part5_rule_b_company|source:company_investor_relation|source:deal_investor_relation|source:investor_investment_relation,CompanyInvestorRelation.CompanyID|CompanyInvestorRelation.InvestorID|Deal.CompanyID|DealInvestorRelation.DealID|DealInvestorRelation.InvestorID|InvestorInvestmentRelation.CompanyID|InvestorInvestmentRelation.InvestorID,"Part5 Rule B company investor graph: 1 token companies, 1 deals, 0 funds | source_methods=company_investor_relation,deal_investor_relation,investor_investment_relation | PrimaryInvestorType: Venture Capital | PreferredVerticals: Cryptocurrency/Blockchain, SaaS, TMT | PreferredInvestmentTypes: Seed Round | CompanyInvestorRelation: Braintrust; status=Active; holding=Minority; since=01/01/2018 | DealI",part5_token_company_investor_graph_then_web_search_with_primary_source_priority,investor_router|capability_classification
577,226843-57,UpVentures,,,UpVentures Holdings,www.upventures.com,upventures.com,,,,"Little Falls, NY",United States,Venture Capital,"PE/Buyout, Real Estate","Early Stage VC, Later Stage VC, Seed Round","CleanTech, Cybersecurity, FinTech, Gaming, HealthTech, Internet of Things, LOHAS & Wellness, Real Estate Technology, Robotics and Drones, SaaS, TMT, Wearables & Quantified Self","Prefers minority stake, Will syndicate",,,"Founded in 2014, UpVentures is a venture capital investment firm headquartered in Little Falls, New York. The firm seeks to invest in companies from the SaaS, fintech, proptech, automotive tech, HR software, sales and marketing software, electronic gaming, healthcare technology, cybersecurity, food and beverage, and cleantech sectors.",part5_rule_b_company|source:company_investor_relation|source:deal_investor_relation|source:investor_investment_relation,CompanyInvestorRelation.CompanyID|CompanyInvestorRelation.InvestorID|Deal.CompanyID|DealInvestorRelation.DealID|DealInvestorRelation.InvestorID|InvestorInvestmentRelation.CompanyID|InvestorInvestmentRelation.InvestorID,"Part5 Rule B company investor graph: 1 token companies, 1 deals, 0 funds | source_methods=company_investor_relation,deal_investor_relation,investor_investment_relation | PrimaryInvestorType: Venture Capital | OtherInvestorTypes: PE/Buyout, Real Estate | PreferredVerticals: CleanTech, Cybersecurity, FinTech, Gaming, HealthTech, Internet of Things, LOHAS & Wellness, Real Estate Technology, Robotics a",part5_token_company_investor_graph_then_web_search_with_primary_source_priority,investor_router|capability_classification
578,232112-71,USAA Corporate Development,,,,www.usaacorpdev.com,usaacorpdev.com,United Services Automobile Association,,,"San Antonio, TX",United States,Corporate Venture Capital,Venture Capital,"Early Stage VC, Later Stage VC, Seed Round","Artificial Intelligence & Machine Learning, CloudTech & DevOps, Cybersecurity, FinTech, Infrastructure, InsurTech, Internet of Things, Micro-Mobility","Prefers minority stake, Will syndicate",,,"Founded in 2010, USAA Corporate Development is the corporate venture capital arm of the United Services Automobile Association based in San Antonio, Texas. The firm prefers to invest in the internet of things, fintech, security, data, & artificial intelligence, insurtech software, enterprise infrastructure, and cybersecurity sectors.",part5_rule_b_company|source:company_investor_relation|source:deal_investor_relation|source:investor_investment_relation,CompanyInvestorRelation.CompanyID|CompanyInvestorRelation.InvestorID|Deal.CompanyID|DealInvestorRelation.DealID|DealInvestorRelation.InvestorID|InvestorInvestmentRelation.CompanyID|InvestorInvestmentRelation.InvestorID,"Part5 Rule B company investor graph: 1 token companies, 1 deals, 0 funds | source_methods=company_investor_relation,deal_investor_relation,investor_investment_relation | PrimaryInvestorType: Corporate Venture Capital | OtherInvestorTypes: Venture Capital | PreferredVerticals: Artificial Intelligence & Machine Learning, CloudTech & DevOps, Cybersecurity, FinTech, Infrastructure, InsurTech, Internet",part5_token_company_investor_graph_then_web_search_with_primary_source_priority,investor_router|capability_classification
579,521459-65,Vantage Legacy Capital,,,,www.vantagelegacycapital.com,vantagelegacycapital.com,,,,"Hoboken, NJ",United States,Secondary Buyer,PE/Buyout,"Buyout/LBO, Later Stage VC, PE Growth/Expansion",,"Long-Term Investor, Prefers majority stake",,,"Founded in 2023, Vantage Legacy Capital is a secondary buyer based in Hoboken, New Jersey. The firm is focused on the secondary market for late-stage tech companies.",part5_rule_b_company|source:company_investor_relation|source:deal_investor_relation|source:investor_investment_relation,CompanyInvestorRelation.CompanyID|CompanyInvestorRelation.InvestorID|Deal.CompanyID|DealInvestorRelation.DealID|DealInvestorRelation.InvestorID|InvestorInvestmentRelation.CompanyID|InvestorInvestmentRelation.InvestorID,"Part5 Rule B company investor graph: 1 token companies, 1 deals, 0 funds | source_methods=company_investor_relation,deal_investor_relation,investor_investment_relation | PrimaryInvestorType: Secondary Buyer | OtherInvestorTypes: PE/Buyout | PreferredInvestmentTypes: Buyout/LBO, Later Stage VC, PE Growth/Expansion | CompanyInvestorRelation: Kraken; status=Pending (Sell Side); holding=Minority; since",part5_token_company_investor_graph_then_web_search_with_primary_source_priority,investor_router|capability_classification
580,63605-17,Venovate,,,"Venovate Holdings, Inc.",www.venovate.com,venovate.com,,,,"Cardiff, CA",United States,Corporation,,Merger/Acquisition,"SaaS, TMT",Prefers majority stake,,,"Venovate was a provider of an online financial platform intended to help investors invest in alternative assets. The company's platform used to help accredited investors and institutions to invest and trade alternative assets, which included private equity, hedge funds, real estate, natural resources and venture capitals, enabled investors to discover, research, invest and trade. The company was acquired by Coinbase on June 7, 2018.",part5_rule_b_company|source:company_investor_relation|source:deal_investor_relation|source:investor_investment_relation,CompanyInvestorRelation.CompanyID|CompanyInvestorRelation.InvestorID|Deal.CompanyID|DealInvestorRelation.DealID|DealInvestorRelation.InvestorID|InvestorInvestmentRelation.CompanyID|InvestorInvestmentRelation.InvestorID,"Part5 Rule B company investor graph: 1 token companies, 1 deals, 0 funds | source_methods=company_investor_relation,deal_investor_relation,investor_investment_relation | PrimaryInvestorType: Corporation | PreferredVerticals: SaaS, TMT | PreferredInvestmentTypes: Merger/Acquisition | CompanyInvestorRelation: Uphold Worldwide; status=Active; holding=Minority; since=10/01/2020 | DealInvestorRelation:",part5_token_company_investor_graph_then_web_search_with_primary_source_priority,investor_router|capability_classification
581,458304-49,Verb Ventures,,Sova VC,Verb Ventures S.à r.l.,verb.ventures,verb.ventures,,,,"Luxembourg, Luxembourg",Luxembourg,Venture Capital,,"Early Stage VC, Seed Round",E-Commerce,"Prefers minority stake, Will syndicate",Verb Marketplace Fund II,Venture Capital - Early Stage,"Founded in 2023, Verb Ventures is a venture capital firm headquartered in London, United Kingdom. The firm seeks to invest in b2b software and b2c marketplaces across a range of sectors.",part5_rule_b_company|source:company_investor_relation|source:deal_investor_relation|source:investor_investment_relation,CompanyInvestorRelation.CompanyID|CompanyInvestorRelation.InvestorID|Deal.CompanyID|DealInvestorRelation.DealID|DealInvestorRelation.InvestorID|InvestorInvestmentRelation.CompanyID|InvestorInvestmentRelation.InvestorID,"Part5 Rule B company investor graph: 1 token companies, 1 deals, 0 funds | source_methods=company_investor_relation,deal_investor_relation,investor_investment_relation | PrimaryInvestorType: Venture Capital | PreferredVerticals: E-Commerce | PreferredInvestmentTypes: Early Stage VC, Seed Round | CompanyInvestorRelation: Kraken; status=Pending (Sell Side); holding=Minority; since=11/18/2025 | DealIn",part5_token_company_investor_graph_then_web_search_with_primary_source_priority,investor_router|capability_classification
582,60185-71,Virgo Investment Group,"Virgo, VIG",,Virgo Investment Group LLC,www.virgo-llc.com,virgo-llc.com,,,,"Burlingame, CA",United States,PE/Buyout,"Growth/Expansion, Venture Capital","Buyout/LBO, PE Growth/Expansion","AdTech, AudioTech, Big Data, CleanTech, E-Commerce, FinTech, HealthTech, InsurTech, LOHAS & Wellness, SaaS","Prefers majority stake, Will syndicate",Virgo Specialty Finance I,Buyout,"Founded in 2009, Virgo Investment Group is a private equity firm based in Burlingame, California. The firm prefers to invest in aviation, transportation, logistics, specialty finance, insurance, content rights & royalties, healthcare, media, and wellness sectors. This firm is a Registered Investment Adviser (RIA).",part5_rule_b_company|source:company_investor_relation|source:deal_investor_relation|source:investor_investment_relation,CompanyInvestorRelation.CompanyID|CompanyInvestorRelation.InvestorID|Deal.CompanyID|DealInvestorRelation.DealID|DealInvestorRelation.InvestorID|InvestorInvestmentRelation.CompanyID|InvestorInvestmentRelation.InvestorID,"Part5 Rule B company investor graph: 1 token companies, 1 deals, 0 funds | source_methods=company_investor_relation,deal_investor_relation,investor_investment_relation | PrimaryInvestorType: PE/Buyout | OtherInvestorTypes: Growth/Expansion, Venture Capital | PreferredVerticals: AdTech, AudioTech, Big Data, CleanTech, E-Commerce, FinTech, HealthTech, InsurTech, LOHAS & Wellness, SaaS | PreferredInve",part5_token_company_investor_graph_then_web_search_with_primary_source_priority,investor_router|capability_classification
583,52244-11,Virtu Financial,Virtu,,"Virtu Financial, Inc.",www.virtu.com,virtu.com,,NYS,VIRT,"New York, NY",United States,Corporation,,"Add-on, Buyout/LBO, Merger/Acquisition","FinTech, TMT",Prefers majority stake,,,"Virtu Financial is a financial firm that leverages technology to deliver liquidity to the worldwide markets and transparent trading solutions to its clients. The company's operating segment includes market-making and execution services. The non-operating segment of the company includes the corporate segment. The company generates maximum revenue from the market-making segment. The market-making segment principally consists of market-making in the cash, futures, and options markets across equities, options, fixed income, currencies, and commodities. Geographically, it derives a majority of its revenue from the United States and also has a presence in Ireland and Other Countries.",part5_rule_b_company|source:company_investor_relation|source:deal_investor_relation|source:investor_investment_relation,CompanyInvestorRelation.CompanyID|CompanyInvestorRelation.InvestorID|Deal.CompanyID|DealInvestorRelation.DealID|DealInvestorRelation.InvestorID|InvestorInvestmentRelation.CompanyID|InvestorInvestmentRelation.InvestorID,"Part5 Rule B company investor graph: 1 token companies, 1 deals, 0 funds | source_methods=company_investor_relation,deal_investor_relation,investor_investment_relation | PrimaryInvestorType: Corporation | PreferredVerticals: FinTech, TMT | PreferredInvestmentTypes: Add-on, Buyout/LBO, Merger/Acquisition | CompanyInvestorRelation: Digital Asset; status=Active; holding=Minority; since=07/03/2025 | De",part5_token_company_investor_graph_then_web_search_with_primary_source_priority,investor_router|capability_classification
584,55879-84,Visa Ventures,,,,,,Visa,,,"San Francisco, CA",United States,Corporate Venture Capital,Growth/Expansion,"Early Stage VC, Later Stage VC, Seed Round","Artificial Intelligence & Machine Learning, B2B Payments, FinTech","Prefers minority stake, Will syndicate",Generative AI Fund,Venture Capital - Early Stage,"Founded in 2011, Visa Ventures is the corporate venture arm of Visa, headquartered in San Francisco, California. The firm prefers to invest in early-stage innovative payments, fintech, generative artificial intelligence, and technology sectors.",part5_rule_b_company|source:company_investor_relation|source:deal_investor_relation|source:investor_investment_relation,CompanyInvestorRelation.CompanyID|CompanyInvestorRelation.InvestorID|Deal.CompanyID|DealInvestorRelation.DealID|DealInvestorRelation.InvestorID|InvestorInvestmentRelation.CompanyID|InvestorInvestmentRelation.InvestorID,"Part5 Rule B company investor graph: 1 token companies, 1 deals, 0 funds | source_methods=company_investor_relation,deal_investor_relation,investor_investment_relation | PrimaryInvestorType: Corporate Venture Capital | OtherInvestorTypes: Growth/Expansion | PreferredVerticals: Artificial Intelligence & Machine Learning, B2B Payments, FinTech | PreferredInvestmentTypes: Early Stage VC, Later Stage V",part5_token_company_investor_graph_then_web_search_with_primary_source_priority,investor_router|capability_classification
585,489575-80,Visi Capital,,,Visi Capital LLC,visicapital.co.id,visicapital.co.id,,,,"Jakarta Pusat, Indonesia",Indonesia,PE/Buyout,"Fund of Funds, Growth/Expansion, Impact Investing, Infrastructure, Real Estate, Venture Capital","Acquisition Financing, Buyout/LBO, Debt - General, Early Stage VC, PE Growth/Expansion, Seed Round",Impact Investing,"Long-Term Investor, Prefers majority stake, Seeks ESG investments, Seeks Impact investments, Will syndicate",,,"Visi Capital is a private equity firm based in Jakarta Pusat, Indonesia. The firm seeks to invest on a global basis across a wide range of asset classes, including private equity, real estate, infrastructure, public debt and equity, growth equity, opportunistic, non-investment grade credit, real assets, and secondary funds. The firm seeks to invest in mining, oil and gas, agriculture, hospitality, health care, technology and innovation, finance, trade, and logistics sectors.",part5_rule_b_company|source:company_investor_relation|source:deal_investor_relation|source:investor_investment_relation,CompanyInvestorRelation.CompanyID|CompanyInvestorRelation.InvestorID|Deal.CompanyID|DealInvestorRelation.DealID|DealInvestorRelation.InvestorID|InvestorInvestmentRelation.CompanyID|InvestorInvestmentRelation.InvestorID,"Part5 Rule B company investor graph: 1 token companies, 1 deals, 0 funds | source_methods=company_investor_relation,deal_investor_relation,investor_investment_relation | PrimaryInvestorType: PE/Buyout | OtherInvestorTypes: Fund of Funds, Growth/Expansion, Impact Investing, Infrastructure, Real Estate, Venture Capital | PreferredVerticals: Impact Investing | PreferredInvestmentTypes: Acquisition Fin",part5_token_company_investor_graph_then_web_search_with_primary_source_priority,investor_router|capability_classification
586,471728-44,Vision Capital Group,,,,www.visioncapital.group,visioncapital.group,,,,"Singapore, Singapore",Singapore,Hedge Fund,Venture Capital,"Early Stage VC, Later Stage VC, Seed Round","Climate Tech, Digital Health, Esports, FinTech, FoodTech, Gaming, HealthTech, Life Sciences, LOHAS & Wellness, Restaurant Technology, Robotics and Drones, SaaS","Long-Term Investor, Prefers minority stake, Will syndicate",,,"Founded in 2017, Vision Capital Group is a hedge fund manager based in Singapore. The firm employs fundamental-driven, bottom-up strategies and only focuses on investing in long-only publicly-listed equities. It also focuses on venture capital investment.",part5_rule_b_company|source:company_investor_relation|source:deal_investor_relation|source:investor_investment_relation,CompanyInvestorRelation.CompanyID|CompanyInvestorRelation.InvestorID|Deal.CompanyID|DealInvestorRelation.DealID|DealInvestorRelation.InvestorID|InvestorInvestmentRelation.CompanyID|InvestorInvestmentRelation.InvestorID,"Part5 Rule B company investor graph: 1 token companies, 1 deals, 0 funds | source_methods=company_investor_relation,deal_investor_relation,investor_investment_relation | PrimaryInvestorType: Hedge Fund | OtherInvestorTypes: Venture Capital | PreferredVerticals: Climate Tech, Digital Health, Esports, FinTech, FoodTech, Gaming, HealthTech, Life Sciences, LOHAS & Wellness, Restaurant Technology, Robot",part5_token_company_investor_graph_then_web_search_with_primary_source_priority,investor_router|capability_classification
587,42018-58,VMware,,,"Vmware, Inc.",www.vmware.com,vmware.com,Broadcom (General Purpose Semiconductors),,,"Palo Alto, CA",United States,Corporation,Accelerator/Incubator,"Early Stage VC, Later Stage VC, Merger/Acquisition",SaaS,Prefers majority stake,,,"VMware is an industry titan in virtualizing IT infrastructure and became a stand-alone entity after spinning off from Dell Technologies in November 2021. The software provider operates in three segments: licenses; subscriptions and software as a service and services. VMware's solutions are used across IT infrastructure, application development and cybersecurity teams and the company takes a neutral approach to being cohesion between cloud environments. The Palo Alto, California, firm operates and sells on a global scale, with about half its revenue from the United States, through direct sales, distributors and partnerships.",part5_rule_b_company|source:company_investor_relation|source:deal_investor_relation|source:investor_investment_relation,CompanyInvestorRelation.CompanyID|CompanyInvestorRelation.InvestorID|Deal.CompanyID|DealInvestorRelation.DealID|DealInvestorRelation.InvestorID|InvestorInvestmentRelation.CompanyID|InvestorInvestmentRelation.InvestorID,"Part5 Rule B company investor graph: 1 token companies, 1 deals, 0 funds | source_methods=company_investor_relation,deal_investor_relation,investor_investment_relation | PrimaryInvestorType: Corporation | OtherInvestorTypes: Accelerator/Incubator | PreferredVerticals: SaaS | PreferredInvestmentTypes: Early Stage VC, Later Stage VC, Merger/Acquisition | CompanyInvestorRelation: Digital Asset; status",part5_token_company_investor_graph_then_web_search_with_primary_source_priority,investor_router|capability_classification
588,462143-26,W Tokyo,,F1 MEDIA,"W TOKYO Co., Ltd.",www.w-tokyo.co.jp,w-tokyo.co.jp,,TKS,9159,"Tokyo, Japan",Japan,Corporation,,"Early Stage VC, Later Stage VC, Merger/Acquisition",AdTech,Prefers majority stake,,,"W Tokyo is a branding and content production company that continues to create added value by making use of its production know-how, which has grown the Tokyo Girls Collection into Japan's greatest platform. The company's services include the TGC production area, the content production and branding area, and the digital advertising area. The company's brands include TOKYO GIRLS COLLECTION, Girls Walker, VIRTUAL TGC, TGC AUDITION, TGC SCHOOL, TGC Teen, TGC CAMPUS, and others.",part5_rule_b_company|source:company_investor_relation|source:deal_investor_relation|source:investor_investment_relation,CompanyInvestorRelation.CompanyID|CompanyInvestorRelation.InvestorID|Deal.CompanyID|DealInvestorRelation.DealID|DealInvestorRelation.InvestorID|InvestorInvestmentRelation.CompanyID|InvestorInvestmentRelation.InvestorID,"Part5 Rule B company investor graph: 1 token companies, 1 deals, 0 funds | source_methods=company_investor_relation,deal_investor_relation,investor_investment_relation | PrimaryInvestorType: Corporation | PreferredVerticals: AdTech | PreferredInvestmentTypes: Early Stage VC, Later Stage VC, Merger/Acquisition | CompanyInvestorRelation: Yoake Entertainment; status=Active; holding=Minority; since=12/",part5_token_company_investor_graph_then_web_search_with_primary_source_priority,investor_router|capability_classification
589,43140-52,Warner Bros. Entertainment,Warner Bros,,Warner Bros. Entertainment Inc.,www.warnerbros.com,warnerbros.com,Warner Media,,,"Burbank, CA",United States,Corporation,,Merger/Acquisition,TMT,Prefers majority stake,,,"Developer of an entertainment platform headquartered in Burbank, California. The company engages in the creation, production, distribution, licensing and marketing of various forms of entertainment and their related businesses and specializes in various entertainment activities, including feature films, television and home entertainment production and distribution, DVD and Blu-ray, animation, digital distribution, comic books, video games, product and brand licensing, interactive entertainment, international cinemas and broadcasting.",part5_rule_b_company|source:company_investor_relation|source:deal_investor_relation|source:investor_investment_relation,CompanyInvestorRelation.CompanyID|CompanyInvestorRelation.InvestorID|Deal.CompanyID|DealInvestorRelation.DealID|DealInvestorRelation.InvestorID|InvestorInvestmentRelation.CompanyID|InvestorInvestmentRelation.InvestorID,"Part5 Rule B company investor graph: 1 token companies, 1 deals, 0 funds | source_methods=company_investor_relation,deal_investor_relation,investor_investment_relation | PrimaryInvestorType: Corporation | PreferredVerticals: TMT | PreferredInvestmentTypes: Merger/Acquisition | CompanyInvestorRelation: Palm NFT Studio; status=Former; holding=Minority; since=12/09/2021 | DealInvestorRelation: Palm NF",part5_token_company_investor_graph_then_web_search_with_primary_source_priority,investor_router|capability_classification
590,521409-70,Wejchert Capital,,,Wejchert Capital Ltd.,www.wejchertcapital.com,wejchertcapital.com,,,,"Monaco, Monaco",Monaco,Corporate Venture Capital,"Family Office, PE/Buyout, Venture Capital","Buyout/LBO, Distressed Acquisition, Early Stage VC, Later Stage VC, PE Growth/Expansion, Seed Round","Artificial Intelligence & Machine Learning, Cybersecurity, Esports, FinTech, FoodTech, Gaming, Space Technology, TMT","Prefers majority stake, Prefers minority stake, Will syndicate",,,"Wejchert Capital was a venture capital investment firm based in Monaco. The firm had an additional office in Warsaw. The firm preferred to invest in early-stage, distressed, and opportunistic firms. The firm preferred to invest in companies operating in the space, financial technology, food technology, and the football sectors.",part5_rule_b_company|source:company_investor_relation|source:deal_investor_relation|source:investor_investment_relation,CompanyInvestorRelation.CompanyID|CompanyInvestorRelation.InvestorID|Deal.CompanyID|DealInvestorRelation.DealID|DealInvestorRelation.InvestorID|InvestorInvestmentRelation.CompanyID|InvestorInvestmentRelation.InvestorID,"Part5 Rule B company investor graph: 1 token companies, 1 deals, 0 funds | source_methods=company_investor_relation,deal_investor_relation,investor_investment_relation | PrimaryInvestorType: Corporate Venture Capital | OtherInvestorTypes: Family Office, PE/Buyout, Venture Capital | PreferredVerticals: Artificial Intelligence & Machine Learning, Cybersecurity, Esports, FinTech, FoodTech, Gaming, Spa",part5_token_company_investor_graph_then_web_search_with_primary_source_priority,investor_router|capability_classification
591,13346-29,Wellington Management,,,Wellington Management Company LLP,www.wellington.com,wellington.com,,,,"Boston, MA",United States,Asset Manager,"Growth/Expansion, Hedge Fund, Impact Investing, Limited Partner, Venture Capital","Buyout/LBO, Early Stage VC, Later Stage VC, PE Growth/Expansion, Seed Round",Impact Investing,"Prefers majority stake, Prefers minority stake, Seeks ESG investments, Seeks Impact investments",Wellington CLO Partners Fund I,Other,"Founded in 1928, Wellington Management is an asset management firm based in Boston, Massachusetts. The firm seeks to invest in hedge funds, private equity & venture capital markets, and other alternative asset classes.",part5_rule_b_company|source:company_investor_relation|source:deal_investor_relation|source:investor_investment_relation,CompanyInvestorRelation.CompanyID|CompanyInvestorRelation.InvestorID|Deal.CompanyID|DealInvestorRelation.DealID|DealInvestorRelation.InvestorID|InvestorInvestmentRelation.CompanyID|InvestorInvestmentRelation.InvestorID,"Part5 Rule B company investor graph: 1 token companies, 1 deals, 0 funds | source_methods=company_investor_relation,deal_investor_relation,investor_investment_relation | PrimaryInvestorType: Asset Manager | OtherInvestorTypes: Growth/Expansion, Hedge Fund, Impact Investing, Limited Partner, Venture Capital | PreferredVerticals: Impact Investing | PreferredInvestmentTypes: Buyout/LBO, Early Stage VC",part5_token_company_investor_graph_then_web_search_with_primary_source_priority,investor_router|capability_classification
592,538107-85,welovefounders,,,,www.welovefounders.vc,welovefounders.vc,,,,"Brussels, Belgium",Belgium,Venture Capital,,"Early Stage VC, Seed Round",SaaS,"Prefers minority stake, Will syndicate",,,"Founded in 2023, welovefounders is a venture capital firm based in Brussels, Belgium. The firm seeks to invest in B2B, information technology & SaaS sectors based in the European region. The firm helps startups structure, grow, and scale through active board involvement.",part5_rule_b_company|source:company_investor_relation|source:deal_investor_relation|source:investor_investment_relation,CompanyInvestorRelation.CompanyID|CompanyInvestorRelation.InvestorID|Deal.CompanyID|DealInvestorRelation.DealID|DealInvestorRelation.InvestorID|InvestorInvestmentRelation.CompanyID|InvestorInvestmentRelation.InvestorID,"Part5 Rule B company investor graph: 1 token companies, 1 deals, 0 funds | source_methods=company_investor_relation,deal_investor_relation,investor_investment_relation | PrimaryInvestorType: Venture Capital | PreferredVerticals: SaaS | PreferredInvestmentTypes: Early Stage VC, Seed Round | CompanyInvestorRelation: Kraken; status=Pending (Sell Side); holding=Minority; since=08/23/2024 | DealInvestor",part5_token_company_investor_graph_then_web_search_with_primary_source_priority,investor_router|capability_classification
593,57294-55,Westcott,,,Westcott LLC,www.westcott.com,westcott.com,,,,"Dallas, TX",United States,Family Office,"PE/Buyout, Real Estate, Venture Capital","Early Stage VC, Later Stage VC, PE Growth/Expansion, Seed Round",TMT,"Long-Term Investor, Prefers minority stake, Will syndicate",,,"Founded in 1996, Westcott is a family office based in Dallas, Texas. The firm invests in various asset classes, including real estate, operating businesses, and venture opportunities.",part5_rule_b_company|source:company_investor_relation|source:deal_investor_relation|source:investor_investment_relation,CompanyInvestorRelation.CompanyID|CompanyInvestorRelation.InvestorID|Deal.CompanyID|DealInvestorRelation.DealID|DealInvestorRelation.InvestorID|InvestorInvestmentRelation.CompanyID|InvestorInvestmentRelation.InvestorID,"Part5 Rule B company investor graph: 1 token companies, 1 deals, 0 funds | source_methods=company_investor_relation,deal_investor_relation,investor_investment_relation | PrimaryInvestorType: Family Office | OtherInvestorTypes: PE/Buyout, Real Estate, Venture Capital | PreferredVerticals: TMT | PreferredInvestmentTypes: Early Stage VC, Later Stage VC, PE Growth/Expansion, Seed Round | CompanyInvesto",part5_token_company_investor_graph_then_web_search_with_primary_source_priority,investor_router|capability_classification
594,597598-93,Will Clemente,,,,,,,,,"Dover, DE",United States,Angel (individual),,"Angel (individual), Early Stage VC, Seed Round",,"Prefers minority stake, Will syndicate",,,Mr. Will Clemente is the Co-Founder of Reflexivity Research.,part5_rule_b_company|source:company_investor_relation|source:deal_investor_relation|source:investor_investment_relation,CompanyInvestorRelation.CompanyID|CompanyInvestorRelation.InvestorID|Deal.CompanyID|DealInvestorRelation.DealID|DealInvestorRelation.InvestorID|InvestorInvestmentRelation.CompanyID|InvestorInvestmentRelation.InvestorID,"Part5 Rule B company investor graph: 1 token companies, 1 deals, 0 funds | source_methods=company_investor_relation,deal_investor_relation,investor_investment_relation | PrimaryInvestorType: Angel (individual) | PreferredInvestmentTypes: Angel (individual), Early Stage VC, Seed Round | CompanyInvestorRelation: Category Labs; status=Active; holding=Minority; since=04/09/2024 | DealInvestorRelation:",part5_token_company_investor_graph_then_web_search_with_primary_source_priority,investor_router|capability_classification
595,232152-76,Wille Finance,,,Wille Finance AG,www.willefinance.com,willefinance.com,,,,"Zug, Switzerland",Switzerland,Family Office,"Growth/Expansion, Real Estate, Venture Capital","Buyout/LBO, Early Stage VC, Later Stage VC, Seed Round","Advanced Manufacturing, Digital Health, HealthTech, Life Sciences, Manufacturing, SaaS, TMT",Long-Term Investor,,,"Founded in 2007, Wille Finance is a family office firm based in Zug, Switzerland. The firm focuses on venture capital, private equity, real estate, and listed assets.",part5_rule_b_company|source:company_investor_relation|source:deal_investor_relation|source:investor_investment_relation,CompanyInvestorRelation.CompanyID|CompanyInvestorRelation.InvestorID|Deal.CompanyID|DealInvestorRelation.DealID|DealInvestorRelation.InvestorID|InvestorInvestmentRelation.CompanyID|InvestorInvestmentRelation.InvestorID,"Part5 Rule B company investor graph: 1 token companies, 1 deals, 0 funds | source_methods=company_investor_relation,deal_investor_relation,investor_investment_relation | PrimaryInvestorType: Family Office | OtherInvestorTypes: Growth/Expansion, Real Estate, Venture Capital | PreferredVerticals: Advanced Manufacturing, Digital Health, HealthTech, Life Sciences, Manufacturing, SaaS, TMT | PreferredIn",part5_token_company_investor_graph_then_web_search_with_primary_source_priority,investor_router|capability_classification
596,109914-40,William Ackman,,,,,,,,,"New York, NY",United States,Angel (individual),Limited Partner,,TMT,,,,"Mr. William Ackman is a high-net-worth investor based in New York, NY. He is also the Founder and Chief Executive Officer of Pershing Square Capital Management LP, a hedge-fund management company. He manages his own investments.",part5_rule_b_company|source:company_investor_relation|source:deal_investor_relation|source:investor_investment_relation,CompanyInvestorRelation.CompanyID|CompanyInvestorRelation.InvestorID|Deal.CompanyID|DealInvestorRelation.DealID|DealInvestorRelation.InvestorID|InvestorInvestmentRelation.CompanyID|InvestorInvestmentRelation.InvestorID,"Part5 Rule B company investor graph: 1 token companies, 1 deals, 0 funds | source_methods=company_investor_relation,deal_investor_relation,investor_investment_relation | PrimaryInvestorType: Angel (individual) | OtherInvestorTypes: Limited Partner | PreferredVerticals: TMT | CompanyInvestorRelation: Goldfinch Prime; status=Active; holding=Minority; since=01/06/2022 | DealInvestorRelation: Goldfinch",part5_token_company_investor_graph_then_web_search_with_primary_source_priority,investor_router|capability_classification
597,169482-97,William Hickey,,,,,,,,,,,Angel (individual),,,"CleanTech, Industrials, TMT",,,,"Mr. William Hickey serves as Board Member and Chairman of Finance Committee at Public Service Enterprise Group. He is an investor and served as Chairman of the Board of Sealed Air Corporation, Elmwood Park, New Jersey, which manufactures food and specialty protective packaging materials and systems, from March 2013 until May 2013; Chairman of the Board and Chief Executive Officer from September 2012 to February 2013, President and Chief Executive officer from March 2000 to August 2012; President and Chief Operating Officer from December 1996 to February 2000. Director of Sensient Technologies Corporation. Mr. Hickey received his Bachelor of Science degree in engineering from the United State",part5_rule_b_company|source:company_investor_relation|source:deal_investor_relation|source:investor_investment_relation,CompanyInvestorRelation.CompanyID|CompanyInvestorRelation.InvestorID|Deal.CompanyID|DealInvestorRelation.DealID|DealInvestorRelation.InvestorID|InvestorInvestmentRelation.CompanyID|InvestorInvestmentRelation.InvestorID,"Part5 Rule B company investor graph: 1 token companies, 1 deals, 0 funds | source_methods=company_investor_relation,deal_investor_relation,investor_investment_relation | PrimaryInvestorType: Angel (individual) | PreferredVerticals: CleanTech, Industrials, TMT | CompanyInvestorRelation: Augmate; status=Former; holding=Minority; since=09/28/2018 | DealInvestorRelation: Augmate; deal=113171-95T; date=",part5_token_company_investor_graph_then_web_search_with_primary_source_priority,investor_router|capability_classification
598,232299-19,Wintech Ventures,,,,www.wintechventures.com,wintechventures.com,,,,"San Francisco, CA",United States,Venture Capital,,"Early Stage VC, Seed Round","B2B Payments, Cryptocurrency/Blockchain, FinTech, SaaS, TMT","Prefers minority stake, Will syndicate",,,"Wintech Ventures is a venture capital firm based in San Francisco, California. The firm seeks to invest in early-stage fintech platforms and application companies operating in cryptocurrency, bank systems, digital assets, and information technology sectors.",part5_rule_b_company|source:company_investor_relation|source:deal_investor_relation|source:investor_investment_relation,CompanyInvestorRelation.CompanyID|CompanyInvestorRelation.InvestorID|Deal.CompanyID|DealInvestorRelation.DealID|DealInvestorRelation.InvestorID|InvestorInvestmentRelation.CompanyID|InvestorInvestmentRelation.InvestorID,"Part5 Rule B company investor graph: 1 token companies, 1 deals, 0 funds | source_methods=company_investor_relation,deal_investor_relation,investor_investment_relation | PrimaryInvestorType: Venture Capital | PreferredVerticals: B2B Payments, Cryptocurrency/Blockchain, FinTech, SaaS, TMT | PreferredInvestmentTypes: Early Stage VC, Seed Round | CompanyInvestorRelation: Uphold Worldwide; status=Activ",part5_token_company_investor_graph_then_web_search_with_primary_source_priority,investor_router|capability_classification
599,389514-70,Wireless Foundation,,,,wirelessfoundation.org,wirelessfoundation.org,,,,"Washington, DC",United States,Accelerator/Incubator,,"Accelerator/Incubator, Grant","Artificial Intelligence & Machine Learning, Augmented Reality, Big Data, Internet of Things, Mobile, Virtual Reality",,,,"Founded in 1991, Wireless Foundation is an accelerator/incubator firm based in Washington, District of Columbia. The firm seeks to invest in 5G wireless technologies, virtual reality, augmented reality, extended reality, IoT, sensor technologies, AI, machine learning, and big data analysis sectors.",part5_rule_b_company|source:company_investor_relation|source:deal_investor_relation|source:investor_investment_relation,CompanyInvestorRelation.CompanyID|CompanyInvestorRelation.InvestorID|Deal.CompanyID|DealInvestorRelation.DealID|DealInvestorRelation.InvestorID|InvestorInvestmentRelation.CompanyID|InvestorInvestmentRelation.InvestorID,"Part5 Rule B company investor graph: 1 token companies, 1 deals, 0 funds | source_methods=company_investor_relation,deal_investor_relation,investor_investment_relation | PrimaryInvestorType: Accelerator/Incubator | PreferredVerticals: Artificial Intelligence & Machine Learning, Augmented Reality, Big Data, Internet of Things, Mobile, Virtual Reality | PreferredInvestmentTypes: Accelerator/Incubator",part5_token_company_investor_graph_then_web_search_with_primary_source_priority,investor_router|capability_classification
600,516151-00,Withers Partners,,,,,,,,,,,Venture Capital,,"Early Stage VC, Later Stage VC, Seed Round",,"Prefers minority stake, Will syndicate",,,,part5_rule_b_company|source:company_investor_relation|source:deal_investor_relation|source:investor_investment_relation,CompanyInvestorRelation.CompanyID|CompanyInvestorRelation.InvestorID|Deal.CompanyID|DealInvestorRelation.DealID|DealInvestorRelation.InvestorID|InvestorInvestmentRelation.CompanyID|InvestorInvestmentRelation.InvestorID,"Part5 Rule B company investor graph: 1 token companies, 1 deals, 0 funds | source_methods=company_investor_relation,deal_investor_relation,investor_investment_relation | PrimaryInvestorType: Venture Capital | PreferredInvestmentTypes: Early Stage VC, Later Stage VC, Seed Round | CompanyInvestorRelation: Parameta; status=Active; holding=Minority; since=06/05/2020 | DealInvestorRelation: Parameta; de",part5_token_company_investor_graph_then_web_search_with_primary_source_priority,investor_router|capability_classification
601,170427-07,Women Who Tech,,,,womenwhotech.org,womenwhotech.org,,,,"Washington, DC",United States,Accelerator/Incubator,,"Accelerator/Incubator, Early Stage VC, Grant, Seed Round","Digital Health, FemTech, HealthTech, Impact Investing, SaaS, TMT","Invests in MWBE (Minority and Women-owned), Seeks ESG investments, Seeks Impact investments",,,"Founded in 2007, Women Who Tech is an incubator based in Washington, District of Columbia. The firm provides mentorship and equity-free funding to women-led technology startups by organizing various challenges and grant programs.",part5_rule_b_company|source:company_investor_relation|source:deal_investor_relation|source:investor_investment_relation,CompanyInvestorRelation.CompanyID|CompanyInvestorRelation.InvestorID|Deal.CompanyID|DealInvestorRelation.DealID|DealInvestorRelation.InvestorID|InvestorInvestmentRelation.CompanyID|InvestorInvestmentRelation.InvestorID,"Part5 Rule B company investor graph: 1 token companies, 1 deals, 0 funds | source_methods=company_investor_relation,deal_investor_relation,investor_investment_relation | PrimaryInvestorType: Accelerator/Incubator | PreferredVerticals: Digital Health, FemTech, HealthTech, Impact Investing, SaaS, TMT | PreferredInvestmentTypes: Accelerator/Incubator, Early Stage VC, Grant, Seed Round | CompanyInvesto",part5_token_company_investor_graph_then_web_search_with_primary_source_priority,investor_router|capability_classification
602,462579-94,WonderFi Technologies,,"DeFi Ventures Incorporated, DeFi Ventures Inc., DFX, DeFi Ventures Inc, DeFi, DeFi Ventures, Inc., DeFi Ventures",WonderFi Technologies Inc.,www.wonder.fi,wonder.fi,,TSE,WNDR,"Toronto, Canada",Canada,Corporation,,"Early Stage VC, Later Stage VC, Merger/Acquisition",Cryptocurrency/Blockchain,Prefers majority stake,,,"WonderFi Technologies is a technology company with the mission of creating digital access through its platforms. It operates in three segments: trading, payments and corporate. The trading segment, comprising Bitbuy, Coinsquare and CoinSmart crypto exchange platforms, generates the majority of the company's revenue.",part5_rule_b_company|source:company_investor_relation|source:deal_investor_relation|source:investor_investment_relation|lead_investor,CompanyInvestorRelation.CompanyID|CompanyInvestorRelation.InvestorID|Deal.CompanyID|DealInvestorRelation.DealID|DealInvestorRelation.InvestorID|InvestorInvestmentRelation.CompanyID|InvestorInvestmentRelation.InvestorID,"Part5 Rule B company investor graph: 1 token companies, 1 deals, 0 funds | source_methods=company_investor_relation,deal_investor_relation,investor_investment_relation | PrimaryInvestorType: Corporation | PreferredVerticals: Cryptocurrency/Blockchain | PreferredInvestmentTypes: Early Stage VC, Later Stage VC, Merger/Acquisition | CompanyInvestorRelation: Blockchain Foundry; status=Acquirer; holding",part5_token_company_investor_graph_then_web_search_with_primary_source_priority,investor_router|capability_classification
603,11338-93,XDL Capital Group,XDL,,XDL Capital Corporation,www.xdl.com,xdl.com,,,,"Toronto, Canada",Canada,Venture Capital,"Angel Group, Growth/Expansion","Angel (individual), Early Stage VC, Later Stage VC, PE Growth/Expansion, Seed Round","SaaS, TMT","Prefers minority stake, Will syndicate",XDL Venture Fund,Venture Capital - Early Stage,"Founded in 1996, XDL Capital Group is a venture capital firm based in Toronto, Canada. The firm specializes in early-stage companies and startups operating in technology-based businesses.",part5_rule_b_company|source:company_investor_relation|source:deal_investor_relation|source:investor_investment_relation|lead_investor,CompanyInvestorRelation.CompanyID|CompanyInvestorRelation.InvestorID|Deal.CompanyID|DealInvestorRelation.DealID|DealInvestorRelation.InvestorID|InvestorInvestmentRelation.CompanyID|InvestorInvestmentRelation.InvestorID,"Part5 Rule B company investor graph: 1 token companies, 1 deals, 0 funds | source_methods=company_investor_relation,deal_investor_relation,investor_investment_relation | PrimaryInvestorType: Venture Capital | OtherInvestorTypes: Angel Group, Growth/Expansion | PreferredVerticals: SaaS, TMT | PreferredInvestmentTypes: Angel (individual), Early Stage VC, Later Stage VC, PE Growth/Expansion, Seed Roun",part5_token_company_investor_graph_then_web_search_with_primary_source_priority,investor_router|capability_classification
604,166726-45,Xochi Ventures,,,"Xochi Ventures, SAPI de CV",www.xochiventures.com,xochiventures.com,,,,"Mexico City, Mexico",Mexico,Venture Capital,Angel Group,"Angel (individual), Early Stage VC, Later Stage VC, Seed Round","AdTech, Artificial Intelligence & Machine Learning, B2B Payments, Cannabis, Cryptocurrency/Blockchain, E-Commerce, EdTech, FemTech, FinTech, FoodTech, HealthTech, HR Tech, Impact Investing, InsurTech, Internet of Things, Legal Tech, Real Estate Technology, SaaS, Wearables & Quantified Self","Prefers minority stake, Will syndicate",,,"Founded in 2016, Xochi Ventures is a venture capital investment firm based in Mexico City, Mexico. The firm focuses on investing in innovative companies, making a difference in Latin America and the United States.",part5_rule_b_company|source:company_investor_relation|source:deal_investor_relation|source:investor_investment_relation,CompanyInvestorRelation.CompanyID|CompanyInvestorRelation.InvestorID|Deal.CompanyID|DealInvestorRelation.DealID|DealInvestorRelation.InvestorID|InvestorInvestmentRelation.CompanyID|InvestorInvestmentRelation.InvestorID,"Part5 Rule B company investor graph: 1 token companies, 1 deals, 0 funds | source_methods=company_investor_relation,deal_investor_relation,investor_investment_relation | PrimaryInvestorType: Venture Capital | OtherInvestorTypes: Angel Group | PreferredVerticals: AdTech, Artificial Intelligence & Machine Learning, B2B Payments, Cannabis, Cryptocurrency/Blockchain, E-Commerce, EdTech, FemTech, FinTec",part5_token_company_investor_graph_then_web_search_with_primary_source_priority,investor_router|capability_classification
605,494596-09,Y&N Brothers,,,"Y&N Brothers Co., Ltd.",,,,,,"Tokyo, Japan",Japan,Corporation,,Merger/Acquisition,,Prefers majority stake,,,"Operator of a software development company headquartered in Tokyo, Japan. The company offers video software, music software, commercials, movie and stage planning, and production services.",part5_rule_b_company|source:company_investor_relation|source:deal_investor_relation|source:investor_investment_relation,CompanyInvestorRelation.CompanyID|CompanyInvestorRelation.InvestorID|Deal.CompanyID|DealInvestorRelation.DealID|DealInvestorRelation.InvestorID|InvestorInvestmentRelation.CompanyID|InvestorInvestmentRelation.InvestorID,"Part5 Rule B company investor graph: 1 token companies, 1 deals, 0 funds | source_methods=company_investor_relation,deal_investor_relation,investor_investment_relation | PrimaryInvestorType: Corporation | PreferredInvestmentTypes: Merger/Acquisition | CompanyInvestorRelation: Yoake Entertainment; status=Active; holding=Minority; since=04/24/2025 | DealInvestorRelation: Yoake Entertainment; deal=283",part5_token_company_investor_graph_then_web_search_with_primary_source_priority,investor_router|capability_classification
606,264935-35,Yan Xiaoqian,,,,,,,,,,,Angel (individual),,,"Cryptocurrency/Blockchain, FinTech, Internet of Things",,,,Mr. Yan Xiaoqian is an Angel Investor.,part5_rule_b_company|source:company_investor_relation|source:deal_investor_relation|source:investor_investment_relation,CompanyInvestorRelation.CompanyID|CompanyInvestorRelation.InvestorID|Deal.CompanyID|DealInvestorRelation.DealID|DealInvestorRelation.InvestorID|InvestorInvestmentRelation.CompanyID|InvestorInvestmentRelation.InvestorID,"Part5 Rule B company investor graph: 1 token companies, 1 deals, 0 funds | source_methods=company_investor_relation,deal_investor_relation,investor_investment_relation | PrimaryInvestorType: Angel (individual) | PreferredVerticals: Cryptocurrency/Blockchain, FinTech, Internet of Things | CompanyInvestorRelation: WaltonChain; status=Former; holding=Minority; since= | DealInvestorRelation: WaltonChai",part5_token_company_investor_graph_then_web_search_with_primary_source_priority,investor_router|capability_classification
607,747973-81,Yaroslav Pshenitsyn,,,,,,,,,,,Angel (individual),,,,,,,Mr. Yaroslav Pshenitsyn serves as Angel Investor at Yaroslav Pshenitsyn.,part5_rule_b_company|source:company_investor_relation|source:deal_investor_relation|source:investor_investment_relation,CompanyInvestorRelation.CompanyID|CompanyInvestorRelation.InvestorID|Deal.CompanyID|DealInvestorRelation.DealID|DealInvestorRelation.InvestorID|InvestorInvestmentRelation.CompanyID|InvestorInvestmentRelation.InvestorID,"Part5 Rule B company investor graph: 1 token companies, 1 deals, 0 funds | source_methods=company_investor_relation,deal_investor_relation,investor_investment_relation | PrimaryInvestorType: Angel (individual) | CompanyInvestorRelation: Drosera; status=Active; holding=Minority; since=02/10/2025 | DealInvestorRelation: Drosera; deal=284720-32T; date=02/10/2025; type=Later Stage VC; lead=No; fund= |",part5_token_company_investor_graph_then_web_search_with_primary_source_priority,investor_router|capability_classification
608,123320-80,Ynext Incubator,,,,,,Yodlee,,,"Redwood City, CA",United States,Accelerator/Incubator,,Accelerator/Incubator,TMT,"Prefers minority stake, Will syndicate",,,"Ynext Incubator was a 6-month program for developers, innovators, and entrepreneurs to launch products that leverage transactional financial data. It was a division of Yodlee. The firm was based in Redwood City, California. On November 19, 2015, Ynext, the incubator program from Yodlee was acquired by Envestnet as Yoddle itself gets acquired by Envestnet.",part5_rule_b_company|source:company_investor_relation|source:deal_investor_relation|source:investor_investment_relation|lead_investor,CompanyInvestorRelation.CompanyID|CompanyInvestorRelation.InvestorID|Deal.CompanyID|DealInvestorRelation.DealID|DealInvestorRelation.InvestorID|InvestorInvestmentRelation.CompanyID|InvestorInvestmentRelation.InvestorID,"Part5 Rule B company investor graph: 1 token companies, 1 deals, 0 funds | source_methods=company_investor_relation,deal_investor_relation,investor_investment_relation | PrimaryInvestorType: Accelerator/Incubator | PreferredVerticals: TMT | PreferredInvestmentTypes: Accelerator/Incubator | CompanyInvestorRelation: Coinbase Global; status=Former; holding=Minority; since= | DealInvestorRelation: Coin",part5_token_company_investor_graph_then_web_search_with_primary_source_priority,investor_router|capability_classification
609,438092-83,Yossi Barnea,,,,,,,,,,,Angel (individual),,,,,,,Mr. Yossi Barnea is an Angel Investor.,part5_rule_b_company|source:company_investor_relation|source:deal_investor_relation|source:investor_investment_relation,CompanyInvestorRelation.CompanyID|CompanyInvestorRelation.InvestorID|Deal.CompanyID|DealInvestorRelation.DealID|DealInvestorRelation.InvestorID|InvestorInvestmentRelation.CompanyID|InvestorInvestmentRelation.InvestorID,"Part5 Rule B company investor graph: 1 token companies, 1 deals, 0 funds | source_methods=company_investor_relation,deal_investor_relation,investor_investment_relation | PrimaryInvestorType: Angel (individual) | CompanyInvestorRelation: Barrel Protocol; status=Former; holding=Minority; since=09/06/2018 | DealInvestorRelation: Barrel Protocol; deal=132887-26T; date=09/06/2018; type=Seed Round; lead=",part5_token_company_investor_graph_then_web_search_with_primary_source_priority,investor_router|capability_classification
610,741541-78,Yu Feng,,,,,,,,,,,Angel (individual),,,,,,,Dr. Yu Feng is an Angel Investor. Dr. Feng co-founded and served as Chief Executive Officer at Veridise.,part5_rule_b_company|source:company_investor_relation|source:deal_investor_relation|source:investor_investment_relation,CompanyInvestorRelation.CompanyID|CompanyInvestorRelation.InvestorID|Deal.CompanyID|DealInvestorRelation.DealID|DealInvestorRelation.InvestorID|InvestorInvestmentRelation.CompanyID|InvestorInvestmentRelation.InvestorID,"Part5 Rule B company investor graph: 1 token companies, 1 deals, 0 funds | source_methods=company_investor_relation,deal_investor_relation,investor_investment_relation | PrimaryInvestorType: Angel (individual) | CompanyInvestorRelation: SOON (New York); status=Active; holding=Minority; since=08/27/2024 | DealInvestorRelation: SOON (New York); deal=270970-48T; date=08/27/2024; type=Seed Round; lead=",part5_token_company_investor_graph_then_web_search_with_primary_source_priority,investor_router|capability_classification
611,491544-37,Yuan Wang,,,,,,,,,"Shanghai, China",China,Angel (individual),,,,,,,Mr. Wang Raymond is a Co-Founder and serves as Chief Technology Officer & Developer Leader at Ele.me. He also served as Chairman at Alibaba Local Services. He also serves as Executive Director & General Manager at Huaxintianwei. He graduated from Shanghai Jiao Tong University.,part5_rule_b_company|source:company_investor_relation|source:deal_investor_relation|source:investor_investment_relation,CompanyInvestorRelation.CompanyID|CompanyInvestorRelation.InvestorID|Deal.CompanyID|DealInvestorRelation.DealID|DealInvestorRelation.InvestorID|InvestorInvestmentRelation.CompanyID|InvestorInvestmentRelation.InvestorID,"Part5 Rule B company investor graph: 1 token companies, 1 deals, 0 funds | source_methods=company_investor_relation,deal_investor_relation,investor_investment_relation | PrimaryInvestorType: Angel (individual) | CompanyInvestorRelation: Mask Network; status=Active; holding=Minority; since=02/16/2021 | DealInvestorRelation: Mask Network; deal=159737-23T; date=02/16/2021; type=Later Stage VC; lead=No",part5_token_company_investor_graph_then_web_search_with_primary_source_priority,investor_router|capability_classification
612,228969-46,Yuka Yamamoto,,,,,,,,,,,Angel (individual),,,,,,,"Ms. Yuka Yamamoto is an Angel Investor. Ms. Yamamoto is one of Japan's well-known investment researcher and equity investment expert. She graduated from the Faculty of Science at Kitasato University and served as a third-party researcher, a full-time school administrator and school counselor at Kanagawa Prefecture.",part5_rule_b_company|source:company_investor_relation|source:deal_investor_relation|source:investor_investment_relation,CompanyInvestorRelation.CompanyID|CompanyInvestorRelation.InvestorID|Deal.CompanyID|DealInvestorRelation.DealID|DealInvestorRelation.InvestorID|InvestorInvestmentRelation.CompanyID|InvestorInvestmentRelation.InvestorID,"Part5 Rule B company investor graph: 1 token companies, 1 deals, 0 funds | source_methods=company_investor_relation,deal_investor_relation,investor_investment_relation | PrimaryInvestorType: Angel (individual) | CompanyInvestorRelation: BitoEX; status=Active; holding=Minority; since= | DealInvestorRelation: BitoEX; deal=106309-45T; date=; type=Early Stage VC; lead=No; fund= | InvestorInvestmentRela",part5_token_company_investor_graph_then_web_search_with_primary_source_priority,investor_router|capability_classification
613,465839-74,Zach Cooper,,,,,,,,,,,Angel (individual),,,,,,,Mr. Zach Cooper is an Angel Investor.,part5_rule_b_company|source:company_investor_relation|source:deal_investor_relation|source:investor_investment_relation,CompanyInvestorRelation.CompanyID|CompanyInvestorRelation.InvestorID|Deal.CompanyID|DealInvestorRelation.DealID|DealInvestorRelation.InvestorID|InvestorInvestmentRelation.CompanyID|InvestorInvestmentRelation.InvestorID,"Part5 Rule B company investor graph: 1 token companies, 1 deals, 0 funds | source_methods=company_investor_relation,deal_investor_relation,investor_investment_relation | PrimaryInvestorType: Angel (individual) | CompanyInvestorRelation: Bitso; status=Active; holding=Minority; since=05/13/2016 | DealInvestorRelation: Bitso; deal=69608-98T; date=05/13/2016; type=Early Stage VC; lead=No; fund= | Inves",part5_token_company_investor_graph_then_web_search_with_primary_source_priority,investor_router|capability_classification
614,731311-57,Zain S Hasan Charitable Remainder Trust,,,,,,,,,,United States,Venture Capital,,,,,,,Zain S Hasan Charitable Remainder Trust is a venture capital firm based in the United States.,part5_rule_b_company|source:company_investor_relation|source:deal_investor_relation|source:investor_investment_relation,CompanyInvestorRelation.CompanyID|CompanyInvestorRelation.InvestorID|Deal.CompanyID|DealInvestorRelation.DealID|DealInvestorRelation.InvestorID|InvestorInvestmentRelation.CompanyID|InvestorInvestmentRelation.InvestorID,"Part5 Rule B company investor graph: 1 token companies, 1 deals, 0 funds | source_methods=company_investor_relation,deal_investor_relation,investor_investment_relation | PrimaryInvestorType: Venture Capital | CompanyInvestorRelation: Kraken; status=Pending (Sell Side); holding=Minority; since=08/23/2024 | DealInvestorRelation: Kraken; deal=245116-81T; date=08/23/2024; type=Later Stage VC; lead=No;",part5_token_company_investor_graph_then_web_search_with_primary_source_priority,investor_router|capability_classification
615,233908-75,Zak Holdsworth,,,,,,,,,"San Francisco, CA",United States,Angel (individual),,,"SaaS, TMT",,,,Mr. Zak Holdsworth is a Co-Founder & serves as Chief Executive Officer at Hint Health.,part5_rule_b_company|source:company_investor_relation|source:deal_investor_relation|source:investor_investment_relation,CompanyInvestorRelation.CompanyID|CompanyInvestorRelation.InvestorID|Deal.CompanyID|DealInvestorRelation.DealID|DealInvestorRelation.InvestorID|InvestorInvestmentRelation.CompanyID|InvestorInvestmentRelation.InvestorID,"Part5 Rule B company investor graph: 1 token companies, 1 deals, 0 funds | source_methods=company_investor_relation,deal_investor_relation,investor_investment_relation | PrimaryInvestorType: Angel (individual) | PreferredVerticals: SaaS, TMT | CompanyInvestorRelation: Goldfinch Prime; status=Active; holding=Minority; since=01/06/2022 | DealInvestorRelation: Goldfinch Prime; deal=186128-47T; date=01",part5_token_company_investor_graph_then_web_search_with_primary_source_priority,investor_router|capability_classification
616,268649-83,ZEBOX,,,,ze-box.io,ze-box.io,CMA CGM,,,"Marseille, France",France,Accelerator/Incubator,Venture Capital,Accelerator/Incubator,"AdTech, Advanced Manufacturing, Artificial Intelligence & Machine Learning, Augmented Reality, Cybersecurity, Internet of Things, Micro-Mobility, Mobility Tech, Robotics and Drones, Space Technology, Supply Chain Tech, TMT, Virtual Reality",,Zebox Ventures Fund,Venture - General,"Founded in 2018, ZEBOX is an accelerator based in Marseille, France. The firm prefers to invest in artificial intelligence, robotics, the internet of things, logistics, supply chains, mobility, space, and media. cybersecurity and information technology sectors.",part5_rule_b_company|source:company_investor_relation|source:deal_investor_relation|source:investor_investment_relation,CompanyInvestorRelation.CompanyID|CompanyInvestorRelation.InvestorID|Deal.CompanyID|DealInvestorRelation.DealID|DealInvestorRelation.InvestorID|InvestorInvestmentRelation.CompanyID|InvestorInvestmentRelation.InvestorID,"Part5 Rule B company investor graph: 1 token companies, 1 deals, 0 funds | source_methods=company_investor_relation,deal_investor_relation,investor_investment_relation | PrimaryInvestorType: Accelerator/Incubator | OtherInvestorTypes: Venture Capital | PreferredVerticals: AdTech, Advanced Manufacturing, Artificial Intelligence & Machine Learning, Augmented Reality, Cybersecurity, Internet of Things",part5_token_company_investor_graph_then_web_search_with_primary_source_priority,investor_router|capability_classification
617,462783-79,Zen Chu,,,,,,,,,,,Angel (individual),,,,,,,Mr. Zen Chu is an Angel Investor. Mr. Chu founded and served as Managing Director at Accelerated Medical Ventures.,part5_rule_b_company|source:company_investor_relation|source:deal_investor_relation|source:investor_investment_relation,CompanyInvestorRelation.CompanyID|CompanyInvestorRelation.InvestorID|Deal.CompanyID|DealInvestorRelation.DealID|DealInvestorRelation.InvestorID|InvestorInvestmentRelation.CompanyID|InvestorInvestmentRelation.InvestorID,"Part5 Rule B company investor graph: 1 token companies, 1 deals, 0 funds | source_methods=company_investor_relation,deal_investor_relation,investor_investment_relation | PrimaryInvestorType: Angel (individual) | CompanyInvestorRelation: Molecule; status=Active; holding=Minority; since=06/22/2022 | DealInvestorRelation: Molecule; deal=196016-50T; date=06/22/2022; type=Seed Round; lead=No; fund= | In",part5_token_company_investor_graph_then_web_search_with_primary_source_priority,investor_router|capability_classification
618,466890-13,Zinal Growth,,,Zinal Advisors Limited,zinal.com,zinal.com,,,,"London, United Kingdom",United Kingdom,Venture Capital,,"Early Stage VC, Later Stage VC, Seed Round",TMT,"Prefers minority stake, Will syndicate",,,"Founded in 2021, Zinal Growth is a venture capital investment firm based in London, United Kingdom. The firm prefers to invest in technology-based companies.",part5_rule_b_company|source:company_investor_relation|source:deal_investor_relation|source:investor_investment_relation,CompanyInvestorRelation.CompanyID|CompanyInvestorRelation.InvestorID|Deal.CompanyID|DealInvestorRelation.DealID|DealInvestorRelation.InvestorID|InvestorInvestmentRelation.CompanyID|InvestorInvestmentRelation.InvestorID,"Part5 Rule B company investor graph: 1 token companies, 1 deals, 0 funds | source_methods=company_investor_relation,deal_investor_relation,investor_investment_relation | PrimaryInvestorType: Venture Capital | PreferredVerticals: TMT | PreferredInvestmentTypes: Early Stage VC, Later Stage VC, Seed Round | CompanyInvestorRelation: Improbable Worlds; status=Active; holding=Minority; since=03/17/2022 |",part5_token_company_investor_graph_then_web_search_with_primary_source_priority,investor_router|capability_classification
619,11097-01,Blue Sky Capital,Blue Sky,,Blue Sky Capital Corporation,www.blueskycapital.ca,blueskycapital.ca,,,,"Toronto, Canada",Canada,Venture Capital,,"Early Stage VC, Seed Round","B2B Payments, CleanTech, Climate Tech, FinTech, Life Sciences, LOHAS & Wellness, SaaS, TMT","Long-Term Investor, Prefers minority stake, Will syndicate",,,"Blue Sky Capital is a venture capital firm based in Toronto, Canada. The firm invests in early-stage companies operating in the mobile, security, financial services, and payment sectors.",part5_rule_b_company|source:company_investor_relation|source:deal_investor_relation,CompanyInvestorRelation.CompanyID|CompanyInvestorRelation.InvestorID|Deal.CompanyID|DealInvestorRelation.DealID|DealInvestorRelation.InvestorID,"Part5 Rule B company investor graph: 1 token companies, 1 deals, 0 funds | source_methods=company_investor_relation,deal_investor_relation | PrimaryInvestorType: Venture Capital | PreferredVerticals: B2B Payments, CleanTech, Climate Tech, FinTech, Life Sciences, LOHAS & Wellness, SaaS, TMT | PreferredInvestmentTypes: Early Stage VC, Seed Round | CompanyInvestorRelation: SatoshiPay; status=Failed; h",part5_token_company_investor_graph_then_web_search_with_primary_source_priority,investor_router|capability_classification
620,53823-34,Endeavor Global,Endeavor,,"Endeavor Global, Inc.",www.endeavor.org,endeavor.org,,,,"New York, NY",United States,Venture Capital,"Accelerator/Incubator, Impact Investing, Not-For-Profit Venture Capital, VC-Backed Company","Early Stage VC, Later Stage VC, Seed Round",,"Long-Term Investor, Prefers minority stake, Seeks Impact investments, Will syndicate",Scale-Up Ventures II Fund,Venture - General,"Founded in 1997, Endeavor Global is a venture capital firm based in New York. The firm prefers to invest in early-stage startups.",part5_rule_b_company|source:fund_investment_relation|fund_linked,FundInvestmentRelation.CompanyID|FundInvestorRelation.FundID|FundInvestorRelation.InvestorID,"Part5 Rule B company investor graph: 1 token companies, 1 deals, 1 funds | source_methods=fund_investment_relation | PrimaryInvestorType: Venture Capital | OtherInvestorTypes: Accelerator/Incubator, Impact Investing, Not-For-Profit Venture Capital, VC-Backed Company | PreferredInvestmentTypes: Early Stage VC, Later Stage VC, Seed Round | FundInvestmentRelation: Bitso; fund=Endeavor Catalyst III; de",part5_token_company_investor_graph_then_web_search_with_primary_source_priority,investor_router|capability_classification
621,11148-67,Focus Ventures,Focus,Charter Growth Capital,"Focus Management, Inc.",www.focusventures.com,focusventures.com,,,,"Los Altos, CA",United States,Venture Capital,Growth/Expansion,"Early Stage VC, Later Stage VC, PE Growth/Expansion, Seed Round","Life Sciences, Manufacturing, Oncology, SaaS, TMT","Prefers minority stake, Will lead on a deal, Will syndicate",Focus Global,Venture - General,"Founded in 1997, Focus Ventures was a venture capital firm based in Los Altos, California. The firm used to invest in healthcare and technology sectors. This firm was a Registered Investment Adviser (RIA).",part5_rule_b_company|source:fund_investment_relation|fund_linked,FundInvestmentRelation.CompanyID|FundInvestorRelation.FundID|FundInvestorRelation.InvestorID,"Part5 Rule B company investor graph: 1 token companies, 1 deals, 1 funds | source_methods=fund_investment_relation | PrimaryInvestorType: Venture Capital | OtherInvestorTypes: Growth/Expansion | PreferredVerticals: Life Sciences, Manufacturing, Oncology, SaaS, TMT | PreferredInvestmentTypes: Early Stage VC, Later Stage VC, PE Growth/Expansion, Seed Round | FundInvestmentRelation: BitGo; fund=Focus",part5_token_company_investor_graph_then_web_search_with_primary_source_priority,investor_router|capability_classification
622,532766-53,NOMADS VC,,,,www.nomads.vc,nomads.vc,Hummingbird Ventures,,,"Antwerp, Belgium",Belgium,Fund of Funds,Corporate Venture Capital,"Early Stage VC, Later Stage VC, Seed Round","Artificial Intelligence & Machine Learning, Life Sciences","Prefers minority stake, Will syndicate",,,"NOMADS VC is a fund of funds firm based in Antwerp, Belgium. The firm invests in venture funds across the world. The firm seeks to invest in the deep tech, life sciences, and demographic trends in Africa and India sectors.",part5_rule_b_company|source:fund_investment_relation|fund_linked,FundInvestmentRelation.CompanyID|FundInvestorRelation.FundID|FundInvestorRelation.InvestorID,"Part5 Rule B company investor graph: 1 token companies, 1 deals, 1 funds | source_methods=fund_investment_relation | PrimaryInvestorType: Fund of Funds | OtherInvestorTypes: Corporate Venture Capital | PreferredVerticals: Artificial Intelligence & Machine Learning, Life Sciences | PreferredInvestmentTypes: Early Stage VC, Later Stage VC, Seed Round | FundInvestmentRelation: Kraken; fund=Hummingbird",part5_token_company_investor_graph_then_web_search_with_primary_source_priority,investor_router|capability_classification
623,12385-63,Scotiabank (Toronto),,,Scotiabank Limited,www.scotiabank.com,scotiabank.com,,TSE,BNS,"Toronto, Canada",Canada,Corporation,,Merger/Acquisition,"HealthTech, InsurTech, SaaS",Prefers majority stake,QED LatAm Fund II,Venture Capital - Early Stage,"Bank of Nova Scotia is a global financial services provider with over CAD 1.4 trillion in assets. The bank has four major business segments: Canadian banking, international banking, global wealth management, and global banking and markets. It offers a range of advice, products, and services, including personal and commercial banking, wealth management and private banking, corporate and investment banking, and capital markets. The bank's international operations span numerous countries and are more concentrated in the Latin America region.",part5_rule_b_company|source:fund_investment_relation|fund_linked,FundInvestmentRelation.CompanyID|FundInvestorRelation.FundID|FundInvestorRelation.InvestorID,"Part5 Rule B company investor graph: 1 token companies, 1 deals, 1 funds | source_methods=fund_investment_relation | PrimaryInvestorType: Corporation | PreferredVerticals: HealthTech, InsurTech, SaaS | PreferredInvestmentTypes: Merger/Acquisition | FundInvestmentRelation: Bitso; fund=QED LatAm Fund II; deal=160805-80T; date=03/26/2021; status=Active Investment",part5_token_company_investor_graph_then_web_search_with_primary_source_priority,investor_router|capability_classification
